
INSERT INTO public."POSTO" ("CNPJ", "RazaoSocial", "NomeFantasia", "Bandeira", "Logradouro", "Numero", "Bairro", "Cidade", "Estado", "CEP")
VALUES ('8279524000175', 'VENEZA COMÉRCIO DE COMBUSTÍVEIS E SERVIÇOS LTDA.', 'POSTO COBILÂNDIA', 'ATLÂNTICA', 'AVENIDA ANA MEROTTO STEFANON', '165', 'COBILÂNDIA', 'VILA VELHA', 'ESPIRITO SANTO', '29111630')
ON CONFLICT ("CNPJ") DO NOTHING;


INSERT INTO public."COMBUSTIVEL" ("Nome")
VALUES ('ETANOL')
ON CONFLICT ("Nome") DO NOTHING;


INSERT INTO public."PRECO_COLETADO" ("Preco", "UnidadeMedida", "DataColeta", "PostoCNPJ", "CombustivelID")
VALUES (3.890, 'R$ / litro', '2022-11-14', '8279524000175',
        (SELECT "ID_Combustivel" FROM public."COMBUSTIVEL" WHERE "Nome" = 'ETANOL'))
ON CONFLICT DO NOTHING;


INSERT INTO public."PRECO_COLETADO" ("Preco", "UnidadeMedida", "DataColeta", "PostoCNPJ", "CombustivelID")
VALUES (3.890, 'R$ / litro', '2022-11-22', '8279524000175',
        (SELECT "ID_Combustivel" FROM public."COMBUSTIVEL" WHERE "Nome" = 'ETANOL'))
ON CONFLICT DO NOTHING;


INSERT INTO public."PRECO_COLETADO" ("Preco", "UnidadeMedida", "DataColeta", "PostoCNPJ", "CombustivelID")
VALUES (3.890, 'R$ / litro', '2022-12-05', '8279524000175',
        (SELECT "ID_Combustivel" FROM public."COMBUSTIVEL" WHERE "Nome" = 'ETANOL'))
ON CONFLICT DO NOTHING;


INSERT INTO public."PRECO_COLETADO" ("Preco", "UnidadeMedida", "DataColeta", "PostoCNPJ", "CombustivelID")
VALUES (3.890, 'R$ / litro', '2022-12-12', '8279524000175',
        (SELECT "ID_Combustivel" FROM public."COMBUSTIVEL" WHERE "Nome" = 'ETANOL'))
ON CONFLICT DO NOTHING;


INSERT INTO public."PRECO_COLETADO" ("Preco", "UnidadeMedida", "DataColeta", "PostoCNPJ", "CombustivelID")
VALUES (3.890, 'R$ / litro', '2022-12-22', '8279524000175',
        (SELECT "ID_Combustivel" FROM public."COMBUSTIVEL" WHERE "Nome" = 'ETANOL'))
ON CONFLICT DO NOTHING;


INSERT INTO public."PRECO_COLETADO" ("Preco", "UnidadeMedida", "DataColeta", "PostoCNPJ", "CombustivelID")
VALUES (3.890, 'R$ / litro', '2022-12-26', '8279524000175',
        (SELECT "ID_Combustivel" FROM public."COMBUSTIVEL" WHERE "Nome" = 'ETANOL'))
ON CONFLICT DO NOTHING;


INSERT INTO public."PRECO_COLETADO" ("Preco", "UnidadeMedida", "DataColeta", "PostoCNPJ", "CombustivelID")
VALUES (3.890, 'R$ / litro', '2023-01-03', '8279524000175',
        (SELECT "ID_Combustivel" FROM public."COMBUSTIVEL" WHERE "Nome" = 'ETANOL'))
ON CONFLICT DO NOTHING;


INSERT INTO public."PRECO_COLETADO" ("Preco", "UnidadeMedida", "DataColeta", "PostoCNPJ", "CombustivelID")
VALUES (3.990, 'R$ / litro', '2023-03-16', '8279524000175',
        (SELECT "ID_Combustivel" FROM public."COMBUSTIVEL" WHERE "Nome" = 'ETANOL'))
ON CONFLICT DO NOTHING;


INSERT INTO public."PRECO_COLETADO" ("Preco", "UnidadeMedida", "DataColeta", "PostoCNPJ", "CombustivelID")
VALUES (3.990, 'R$ / litro', '2023-04-05', '8279524000175',
        (SELECT "ID_Combustivel" FROM public."COMBUSTIVEL" WHERE "Nome" = 'ETANOL'))
ON CONFLICT DO NOTHING;


INSERT INTO public."PRECO_COLETADO" ("Preco", "UnidadeMedida", "DataColeta", "PostoCNPJ", "CombustivelID")
VALUES (4.090, 'R$ / litro', '2023-05-03', '8279524000175',
        (SELECT "ID_Combustivel" FROM public."COMBUSTIVEL" WHERE "Nome" = 'ETANOL'))
ON CONFLICT DO NOTHING;


INSERT INTO public."PRECO_COLETADO" ("Preco", "UnidadeMedida", "DataColeta", "PostoCNPJ", "CombustivelID")
VALUES (3.850, 'R$ / litro', '2023-08-07', '8279524000175',
        (SELECT "ID_Combustivel" FROM public."COMBUSTIVEL" WHERE "Nome" = 'ETANOL'))
ON CONFLICT DO NOTHING;


INSERT INTO public."PRECO_COLETADO" ("Preco", "UnidadeMedida", "DataColeta", "PostoCNPJ", "CombustivelID")
VALUES (3.850, 'R$ / litro', '2023-09-12', '8279524000175',
        (SELECT "ID_Combustivel" FROM public."COMBUSTIVEL" WHERE "Nome" = 'ETANOL'))
ON CONFLICT DO NOTHING;


INSERT INTO public."PRECO_COLETADO" ("Preco", "UnidadeMedida", "DataColeta", "PostoCNPJ", "CombustivelID")
VALUES (3.850, 'R$ / litro', '2023-10-31', '8279524000175',
        (SELECT "ID_Combustivel" FROM public."COMBUSTIVEL" WHERE "Nome" = 'ETANOL'))
ON CONFLICT DO NOTHING;


INSERT INTO public."PRECO_COLETADO" ("Preco", "UnidadeMedida", "DataColeta", "PostoCNPJ", "CombustivelID")
VALUES (3.690, 'R$ / litro', '2023-12-06', '8279524000175',
        (SELECT "ID_Combustivel" FROM public."COMBUSTIVEL" WHERE "Nome" = 'ETANOL'))
ON CONFLICT DO NOTHING;


INSERT INTO public."PRECO_COLETADO" ("Preco", "UnidadeMedida", "DataColeta", "PostoCNPJ", "CombustivelID")
VALUES (3.690, 'R$ / litro', '2023-12-20', '8279524000175',
        (SELECT "ID_Combustivel" FROM public."COMBUSTIVEL" WHERE "Nome" = 'ETANOL'))
ON CONFLICT DO NOTHING;


INSERT INTO public."PRECO_COLETADO" ("Preco", "UnidadeMedida", "DataColeta", "PostoCNPJ", "CombustivelID")
VALUES (3.690, 'R$ / litro', '2023-12-26', '8279524000175',
        (SELECT "ID_Combustivel" FROM public."COMBUSTIVEL" WHERE "Nome" = 'ETANOL'))
ON CONFLICT DO NOTHING;


INSERT INTO public."PRECO_COLETADO" ("Preco", "UnidadeMedida", "DataColeta", "PostoCNPJ", "CombustivelID")
VALUES (3.690, 'R$ / litro', '2024-01-08', '8279524000175',
        (SELECT "ID_Combustivel" FROM public."COMBUSTIVEL" WHERE "Nome" = 'ETANOL'))
ON CONFLICT DO NOTHING;


INSERT INTO public."PRECO_COLETADO" ("Preco", "UnidadeMedida", "DataColeta", "PostoCNPJ", "CombustivelID")
VALUES (3.690, 'R$ / litro', '2024-01-15', '8279524000175',
        (SELECT "ID_Combustivel" FROM public."COMBUSTIVEL" WHERE "Nome" = 'ETANOL'))
ON CONFLICT DO NOTHING;


INSERT INTO public."PRECO_COLETADO" ("Preco", "UnidadeMedida", "DataColeta", "PostoCNPJ", "CombustivelID")
VALUES (3.590, 'R$ / litro', '2024-01-22', '8279524000175',
        (SELECT "ID_Combustivel" FROM public."COMBUSTIVEL" WHERE "Nome" = 'ETANOL'))
ON CONFLICT DO NOTHING;


INSERT INTO public."PRECO_COLETADO" ("Preco", "UnidadeMedida", "DataColeta", "PostoCNPJ", "CombustivelID")
VALUES (3.590, 'R$ / litro', '2024-02-19', '8279524000175',
        (SELECT "ID_Combustivel" FROM public."COMBUSTIVEL" WHERE "Nome" = 'ETANOL'))
ON CONFLICT DO NOTHING;


INSERT INTO public."PRECO_COLETADO" ("Preco", "UnidadeMedida", "DataColeta", "PostoCNPJ", "CombustivelID")
VALUES (3.590, 'R$ / litro', '2024-03-04', '8279524000175',
        (SELECT "ID_Combustivel" FROM public."COMBUSTIVEL" WHERE "Nome" = 'ETANOL'))
ON CONFLICT DO NOTHING;


INSERT INTO public."PRECO_COLETADO" ("Preco", "UnidadeMedida", "DataColeta", "PostoCNPJ", "CombustivelID")
VALUES (3.590, 'R$ / litro', '2024-03-18', '8279524000175',
        (SELECT "ID_Combustivel" FROM public."COMBUSTIVEL" WHERE "Nome" = 'ETANOL'))
ON CONFLICT DO NOTHING;


INSERT INTO public."PRECO_COLETADO" ("Preco", "UnidadeMedida", "DataColeta", "PostoCNPJ", "CombustivelID")
VALUES (3.650, 'R$ / litro', '2024-04-08', '8279524000175',
        (SELECT "ID_Combustivel" FROM public."COMBUSTIVEL" WHERE "Nome" = 'ETANOL'))
ON CONFLICT DO NOTHING;


INSERT INTO public."PRECO_COLETADO" ("Preco", "UnidadeMedida", "DataColeta", "PostoCNPJ", "CombustivelID")
VALUES (3.720, 'R$ / litro', '2024-04-15', '8279524000175',
        (SELECT "ID_Combustivel" FROM public."COMBUSTIVEL" WHERE "Nome" = 'ETANOL'))
ON CONFLICT DO NOTHING;


INSERT INTO public."PRECO_COLETADO" ("Preco", "UnidadeMedida", "DataColeta", "PostoCNPJ", "CombustivelID")
VALUES (3.720, 'R$ / litro', '2024-04-22', '8279524000175',
        (SELECT "ID_Combustivel" FROM public."COMBUSTIVEL" WHERE "Nome" = 'ETANOL'))
ON CONFLICT DO NOTHING;


INSERT INTO public."PRECO_COLETADO" ("Preco", "UnidadeMedida", "DataColeta", "PostoCNPJ", "CombustivelID")
VALUES (3.790, 'R$ / litro', '2024-05-13', '8279524000175',
        (SELECT "ID_Combustivel" FROM public."COMBUSTIVEL" WHERE "Nome" = 'ETANOL'))
ON CONFLICT DO NOTHING;


INSERT INTO public."PRECO_COLETADO" ("Preco", "UnidadeMedida", "DataColeta", "PostoCNPJ", "CombustivelID")
VALUES (3.790, 'R$ / litro', '2024-05-20', '8279524000175',
        (SELECT "ID_Combustivel" FROM public."COMBUSTIVEL" WHERE "Nome" = 'ETANOL'))
ON CONFLICT DO NOTHING;


INSERT INTO public."PRECO_COLETADO" ("Preco", "UnidadeMedida", "DataColeta", "PostoCNPJ", "CombustivelID")
VALUES (3.790, 'R$ / litro', '2024-05-27', '8279524000175',
        (SELECT "ID_Combustivel" FROM public."COMBUSTIVEL" WHERE "Nome" = 'ETANOL'))
ON CONFLICT DO NOTHING;


INSERT INTO public."PRECO_COLETADO" ("Preco", "UnidadeMedida", "DataColeta", "PostoCNPJ", "CombustivelID")
VALUES (3.790, 'R$ / litro', '2024-06-03', '8279524000175',
        (SELECT "ID_Combustivel" FROM public."COMBUSTIVEL" WHERE "Nome" = 'ETANOL'))
ON CONFLICT DO NOTHING;


INSERT INTO public."PRECO_COLETADO" ("Preco", "UnidadeMedida", "DataColeta", "PostoCNPJ", "CombustivelID")
VALUES (3.790, 'R$ / litro', '2024-06-24', '8279524000175',
        (SELECT "ID_Combustivel" FROM public."COMBUSTIVEL" WHERE "Nome" = 'ETANOL'))
ON CONFLICT DO NOTHING;


INSERT INTO public."PRECO_COLETADO" ("Preco", "UnidadeMedida", "DataColeta", "PostoCNPJ", "CombustivelID")
VALUES (3.790, 'R$ / litro', '2024-07-01', '8279524000175',
        (SELECT "ID_Combustivel" FROM public."COMBUSTIVEL" WHERE "Nome" = 'ETANOL'))
ON CONFLICT DO NOTHING;


INSERT INTO public."PRECO_COLETADO" ("Preco", "UnidadeMedida", "DataColeta", "PostoCNPJ", "CombustivelID")
VALUES (3.790, 'R$ / litro', '2024-07-09', '8279524000175',
        (SELECT "ID_Combustivel" FROM public."COMBUSTIVEL" WHERE "Nome" = 'ETANOL'))
ON CONFLICT DO NOTHING;


INSERT INTO public."PRECO_COLETADO" ("Preco", "UnidadeMedida", "DataColeta", "PostoCNPJ", "CombustivelID")
VALUES (3.990, 'R$ / litro', '2024-07-16', '8279524000175',
        (SELECT "ID_Combustivel" FROM public."COMBUSTIVEL" WHERE "Nome" = 'ETANOL'))
ON CONFLICT DO NOTHING;


INSERT INTO public."PRECO_COLETADO" ("Preco", "UnidadeMedida", "DataColeta", "PostoCNPJ", "CombustivelID")
VALUES (3.990, 'R$ / litro', '2024-07-22', '8279524000175',
        (SELECT "ID_Combustivel" FROM public."COMBUSTIVEL" WHERE "Nome" = 'ETANOL'))
ON CONFLICT DO NOTHING;


INSERT INTO public."PRECO_COLETADO" ("Preco", "UnidadeMedida", "DataColeta", "PostoCNPJ", "CombustivelID")
VALUES (3.990, 'R$ / litro', '2024-07-29', '8279524000175',
        (SELECT "ID_Combustivel" FROM public."COMBUSTIVEL" WHERE "Nome" = 'ETANOL'))
ON CONFLICT DO NOTHING;


INSERT INTO public."PRECO_COLETADO" ("Preco", "UnidadeMedida", "DataColeta", "PostoCNPJ", "CombustivelID")
VALUES (3.990, 'R$ / litro', '2024-08-05', '8279524000175',
        (SELECT "ID_Combustivel" FROM public."COMBUSTIVEL" WHERE "Nome" = 'ETANOL'))
ON CONFLICT DO NOTHING;


INSERT INTO public."PRECO_COLETADO" ("Preco", "UnidadeMedida", "DataColeta", "PostoCNPJ", "CombustivelID")
VALUES (3.990, 'R$ / litro', '2024-08-12', '8279524000175',
        (SELECT "ID_Combustivel" FROM public."COMBUSTIVEL" WHERE "Nome" = 'ETANOL'))
ON CONFLICT DO NOTHING;


INSERT INTO public."PRECO_COLETADO" ("Preco", "UnidadeMedida", "DataColeta", "PostoCNPJ", "CombustivelID")
VALUES (4.090, 'R$ / litro', '2024-08-20', '8279524000175',
        (SELECT "ID_Combustivel" FROM public."COMBUSTIVEL" WHERE "Nome" = 'ETANOL'))
ON CONFLICT DO NOTHING;


INSERT INTO public."PRECO_COLETADO" ("Preco", "UnidadeMedida", "DataColeta", "PostoCNPJ", "CombustivelID")
VALUES (4.090, 'R$ / litro', '2024-08-26', '8279524000175',
        (SELECT "ID_Combustivel" FROM public."COMBUSTIVEL" WHERE "Nome" = 'ETANOL'))
ON CONFLICT DO NOTHING;


INSERT INTO public."PRECO_COLETADO" ("Preco", "UnidadeMedida", "DataColeta", "PostoCNPJ", "CombustivelID")
VALUES (4.090, 'R$ / litro', '2024-09-02', '8279524000175',
        (SELECT "ID_Combustivel" FROM public."COMBUSTIVEL" WHERE "Nome" = 'ETANOL'))
ON CONFLICT DO NOTHING;


INSERT INTO public."COMBUSTIVEL" ("Nome")
VALUES ('DIESEL S500')
ON CONFLICT ("Nome") DO NOTHING;


INSERT INTO public."PRECO_COLETADO" ("Preco", "UnidadeMedida", "DataColeta", "PostoCNPJ", "CombustivelID")
VALUES (6.190, 'R$ / litro', '2022-11-14', '8279524000175',
        (SELECT "ID_Combustivel" FROM public."COMBUSTIVEL" WHERE "Nome" = 'DIESEL S500'))
ON CONFLICT DO NOTHING;


INSERT INTO public."PRECO_COLETADO" ("Preco", "UnidadeMedida", "DataColeta", "PostoCNPJ", "CombustivelID")
VALUES (6.190, 'R$ / litro', '2022-11-22', '8279524000175',
        (SELECT "ID_Combustivel" FROM public."COMBUSTIVEL" WHERE "Nome" = 'DIESEL S500'))
ON CONFLICT DO NOTHING;


INSERT INTO public."PRECO_COLETADO" ("Preco", "UnidadeMedida", "DataColeta", "PostoCNPJ", "CombustivelID")
VALUES (6.190, 'R$ / litro', '2022-12-05', '8279524000175',
        (SELECT "ID_Combustivel" FROM public."COMBUSTIVEL" WHERE "Nome" = 'DIESEL S500'))
ON CONFLICT DO NOTHING;


INSERT INTO public."PRECO_COLETADO" ("Preco", "UnidadeMedida", "DataColeta", "PostoCNPJ", "CombustivelID")
VALUES (6.190, 'R$ / litro', '2022-12-12', '8279524000175',
        (SELECT "ID_Combustivel" FROM public."COMBUSTIVEL" WHERE "Nome" = 'DIESEL S500'))
ON CONFLICT DO NOTHING;


INSERT INTO public."PRECO_COLETADO" ("Preco", "UnidadeMedida", "DataColeta", "PostoCNPJ", "CombustivelID")
VALUES (5.890, 'R$ / litro', '2022-12-22', '8279524000175',
        (SELECT "ID_Combustivel" FROM public."COMBUSTIVEL" WHERE "Nome" = 'DIESEL S500'))
ON CONFLICT DO NOTHING;


INSERT INTO public."PRECO_COLETADO" ("Preco", "UnidadeMedida", "DataColeta", "PostoCNPJ", "CombustivelID")
VALUES (5.890, 'R$ / litro', '2022-12-26', '8279524000175',
        (SELECT "ID_Combustivel" FROM public."COMBUSTIVEL" WHERE "Nome" = 'DIESEL S500'))
ON CONFLICT DO NOTHING;


INSERT INTO public."PRECO_COLETADO" ("Preco", "UnidadeMedida", "DataColeta", "PostoCNPJ", "CombustivelID")
VALUES (5.890, 'R$ / litro', '2023-01-03', '8279524000175',
        (SELECT "ID_Combustivel" FROM public."COMBUSTIVEL" WHERE "Nome" = 'DIESEL S500'))
ON CONFLICT DO NOTHING;


INSERT INTO public."PRECO_COLETADO" ("Preco", "UnidadeMedida", "DataColeta", "PostoCNPJ", "CombustivelID")
VALUES (5.490, 'R$ / litro', '2023-03-16', '8279524000175',
        (SELECT "ID_Combustivel" FROM public."COMBUSTIVEL" WHERE "Nome" = 'DIESEL S500'))
ON CONFLICT DO NOTHING;


INSERT INTO public."PRECO_COLETADO" ("Preco", "UnidadeMedida", "DataColeta", "PostoCNPJ", "CombustivelID")
VALUES (5.490, 'R$ / litro', '2023-04-05', '8279524000175',
        (SELECT "ID_Combustivel" FROM public."COMBUSTIVEL" WHERE "Nome" = 'DIESEL S500'))
ON CONFLICT DO NOTHING;


INSERT INTO public."PRECO_COLETADO" ("Preco", "UnidadeMedida", "DataColeta", "PostoCNPJ", "CombustivelID")
VALUES (5.340, 'R$ / litro', '2023-05-03', '8279524000175',
        (SELECT "ID_Combustivel" FROM public."COMBUSTIVEL" WHERE "Nome" = 'DIESEL S500'))
ON CONFLICT DO NOTHING;


INSERT INTO public."PRECO_COLETADO" ("Preco", "UnidadeMedida", "DataColeta", "PostoCNPJ", "CombustivelID")
VALUES (4.790, 'R$ / litro', '2023-08-07', '8279524000175',
        (SELECT "ID_Combustivel" FROM public."COMBUSTIVEL" WHERE "Nome" = 'DIESEL S500'))
ON CONFLICT DO NOTHING;


INSERT INTO public."PRECO_COLETADO" ("Preco", "UnidadeMedida", "DataColeta", "PostoCNPJ", "CombustivelID")
VALUES (5.680, 'R$ / litro', '2023-09-12', '8279524000175',
        (SELECT "ID_Combustivel" FROM public."COMBUSTIVEL" WHERE "Nome" = 'DIESEL S500'))
ON CONFLICT DO NOTHING;


INSERT INTO public."PRECO_COLETADO" ("Preco", "UnidadeMedida", "DataColeta", "PostoCNPJ", "CombustivelID")
VALUES (5.820, 'R$ / litro', '2023-10-31', '8279524000175',
        (SELECT "ID_Combustivel" FROM public."COMBUSTIVEL" WHERE "Nome" = 'DIESEL S500'))
ON CONFLICT DO NOTHING;


INSERT INTO public."PRECO_COLETADO" ("Preco", "UnidadeMedida", "DataColeta", "PostoCNPJ", "CombustivelID")
VALUES (5.790, 'R$ / litro', '2023-12-06', '8279524000175',
        (SELECT "ID_Combustivel" FROM public."COMBUSTIVEL" WHERE "Nome" = 'DIESEL S500'))
ON CONFLICT DO NOTHING;


INSERT INTO public."PRECO_COLETADO" ("Preco", "UnidadeMedida", "DataColeta", "PostoCNPJ", "CombustivelID")
VALUES (5.790, 'R$ / litro', '2023-12-20', '8279524000175',
        (SELECT "ID_Combustivel" FROM public."COMBUSTIVEL" WHERE "Nome" = 'DIESEL S500'))
ON CONFLICT DO NOTHING;


INSERT INTO public."PRECO_COLETADO" ("Preco", "UnidadeMedida", "DataColeta", "PostoCNPJ", "CombustivelID")
VALUES (5.790, 'R$ / litro', '2023-12-26', '8279524000175',
        (SELECT "ID_Combustivel" FROM public."COMBUSTIVEL" WHERE "Nome" = 'DIESEL S500'))
ON CONFLICT DO NOTHING;


INSERT INTO public."PRECO_COLETADO" ("Preco", "UnidadeMedida", "DataColeta", "PostoCNPJ", "CombustivelID")
VALUES (5.790, 'R$ / litro', '2024-01-08', '8279524000175',
        (SELECT "ID_Combustivel" FROM public."COMBUSTIVEL" WHERE "Nome" = 'DIESEL S500'))
ON CONFLICT DO NOTHING;


INSERT INTO public."PRECO_COLETADO" ("Preco", "UnidadeMedida", "DataColeta", "PostoCNPJ", "CombustivelID")
VALUES (5.790, 'R$ / litro', '2024-01-15', '8279524000175',
        (SELECT "ID_Combustivel" FROM public."COMBUSTIVEL" WHERE "Nome" = 'DIESEL S500'))
ON CONFLICT DO NOTHING;


INSERT INTO public."PRECO_COLETADO" ("Preco", "UnidadeMedida", "DataColeta", "PostoCNPJ", "CombustivelID")
VALUES (5.790, 'R$ / litro', '2024-01-22', '8279524000175',
        (SELECT "ID_Combustivel" FROM public."COMBUSTIVEL" WHERE "Nome" = 'DIESEL S500'))
ON CONFLICT DO NOTHING;


INSERT INTO public."PRECO_COLETADO" ("Preco", "UnidadeMedida", "DataColeta", "PostoCNPJ", "CombustivelID")
VALUES (5.670, 'R$ / litro', '2024-03-04', '8279524000175',
        (SELECT "ID_Combustivel" FROM public."COMBUSTIVEL" WHERE "Nome" = 'DIESEL S500'))
ON CONFLICT DO NOTHING;


INSERT INTO public."PRECO_COLETADO" ("Preco", "UnidadeMedida", "DataColeta", "PostoCNPJ", "CombustivelID")
VALUES (5.670, 'R$ / litro', '2024-03-18', '8279524000175',
        (SELECT "ID_Combustivel" FROM public."COMBUSTIVEL" WHERE "Nome" = 'DIESEL S500'))
ON CONFLICT DO NOTHING;


INSERT INTO public."PRECO_COLETADO" ("Preco", "UnidadeMedida", "DataColeta", "PostoCNPJ", "CombustivelID")
VALUES (5.670, 'R$ / litro', '2024-04-22', '8279524000175',
        (SELECT "ID_Combustivel" FROM public."COMBUSTIVEL" WHERE "Nome" = 'DIESEL S500'))
ON CONFLICT DO NOTHING;


INSERT INTO public."PRECO_COLETADO" ("Preco", "UnidadeMedida", "DataColeta", "PostoCNPJ", "CombustivelID")
VALUES (5.670, 'R$ / litro', '2024-05-13', '8279524000175',
        (SELECT "ID_Combustivel" FROM public."COMBUSTIVEL" WHERE "Nome" = 'DIESEL S500'))
ON CONFLICT DO NOTHING;


INSERT INTO public."PRECO_COLETADO" ("Preco", "UnidadeMedida", "DataColeta", "PostoCNPJ", "CombustivelID")
VALUES (5.670, 'R$ / litro', '2024-05-20', '8279524000175',
        (SELECT "ID_Combustivel" FROM public."COMBUSTIVEL" WHERE "Nome" = 'DIESEL S500'))
ON CONFLICT DO NOTHING;


INSERT INTO public."PRECO_COLETADO" ("Preco", "UnidadeMedida", "DataColeta", "PostoCNPJ", "CombustivelID")
VALUES (5.670, 'R$ / litro', '2024-05-27', '8279524000175',
        (SELECT "ID_Combustivel" FROM public."COMBUSTIVEL" WHERE "Nome" = 'DIESEL S500'))
ON CONFLICT DO NOTHING;


INSERT INTO public."PRECO_COLETADO" ("Preco", "UnidadeMedida", "DataColeta", "PostoCNPJ", "CombustivelID")
VALUES (5.670, 'R$ / litro', '2024-06-03', '8279524000175',
        (SELECT "ID_Combustivel" FROM public."COMBUSTIVEL" WHERE "Nome" = 'DIESEL S500'))
ON CONFLICT DO NOTHING;


INSERT INTO public."PRECO_COLETADO" ("Preco", "UnidadeMedida", "DataColeta", "PostoCNPJ", "CombustivelID")
VALUES (5.670, 'R$ / litro', '2024-06-24', '8279524000175',
        (SELECT "ID_Combustivel" FROM public."COMBUSTIVEL" WHERE "Nome" = 'DIESEL S500'))
ON CONFLICT DO NOTHING;


INSERT INTO public."PRECO_COLETADO" ("Preco", "UnidadeMedida", "DataColeta", "PostoCNPJ", "CombustivelID")
VALUES (5.670, 'R$ / litro', '2024-07-01', '8279524000175',
        (SELECT "ID_Combustivel" FROM public."COMBUSTIVEL" WHERE "Nome" = 'DIESEL S500'))
ON CONFLICT DO NOTHING;


INSERT INTO public."PRECO_COLETADO" ("Preco", "UnidadeMedida", "DataColeta", "PostoCNPJ", "CombustivelID")
VALUES (5.670, 'R$ / litro', '2024-07-09', '8279524000175',
        (SELECT "ID_Combustivel" FROM public."COMBUSTIVEL" WHERE "Nome" = 'DIESEL S500'))
ON CONFLICT DO NOTHING;


INSERT INTO public."PRECO_COLETADO" ("Preco", "UnidadeMedida", "DataColeta", "PostoCNPJ", "CombustivelID")
VALUES (5.670, 'R$ / litro', '2024-07-16', '8279524000175',
        (SELECT "ID_Combustivel" FROM public."COMBUSTIVEL" WHERE "Nome" = 'DIESEL S500'))
ON CONFLICT DO NOTHING;


INSERT INTO public."PRECO_COLETADO" ("Preco", "UnidadeMedida", "DataColeta", "PostoCNPJ", "CombustivelID")
VALUES (5.750, 'R$ / litro', '2024-07-22', '8279524000175',
        (SELECT "ID_Combustivel" FROM public."COMBUSTIVEL" WHERE "Nome" = 'DIESEL S500'))
ON CONFLICT DO NOTHING;


INSERT INTO public."PRECO_COLETADO" ("Preco", "UnidadeMedida", "DataColeta", "PostoCNPJ", "CombustivelID")
VALUES (5.750, 'R$ / litro', '2024-07-29', '8279524000175',
        (SELECT "ID_Combustivel" FROM public."COMBUSTIVEL" WHERE "Nome" = 'DIESEL S500'))
ON CONFLICT DO NOTHING;


INSERT INTO public."PRECO_COLETADO" ("Preco", "UnidadeMedida", "DataColeta", "PostoCNPJ", "CombustivelID")
VALUES (5.750, 'R$ / litro', '2024-08-05', '8279524000175',
        (SELECT "ID_Combustivel" FROM public."COMBUSTIVEL" WHERE "Nome" = 'DIESEL S500'))
ON CONFLICT DO NOTHING;


INSERT INTO public."PRECO_COLETADO" ("Preco", "UnidadeMedida", "DataColeta", "PostoCNPJ", "CombustivelID")
VALUES (5.750, 'R$ / litro', '2024-08-12', '8279524000175',
        (SELECT "ID_Combustivel" FROM public."COMBUSTIVEL" WHERE "Nome" = 'DIESEL S500'))
ON CONFLICT DO NOTHING;


INSERT INTO public."PRECO_COLETADO" ("Preco", "UnidadeMedida", "DataColeta", "PostoCNPJ", "CombustivelID")
VALUES (5.750, 'R$ / litro', '2024-08-20', '8279524000175',
        (SELECT "ID_Combustivel" FROM public."COMBUSTIVEL" WHERE "Nome" = 'DIESEL S500'))
ON CONFLICT DO NOTHING;


INSERT INTO public."PRECO_COLETADO" ("Preco", "UnidadeMedida", "DataColeta", "PostoCNPJ", "CombustivelID")
VALUES (5.750, 'R$ / litro', '2024-08-26', '8279524000175',
        (SELECT "ID_Combustivel" FROM public."COMBUSTIVEL" WHERE "Nome" = 'DIESEL S500'))
ON CONFLICT DO NOTHING;


INSERT INTO public."PRECO_COLETADO" ("Preco", "UnidadeMedida", "DataColeta", "PostoCNPJ", "CombustivelID")
VALUES (5.750, 'R$ / litro', '2024-09-02', '8279524000175',
        (SELECT "ID_Combustivel" FROM public."COMBUSTIVEL" WHERE "Nome" = 'DIESEL S500'))
ON CONFLICT DO NOTHING;


INSERT INTO public."COMBUSTIVEL" ("Nome")
VALUES ('GASOLINA COMUM')
ON CONFLICT ("Nome") DO NOTHING;


INSERT INTO public."PRECO_COLETADO" ("Preco", "UnidadeMedida", "DataColeta", "PostoCNPJ", "CombustivelID")
VALUES (4.880, 'R$ / litro', '2022-11-14', '8279524000175',
        (SELECT "ID_Combustivel" FROM public."COMBUSTIVEL" WHERE "Nome" = 'GASOLINA COMUM'))
ON CONFLICT DO NOTHING;


INSERT INTO public."PRECO_COLETADO" ("Preco", "UnidadeMedida", "DataColeta", "PostoCNPJ", "CombustivelID")
VALUES (4.920, 'R$ / litro', '2022-11-22', '8279524000175',
        (SELECT "ID_Combustivel" FROM public."COMBUSTIVEL" WHERE "Nome" = 'GASOLINA COMUM'))
ON CONFLICT DO NOTHING;


INSERT INTO public."PRECO_COLETADO" ("Preco", "UnidadeMedida", "DataColeta", "PostoCNPJ", "CombustivelID")
VALUES (4.920, 'R$ / litro', '2022-12-05', '8279524000175',
        (SELECT "ID_Combustivel" FROM public."COMBUSTIVEL" WHERE "Nome" = 'GASOLINA COMUM'))
ON CONFLICT DO NOTHING;


INSERT INTO public."PRECO_COLETADO" ("Preco", "UnidadeMedida", "DataColeta", "PostoCNPJ", "CombustivelID")
VALUES (4.920, 'R$ / litro', '2022-12-12', '8279524000175',
        (SELECT "ID_Combustivel" FROM public."COMBUSTIVEL" WHERE "Nome" = 'GASOLINA COMUM'))
ON CONFLICT DO NOTHING;


INSERT INTO public."PRECO_COLETADO" ("Preco", "UnidadeMedida", "DataColeta", "PostoCNPJ", "CombustivelID")
VALUES (4.830, 'R$ / litro', '2022-12-22', '8279524000175',
        (SELECT "ID_Combustivel" FROM public."COMBUSTIVEL" WHERE "Nome" = 'GASOLINA COMUM'))
ON CONFLICT DO NOTHING;


INSERT INTO public."PRECO_COLETADO" ("Preco", "UnidadeMedida", "DataColeta", "PostoCNPJ", "CombustivelID")
VALUES (4.830, 'R$ / litro', '2022-12-26', '8279524000175',
        (SELECT "ID_Combustivel" FROM public."COMBUSTIVEL" WHERE "Nome" = 'GASOLINA COMUM'))
ON CONFLICT DO NOTHING;


INSERT INTO public."PRECO_COLETADO" ("Preco", "UnidadeMedida", "DataColeta", "PostoCNPJ", "CombustivelID")
VALUES (4.830, 'R$ / litro', '2023-01-03', '8279524000175',
        (SELECT "ID_Combustivel" FROM public."COMBUSTIVEL" WHERE "Nome" = 'GASOLINA COMUM'))
ON CONFLICT DO NOTHING;


INSERT INTO public."PRECO_COLETADO" ("Preco", "UnidadeMedida", "DataColeta", "PostoCNPJ", "CombustivelID")
VALUES (5.340, 'R$ / litro', '2023-03-16', '8279524000175',
        (SELECT "ID_Combustivel" FROM public."COMBUSTIVEL" WHERE "Nome" = 'GASOLINA COMUM'))
ON CONFLICT DO NOTHING;


INSERT INTO public."PRECO_COLETADO" ("Preco", "UnidadeMedida", "DataColeta", "PostoCNPJ", "CombustivelID")
VALUES (5.280, 'R$ / litro', '2023-04-05', '8279524000175',
        (SELECT "ID_Combustivel" FROM public."COMBUSTIVEL" WHERE "Nome" = 'GASOLINA COMUM'))
ON CONFLICT DO NOTHING;


INSERT INTO public."PRECO_COLETADO" ("Preco", "UnidadeMedida", "DataColeta", "PostoCNPJ", "CombustivelID")
VALUES (5.280, 'R$ / litro', '2023-05-03', '8279524000175',
        (SELECT "ID_Combustivel" FROM public."COMBUSTIVEL" WHERE "Nome" = 'GASOLINA COMUM'))
ON CONFLICT DO NOTHING;


INSERT INTO public."PRECO_COLETADO" ("Preco", "UnidadeMedida", "DataColeta", "PostoCNPJ", "CombustivelID")
VALUES (5.290, 'R$ / litro', '2023-08-07', '8279524000175',
        (SELECT "ID_Combustivel" FROM public."COMBUSTIVEL" WHERE "Nome" = 'GASOLINA COMUM'))
ON CONFLICT DO NOTHING;


INSERT INTO public."PRECO_COLETADO" ("Preco", "UnidadeMedida", "DataColeta", "PostoCNPJ", "CombustivelID")
VALUES (5.370, 'R$ / litro', '2023-09-12', '8279524000175',
        (SELECT "ID_Combustivel" FROM public."COMBUSTIVEL" WHERE "Nome" = 'GASOLINA COMUM'))
ON CONFLICT DO NOTHING;


INSERT INTO public."PRECO_COLETADO" ("Preco", "UnidadeMedida", "DataColeta", "PostoCNPJ", "CombustivelID")
VALUES (5.450, 'R$ / litro', '2023-10-31', '8279524000175',
        (SELECT "ID_Combustivel" FROM public."COMBUSTIVEL" WHERE "Nome" = 'GASOLINA COMUM'))
ON CONFLICT DO NOTHING;


INSERT INTO public."PRECO_COLETADO" ("Preco", "UnidadeMedida", "DataColeta", "PostoCNPJ", "CombustivelID")
VALUES (5.390, 'R$ / litro', '2023-12-06', '8279524000175',
        (SELECT "ID_Combustivel" FROM public."COMBUSTIVEL" WHERE "Nome" = 'GASOLINA COMUM'))
ON CONFLICT DO NOTHING;


INSERT INTO public."PRECO_COLETADO" ("Preco", "UnidadeMedida", "DataColeta", "PostoCNPJ", "CombustivelID")
VALUES (5.390, 'R$ / litro', '2023-12-20', '8279524000175',
        (SELECT "ID_Combustivel" FROM public."COMBUSTIVEL" WHERE "Nome" = 'GASOLINA COMUM'))
ON CONFLICT DO NOTHING;


INSERT INTO public."PRECO_COLETADO" ("Preco", "UnidadeMedida", "DataColeta", "PostoCNPJ", "CombustivelID")
VALUES (5.390, 'R$ / litro', '2023-12-26', '8279524000175',
        (SELECT "ID_Combustivel" FROM public."COMBUSTIVEL" WHERE "Nome" = 'GASOLINA COMUM'))
ON CONFLICT DO NOTHING;


INSERT INTO public."PRECO_COLETADO" ("Preco", "UnidadeMedida", "DataColeta", "PostoCNPJ", "CombustivelID")
VALUES (5.390, 'R$ / litro', '2024-01-08', '8279524000175',
        (SELECT "ID_Combustivel" FROM public."COMBUSTIVEL" WHERE "Nome" = 'GASOLINA COMUM'))
ON CONFLICT DO NOTHING;


INSERT INTO public."PRECO_COLETADO" ("Preco", "UnidadeMedida", "DataColeta", "PostoCNPJ", "CombustivelID")
VALUES (5.390, 'R$ / litro', '2024-01-15', '8279524000175',
        (SELECT "ID_Combustivel" FROM public."COMBUSTIVEL" WHERE "Nome" = 'GASOLINA COMUM'))
ON CONFLICT DO NOTHING;


INSERT INTO public."PRECO_COLETADO" ("Preco", "UnidadeMedida", "DataColeta", "PostoCNPJ", "CombustivelID")
VALUES (5.260, 'R$ / litro', '2024-01-22', '8279524000175',
        (SELECT "ID_Combustivel" FROM public."COMBUSTIVEL" WHERE "Nome" = 'GASOLINA COMUM'))
ON CONFLICT DO NOTHING;


INSERT INTO public."PRECO_COLETADO" ("Preco", "UnidadeMedida", "DataColeta", "PostoCNPJ", "CombustivelID")
VALUES (5.670, 'R$ / litro', '2024-02-12', '8279524000175',
        (SELECT "ID_Combustivel" FROM public."COMBUSTIVEL" WHERE "Nome" = 'GASOLINA COMUM'))
ON CONFLICT DO NOTHING;


INSERT INTO public."PRECO_COLETADO" ("Preco", "UnidadeMedida", "DataColeta", "PostoCNPJ", "CombustivelID")
VALUES (5.530, 'R$ / litro', '2024-02-19', '8279524000175',
        (SELECT "ID_Combustivel" FROM public."COMBUSTIVEL" WHERE "Nome" = 'GASOLINA COMUM'))
ON CONFLICT DO NOTHING;


INSERT INTO public."PRECO_COLETADO" ("Preco", "UnidadeMedida", "DataColeta", "PostoCNPJ", "CombustivelID")
VALUES (5.370, 'R$ / litro', '2024-03-04', '8279524000175',
        (SELECT "ID_Combustivel" FROM public."COMBUSTIVEL" WHERE "Nome" = 'GASOLINA COMUM'))
ON CONFLICT DO NOTHING;


INSERT INTO public."PRECO_COLETADO" ("Preco", "UnidadeMedida", "DataColeta", "PostoCNPJ", "CombustivelID")
VALUES (5.370, 'R$ / litro', '2024-03-18', '8279524000175',
        (SELECT "ID_Combustivel" FROM public."COMBUSTIVEL" WHERE "Nome" = 'GASOLINA COMUM'))
ON CONFLICT DO NOTHING;


INSERT INTO public."PRECO_COLETADO" ("Preco", "UnidadeMedida", "DataColeta", "PostoCNPJ", "CombustivelID")
VALUES (5.450, 'R$ / litro', '2024-04-08', '8279524000175',
        (SELECT "ID_Combustivel" FROM public."COMBUSTIVEL" WHERE "Nome" = 'GASOLINA COMUM'))
ON CONFLICT DO NOTHING;


INSERT INTO public."PRECO_COLETADO" ("Preco", "UnidadeMedida", "DataColeta", "PostoCNPJ", "CombustivelID")
VALUES (5.450, 'R$ / litro', '2024-04-15', '8279524000175',
        (SELECT "ID_Combustivel" FROM public."COMBUSTIVEL" WHERE "Nome" = 'GASOLINA COMUM'))
ON CONFLICT DO NOTHING;


INSERT INTO public."PRECO_COLETADO" ("Preco", "UnidadeMedida", "DataColeta", "PostoCNPJ", "CombustivelID")
VALUES (5.450, 'R$ / litro', '2024-04-22', '8279524000175',
        (SELECT "ID_Combustivel" FROM public."COMBUSTIVEL" WHERE "Nome" = 'GASOLINA COMUM'))
ON CONFLICT DO NOTHING;


INSERT INTO public."PRECO_COLETADO" ("Preco", "UnidadeMedida", "DataColeta", "PostoCNPJ", "CombustivelID")
VALUES (5.840, 'R$ / litro', '2024-05-13', '8279524000175',
        (SELECT "ID_Combustivel" FROM public."COMBUSTIVEL" WHERE "Nome" = 'GASOLINA COMUM'))
ON CONFLICT DO NOTHING;


INSERT INTO public."PRECO_COLETADO" ("Preco", "UnidadeMedida", "DataColeta", "PostoCNPJ", "CombustivelID")
VALUES (5.840, 'R$ / litro', '2024-05-20', '8279524000175',
        (SELECT "ID_Combustivel" FROM public."COMBUSTIVEL" WHERE "Nome" = 'GASOLINA COMUM'))
ON CONFLICT DO NOTHING;


INSERT INTO public."PRECO_COLETADO" ("Preco", "UnidadeMedida", "DataColeta", "PostoCNPJ", "CombustivelID")
VALUES (5.750, 'R$ / litro', '2024-05-27', '8279524000175',
        (SELECT "ID_Combustivel" FROM public."COMBUSTIVEL" WHERE "Nome" = 'GASOLINA COMUM'))
ON CONFLICT DO NOTHING;


INSERT INTO public."PRECO_COLETADO" ("Preco", "UnidadeMedida", "DataColeta", "PostoCNPJ", "CombustivelID")
VALUES (5.750, 'R$ / litro', '2024-06-03', '8279524000175',
        (SELECT "ID_Combustivel" FROM public."COMBUSTIVEL" WHERE "Nome" = 'GASOLINA COMUM'))
ON CONFLICT DO NOTHING;


INSERT INTO public."PRECO_COLETADO" ("Preco", "UnidadeMedida", "DataColeta", "PostoCNPJ", "CombustivelID")
VALUES (5.750, 'R$ / litro', '2024-06-24', '8279524000175',
        (SELECT "ID_Combustivel" FROM public."COMBUSTIVEL" WHERE "Nome" = 'GASOLINA COMUM'))
ON CONFLICT DO NOTHING;


INSERT INTO public."PRECO_COLETADO" ("Preco", "UnidadeMedida", "DataColeta", "PostoCNPJ", "CombustivelID")
VALUES (5.650, 'R$ / litro', '2024-07-01', '8279524000175',
        (SELECT "ID_Combustivel" FROM public."COMBUSTIVEL" WHERE "Nome" = 'GASOLINA COMUM'))
ON CONFLICT DO NOTHING;


INSERT INTO public."PRECO_COLETADO" ("Preco", "UnidadeMedida", "DataColeta", "PostoCNPJ", "CombustivelID")
VALUES (5.650, 'R$ / litro', '2024-07-09', '8279524000175',
        (SELECT "ID_Combustivel" FROM public."COMBUSTIVEL" WHERE "Nome" = 'GASOLINA COMUM'))
ON CONFLICT DO NOTHING;


INSERT INTO public."PRECO_COLETADO" ("Preco", "UnidadeMedida", "DataColeta", "PostoCNPJ", "CombustivelID")
VALUES (5.890, 'R$ / litro', '2024-07-16', '8279524000175',
        (SELECT "ID_Combustivel" FROM public."COMBUSTIVEL" WHERE "Nome" = 'GASOLINA COMUM'))
ON CONFLICT DO NOTHING;


INSERT INTO public."PRECO_COLETADO" ("Preco", "UnidadeMedida", "DataColeta", "PostoCNPJ", "CombustivelID")
VALUES (5.890, 'R$ / litro', '2024-07-22', '8279524000175',
        (SELECT "ID_Combustivel" FROM public."COMBUSTIVEL" WHERE "Nome" = 'GASOLINA COMUM'))
ON CONFLICT DO NOTHING;


INSERT INTO public."PRECO_COLETADO" ("Preco", "UnidadeMedida", "DataColeta", "PostoCNPJ", "CombustivelID")
VALUES (5.890, 'R$ / litro', '2024-07-29', '8279524000175',
        (SELECT "ID_Combustivel" FROM public."COMBUSTIVEL" WHERE "Nome" = 'GASOLINA COMUM'))
ON CONFLICT DO NOTHING;


INSERT INTO public."PRECO_COLETADO" ("Preco", "UnidadeMedida", "DataColeta", "PostoCNPJ", "CombustivelID")
VALUES (5.890, 'R$ / litro', '2024-08-05', '8279524000175',
        (SELECT "ID_Combustivel" FROM public."COMBUSTIVEL" WHERE "Nome" = 'GASOLINA COMUM'))
ON CONFLICT DO NOTHING;


INSERT INTO public."PRECO_COLETADO" ("Preco", "UnidadeMedida", "DataColeta", "PostoCNPJ", "CombustivelID")
VALUES (5.890, 'R$ / litro', '2024-08-12', '8279524000175',
        (SELECT "ID_Combustivel" FROM public."COMBUSTIVEL" WHERE "Nome" = 'GASOLINA COMUM'))
ON CONFLICT DO NOTHING;


INSERT INTO public."PRECO_COLETADO" ("Preco", "UnidadeMedida", "DataColeta", "PostoCNPJ", "CombustivelID")
VALUES (5.890, 'R$ / litro', '2024-08-20', '8279524000175',
        (SELECT "ID_Combustivel" FROM public."COMBUSTIVEL" WHERE "Nome" = 'GASOLINA COMUM'))
ON CONFLICT DO NOTHING;


INSERT INTO public."PRECO_COLETADO" ("Preco", "UnidadeMedida", "DataColeta", "PostoCNPJ", "CombustivelID")
VALUES (5.890, 'R$ / litro', '2024-08-26', '8279524000175',
        (SELECT "ID_Combustivel" FROM public."COMBUSTIVEL" WHERE "Nome" = 'GASOLINA COMUM'))
ON CONFLICT DO NOTHING;


INSERT INTO public."PRECO_COLETADO" ("Preco", "UnidadeMedida", "DataColeta", "PostoCNPJ", "CombustivelID")
VALUES (5.890, 'R$ / litro', '2024-09-02', '8279524000175',
        (SELECT "ID_Combustivel" FROM public."COMBUSTIVEL" WHERE "Nome" = 'GASOLINA COMUM'))
ON CONFLICT DO NOTHING;


INSERT INTO public."COMBUSTIVEL" ("Nome")
VALUES ('GASOLINA ADITIVADA')
ON CONFLICT ("Nome") DO NOTHING;


INSERT INTO public."PRECO_COLETADO" ("Preco", "UnidadeMedida", "DataColeta", "PostoCNPJ", "CombustivelID")
VALUES (5.290, 'R$ / litro', '2023-08-07', '8279524000175',
        (SELECT "ID_Combustivel" FROM public."COMBUSTIVEL" WHERE "Nome" = 'GASOLINA ADITIVADA'))
ON CONFLICT DO NOTHING;


INSERT INTO public."PRECO_COLETADO" ("Preco", "UnidadeMedida", "DataColeta", "PostoCNPJ", "CombustivelID")
VALUES (5.370, 'R$ / litro', '2023-09-12', '8279524000175',
        (SELECT "ID_Combustivel" FROM public."COMBUSTIVEL" WHERE "Nome" = 'GASOLINA ADITIVADA'))
ON CONFLICT DO NOTHING;


INSERT INTO public."PRECO_COLETADO" ("Preco", "UnidadeMedida", "DataColeta", "PostoCNPJ", "CombustivelID")
VALUES (5.450, 'R$ / litro', '2023-10-31', '8279524000175',
        (SELECT "ID_Combustivel" FROM public."COMBUSTIVEL" WHERE "Nome" = 'GASOLINA ADITIVADA'))
ON CONFLICT DO NOTHING;


INSERT INTO public."PRECO_COLETADO" ("Preco", "UnidadeMedida", "DataColeta", "PostoCNPJ", "CombustivelID")
VALUES (5.390, 'R$ / litro', '2023-12-06', '8279524000175',
        (SELECT "ID_Combustivel" FROM public."COMBUSTIVEL" WHERE "Nome" = 'GASOLINA ADITIVADA'))
ON CONFLICT DO NOTHING;


INSERT INTO public."PRECO_COLETADO" ("Preco", "UnidadeMedida", "DataColeta", "PostoCNPJ", "CombustivelID")
VALUES (5.390, 'R$ / litro', '2023-12-20', '8279524000175',
        (SELECT "ID_Combustivel" FROM public."COMBUSTIVEL" WHERE "Nome" = 'GASOLINA ADITIVADA'))
ON CONFLICT DO NOTHING;


INSERT INTO public."PRECO_COLETADO" ("Preco", "UnidadeMedida", "DataColeta", "PostoCNPJ", "CombustivelID")
VALUES (5.390, 'R$ / litro', '2023-12-26', '8279524000175',
        (SELECT "ID_Combustivel" FROM public."COMBUSTIVEL" WHERE "Nome" = 'GASOLINA ADITIVADA'))
ON CONFLICT DO NOTHING;


INSERT INTO public."PRECO_COLETADO" ("Preco", "UnidadeMedida", "DataColeta", "PostoCNPJ", "CombustivelID")
VALUES (5.390, 'R$ / litro', '2024-01-08', '8279524000175',
        (SELECT "ID_Combustivel" FROM public."COMBUSTIVEL" WHERE "Nome" = 'GASOLINA ADITIVADA'))
ON CONFLICT DO NOTHING;


INSERT INTO public."PRECO_COLETADO" ("Preco", "UnidadeMedida", "DataColeta", "PostoCNPJ", "CombustivelID")
VALUES (5.390, 'R$ / litro', '2024-01-15', '8279524000175',
        (SELECT "ID_Combustivel" FROM public."COMBUSTIVEL" WHERE "Nome" = 'GASOLINA ADITIVADA'))
ON CONFLICT DO NOTHING;


INSERT INTO public."PRECO_COLETADO" ("Preco", "UnidadeMedida", "DataColeta", "PostoCNPJ", "CombustivelID")
VALUES (5.260, 'R$ / litro', '2024-01-22', '8279524000175',
        (SELECT "ID_Combustivel" FROM public."COMBUSTIVEL" WHERE "Nome" = 'GASOLINA ADITIVADA'))
ON CONFLICT DO NOTHING;


INSERT INTO public."PRECO_COLETADO" ("Preco", "UnidadeMedida", "DataColeta", "PostoCNPJ", "CombustivelID")
VALUES (5.370, 'R$ / litro', '2024-03-04', '8279524000175',
        (SELECT "ID_Combustivel" FROM public."COMBUSTIVEL" WHERE "Nome" = 'GASOLINA ADITIVADA'))
ON CONFLICT DO NOTHING;


INSERT INTO public."PRECO_COLETADO" ("Preco", "UnidadeMedida", "DataColeta", "PostoCNPJ", "CombustivelID")
VALUES (5.370, 'R$ / litro', '2024-03-18', '8279524000175',
        (SELECT "ID_Combustivel" FROM public."COMBUSTIVEL" WHERE "Nome" = 'GASOLINA ADITIVADA'))
ON CONFLICT DO NOTHING;


INSERT INTO public."PRECO_COLETADO" ("Preco", "UnidadeMedida", "DataColeta", "PostoCNPJ", "CombustivelID")
VALUES (5.450, 'R$ / litro', '2024-04-08', '8279524000175',
        (SELECT "ID_Combustivel" FROM public."COMBUSTIVEL" WHERE "Nome" = 'GASOLINA ADITIVADA'))
ON CONFLICT DO NOTHING;


INSERT INTO public."PRECO_COLETADO" ("Preco", "UnidadeMedida", "DataColeta", "PostoCNPJ", "CombustivelID")
VALUES (5.450, 'R$ / litro', '2024-04-15', '8279524000175',
        (SELECT "ID_Combustivel" FROM public."COMBUSTIVEL" WHERE "Nome" = 'GASOLINA ADITIVADA'))
ON CONFLICT DO NOTHING;


INSERT INTO public."PRECO_COLETADO" ("Preco", "UnidadeMedida", "DataColeta", "PostoCNPJ", "CombustivelID")
VALUES (5.450, 'R$ / litro', '2024-04-22', '8279524000175',
        (SELECT "ID_Combustivel" FROM public."COMBUSTIVEL" WHERE "Nome" = 'GASOLINA ADITIVADA'))
ON CONFLICT DO NOTHING;


INSERT INTO public."PRECO_COLETADO" ("Preco", "UnidadeMedida", "DataColeta", "PostoCNPJ", "CombustivelID")
VALUES (5.840, 'R$ / litro', '2024-05-13', '8279524000175',
        (SELECT "ID_Combustivel" FROM public."COMBUSTIVEL" WHERE "Nome" = 'GASOLINA ADITIVADA'))
ON CONFLICT DO NOTHING;


INSERT INTO public."PRECO_COLETADO" ("Preco", "UnidadeMedida", "DataColeta", "PostoCNPJ", "CombustivelID")
VALUES (5.840, 'R$ / litro', '2024-05-20', '8279524000175',
        (SELECT "ID_Combustivel" FROM public."COMBUSTIVEL" WHERE "Nome" = 'GASOLINA ADITIVADA'))
ON CONFLICT DO NOTHING;


INSERT INTO public."PRECO_COLETADO" ("Preco", "UnidadeMedida", "DataColeta", "PostoCNPJ", "CombustivelID")
VALUES (5.750, 'R$ / litro', '2024-05-27', '8279524000175',
        (SELECT "ID_Combustivel" FROM public."COMBUSTIVEL" WHERE "Nome" = 'GASOLINA ADITIVADA'))
ON CONFLICT DO NOTHING;


INSERT INTO public."PRECO_COLETADO" ("Preco", "UnidadeMedida", "DataColeta", "PostoCNPJ", "CombustivelID")
VALUES (5.750, 'R$ / litro', '2024-06-03', '8279524000175',
        (SELECT "ID_Combustivel" FROM public."COMBUSTIVEL" WHERE "Nome" = 'GASOLINA ADITIVADA'))
ON CONFLICT DO NOTHING;


INSERT INTO public."PRECO_COLETADO" ("Preco", "UnidadeMedida", "DataColeta", "PostoCNPJ", "CombustivelID")
VALUES (5.750, 'R$ / litro', '2024-06-24', '8279524000175',
        (SELECT "ID_Combustivel" FROM public."COMBUSTIVEL" WHERE "Nome" = 'GASOLINA ADITIVADA'))
ON CONFLICT DO NOTHING;


INSERT INTO public."PRECO_COLETADO" ("Preco", "UnidadeMedida", "DataColeta", "PostoCNPJ", "CombustivelID")
VALUES (5.650, 'R$ / litro', '2024-07-01', '8279524000175',
        (SELECT "ID_Combustivel" FROM public."COMBUSTIVEL" WHERE "Nome" = 'GASOLINA ADITIVADA'))
ON CONFLICT DO NOTHING;


INSERT INTO public."PRECO_COLETADO" ("Preco", "UnidadeMedida", "DataColeta", "PostoCNPJ", "CombustivelID")
VALUES (5.650, 'R$ / litro', '2024-07-09', '8279524000175',
        (SELECT "ID_Combustivel" FROM public."COMBUSTIVEL" WHERE "Nome" = 'GASOLINA ADITIVADA'))
ON CONFLICT DO NOTHING;


INSERT INTO public."PRECO_COLETADO" ("Preco", "UnidadeMedida", "DataColeta", "PostoCNPJ", "CombustivelID")
VALUES (5.890, 'R$ / litro', '2024-07-16', '8279524000175',
        (SELECT "ID_Combustivel" FROM public."COMBUSTIVEL" WHERE "Nome" = 'GASOLINA ADITIVADA'))
ON CONFLICT DO NOTHING;


INSERT INTO public."PRECO_COLETADO" ("Preco", "UnidadeMedida", "DataColeta", "PostoCNPJ", "CombustivelID")
VALUES (5.890, 'R$ / litro', '2024-07-22', '8279524000175',
        (SELECT "ID_Combustivel" FROM public."COMBUSTIVEL" WHERE "Nome" = 'GASOLINA ADITIVADA'))
ON CONFLICT DO NOTHING;


INSERT INTO public."PRECO_COLETADO" ("Preco", "UnidadeMedida", "DataColeta", "PostoCNPJ", "CombustivelID")
VALUES (5.890, 'R$ / litro', '2024-07-29', '8279524000175',
        (SELECT "ID_Combustivel" FROM public."COMBUSTIVEL" WHERE "Nome" = 'GASOLINA ADITIVADA'))
ON CONFLICT DO NOTHING;


INSERT INTO public."PRECO_COLETADO" ("Preco", "UnidadeMedida", "DataColeta", "PostoCNPJ", "CombustivelID")
VALUES (5.890, 'R$ / litro', '2024-08-05', '8279524000175',
        (SELECT "ID_Combustivel" FROM public."COMBUSTIVEL" WHERE "Nome" = 'GASOLINA ADITIVADA'))
ON CONFLICT DO NOTHING;


INSERT INTO public."PRECO_COLETADO" ("Preco", "UnidadeMedida", "DataColeta", "PostoCNPJ", "CombustivelID")
VALUES (5.890, 'R$ / litro', '2024-08-12', '8279524000175',
        (SELECT "ID_Combustivel" FROM public."COMBUSTIVEL" WHERE "Nome" = 'GASOLINA ADITIVADA'))
ON CONFLICT DO NOTHING;


INSERT INTO public."PRECO_COLETADO" ("Preco", "UnidadeMedida", "DataColeta", "PostoCNPJ", "CombustivelID")
VALUES (5.890, 'R$ / litro', '2024-08-20', '8279524000175',
        (SELECT "ID_Combustivel" FROM public."COMBUSTIVEL" WHERE "Nome" = 'GASOLINA ADITIVADA'))
ON CONFLICT DO NOTHING;


INSERT INTO public."PRECO_COLETADO" ("Preco", "UnidadeMedida", "DataColeta", "PostoCNPJ", "CombustivelID")
VALUES (5.890, 'R$ / litro', '2024-08-26', '8279524000175',
        (SELECT "ID_Combustivel" FROM public."COMBUSTIVEL" WHERE "Nome" = 'GASOLINA ADITIVADA'))
ON CONFLICT DO NOTHING;


INSERT INTO public."PRECO_COLETADO" ("Preco", "UnidadeMedida", "DataColeta", "PostoCNPJ", "CombustivelID")
VALUES (5.890, 'R$ / litro', '2024-09-02', '8279524000175',
        (SELECT "ID_Combustivel" FROM public."COMBUSTIVEL" WHERE "Nome" = 'GASOLINA ADITIVADA'))
ON CONFLICT DO NOTHING;


INSERT INTO public."COMBUSTIVEL" ("Nome")
VALUES ('DIESEL S10')
ON CONFLICT ("Nome") DO NOTHING;


INSERT INTO public."PRECO_COLETADO" ("Preco", "UnidadeMedida", "DataColeta", "PostoCNPJ", "CombustivelID")
VALUES (5.670, 'R$ / litro', '2024-04-08', '8279524000175',
        (SELECT "ID_Combustivel" FROM public."COMBUSTIVEL" WHERE "Nome" = 'DIESEL S10'))
ON CONFLICT DO NOTHING;


INSERT INTO public."PRECO_COLETADO" ("Preco", "UnidadeMedida", "DataColeta", "PostoCNPJ", "CombustivelID")
VALUES (5.670, 'R$ / litro', '2024-04-15', '8279524000175',
        (SELECT "ID_Combustivel" FROM public."COMBUSTIVEL" WHERE "Nome" = 'DIESEL S10'))
ON CONFLICT DO NOTHING;


INSERT INTO public."POSTO" ("CNPJ", "RazaoSocial", "NomeFantasia", "Bandeira", "Logradouro", "Numero", "Bairro", "Cidade", "Estado", "CEP")
VALUES ('8022304000161', 'AUTO POSTO DE COMBUSTIVEL RTT LTDA', 'AUTO POSTO DE COMBUSTIVEL RTT LTDA', 'BRANCA', 'RUA MOEMA', '38', 'DIVINO ESPIRITO SANTO', 'VILA VELHA', 'ESPIRITO SANTO', '29107250')
ON CONFLICT ("CNPJ") DO NOTHING;


INSERT INTO public."COMBUSTIVEL" ("Nome")
VALUES ('ETANOL')
ON CONFLICT ("Nome") DO NOTHING;


INSERT INTO public."PRECO_COLETADO" ("Preco", "UnidadeMedida", "DataColeta", "PostoCNPJ", "CombustivelID")
VALUES (4.090, 'R$ / litro', '2022-10-24', '8022304000161',
        (SELECT "ID_Combustivel" FROM public."COMBUSTIVEL" WHERE "Nome" = 'ETANOL'))
ON CONFLICT DO NOTHING;


INSERT INTO public."PRECO_COLETADO" ("Preco", "UnidadeMedida", "DataColeta", "PostoCNPJ", "CombustivelID")
VALUES (4.190, 'R$ / litro', '2022-11-14', '8022304000161',
        (SELECT "ID_Combustivel" FROM public."COMBUSTIVEL" WHERE "Nome" = 'ETANOL'))
ON CONFLICT DO NOTHING;


INSERT INTO public."PRECO_COLETADO" ("Preco", "UnidadeMedida", "DataColeta", "PostoCNPJ", "CombustivelID")
VALUES (4.190, 'R$ / litro', '2022-11-22', '8022304000161',
        (SELECT "ID_Combustivel" FROM public."COMBUSTIVEL" WHERE "Nome" = 'ETANOL'))
ON CONFLICT DO NOTHING;


INSERT INTO public."PRECO_COLETADO" ("Preco", "UnidadeMedida", "DataColeta", "PostoCNPJ", "CombustivelID")
VALUES (4.190, 'R$ / litro', '2022-12-05', '8022304000161',
        (SELECT "ID_Combustivel" FROM public."COMBUSTIVEL" WHERE "Nome" = 'ETANOL'))
ON CONFLICT DO NOTHING;


INSERT INTO public."PRECO_COLETADO" ("Preco", "UnidadeMedida", "DataColeta", "PostoCNPJ", "CombustivelID")
VALUES (4.190, 'R$ / litro', '2022-12-12', '8022304000161',
        (SELECT "ID_Combustivel" FROM public."COMBUSTIVEL" WHERE "Nome" = 'ETANOL'))
ON CONFLICT DO NOTHING;


INSERT INTO public."PRECO_COLETADO" ("Preco", "UnidadeMedida", "DataColeta", "PostoCNPJ", "CombustivelID")
VALUES (4.190, 'R$ / litro', '2022-12-22', '8022304000161',
        (SELECT "ID_Combustivel" FROM public."COMBUSTIVEL" WHERE "Nome" = 'ETANOL'))
ON CONFLICT DO NOTHING;


INSERT INTO public."PRECO_COLETADO" ("Preco", "UnidadeMedida", "DataColeta", "PostoCNPJ", "CombustivelID")
VALUES (4.190, 'R$ / litro', '2022-12-26', '8022304000161',
        (SELECT "ID_Combustivel" FROM public."COMBUSTIVEL" WHERE "Nome" = 'ETANOL'))
ON CONFLICT DO NOTHING;


INSERT INTO public."PRECO_COLETADO" ("Preco", "UnidadeMedida", "DataColeta", "PostoCNPJ", "CombustivelID")
VALUES (4.190, 'R$ / litro', '2023-01-02', '8022304000161',
        (SELECT "ID_Combustivel" FROM public."COMBUSTIVEL" WHERE "Nome" = 'ETANOL'))
ON CONFLICT DO NOTHING;


INSERT INTO public."PRECO_COLETADO" ("Preco", "UnidadeMedida", "DataColeta", "PostoCNPJ", "CombustivelID")
VALUES (4.190, 'R$ / litro', '2023-01-09', '8022304000161',
        (SELECT "ID_Combustivel" FROM public."COMBUSTIVEL" WHERE "Nome" = 'ETANOL'))
ON CONFLICT DO NOTHING;


INSERT INTO public."PRECO_COLETADO" ("Preco", "UnidadeMedida", "DataColeta", "PostoCNPJ", "CombustivelID")
VALUES (4.190, 'R$ / litro', '2023-02-06', '8022304000161',
        (SELECT "ID_Combustivel" FROM public."COMBUSTIVEL" WHERE "Nome" = 'ETANOL'))
ON CONFLICT DO NOTHING;


INSERT INTO public."PRECO_COLETADO" ("Preco", "UnidadeMedida", "DataColeta", "PostoCNPJ", "CombustivelID")
VALUES (4.190, 'R$ / litro', '2023-02-20', '8022304000161',
        (SELECT "ID_Combustivel" FROM public."COMBUSTIVEL" WHERE "Nome" = 'ETANOL'))
ON CONFLICT DO NOTHING;


INSERT INTO public."PRECO_COLETADO" ("Preco", "UnidadeMedida", "DataColeta", "PostoCNPJ", "CombustivelID")
VALUES (4.190, 'R$ / litro', '2023-03-06', '8022304000161',
        (SELECT "ID_Combustivel" FROM public."COMBUSTIVEL" WHERE "Nome" = 'ETANOL'))
ON CONFLICT DO NOTHING;


INSERT INTO public."PRECO_COLETADO" ("Preco", "UnidadeMedida", "DataColeta", "PostoCNPJ", "CombustivelID")
VALUES (4.190, 'R$ / litro', '2023-03-16', '8022304000161',
        (SELECT "ID_Combustivel" FROM public."COMBUSTIVEL" WHERE "Nome" = 'ETANOL'))
ON CONFLICT DO NOTHING;


INSERT INTO public."PRECO_COLETADO" ("Preco", "UnidadeMedida", "DataColeta", "PostoCNPJ", "CombustivelID")
VALUES (4.190, 'R$ / litro', '2023-03-21', '8022304000161',
        (SELECT "ID_Combustivel" FROM public."COMBUSTIVEL" WHERE "Nome" = 'ETANOL'))
ON CONFLICT DO NOTHING;


INSERT INTO public."PRECO_COLETADO" ("Preco", "UnidadeMedida", "DataColeta", "PostoCNPJ", "CombustivelID")
VALUES (4.190, 'R$ / litro', '2023-03-27', '8022304000161',
        (SELECT "ID_Combustivel" FROM public."COMBUSTIVEL" WHERE "Nome" = 'ETANOL'))
ON CONFLICT DO NOTHING;


INSERT INTO public."PRECO_COLETADO" ("Preco", "UnidadeMedida", "DataColeta", "PostoCNPJ", "CombustivelID")
VALUES (4.190, 'R$ / litro', '2023-04-04', '8022304000161',
        (SELECT "ID_Combustivel" FROM public."COMBUSTIVEL" WHERE "Nome" = 'ETANOL'))
ON CONFLICT DO NOTHING;


INSERT INTO public."PRECO_COLETADO" ("Preco", "UnidadeMedida", "DataColeta", "PostoCNPJ", "CombustivelID")
VALUES (4.390, 'R$ / litro', '2023-05-02', '8022304000161',
        (SELECT "ID_Combustivel" FROM public."COMBUSTIVEL" WHERE "Nome" = 'ETANOL'))
ON CONFLICT DO NOTHING;


INSERT INTO public."PRECO_COLETADO" ("Preco", "UnidadeMedida", "DataColeta", "PostoCNPJ", "CombustivelID")
VALUES (4.490, 'R$ / litro', '2023-08-07', '8022304000161',
        (SELECT "ID_Combustivel" FROM public."COMBUSTIVEL" WHERE "Nome" = 'ETANOL'))
ON CONFLICT DO NOTHING;


INSERT INTO public."PRECO_COLETADO" ("Preco", "UnidadeMedida", "DataColeta", "PostoCNPJ", "CombustivelID")
VALUES (4.090, 'R$ / litro', '2023-09-12', '8022304000161',
        (SELECT "ID_Combustivel" FROM public."COMBUSTIVEL" WHERE "Nome" = 'ETANOL'))
ON CONFLICT DO NOTHING;


INSERT INTO public."PRECO_COLETADO" ("Preco", "UnidadeMedida", "DataColeta", "PostoCNPJ", "CombustivelID")
VALUES (4.090, 'R$ / litro', '2023-10-31', '8022304000161',
        (SELECT "ID_Combustivel" FROM public."COMBUSTIVEL" WHERE "Nome" = 'ETANOL'))
ON CONFLICT DO NOTHING;


INSERT INTO public."PRECO_COLETADO" ("Preco", "UnidadeMedida", "DataColeta", "PostoCNPJ", "CombustivelID")
VALUES (3.990, 'R$ / litro', '2023-12-06', '8022304000161',
        (SELECT "ID_Combustivel" FROM public."COMBUSTIVEL" WHERE "Nome" = 'ETANOL'))
ON CONFLICT DO NOTHING;


INSERT INTO public."PRECO_COLETADO" ("Preco", "UnidadeMedida", "DataColeta", "PostoCNPJ", "CombustivelID")
VALUES (3.990, 'R$ / litro', '2023-12-20', '8022304000161',
        (SELECT "ID_Combustivel" FROM public."COMBUSTIVEL" WHERE "Nome" = 'ETANOL'))
ON CONFLICT DO NOTHING;


INSERT INTO public."PRECO_COLETADO" ("Preco", "UnidadeMedida", "DataColeta", "PostoCNPJ", "CombustivelID")
VALUES (3.990, 'R$ / litro', '2023-12-26', '8022304000161',
        (SELECT "ID_Combustivel" FROM public."COMBUSTIVEL" WHERE "Nome" = 'ETANOL'))
ON CONFLICT DO NOTHING;


INSERT INTO public."PRECO_COLETADO" ("Preco", "UnidadeMedida", "DataColeta", "PostoCNPJ", "CombustivelID")
VALUES (3.990, 'R$ / litro', '2024-01-03', '8022304000161',
        (SELECT "ID_Combustivel" FROM public."COMBUSTIVEL" WHERE "Nome" = 'ETANOL'))
ON CONFLICT DO NOTHING;


INSERT INTO public."PRECO_COLETADO" ("Preco", "UnidadeMedida", "DataColeta", "PostoCNPJ", "CombustivelID")
VALUES (3.990, 'R$ / litro', '2024-01-08', '8022304000161',
        (SELECT "ID_Combustivel" FROM public."COMBUSTIVEL" WHERE "Nome" = 'ETANOL'))
ON CONFLICT DO NOTHING;


INSERT INTO public."PRECO_COLETADO" ("Preco", "UnidadeMedida", "DataColeta", "PostoCNPJ", "CombustivelID")
VALUES (3.890, 'R$ / litro', '2024-01-15', '8022304000161',
        (SELECT "ID_Combustivel" FROM public."COMBUSTIVEL" WHERE "Nome" = 'ETANOL'))
ON CONFLICT DO NOTHING;


INSERT INTO public."PRECO_COLETADO" ("Preco", "UnidadeMedida", "DataColeta", "PostoCNPJ", "CombustivelID")
VALUES (3.890, 'R$ / litro', '2024-01-22', '8022304000161',
        (SELECT "ID_Combustivel" FROM public."COMBUSTIVEL" WHERE "Nome" = 'ETANOL'))
ON CONFLICT DO NOTHING;


INSERT INTO public."PRECO_COLETADO" ("Preco", "UnidadeMedida", "DataColeta", "PostoCNPJ", "CombustivelID")
VALUES (3.990, 'R$ / litro', '2024-02-05', '8022304000161',
        (SELECT "ID_Combustivel" FROM public."COMBUSTIVEL" WHERE "Nome" = 'ETANOL'))
ON CONFLICT DO NOTHING;


INSERT INTO public."PRECO_COLETADO" ("Preco", "UnidadeMedida", "DataColeta", "PostoCNPJ", "CombustivelID")
VALUES (3.990, 'R$ / litro', '2024-02-12', '8022304000161',
        (SELECT "ID_Combustivel" FROM public."COMBUSTIVEL" WHERE "Nome" = 'ETANOL'))
ON CONFLICT DO NOTHING;


INSERT INTO public."PRECO_COLETADO" ("Preco", "UnidadeMedida", "DataColeta", "PostoCNPJ", "CombustivelID")
VALUES (3.990, 'R$ / litro', '2024-02-19', '8022304000161',
        (SELECT "ID_Combustivel" FROM public."COMBUSTIVEL" WHERE "Nome" = 'ETANOL'))
ON CONFLICT DO NOTHING;


INSERT INTO public."PRECO_COLETADO" ("Preco", "UnidadeMedida", "DataColeta", "PostoCNPJ", "CombustivelID")
VALUES (3.990, 'R$ / litro', '2024-02-26', '8022304000161',
        (SELECT "ID_Combustivel" FROM public."COMBUSTIVEL" WHERE "Nome" = 'ETANOL'))
ON CONFLICT DO NOTHING;


INSERT INTO public."PRECO_COLETADO" ("Preco", "UnidadeMedida", "DataColeta", "PostoCNPJ", "CombustivelID")
VALUES (3.990, 'R$ / litro', '2024-03-04', '8022304000161',
        (SELECT "ID_Combustivel" FROM public."COMBUSTIVEL" WHERE "Nome" = 'ETANOL'))
ON CONFLICT DO NOTHING;


INSERT INTO public."PRECO_COLETADO" ("Preco", "UnidadeMedida", "DataColeta", "PostoCNPJ", "CombustivelID")
VALUES (3.990, 'R$ / litro', '2024-03-18', '8022304000161',
        (SELECT "ID_Combustivel" FROM public."COMBUSTIVEL" WHERE "Nome" = 'ETANOL'))
ON CONFLICT DO NOTHING;


INSERT INTO public."PRECO_COLETADO" ("Preco", "UnidadeMedida", "DataColeta", "PostoCNPJ", "CombustivelID")
VALUES (3.990, 'R$ / litro', '2024-04-08', '8022304000161',
        (SELECT "ID_Combustivel" FROM public."COMBUSTIVEL" WHERE "Nome" = 'ETANOL'))
ON CONFLICT DO NOTHING;


INSERT INTO public."PRECO_COLETADO" ("Preco", "UnidadeMedida", "DataColeta", "PostoCNPJ", "CombustivelID")
VALUES (4.190, 'R$ / litro', '2024-04-15', '8022304000161',
        (SELECT "ID_Combustivel" FROM public."COMBUSTIVEL" WHERE "Nome" = 'ETANOL'))
ON CONFLICT DO NOTHING;


INSERT INTO public."PRECO_COLETADO" ("Preco", "UnidadeMedida", "DataColeta", "PostoCNPJ", "CombustivelID")
VALUES (4.350, 'R$ / litro', '2024-04-22', '8022304000161',
        (SELECT "ID_Combustivel" FROM public."COMBUSTIVEL" WHERE "Nome" = 'ETANOL'))
ON CONFLICT DO NOTHING;


INSERT INTO public."PRECO_COLETADO" ("Preco", "UnidadeMedida", "DataColeta", "PostoCNPJ", "CombustivelID")
VALUES (3.990, 'R$ / litro', '2024-05-14', '8022304000161',
        (SELECT "ID_Combustivel" FROM public."COMBUSTIVEL" WHERE "Nome" = 'ETANOL'))
ON CONFLICT DO NOTHING;


INSERT INTO public."PRECO_COLETADO" ("Preco", "UnidadeMedida", "DataColeta", "PostoCNPJ", "CombustivelID")
VALUES (3.990, 'R$ / litro', '2024-05-20', '8022304000161',
        (SELECT "ID_Combustivel" FROM public."COMBUSTIVEL" WHERE "Nome" = 'ETANOL'))
ON CONFLICT DO NOTHING;


INSERT INTO public."PRECO_COLETADO" ("Preco", "UnidadeMedida", "DataColeta", "PostoCNPJ", "CombustivelID")
VALUES (3.990, 'R$ / litro', '2024-05-27', '8022304000161',
        (SELECT "ID_Combustivel" FROM public."COMBUSTIVEL" WHERE "Nome" = 'ETANOL'))
ON CONFLICT DO NOTHING;


INSERT INTO public."PRECO_COLETADO" ("Preco", "UnidadeMedida", "DataColeta", "PostoCNPJ", "CombustivelID")
VALUES (3.990, 'R$ / litro', '2024-06-03', '8022304000161',
        (SELECT "ID_Combustivel" FROM public."COMBUSTIVEL" WHERE "Nome" = 'ETANOL'))
ON CONFLICT DO NOTHING;


INSERT INTO public."PRECO_COLETADO" ("Preco", "UnidadeMedida", "DataColeta", "PostoCNPJ", "CombustivelID")
VALUES (3.990, 'R$ / litro', '2024-06-10', '8022304000161',
        (SELECT "ID_Combustivel" FROM public."COMBUSTIVEL" WHERE "Nome" = 'ETANOL'))
ON CONFLICT DO NOTHING;


INSERT INTO public."PRECO_COLETADO" ("Preco", "UnidadeMedida", "DataColeta", "PostoCNPJ", "CombustivelID")
VALUES (3.990, 'R$ / litro', '2024-06-24', '8022304000161',
        (SELECT "ID_Combustivel" FROM public."COMBUSTIVEL" WHERE "Nome" = 'ETANOL'))
ON CONFLICT DO NOTHING;


INSERT INTO public."PRECO_COLETADO" ("Preco", "UnidadeMedida", "DataColeta", "PostoCNPJ", "CombustivelID")
VALUES (3.990, 'R$ / litro', '2024-07-01', '8022304000161',
        (SELECT "ID_Combustivel" FROM public."COMBUSTIVEL" WHERE "Nome" = 'ETANOL'))
ON CONFLICT DO NOTHING;


INSERT INTO public."PRECO_COLETADO" ("Preco", "UnidadeMedida", "DataColeta", "PostoCNPJ", "CombustivelID")
VALUES (3.990, 'R$ / litro', '2024-07-09', '8022304000161',
        (SELECT "ID_Combustivel" FROM public."COMBUSTIVEL" WHERE "Nome" = 'ETANOL'))
ON CONFLICT DO NOTHING;


INSERT INTO public."PRECO_COLETADO" ("Preco", "UnidadeMedida", "DataColeta", "PostoCNPJ", "CombustivelID")
VALUES (4.290, 'R$ / litro', '2024-07-16', '8022304000161',
        (SELECT "ID_Combustivel" FROM public."COMBUSTIVEL" WHERE "Nome" = 'ETANOL'))
ON CONFLICT DO NOTHING;


INSERT INTO public."PRECO_COLETADO" ("Preco", "UnidadeMedida", "DataColeta", "PostoCNPJ", "CombustivelID")
VALUES (4.290, 'R$ / litro', '2024-07-22', '8022304000161',
        (SELECT "ID_Combustivel" FROM public."COMBUSTIVEL" WHERE "Nome" = 'ETANOL'))
ON CONFLICT DO NOTHING;


INSERT INTO public."PRECO_COLETADO" ("Preco", "UnidadeMedida", "DataColeta", "PostoCNPJ", "CombustivelID")
VALUES (4.290, 'R$ / litro', '2024-07-29', '8022304000161',
        (SELECT "ID_Combustivel" FROM public."COMBUSTIVEL" WHERE "Nome" = 'ETANOL'))
ON CONFLICT DO NOTHING;


INSERT INTO public."PRECO_COLETADO" ("Preco", "UnidadeMedida", "DataColeta", "PostoCNPJ", "CombustivelID")
VALUES (4.390, 'R$ / litro', '2024-08-05', '8022304000161',
        (SELECT "ID_Combustivel" FROM public."COMBUSTIVEL" WHERE "Nome" = 'ETANOL'))
ON CONFLICT DO NOTHING;


INSERT INTO public."PRECO_COLETADO" ("Preco", "UnidadeMedida", "DataColeta", "PostoCNPJ", "CombustivelID")
VALUES (4.390, 'R$ / litro', '2024-08-12', '8022304000161',
        (SELECT "ID_Combustivel" FROM public."COMBUSTIVEL" WHERE "Nome" = 'ETANOL'))
ON CONFLICT DO NOTHING;


INSERT INTO public."PRECO_COLETADO" ("Preco", "UnidadeMedida", "DataColeta", "PostoCNPJ", "CombustivelID")
VALUES (4.390, 'R$ / litro', '2024-08-20', '8022304000161',
        (SELECT "ID_Combustivel" FROM public."COMBUSTIVEL" WHERE "Nome" = 'ETANOL'))
ON CONFLICT DO NOTHING;


INSERT INTO public."PRECO_COLETADO" ("Preco", "UnidadeMedida", "DataColeta", "PostoCNPJ", "CombustivelID")
VALUES (4.390, 'R$ / litro', '2024-08-26', '8022304000161',
        (SELECT "ID_Combustivel" FROM public."COMBUSTIVEL" WHERE "Nome" = 'ETANOL'))
ON CONFLICT DO NOTHING;


INSERT INTO public."PRECO_COLETADO" ("Preco", "UnidadeMedida", "DataColeta", "PostoCNPJ", "CombustivelID")
VALUES (4.390, 'R$ / litro', '2024-09-02', '8022304000161',
        (SELECT "ID_Combustivel" FROM public."COMBUSTIVEL" WHERE "Nome" = 'ETANOL'))
ON CONFLICT DO NOTHING;


INSERT INTO public."COMBUSTIVEL" ("Nome")
VALUES ('DIESEL S10')
ON CONFLICT ("Nome") DO NOTHING;


INSERT INTO public."PRECO_COLETADO" ("Preco", "UnidadeMedida", "DataColeta", "PostoCNPJ", "CombustivelID")
VALUES (6.490, 'R$ / litro', '2022-10-24', '8022304000161',
        (SELECT "ID_Combustivel" FROM public."COMBUSTIVEL" WHERE "Nome" = 'DIESEL S10'))
ON CONFLICT DO NOTHING;


INSERT INTO public."PRECO_COLETADO" ("Preco", "UnidadeMedida", "DataColeta", "PostoCNPJ", "CombustivelID")
VALUES (6.490, 'R$ / litro', '2022-11-14', '8022304000161',
        (SELECT "ID_Combustivel" FROM public."COMBUSTIVEL" WHERE "Nome" = 'DIESEL S10'))
ON CONFLICT DO NOTHING;


INSERT INTO public."PRECO_COLETADO" ("Preco", "UnidadeMedida", "DataColeta", "PostoCNPJ", "CombustivelID")
VALUES (6.390, 'R$ / litro', '2022-11-22', '8022304000161',
        (SELECT "ID_Combustivel" FROM public."COMBUSTIVEL" WHERE "Nome" = 'DIESEL S10'))
ON CONFLICT DO NOTHING;


INSERT INTO public."PRECO_COLETADO" ("Preco", "UnidadeMedida", "DataColeta", "PostoCNPJ", "CombustivelID")
VALUES (6.390, 'R$ / litro', '2022-12-05', '8022304000161',
        (SELECT "ID_Combustivel" FROM public."COMBUSTIVEL" WHERE "Nome" = 'DIESEL S10'))
ON CONFLICT DO NOTHING;


INSERT INTO public."PRECO_COLETADO" ("Preco", "UnidadeMedida", "DataColeta", "PostoCNPJ", "CombustivelID")
VALUES (6.390, 'R$ / litro', '2022-12-12', '8022304000161',
        (SELECT "ID_Combustivel" FROM public."COMBUSTIVEL" WHERE "Nome" = 'DIESEL S10'))
ON CONFLICT DO NOTHING;


INSERT INTO public."PRECO_COLETADO" ("Preco", "UnidadeMedida", "DataColeta", "PostoCNPJ", "CombustivelID")
VALUES (6.390, 'R$ / litro', '2022-12-22', '8022304000161',
        (SELECT "ID_Combustivel" FROM public."COMBUSTIVEL" WHERE "Nome" = 'DIESEL S10'))
ON CONFLICT DO NOTHING;


INSERT INTO public."PRECO_COLETADO" ("Preco", "UnidadeMedida", "DataColeta", "PostoCNPJ", "CombustivelID")
VALUES (6.390, 'R$ / litro', '2022-12-26', '8022304000161',
        (SELECT "ID_Combustivel" FROM public."COMBUSTIVEL" WHERE "Nome" = 'DIESEL S10'))
ON CONFLICT DO NOTHING;


INSERT INTO public."PRECO_COLETADO" ("Preco", "UnidadeMedida", "DataColeta", "PostoCNPJ", "CombustivelID")
VALUES (6.290, 'R$ / litro', '2023-01-02', '8022304000161',
        (SELECT "ID_Combustivel" FROM public."COMBUSTIVEL" WHERE "Nome" = 'DIESEL S10'))
ON CONFLICT DO NOTHING;


INSERT INTO public."PRECO_COLETADO" ("Preco", "UnidadeMedida", "DataColeta", "PostoCNPJ", "CombustivelID")
VALUES (6.290, 'R$ / litro', '2023-01-09', '8022304000161',
        (SELECT "ID_Combustivel" FROM public."COMBUSTIVEL" WHERE "Nome" = 'DIESEL S10'))
ON CONFLICT DO NOTHING;


INSERT INTO public."PRECO_COLETADO" ("Preco", "UnidadeMedida", "DataColeta", "PostoCNPJ", "CombustivelID")
VALUES (6.290, 'R$ / litro', '2023-02-06', '8022304000161',
        (SELECT "ID_Combustivel" FROM public."COMBUSTIVEL" WHERE "Nome" = 'DIESEL S10'))
ON CONFLICT DO NOTHING;


INSERT INTO public."PRECO_COLETADO" ("Preco", "UnidadeMedida", "DataColeta", "PostoCNPJ", "CombustivelID")
VALUES (5.870, 'R$ / litro', '2023-02-20', '8022304000161',
        (SELECT "ID_Combustivel" FROM public."COMBUSTIVEL" WHERE "Nome" = 'DIESEL S10'))
ON CONFLICT DO NOTHING;


INSERT INTO public."PRECO_COLETADO" ("Preco", "UnidadeMedida", "DataColeta", "PostoCNPJ", "CombustivelID")
VALUES (5.870, 'R$ / litro', '2023-03-06', '8022304000161',
        (SELECT "ID_Combustivel" FROM public."COMBUSTIVEL" WHERE "Nome" = 'DIESEL S10'))
ON CONFLICT DO NOTHING;


INSERT INTO public."PRECO_COLETADO" ("Preco", "UnidadeMedida", "DataColeta", "PostoCNPJ", "CombustivelID")
VALUES (5.790, 'R$ / litro', '2023-03-16', '8022304000161',
        (SELECT "ID_Combustivel" FROM public."COMBUSTIVEL" WHERE "Nome" = 'DIESEL S10'))
ON CONFLICT DO NOTHING;


INSERT INTO public."PRECO_COLETADO" ("Preco", "UnidadeMedida", "DataColeta", "PostoCNPJ", "CombustivelID")
VALUES (5.790, 'R$ / litro', '2023-03-21', '8022304000161',
        (SELECT "ID_Combustivel" FROM public."COMBUSTIVEL" WHERE "Nome" = 'DIESEL S10'))
ON CONFLICT DO NOTHING;


INSERT INTO public."PRECO_COLETADO" ("Preco", "UnidadeMedida", "DataColeta", "PostoCNPJ", "CombustivelID")
VALUES (5.790, 'R$ / litro', '2023-03-27', '8022304000161',
        (SELECT "ID_Combustivel" FROM public."COMBUSTIVEL" WHERE "Nome" = 'DIESEL S10'))
ON CONFLICT DO NOTHING;


INSERT INTO public."PRECO_COLETADO" ("Preco", "UnidadeMedida", "DataColeta", "PostoCNPJ", "CombustivelID")
VALUES (5.790, 'R$ / litro', '2023-04-04', '8022304000161',
        (SELECT "ID_Combustivel" FROM public."COMBUSTIVEL" WHERE "Nome" = 'DIESEL S10'))
ON CONFLICT DO NOTHING;


INSERT INTO public."PRECO_COLETADO" ("Preco", "UnidadeMedida", "DataColeta", "PostoCNPJ", "CombustivelID")
VALUES (5.590, 'R$ / litro', '2023-05-02', '8022304000161',
        (SELECT "ID_Combustivel" FROM public."COMBUSTIVEL" WHERE "Nome" = 'DIESEL S10'))
ON CONFLICT DO NOTHING;


INSERT INTO public."PRECO_COLETADO" ("Preco", "UnidadeMedida", "DataColeta", "PostoCNPJ", "CombustivelID")
VALUES (5.090, 'R$ / litro', '2023-08-07', '8022304000161',
        (SELECT "ID_Combustivel" FROM public."COMBUSTIVEL" WHERE "Nome" = 'DIESEL S10'))
ON CONFLICT DO NOTHING;


INSERT INTO public."PRECO_COLETADO" ("Preco", "UnidadeMedida", "DataColeta", "PostoCNPJ", "CombustivelID")
VALUES (5.990, 'R$ / litro', '2023-09-12', '8022304000161',
        (SELECT "ID_Combustivel" FROM public."COMBUSTIVEL" WHERE "Nome" = 'DIESEL S10'))
ON CONFLICT DO NOTHING;


INSERT INTO public."PRECO_COLETADO" ("Preco", "UnidadeMedida", "DataColeta", "PostoCNPJ", "CombustivelID")
VALUES (6.090, 'R$ / litro', '2023-10-31', '8022304000161',
        (SELECT "ID_Combustivel" FROM public."COMBUSTIVEL" WHERE "Nome" = 'DIESEL S10'))
ON CONFLICT DO NOTHING;


INSERT INTO public."PRECO_COLETADO" ("Preco", "UnidadeMedida", "DataColeta", "PostoCNPJ", "CombustivelID")
VALUES (6.090, 'R$ / litro', '2023-12-06', '8022304000161',
        (SELECT "ID_Combustivel" FROM public."COMBUSTIVEL" WHERE "Nome" = 'DIESEL S10'))
ON CONFLICT DO NOTHING;


INSERT INTO public."PRECO_COLETADO" ("Preco", "UnidadeMedida", "DataColeta", "PostoCNPJ", "CombustivelID")
VALUES (5.990, 'R$ / litro', '2023-12-20', '8022304000161',
        (SELECT "ID_Combustivel" FROM public."COMBUSTIVEL" WHERE "Nome" = 'DIESEL S10'))
ON CONFLICT DO NOTHING;


INSERT INTO public."PRECO_COLETADO" ("Preco", "UnidadeMedida", "DataColeta", "PostoCNPJ", "CombustivelID")
VALUES (5.990, 'R$ / litro', '2023-12-26', '8022304000161',
        (SELECT "ID_Combustivel" FROM public."COMBUSTIVEL" WHERE "Nome" = 'DIESEL S10'))
ON CONFLICT DO NOTHING;


INSERT INTO public."PRECO_COLETADO" ("Preco", "UnidadeMedida", "DataColeta", "PostoCNPJ", "CombustivelID")
VALUES (5.890, 'R$ / litro', '2024-01-03', '8022304000161',
        (SELECT "ID_Combustivel" FROM public."COMBUSTIVEL" WHERE "Nome" = 'DIESEL S10'))
ON CONFLICT DO NOTHING;


INSERT INTO public."PRECO_COLETADO" ("Preco", "UnidadeMedida", "DataColeta", "PostoCNPJ", "CombustivelID")
VALUES (5.890, 'R$ / litro', '2024-01-08', '8022304000161',
        (SELECT "ID_Combustivel" FROM public."COMBUSTIVEL" WHERE "Nome" = 'DIESEL S10'))
ON CONFLICT DO NOTHING;


INSERT INTO public."PRECO_COLETADO" ("Preco", "UnidadeMedida", "DataColeta", "PostoCNPJ", "CombustivelID")
VALUES (5.890, 'R$ / litro', '2024-01-15', '8022304000161',
        (SELECT "ID_Combustivel" FROM public."COMBUSTIVEL" WHERE "Nome" = 'DIESEL S10'))
ON CONFLICT DO NOTHING;


INSERT INTO public."PRECO_COLETADO" ("Preco", "UnidadeMedida", "DataColeta", "PostoCNPJ", "CombustivelID")
VALUES (5.890, 'R$ / litro', '2024-01-22', '8022304000161',
        (SELECT "ID_Combustivel" FROM public."COMBUSTIVEL" WHERE "Nome" = 'DIESEL S10'))
ON CONFLICT DO NOTHING;


INSERT INTO public."PRECO_COLETADO" ("Preco", "UnidadeMedida", "DataColeta", "PostoCNPJ", "CombustivelID")
VALUES (5.890, 'R$ / litro', '2024-02-05', '8022304000161',
        (SELECT "ID_Combustivel" FROM public."COMBUSTIVEL" WHERE "Nome" = 'DIESEL S10'))
ON CONFLICT DO NOTHING;


INSERT INTO public."PRECO_COLETADO" ("Preco", "UnidadeMedida", "DataColeta", "PostoCNPJ", "CombustivelID")
VALUES (5.890, 'R$ / litro', '2024-02-12', '8022304000161',
        (SELECT "ID_Combustivel" FROM public."COMBUSTIVEL" WHERE "Nome" = 'DIESEL S10'))
ON CONFLICT DO NOTHING;


INSERT INTO public."PRECO_COLETADO" ("Preco", "UnidadeMedida", "DataColeta", "PostoCNPJ", "CombustivelID")
VALUES (5.890, 'R$ / litro', '2024-02-19', '8022304000161',
        (SELECT "ID_Combustivel" FROM public."COMBUSTIVEL" WHERE "Nome" = 'DIESEL S10'))
ON CONFLICT DO NOTHING;


INSERT INTO public."PRECO_COLETADO" ("Preco", "UnidadeMedida", "DataColeta", "PostoCNPJ", "CombustivelID")
VALUES (5.890, 'R$ / litro', '2024-02-26', '8022304000161',
        (SELECT "ID_Combustivel" FROM public."COMBUSTIVEL" WHERE "Nome" = 'DIESEL S10'))
ON CONFLICT DO NOTHING;


INSERT INTO public."PRECO_COLETADO" ("Preco", "UnidadeMedida", "DataColeta", "PostoCNPJ", "CombustivelID")
VALUES (5.890, 'R$ / litro', '2024-03-04', '8022304000161',
        (SELECT "ID_Combustivel" FROM public."COMBUSTIVEL" WHERE "Nome" = 'DIESEL S10'))
ON CONFLICT DO NOTHING;


INSERT INTO public."PRECO_COLETADO" ("Preco", "UnidadeMedida", "DataColeta", "PostoCNPJ", "CombustivelID")
VALUES (5.890, 'R$ / litro', '2024-03-18', '8022304000161',
        (SELECT "ID_Combustivel" FROM public."COMBUSTIVEL" WHERE "Nome" = 'DIESEL S10'))
ON CONFLICT DO NOTHING;


INSERT INTO public."PRECO_COLETADO" ("Preco", "UnidadeMedida", "DataColeta", "PostoCNPJ", "CombustivelID")
VALUES (5.890, 'R$ / litro', '2024-04-08', '8022304000161',
        (SELECT "ID_Combustivel" FROM public."COMBUSTIVEL" WHERE "Nome" = 'DIESEL S10'))
ON CONFLICT DO NOTHING;


INSERT INTO public."PRECO_COLETADO" ("Preco", "UnidadeMedida", "DataColeta", "PostoCNPJ", "CombustivelID")
VALUES (5.890, 'R$ / litro', '2024-04-15', '8022304000161',
        (SELECT "ID_Combustivel" FROM public."COMBUSTIVEL" WHERE "Nome" = 'DIESEL S10'))
ON CONFLICT DO NOTHING;


INSERT INTO public."PRECO_COLETADO" ("Preco", "UnidadeMedida", "DataColeta", "PostoCNPJ", "CombustivelID")
VALUES (5.890, 'R$ / litro', '2024-04-22', '8022304000161',
        (SELECT "ID_Combustivel" FROM public."COMBUSTIVEL" WHERE "Nome" = 'DIESEL S10'))
ON CONFLICT DO NOTHING;


INSERT INTO public."PRECO_COLETADO" ("Preco", "UnidadeMedida", "DataColeta", "PostoCNPJ", "CombustivelID")
VALUES (5.890, 'R$ / litro', '2024-05-14', '8022304000161',
        (SELECT "ID_Combustivel" FROM public."COMBUSTIVEL" WHERE "Nome" = 'DIESEL S10'))
ON CONFLICT DO NOTHING;


INSERT INTO public."PRECO_COLETADO" ("Preco", "UnidadeMedida", "DataColeta", "PostoCNPJ", "CombustivelID")
VALUES (5.890, 'R$ / litro', '2024-05-20', '8022304000161',
        (SELECT "ID_Combustivel" FROM public."COMBUSTIVEL" WHERE "Nome" = 'DIESEL S10'))
ON CONFLICT DO NOTHING;


INSERT INTO public."PRECO_COLETADO" ("Preco", "UnidadeMedida", "DataColeta", "PostoCNPJ", "CombustivelID")
VALUES (5.890, 'R$ / litro', '2024-05-27', '8022304000161',
        (SELECT "ID_Combustivel" FROM public."COMBUSTIVEL" WHERE "Nome" = 'DIESEL S10'))
ON CONFLICT DO NOTHING;


INSERT INTO public."PRECO_COLETADO" ("Preco", "UnidadeMedida", "DataColeta", "PostoCNPJ", "CombustivelID")
VALUES (5.890, 'R$ / litro', '2024-06-03', '8022304000161',
        (SELECT "ID_Combustivel" FROM public."COMBUSTIVEL" WHERE "Nome" = 'DIESEL S10'))
ON CONFLICT DO NOTHING;


INSERT INTO public."PRECO_COLETADO" ("Preco", "UnidadeMedida", "DataColeta", "PostoCNPJ", "CombustivelID")
VALUES (5.890, 'R$ / litro', '2024-06-10', '8022304000161',
        (SELECT "ID_Combustivel" FROM public."COMBUSTIVEL" WHERE "Nome" = 'DIESEL S10'))
ON CONFLICT DO NOTHING;


INSERT INTO public."PRECO_COLETADO" ("Preco", "UnidadeMedida", "DataColeta", "PostoCNPJ", "CombustivelID")
VALUES (5.890, 'R$ / litro', '2024-06-24', '8022304000161',
        (SELECT "ID_Combustivel" FROM public."COMBUSTIVEL" WHERE "Nome" = 'DIESEL S10'))
ON CONFLICT DO NOTHING;


INSERT INTO public."PRECO_COLETADO" ("Preco", "UnidadeMedida", "DataColeta", "PostoCNPJ", "CombustivelID")
VALUES (5.890, 'R$ / litro', '2024-07-01', '8022304000161',
        (SELECT "ID_Combustivel" FROM public."COMBUSTIVEL" WHERE "Nome" = 'DIESEL S10'))
ON CONFLICT DO NOTHING;


INSERT INTO public."PRECO_COLETADO" ("Preco", "UnidadeMedida", "DataColeta", "PostoCNPJ", "CombustivelID")
VALUES (5.890, 'R$ / litro', '2024-07-09', '8022304000161',
        (SELECT "ID_Combustivel" FROM public."COMBUSTIVEL" WHERE "Nome" = 'DIESEL S10'))
ON CONFLICT DO NOTHING;


INSERT INTO public."PRECO_COLETADO" ("Preco", "UnidadeMedida", "DataColeta", "PostoCNPJ", "CombustivelID")
VALUES (5.890, 'R$ / litro', '2024-07-16', '8022304000161',
        (SELECT "ID_Combustivel" FROM public."COMBUSTIVEL" WHERE "Nome" = 'DIESEL S10'))
ON CONFLICT DO NOTHING;


INSERT INTO public."PRECO_COLETADO" ("Preco", "UnidadeMedida", "DataColeta", "PostoCNPJ", "CombustivelID")
VALUES (5.890, 'R$ / litro', '2024-07-22', '8022304000161',
        (SELECT "ID_Combustivel" FROM public."COMBUSTIVEL" WHERE "Nome" = 'DIESEL S10'))
ON CONFLICT DO NOTHING;


INSERT INTO public."PRECO_COLETADO" ("Preco", "UnidadeMedida", "DataColeta", "PostoCNPJ", "CombustivelID")
VALUES (5.890, 'R$ / litro', '2024-07-29', '8022304000161',
        (SELECT "ID_Combustivel" FROM public."COMBUSTIVEL" WHERE "Nome" = 'DIESEL S10'))
ON CONFLICT DO NOTHING;


INSERT INTO public."PRECO_COLETADO" ("Preco", "UnidadeMedida", "DataColeta", "PostoCNPJ", "CombustivelID")
VALUES (5.890, 'R$ / litro', '2024-08-05', '8022304000161',
        (SELECT "ID_Combustivel" FROM public."COMBUSTIVEL" WHERE "Nome" = 'DIESEL S10'))
ON CONFLICT DO NOTHING;


INSERT INTO public."PRECO_COLETADO" ("Preco", "UnidadeMedida", "DataColeta", "PostoCNPJ", "CombustivelID")
VALUES (5.890, 'R$ / litro', '2024-08-12', '8022304000161',
        (SELECT "ID_Combustivel" FROM public."COMBUSTIVEL" WHERE "Nome" = 'DIESEL S10'))
ON CONFLICT DO NOTHING;


INSERT INTO public."PRECO_COLETADO" ("Preco", "UnidadeMedida", "DataColeta", "PostoCNPJ", "CombustivelID")
VALUES (5.890, 'R$ / litro', '2024-08-20', '8022304000161',
        (SELECT "ID_Combustivel" FROM public."COMBUSTIVEL" WHERE "Nome" = 'DIESEL S10'))
ON CONFLICT DO NOTHING;


INSERT INTO public."PRECO_COLETADO" ("Preco", "UnidadeMedida", "DataColeta", "PostoCNPJ", "CombustivelID")
VALUES (5.890, 'R$ / litro', '2024-08-26', '8022304000161',
        (SELECT "ID_Combustivel" FROM public."COMBUSTIVEL" WHERE "Nome" = 'DIESEL S10'))
ON CONFLICT DO NOTHING;


INSERT INTO public."PRECO_COLETADO" ("Preco", "UnidadeMedida", "DataColeta", "PostoCNPJ", "CombustivelID")
VALUES (5.890, 'R$ / litro', '2024-09-02', '8022304000161',
        (SELECT "ID_Combustivel" FROM public."COMBUSTIVEL" WHERE "Nome" = 'DIESEL S10'))
ON CONFLICT DO NOTHING;


INSERT INTO public."COMBUSTIVEL" ("Nome")
VALUES ('GASOLINA ADITIVADA')
ON CONFLICT ("Nome") DO NOTHING;


INSERT INTO public."PRECO_COLETADO" ("Preco", "UnidadeMedida", "DataColeta", "PostoCNPJ", "CombustivelID")
VALUES (4.980, 'R$ / litro', '2022-10-24', '8022304000161',
        (SELECT "ID_Combustivel" FROM public."COMBUSTIVEL" WHERE "Nome" = 'GASOLINA ADITIVADA'))
ON CONFLICT DO NOTHING;


INSERT INTO public."PRECO_COLETADO" ("Preco", "UnidadeMedida", "DataColeta", "PostoCNPJ", "CombustivelID")
VALUES (5.090, 'R$ / litro', '2022-11-14', '8022304000161',
        (SELECT "ID_Combustivel" FROM public."COMBUSTIVEL" WHERE "Nome" = 'GASOLINA ADITIVADA'))
ON CONFLICT DO NOTHING;


INSERT INTO public."PRECO_COLETADO" ("Preco", "UnidadeMedida", "DataColeta", "PostoCNPJ", "CombustivelID")
VALUES (5.090, 'R$ / litro', '2022-11-22', '8022304000161',
        (SELECT "ID_Combustivel" FROM public."COMBUSTIVEL" WHERE "Nome" = 'GASOLINA ADITIVADA'))
ON CONFLICT DO NOTHING;


INSERT INTO public."PRECO_COLETADO" ("Preco", "UnidadeMedida", "DataColeta", "PostoCNPJ", "CombustivelID")
VALUES (5.090, 'R$ / litro', '2022-12-05', '8022304000161',
        (SELECT "ID_Combustivel" FROM public."COMBUSTIVEL" WHERE "Nome" = 'GASOLINA ADITIVADA'))
ON CONFLICT DO NOTHING;


INSERT INTO public."PRECO_COLETADO" ("Preco", "UnidadeMedida", "DataColeta", "PostoCNPJ", "CombustivelID")
VALUES (5.090, 'R$ / litro', '2022-12-12', '8022304000161',
        (SELECT "ID_Combustivel" FROM public."COMBUSTIVEL" WHERE "Nome" = 'GASOLINA ADITIVADA'))
ON CONFLICT DO NOTHING;


INSERT INTO public."PRECO_COLETADO" ("Preco", "UnidadeMedida", "DataColeta", "PostoCNPJ", "CombustivelID")
VALUES (5.040, 'R$ / litro', '2022-12-22', '8022304000161',
        (SELECT "ID_Combustivel" FROM public."COMBUSTIVEL" WHERE "Nome" = 'GASOLINA ADITIVADA'))
ON CONFLICT DO NOTHING;


INSERT INTO public."PRECO_COLETADO" ("Preco", "UnidadeMedida", "DataColeta", "PostoCNPJ", "CombustivelID")
VALUES (5.040, 'R$ / litro', '2022-12-26', '8022304000161',
        (SELECT "ID_Combustivel" FROM public."COMBUSTIVEL" WHERE "Nome" = 'GASOLINA ADITIVADA'))
ON CONFLICT DO NOTHING;


INSERT INTO public."PRECO_COLETADO" ("Preco", "UnidadeMedida", "DataColeta", "PostoCNPJ", "CombustivelID")
VALUES (4.990, 'R$ / litro', '2023-01-02', '8022304000161',
        (SELECT "ID_Combustivel" FROM public."COMBUSTIVEL" WHERE "Nome" = 'GASOLINA ADITIVADA'))
ON CONFLICT DO NOTHING;


INSERT INTO public."PRECO_COLETADO" ("Preco", "UnidadeMedida", "DataColeta", "PostoCNPJ", "CombustivelID")
VALUES (4.990, 'R$ / litro', '2023-01-09', '8022304000161',
        (SELECT "ID_Combustivel" FROM public."COMBUSTIVEL" WHERE "Nome" = 'GASOLINA ADITIVADA'))
ON CONFLICT DO NOTHING;


INSERT INTO public."PRECO_COLETADO" ("Preco", "UnidadeMedida", "DataColeta", "PostoCNPJ", "CombustivelID")
VALUES (5.120, 'R$ / litro', '2023-02-06', '8022304000161',
        (SELECT "ID_Combustivel" FROM public."COMBUSTIVEL" WHERE "Nome" = 'GASOLINA ADITIVADA'))
ON CONFLICT DO NOTHING;


INSERT INTO public."PRECO_COLETADO" ("Preco", "UnidadeMedida", "DataColeta", "PostoCNPJ", "CombustivelID")
VALUES (5.120, 'R$ / litro', '2023-02-20', '8022304000161',
        (SELECT "ID_Combustivel" FROM public."COMBUSTIVEL" WHERE "Nome" = 'GASOLINA ADITIVADA'))
ON CONFLICT DO NOTHING;


INSERT INTO public."PRECO_COLETADO" ("Preco", "UnidadeMedida", "DataColeta", "PostoCNPJ", "CombustivelID")
VALUES (5.790, 'R$ / litro', '2023-03-06', '8022304000161',
        (SELECT "ID_Combustivel" FROM public."COMBUSTIVEL" WHERE "Nome" = 'GASOLINA ADITIVADA'))
ON CONFLICT DO NOTHING;


INSERT INTO public."PRECO_COLETADO" ("Preco", "UnidadeMedida", "DataColeta", "PostoCNPJ", "CombustivelID")
VALUES (5.640, 'R$ / litro', '2023-03-16', '8022304000161',
        (SELECT "ID_Combustivel" FROM public."COMBUSTIVEL" WHERE "Nome" = 'GASOLINA ADITIVADA'))
ON CONFLICT DO NOTHING;


INSERT INTO public."PRECO_COLETADO" ("Preco", "UnidadeMedida", "DataColeta", "PostoCNPJ", "CombustivelID")
VALUES (5.540, 'R$ / litro', '2023-03-21', '8022304000161',
        (SELECT "ID_Combustivel" FROM public."COMBUSTIVEL" WHERE "Nome" = 'GASOLINA ADITIVADA'))
ON CONFLICT DO NOTHING;


INSERT INTO public."PRECO_COLETADO" ("Preco", "UnidadeMedida", "DataColeta", "PostoCNPJ", "CombustivelID")
VALUES (5.540, 'R$ / litro', '2023-03-27', '8022304000161',
        (SELECT "ID_Combustivel" FROM public."COMBUSTIVEL" WHERE "Nome" = 'GASOLINA ADITIVADA'))
ON CONFLICT DO NOTHING;


INSERT INTO public."PRECO_COLETADO" ("Preco", "UnidadeMedida", "DataColeta", "PostoCNPJ", "CombustivelID")
VALUES (5.470, 'R$ / litro', '2023-04-04', '8022304000161',
        (SELECT "ID_Combustivel" FROM public."COMBUSTIVEL" WHERE "Nome" = 'GASOLINA ADITIVADA'))
ON CONFLICT DO NOTHING;


INSERT INTO public."PRECO_COLETADO" ("Preco", "UnidadeMedida", "DataColeta", "PostoCNPJ", "CombustivelID")
VALUES (5.490, 'R$ / litro', '2023-05-02', '8022304000161',
        (SELECT "ID_Combustivel" FROM public."COMBUSTIVEL" WHERE "Nome" = 'GASOLINA ADITIVADA'))
ON CONFLICT DO NOTHING;


INSERT INTO public."PRECO_COLETADO" ("Preco", "UnidadeMedida", "DataColeta", "PostoCNPJ", "CombustivelID")
VALUES (5.650, 'R$ / litro', '2023-08-07', '8022304000161',
        (SELECT "ID_Combustivel" FROM public."COMBUSTIVEL" WHERE "Nome" = 'GASOLINA ADITIVADA'))
ON CONFLICT DO NOTHING;


INSERT INTO public."PRECO_COLETADO" ("Preco", "UnidadeMedida", "DataColeta", "PostoCNPJ", "CombustivelID")
VALUES (5.990, 'R$ / litro', '2023-09-12', '8022304000161',
        (SELECT "ID_Combustivel" FROM public."COMBUSTIVEL" WHERE "Nome" = 'GASOLINA ADITIVADA'))
ON CONFLICT DO NOTHING;


INSERT INTO public."PRECO_COLETADO" ("Preco", "UnidadeMedida", "DataColeta", "PostoCNPJ", "CombustivelID")
VALUES (5.690, 'R$ / litro', '2023-10-31', '8022304000161',
        (SELECT "ID_Combustivel" FROM public."COMBUSTIVEL" WHERE "Nome" = 'GASOLINA ADITIVADA'))
ON CONFLICT DO NOTHING;


INSERT INTO public."PRECO_COLETADO" ("Preco", "UnidadeMedida", "DataColeta", "PostoCNPJ", "CombustivelID")
VALUES (5.690, 'R$ / litro', '2023-12-06', '8022304000161',
        (SELECT "ID_Combustivel" FROM public."COMBUSTIVEL" WHERE "Nome" = 'GASOLINA ADITIVADA'))
ON CONFLICT DO NOTHING;


INSERT INTO public."PRECO_COLETADO" ("Preco", "UnidadeMedida", "DataColeta", "PostoCNPJ", "CombustivelID")
VALUES (5.590, 'R$ / litro', '2023-12-20', '8022304000161',
        (SELECT "ID_Combustivel" FROM public."COMBUSTIVEL" WHERE "Nome" = 'GASOLINA ADITIVADA'))
ON CONFLICT DO NOTHING;


INSERT INTO public."PRECO_COLETADO" ("Preco", "UnidadeMedida", "DataColeta", "PostoCNPJ", "CombustivelID")
VALUES (5.590, 'R$ / litro', '2023-12-26', '8022304000161',
        (SELECT "ID_Combustivel" FROM public."COMBUSTIVEL" WHERE "Nome" = 'GASOLINA ADITIVADA'))
ON CONFLICT DO NOTHING;


INSERT INTO public."PRECO_COLETADO" ("Preco", "UnidadeMedida", "DataColeta", "PostoCNPJ", "CombustivelID")
VALUES (5.480, 'R$ / litro', '2024-01-03', '8022304000161',
        (SELECT "ID_Combustivel" FROM public."COMBUSTIVEL" WHERE "Nome" = 'GASOLINA ADITIVADA'))
ON CONFLICT DO NOTHING;


INSERT INTO public."PRECO_COLETADO" ("Preco", "UnidadeMedida", "DataColeta", "PostoCNPJ", "CombustivelID")
VALUES (5.480, 'R$ / litro', '2024-01-08', '8022304000161',
        (SELECT "ID_Combustivel" FROM public."COMBUSTIVEL" WHERE "Nome" = 'GASOLINA ADITIVADA'))
ON CONFLICT DO NOTHING;


INSERT INTO public."PRECO_COLETADO" ("Preco", "UnidadeMedida", "DataColeta", "PostoCNPJ", "CombustivelID")
VALUES (5.480, 'R$ / litro', '2024-01-15', '8022304000161',
        (SELECT "ID_Combustivel" FROM public."COMBUSTIVEL" WHERE "Nome" = 'GASOLINA ADITIVADA'))
ON CONFLICT DO NOTHING;


INSERT INTO public."PRECO_COLETADO" ("Preco", "UnidadeMedida", "DataColeta", "PostoCNPJ", "CombustivelID")
VALUES (5.460, 'R$ / litro', '2024-01-22', '8022304000161',
        (SELECT "ID_Combustivel" FROM public."COMBUSTIVEL" WHERE "Nome" = 'GASOLINA ADITIVADA'))
ON CONFLICT DO NOTHING;


INSERT INTO public."PRECO_COLETADO" ("Preco", "UnidadeMedida", "DataColeta", "PostoCNPJ", "CombustivelID")
VALUES (5.770, 'R$ / litro', '2024-02-05', '8022304000161',
        (SELECT "ID_Combustivel" FROM public."COMBUSTIVEL" WHERE "Nome" = 'GASOLINA ADITIVADA'))
ON CONFLICT DO NOTHING;


INSERT INTO public."PRECO_COLETADO" ("Preco", "UnidadeMedida", "DataColeta", "PostoCNPJ", "CombustivelID")
VALUES (5.770, 'R$ / litro', '2024-02-12', '8022304000161',
        (SELECT "ID_Combustivel" FROM public."COMBUSTIVEL" WHERE "Nome" = 'GASOLINA ADITIVADA'))
ON CONFLICT DO NOTHING;


INSERT INTO public."PRECO_COLETADO" ("Preco", "UnidadeMedida", "DataColeta", "PostoCNPJ", "CombustivelID")
VALUES (5.770, 'R$ / litro', '2024-02-19', '8022304000161',
        (SELECT "ID_Combustivel" FROM public."COMBUSTIVEL" WHERE "Nome" = 'GASOLINA ADITIVADA'))
ON CONFLICT DO NOTHING;


INSERT INTO public."PRECO_COLETADO" ("Preco", "UnidadeMedida", "DataColeta", "PostoCNPJ", "CombustivelID")
VALUES (5.770, 'R$ / litro', '2024-02-26', '8022304000161',
        (SELECT "ID_Combustivel" FROM public."COMBUSTIVEL" WHERE "Nome" = 'GASOLINA ADITIVADA'))
ON CONFLICT DO NOTHING;


INSERT INTO public."PRECO_COLETADO" ("Preco", "UnidadeMedida", "DataColeta", "PostoCNPJ", "CombustivelID")
VALUES (5.770, 'R$ / litro', '2024-03-04', '8022304000161',
        (SELECT "ID_Combustivel" FROM public."COMBUSTIVEL" WHERE "Nome" = 'GASOLINA ADITIVADA'))
ON CONFLICT DO NOTHING;


INSERT INTO public."PRECO_COLETADO" ("Preco", "UnidadeMedida", "DataColeta", "PostoCNPJ", "CombustivelID")
VALUES (5.770, 'R$ / litro', '2024-03-18', '8022304000161',
        (SELECT "ID_Combustivel" FROM public."COMBUSTIVEL" WHERE "Nome" = 'GASOLINA ADITIVADA'))
ON CONFLICT DO NOTHING;


INSERT INTO public."PRECO_COLETADO" ("Preco", "UnidadeMedida", "DataColeta", "PostoCNPJ", "CombustivelID")
VALUES (5.770, 'R$ / litro', '2024-04-08', '8022304000161',
        (SELECT "ID_Combustivel" FROM public."COMBUSTIVEL" WHERE "Nome" = 'GASOLINA ADITIVADA'))
ON CONFLICT DO NOTHING;


INSERT INTO public."PRECO_COLETADO" ("Preco", "UnidadeMedida", "DataColeta", "PostoCNPJ", "CombustivelID")
VALUES (5.770, 'R$ / litro', '2024-04-15', '8022304000161',
        (SELECT "ID_Combustivel" FROM public."COMBUSTIVEL" WHERE "Nome" = 'GASOLINA ADITIVADA'))
ON CONFLICT DO NOTHING;


INSERT INTO public."PRECO_COLETADO" ("Preco", "UnidadeMedida", "DataColeta", "PostoCNPJ", "CombustivelID")
VALUES (5.770, 'R$ / litro', '2024-04-22', '8022304000161',
        (SELECT "ID_Combustivel" FROM public."COMBUSTIVEL" WHERE "Nome" = 'GASOLINA ADITIVADA'))
ON CONFLICT DO NOTHING;


INSERT INTO public."PRECO_COLETADO" ("Preco", "UnidadeMedida", "DataColeta", "PostoCNPJ", "CombustivelID")
VALUES (5.950, 'R$ / litro', '2024-05-14', '8022304000161',
        (SELECT "ID_Combustivel" FROM public."COMBUSTIVEL" WHERE "Nome" = 'GASOLINA ADITIVADA'))
ON CONFLICT DO NOTHING;


INSERT INTO public."PRECO_COLETADO" ("Preco", "UnidadeMedida", "DataColeta", "PostoCNPJ", "CombustivelID")
VALUES (5.950, 'R$ / litro', '2024-05-20', '8022304000161',
        (SELECT "ID_Combustivel" FROM public."COMBUSTIVEL" WHERE "Nome" = 'GASOLINA ADITIVADA'))
ON CONFLICT DO NOTHING;


INSERT INTO public."PRECO_COLETADO" ("Preco", "UnidadeMedida", "DataColeta", "PostoCNPJ", "CombustivelID")
VALUES (5.890, 'R$ / litro', '2024-05-27', '8022304000161',
        (SELECT "ID_Combustivel" FROM public."COMBUSTIVEL" WHERE "Nome" = 'GASOLINA ADITIVADA'))
ON CONFLICT DO NOTHING;


INSERT INTO public."PRECO_COLETADO" ("Preco", "UnidadeMedida", "DataColeta", "PostoCNPJ", "CombustivelID")
VALUES (5.890, 'R$ / litro', '2024-06-03', '8022304000161',
        (SELECT "ID_Combustivel" FROM public."COMBUSTIVEL" WHERE "Nome" = 'GASOLINA ADITIVADA'))
ON CONFLICT DO NOTHING;


INSERT INTO public."PRECO_COLETADO" ("Preco", "UnidadeMedida", "DataColeta", "PostoCNPJ", "CombustivelID")
VALUES (5.890, 'R$ / litro', '2024-06-10', '8022304000161',
        (SELECT "ID_Combustivel" FROM public."COMBUSTIVEL" WHERE "Nome" = 'GASOLINA ADITIVADA'))
ON CONFLICT DO NOTHING;


INSERT INTO public."PRECO_COLETADO" ("Preco", "UnidadeMedida", "DataColeta", "PostoCNPJ", "CombustivelID")
VALUES (5.890, 'R$ / litro', '2024-06-24', '8022304000161',
        (SELECT "ID_Combustivel" FROM public."COMBUSTIVEL" WHERE "Nome" = 'GASOLINA ADITIVADA'))
ON CONFLICT DO NOTHING;


INSERT INTO public."PRECO_COLETADO" ("Preco", "UnidadeMedida", "DataColeta", "PostoCNPJ", "CombustivelID")
VALUES (5.890, 'R$ / litro', '2024-07-01', '8022304000161',
        (SELECT "ID_Combustivel" FROM public."COMBUSTIVEL" WHERE "Nome" = 'GASOLINA ADITIVADA'))
ON CONFLICT DO NOTHING;


INSERT INTO public."PRECO_COLETADO" ("Preco", "UnidadeMedida", "DataColeta", "PostoCNPJ", "CombustivelID")
VALUES (5.850, 'R$ / litro', '2024-07-09', '8022304000161',
        (SELECT "ID_Combustivel" FROM public."COMBUSTIVEL" WHERE "Nome" = 'GASOLINA ADITIVADA'))
ON CONFLICT DO NOTHING;


INSERT INTO public."PRECO_COLETADO" ("Preco", "UnidadeMedida", "DataColeta", "PostoCNPJ", "CombustivelID")
VALUES (6.280, 'R$ / litro', '2024-07-16', '8022304000161',
        (SELECT "ID_Combustivel" FROM public."COMBUSTIVEL" WHERE "Nome" = 'GASOLINA ADITIVADA'))
ON CONFLICT DO NOTHING;


INSERT INTO public."PRECO_COLETADO" ("Preco", "UnidadeMedida", "DataColeta", "PostoCNPJ", "CombustivelID")
VALUES (6.240, 'R$ / litro', '2024-07-22', '8022304000161',
        (SELECT "ID_Combustivel" FROM public."COMBUSTIVEL" WHERE "Nome" = 'GASOLINA ADITIVADA'))
ON CONFLICT DO NOTHING;


INSERT INTO public."PRECO_COLETADO" ("Preco", "UnidadeMedida", "DataColeta", "PostoCNPJ", "CombustivelID")
VALUES (6.240, 'R$ / litro', '2024-07-29', '8022304000161',
        (SELECT "ID_Combustivel" FROM public."COMBUSTIVEL" WHERE "Nome" = 'GASOLINA ADITIVADA'))
ON CONFLICT DO NOTHING;


INSERT INTO public."PRECO_COLETADO" ("Preco", "UnidadeMedida", "DataColeta", "PostoCNPJ", "CombustivelID")
VALUES (6.190, 'R$ / litro', '2024-08-05', '8022304000161',
        (SELECT "ID_Combustivel" FROM public."COMBUSTIVEL" WHERE "Nome" = 'GASOLINA ADITIVADA'))
ON CONFLICT DO NOTHING;


INSERT INTO public."PRECO_COLETADO" ("Preco", "UnidadeMedida", "DataColeta", "PostoCNPJ", "CombustivelID")
VALUES (6.190, 'R$ / litro', '2024-08-12', '8022304000161',
        (SELECT "ID_Combustivel" FROM public."COMBUSTIVEL" WHERE "Nome" = 'GASOLINA ADITIVADA'))
ON CONFLICT DO NOTHING;


INSERT INTO public."PRECO_COLETADO" ("Preco", "UnidadeMedida", "DataColeta", "PostoCNPJ", "CombustivelID")
VALUES (6.190, 'R$ / litro', '2024-08-20', '8022304000161',
        (SELECT "ID_Combustivel" FROM public."COMBUSTIVEL" WHERE "Nome" = 'GASOLINA ADITIVADA'))
ON CONFLICT DO NOTHING;


INSERT INTO public."PRECO_COLETADO" ("Preco", "UnidadeMedida", "DataColeta", "PostoCNPJ", "CombustivelID")
VALUES (6.190, 'R$ / litro', '2024-08-26', '8022304000161',
        (SELECT "ID_Combustivel" FROM public."COMBUSTIVEL" WHERE "Nome" = 'GASOLINA ADITIVADA'))
ON CONFLICT DO NOTHING;


INSERT INTO public."PRECO_COLETADO" ("Preco", "UnidadeMedida", "DataColeta", "PostoCNPJ", "CombustivelID")
VALUES (6.190, 'R$ / litro', '2024-09-02', '8022304000161',
        (SELECT "ID_Combustivel" FROM public."COMBUSTIVEL" WHERE "Nome" = 'GASOLINA ADITIVADA'))
ON CONFLICT DO NOTHING;


INSERT INTO public."COMBUSTIVEL" ("Nome")
VALUES ('GASOLINA COMUM')
ON CONFLICT ("Nome") DO NOTHING;


INSERT INTO public."PRECO_COLETADO" ("Preco", "UnidadeMedida", "DataColeta", "PostoCNPJ", "CombustivelID")
VALUES (4.790, 'R$ / litro', '2022-10-24', '8022304000161',
        (SELECT "ID_Combustivel" FROM public."COMBUSTIVEL" WHERE "Nome" = 'GASOLINA COMUM'))
ON CONFLICT DO NOTHING;


INSERT INTO public."PRECO_COLETADO" ("Preco", "UnidadeMedida", "DataColeta", "PostoCNPJ", "CombustivelID")
VALUES (4.990, 'R$ / litro', '2022-11-14', '8022304000161',
        (SELECT "ID_Combustivel" FROM public."COMBUSTIVEL" WHERE "Nome" = 'GASOLINA COMUM'))
ON CONFLICT DO NOTHING;


INSERT INTO public."PRECO_COLETADO" ("Preco", "UnidadeMedida", "DataColeta", "PostoCNPJ", "CombustivelID")
VALUES (4.970, 'R$ / litro', '2022-11-22', '8022304000161',
        (SELECT "ID_Combustivel" FROM public."COMBUSTIVEL" WHERE "Nome" = 'GASOLINA COMUM'))
ON CONFLICT DO NOTHING;


INSERT INTO public."PRECO_COLETADO" ("Preco", "UnidadeMedida", "DataColeta", "PostoCNPJ", "CombustivelID")
VALUES (4.970, 'R$ / litro', '2022-12-05', '8022304000161',
        (SELECT "ID_Combustivel" FROM public."COMBUSTIVEL" WHERE "Nome" = 'GASOLINA COMUM'))
ON CONFLICT DO NOTHING;


INSERT INTO public."PRECO_COLETADO" ("Preco", "UnidadeMedida", "DataColeta", "PostoCNPJ", "CombustivelID")
VALUES (4.970, 'R$ / litro', '2022-12-12', '8022304000161',
        (SELECT "ID_Combustivel" FROM public."COMBUSTIVEL" WHERE "Nome" = 'GASOLINA COMUM'))
ON CONFLICT DO NOTHING;


INSERT INTO public."PRECO_COLETADO" ("Preco", "UnidadeMedida", "DataColeta", "PostoCNPJ", "CombustivelID")
VALUES (4.880, 'R$ / litro', '2022-12-22', '8022304000161',
        (SELECT "ID_Combustivel" FROM public."COMBUSTIVEL" WHERE "Nome" = 'GASOLINA COMUM'))
ON CONFLICT DO NOTHING;


INSERT INTO public."PRECO_COLETADO" ("Preco", "UnidadeMedida", "DataColeta", "PostoCNPJ", "CombustivelID")
VALUES (4.880, 'R$ / litro', '2022-12-26', '8022304000161',
        (SELECT "ID_Combustivel" FROM public."COMBUSTIVEL" WHERE "Nome" = 'GASOLINA COMUM'))
ON CONFLICT DO NOTHING;


INSERT INTO public."PRECO_COLETADO" ("Preco", "UnidadeMedida", "DataColeta", "PostoCNPJ", "CombustivelID")
VALUES (4.880, 'R$ / litro', '2023-01-02', '8022304000161',
        (SELECT "ID_Combustivel" FROM public."COMBUSTIVEL" WHERE "Nome" = 'GASOLINA COMUM'))
ON CONFLICT DO NOTHING;


INSERT INTO public."PRECO_COLETADO" ("Preco", "UnidadeMedida", "DataColeta", "PostoCNPJ", "CombustivelID")
VALUES (4.880, 'R$ / litro', '2023-01-09', '8022304000161',
        (SELECT "ID_Combustivel" FROM public."COMBUSTIVEL" WHERE "Nome" = 'GASOLINA COMUM'))
ON CONFLICT DO NOTHING;


INSERT INTO public."PRECO_COLETADO" ("Preco", "UnidadeMedida", "DataColeta", "PostoCNPJ", "CombustivelID")
VALUES (4.990, 'R$ / litro', '2023-02-06', '8022304000161',
        (SELECT "ID_Combustivel" FROM public."COMBUSTIVEL" WHERE "Nome" = 'GASOLINA COMUM'))
ON CONFLICT DO NOTHING;


INSERT INTO public."PRECO_COLETADO" ("Preco", "UnidadeMedida", "DataColeta", "PostoCNPJ", "CombustivelID")
VALUES (4.950, 'R$ / litro', '2023-02-20', '8022304000161',
        (SELECT "ID_Combustivel" FROM public."COMBUSTIVEL" WHERE "Nome" = 'GASOLINA COMUM'))
ON CONFLICT DO NOTHING;


INSERT INTO public."PRECO_COLETADO" ("Preco", "UnidadeMedida", "DataColeta", "PostoCNPJ", "CombustivelID")
VALUES (5.590, 'R$ / litro', '2023-03-06', '8022304000161',
        (SELECT "ID_Combustivel" FROM public."COMBUSTIVEL" WHERE "Nome" = 'GASOLINA COMUM'))
ON CONFLICT DO NOTHING;


INSERT INTO public."PRECO_COLETADO" ("Preco", "UnidadeMedida", "DataColeta", "PostoCNPJ", "CombustivelID")
VALUES (5.480, 'R$ / litro', '2023-03-16', '8022304000161',
        (SELECT "ID_Combustivel" FROM public."COMBUSTIVEL" WHERE "Nome" = 'GASOLINA COMUM'))
ON CONFLICT DO NOTHING;


INSERT INTO public."PRECO_COLETADO" ("Preco", "UnidadeMedida", "DataColeta", "PostoCNPJ", "CombustivelID")
VALUES (5.390, 'R$ / litro', '2023-03-21', '8022304000161',
        (SELECT "ID_Combustivel" FROM public."COMBUSTIVEL" WHERE "Nome" = 'GASOLINA COMUM'))
ON CONFLICT DO NOTHING;


INSERT INTO public."PRECO_COLETADO" ("Preco", "UnidadeMedida", "DataColeta", "PostoCNPJ", "CombustivelID")
VALUES (5.390, 'R$ / litro', '2023-03-27', '8022304000161',
        (SELECT "ID_Combustivel" FROM public."COMBUSTIVEL" WHERE "Nome" = 'GASOLINA COMUM'))
ON CONFLICT DO NOTHING;


INSERT INTO public."PRECO_COLETADO" ("Preco", "UnidadeMedida", "DataColeta", "PostoCNPJ", "CombustivelID")
VALUES (5.350, 'R$ / litro', '2023-04-04', '8022304000161',
        (SELECT "ID_Combustivel" FROM public."COMBUSTIVEL" WHERE "Nome" = 'GASOLINA COMUM'))
ON CONFLICT DO NOTHING;


INSERT INTO public."PRECO_COLETADO" ("Preco", "UnidadeMedida", "DataColeta", "PostoCNPJ", "CombustivelID")
VALUES (5.390, 'R$ / litro', '2023-05-02', '8022304000161',
        (SELECT "ID_Combustivel" FROM public."COMBUSTIVEL" WHERE "Nome" = 'GASOLINA COMUM'))
ON CONFLICT DO NOTHING;


INSERT INTO public."PRECO_COLETADO" ("Preco", "UnidadeMedida", "DataColeta", "PostoCNPJ", "CombustivelID")
VALUES (5.570, 'R$ / litro', '2023-08-07', '8022304000161',
        (SELECT "ID_Combustivel" FROM public."COMBUSTIVEL" WHERE "Nome" = 'GASOLINA COMUM'))
ON CONFLICT DO NOTHING;


INSERT INTO public."PRECO_COLETADO" ("Preco", "UnidadeMedida", "DataColeta", "PostoCNPJ", "CombustivelID")
VALUES (5.770, 'R$ / litro', '2023-09-12', '8022304000161',
        (SELECT "ID_Combustivel" FROM public."COMBUSTIVEL" WHERE "Nome" = 'GASOLINA COMUM'))
ON CONFLICT DO NOTHING;


INSERT INTO public."PRECO_COLETADO" ("Preco", "UnidadeMedida", "DataColeta", "PostoCNPJ", "CombustivelID")
VALUES (5.580, 'R$ / litro', '2023-10-31', '8022304000161',
        (SELECT "ID_Combustivel" FROM public."COMBUSTIVEL" WHERE "Nome" = 'GASOLINA COMUM'))
ON CONFLICT DO NOTHING;


INSERT INTO public."PRECO_COLETADO" ("Preco", "UnidadeMedida", "DataColeta", "PostoCNPJ", "CombustivelID")
VALUES (5.550, 'R$ / litro', '2023-12-06', '8022304000161',
        (SELECT "ID_Combustivel" FROM public."COMBUSTIVEL" WHERE "Nome" = 'GASOLINA COMUM'))
ON CONFLICT DO NOTHING;


INSERT INTO public."PRECO_COLETADO" ("Preco", "UnidadeMedida", "DataColeta", "PostoCNPJ", "CombustivelID")
VALUES (5.470, 'R$ / litro', '2023-12-20', '8022304000161',
        (SELECT "ID_Combustivel" FROM public."COMBUSTIVEL" WHERE "Nome" = 'GASOLINA COMUM'))
ON CONFLICT DO NOTHING;


INSERT INTO public."PRECO_COLETADO" ("Preco", "UnidadeMedida", "DataColeta", "PostoCNPJ", "CombustivelID")
VALUES (5.470, 'R$ / litro', '2023-12-26', '8022304000161',
        (SELECT "ID_Combustivel" FROM public."COMBUSTIVEL" WHERE "Nome" = 'GASOLINA COMUM'))
ON CONFLICT DO NOTHING;


INSERT INTO public."PRECO_COLETADO" ("Preco", "UnidadeMedida", "DataColeta", "PostoCNPJ", "CombustivelID")
VALUES (5.380, 'R$ / litro', '2024-01-03', '8022304000161',
        (SELECT "ID_Combustivel" FROM public."COMBUSTIVEL" WHERE "Nome" = 'GASOLINA COMUM'))
ON CONFLICT DO NOTHING;


INSERT INTO public."PRECO_COLETADO" ("Preco", "UnidadeMedida", "DataColeta", "PostoCNPJ", "CombustivelID")
VALUES (5.380, 'R$ / litro', '2024-01-08', '8022304000161',
        (SELECT "ID_Combustivel" FROM public."COMBUSTIVEL" WHERE "Nome" = 'GASOLINA COMUM'))
ON CONFLICT DO NOTHING;


INSERT INTO public."PRECO_COLETADO" ("Preco", "UnidadeMedida", "DataColeta", "PostoCNPJ", "CombustivelID")
VALUES (5.380, 'R$ / litro', '2024-01-15', '8022304000161',
        (SELECT "ID_Combustivel" FROM public."COMBUSTIVEL" WHERE "Nome" = 'GASOLINA COMUM'))
ON CONFLICT DO NOTHING;


INSERT INTO public."PRECO_COLETADO" ("Preco", "UnidadeMedida", "DataColeta", "PostoCNPJ", "CombustivelID")
VALUES (5.360, 'R$ / litro', '2024-01-22', '8022304000161',
        (SELECT "ID_Combustivel" FROM public."COMBUSTIVEL" WHERE "Nome" = 'GASOLINA COMUM'))
ON CONFLICT DO NOTHING;


INSERT INTO public."PRECO_COLETADO" ("Preco", "UnidadeMedida", "DataColeta", "PostoCNPJ", "CombustivelID")
VALUES (5.670, 'R$ / litro', '2024-02-05', '8022304000161',
        (SELECT "ID_Combustivel" FROM public."COMBUSTIVEL" WHERE "Nome" = 'GASOLINA COMUM'))
ON CONFLICT DO NOTHING;


INSERT INTO public."PRECO_COLETADO" ("Preco", "UnidadeMedida", "DataColeta", "PostoCNPJ", "CombustivelID")
VALUES (5.670, 'R$ / litro', '2024-02-12', '8022304000161',
        (SELECT "ID_Combustivel" FROM public."COMBUSTIVEL" WHERE "Nome" = 'GASOLINA COMUM'))
ON CONFLICT DO NOTHING;


INSERT INTO public."PRECO_COLETADO" ("Preco", "UnidadeMedida", "DataColeta", "PostoCNPJ", "CombustivelID")
VALUES (5.670, 'R$ / litro', '2024-02-19', '8022304000161',
        (SELECT "ID_Combustivel" FROM public."COMBUSTIVEL" WHERE "Nome" = 'GASOLINA COMUM'))
ON CONFLICT DO NOTHING;


INSERT INTO public."PRECO_COLETADO" ("Preco", "UnidadeMedida", "DataColeta", "PostoCNPJ", "CombustivelID")
VALUES (5.570, 'R$ / litro', '2024-02-26', '8022304000161',
        (SELECT "ID_Combustivel" FROM public."COMBUSTIVEL" WHERE "Nome" = 'GASOLINA COMUM'))
ON CONFLICT DO NOTHING;


INSERT INTO public."PRECO_COLETADO" ("Preco", "UnidadeMedida", "DataColeta", "PostoCNPJ", "CombustivelID")
VALUES (5.570, 'R$ / litro', '2024-03-04', '8022304000161',
        (SELECT "ID_Combustivel" FROM public."COMBUSTIVEL" WHERE "Nome" = 'GASOLINA COMUM'))
ON CONFLICT DO NOTHING;


INSERT INTO public."PRECO_COLETADO" ("Preco", "UnidadeMedida", "DataColeta", "PostoCNPJ", "CombustivelID")
VALUES (5.570, 'R$ / litro', '2024-03-18', '8022304000161',
        (SELECT "ID_Combustivel" FROM public."COMBUSTIVEL" WHERE "Nome" = 'GASOLINA COMUM'))
ON CONFLICT DO NOTHING;


INSERT INTO public."PRECO_COLETADO" ("Preco", "UnidadeMedida", "DataColeta", "PostoCNPJ", "CombustivelID")
VALUES (5.570, 'R$ / litro', '2024-04-08', '8022304000161',
        (SELECT "ID_Combustivel" FROM public."COMBUSTIVEL" WHERE "Nome" = 'GASOLINA COMUM'))
ON CONFLICT DO NOTHING;


INSERT INTO public."PRECO_COLETADO" ("Preco", "UnidadeMedida", "DataColeta", "PostoCNPJ", "CombustivelID")
VALUES (5.670, 'R$ / litro', '2024-04-15', '8022304000161',
        (SELECT "ID_Combustivel" FROM public."COMBUSTIVEL" WHERE "Nome" = 'GASOLINA COMUM'))
ON CONFLICT DO NOTHING;


INSERT INTO public."PRECO_COLETADO" ("Preco", "UnidadeMedida", "DataColeta", "PostoCNPJ", "CombustivelID")
VALUES (5.570, 'R$ / litro', '2024-04-22', '8022304000161',
        (SELECT "ID_Combustivel" FROM public."COMBUSTIVEL" WHERE "Nome" = 'GASOLINA COMUM'))
ON CONFLICT DO NOTHING;


INSERT INTO public."PRECO_COLETADO" ("Preco", "UnidadeMedida", "DataColeta", "PostoCNPJ", "CombustivelID")
VALUES (5.850, 'R$ / litro', '2024-05-14', '8022304000161',
        (SELECT "ID_Combustivel" FROM public."COMBUSTIVEL" WHERE "Nome" = 'GASOLINA COMUM'))
ON CONFLICT DO NOTHING;


INSERT INTO public."PRECO_COLETADO" ("Preco", "UnidadeMedida", "DataColeta", "PostoCNPJ", "CombustivelID")
VALUES (5.850, 'R$ / litro', '2024-05-20', '8022304000161',
        (SELECT "ID_Combustivel" FROM public."COMBUSTIVEL" WHERE "Nome" = 'GASOLINA COMUM'))
ON CONFLICT DO NOTHING;


INSERT INTO public."PRECO_COLETADO" ("Preco", "UnidadeMedida", "DataColeta", "PostoCNPJ", "CombustivelID")
VALUES (5.790, 'R$ / litro', '2024-05-27', '8022304000161',
        (SELECT "ID_Combustivel" FROM public."COMBUSTIVEL" WHERE "Nome" = 'GASOLINA COMUM'))
ON CONFLICT DO NOTHING;


INSERT INTO public."PRECO_COLETADO" ("Preco", "UnidadeMedida", "DataColeta", "PostoCNPJ", "CombustivelID")
VALUES (5.790, 'R$ / litro', '2024-06-03', '8022304000161',
        (SELECT "ID_Combustivel" FROM public."COMBUSTIVEL" WHERE "Nome" = 'GASOLINA COMUM'))
ON CONFLICT DO NOTHING;


INSERT INTO public."PRECO_COLETADO" ("Preco", "UnidadeMedida", "DataColeta", "PostoCNPJ", "CombustivelID")
VALUES (5.790, 'R$ / litro', '2024-06-10', '8022304000161',
        (SELECT "ID_Combustivel" FROM public."COMBUSTIVEL" WHERE "Nome" = 'GASOLINA COMUM'))
ON CONFLICT DO NOTHING;


INSERT INTO public."PRECO_COLETADO" ("Preco", "UnidadeMedida", "DataColeta", "PostoCNPJ", "CombustivelID")
VALUES (5.790, 'R$ / litro', '2024-06-24', '8022304000161',
        (SELECT "ID_Combustivel" FROM public."COMBUSTIVEL" WHERE "Nome" = 'GASOLINA COMUM'))
ON CONFLICT DO NOTHING;


INSERT INTO public."PRECO_COLETADO" ("Preco", "UnidadeMedida", "DataColeta", "PostoCNPJ", "CombustivelID")
VALUES (5.790, 'R$ / litro', '2024-07-01', '8022304000161',
        (SELECT "ID_Combustivel" FROM public."COMBUSTIVEL" WHERE "Nome" = 'GASOLINA COMUM'))
ON CONFLICT DO NOTHING;


INSERT INTO public."PRECO_COLETADO" ("Preco", "UnidadeMedida", "DataColeta", "PostoCNPJ", "CombustivelID")
VALUES (5.750, 'R$ / litro', '2024-07-09', '8022304000161',
        (SELECT "ID_Combustivel" FROM public."COMBUSTIVEL" WHERE "Nome" = 'GASOLINA COMUM'))
ON CONFLICT DO NOTHING;


INSERT INTO public."PRECO_COLETADO" ("Preco", "UnidadeMedida", "DataColeta", "PostoCNPJ", "CombustivelID")
VALUES (6.170, 'R$ / litro', '2024-07-16', '8022304000161',
        (SELECT "ID_Combustivel" FROM public."COMBUSTIVEL" WHERE "Nome" = 'GASOLINA COMUM'))
ON CONFLICT DO NOTHING;


INSERT INTO public."PRECO_COLETADO" ("Preco", "UnidadeMedida", "DataColeta", "PostoCNPJ", "CombustivelID")
VALUES (6.120, 'R$ / litro', '2024-07-22', '8022304000161',
        (SELECT "ID_Combustivel" FROM public."COMBUSTIVEL" WHERE "Nome" = 'GASOLINA COMUM'))
ON CONFLICT DO NOTHING;


INSERT INTO public."PRECO_COLETADO" ("Preco", "UnidadeMedida", "DataColeta", "PostoCNPJ", "CombustivelID")
VALUES (6.120, 'R$ / litro', '2024-07-29', '8022304000161',
        (SELECT "ID_Combustivel" FROM public."COMBUSTIVEL" WHERE "Nome" = 'GASOLINA COMUM'))
ON CONFLICT DO NOTHING;


INSERT INTO public."PRECO_COLETADO" ("Preco", "UnidadeMedida", "DataColeta", "PostoCNPJ", "CombustivelID")
VALUES (6.090, 'R$ / litro', '2024-08-05', '8022304000161',
        (SELECT "ID_Combustivel" FROM public."COMBUSTIVEL" WHERE "Nome" = 'GASOLINA COMUM'))
ON CONFLICT DO NOTHING;


INSERT INTO public."PRECO_COLETADO" ("Preco", "UnidadeMedida", "DataColeta", "PostoCNPJ", "CombustivelID")
VALUES (6.090, 'R$ / litro', '2024-08-12', '8022304000161',
        (SELECT "ID_Combustivel" FROM public."COMBUSTIVEL" WHERE "Nome" = 'GASOLINA COMUM'))
ON CONFLICT DO NOTHING;


INSERT INTO public."PRECO_COLETADO" ("Preco", "UnidadeMedida", "DataColeta", "PostoCNPJ", "CombustivelID")
VALUES (6.070, 'R$ / litro', '2024-08-20', '8022304000161',
        (SELECT "ID_Combustivel" FROM public."COMBUSTIVEL" WHERE "Nome" = 'GASOLINA COMUM'))
ON CONFLICT DO NOTHING;


INSERT INTO public."PRECO_COLETADO" ("Preco", "UnidadeMedida", "DataColeta", "PostoCNPJ", "CombustivelID")
VALUES (6.070, 'R$ / litro', '2024-08-26', '8022304000161',
        (SELECT "ID_Combustivel" FROM public."COMBUSTIVEL" WHERE "Nome" = 'GASOLINA COMUM'))
ON CONFLICT DO NOTHING;


INSERT INTO public."PRECO_COLETADO" ("Preco", "UnidadeMedida", "DataColeta", "PostoCNPJ", "CombustivelID")
VALUES (6.070, 'R$ / litro', '2024-09-02', '8022304000161',
        (SELECT "ID_Combustivel" FROM public."COMBUSTIVEL" WHERE "Nome" = 'GASOLINA COMUM'))
ON CONFLICT DO NOTHING;


INSERT INTO public."POSTO" ("CNPJ", "RazaoSocial", "NomeFantasia", "Bandeira", "Logradouro", "Numero", "Bairro", "Cidade", "Estado", "CEP")
VALUES ('5904268000171', 'POSTO MEDITERRÂNEO LTDA.', 'POSTO MEDITERRÂNEO', 'VIBRA ENERGIA', 'AVENIDA CARLOS LINDENBERG', '1380', 'COBILANDIA', 'VILA VELHA', 'ESPIRITO SANTO', '29111165')
ON CONFLICT ("CNPJ") DO NOTHING;


INSERT INTO public."COMBUSTIVEL" ("Nome")
VALUES ('ETANOL')
ON CONFLICT ("Nome") DO NOTHING;


INSERT INTO public."PRECO_COLETADO" ("Preco", "UnidadeMedida", "DataColeta", "PostoCNPJ", "CombustivelID")
VALUES (4.790, 'R$ / litro', '2022-08-04', '5904268000171',
        (SELECT "ID_Combustivel" FROM public."COMBUSTIVEL" WHERE "Nome" = 'ETANOL'))
ON CONFLICT DO NOTHING;


INSERT INTO public."PRECO_COLETADO" ("Preco", "UnidadeMedida", "DataColeta", "PostoCNPJ", "CombustivelID")
VALUES (4.790, 'R$ / litro', '2022-08-08', '5904268000171',
        (SELECT "ID_Combustivel" FROM public."COMBUSTIVEL" WHERE "Nome" = 'ETANOL'))
ON CONFLICT DO NOTHING;


INSERT INTO public."PRECO_COLETADO" ("Preco", "UnidadeMedida", "DataColeta", "PostoCNPJ", "CombustivelID")
VALUES (4.630, 'R$ / litro', '2022-08-15', '5904268000171',
        (SELECT "ID_Combustivel" FROM public."COMBUSTIVEL" WHERE "Nome" = 'ETANOL'))
ON CONFLICT DO NOTHING;


INSERT INTO public."PRECO_COLETADO" ("Preco", "UnidadeMedida", "DataColeta", "PostoCNPJ", "CombustivelID")
VALUES (4.590, 'R$ / litro', '2022-08-23', '5904268000171',
        (SELECT "ID_Combustivel" FROM public."COMBUSTIVEL" WHERE "Nome" = 'ETANOL'))
ON CONFLICT DO NOTHING;


INSERT INTO public."PRECO_COLETADO" ("Preco", "UnidadeMedida", "DataColeta", "PostoCNPJ", "CombustivelID")
VALUES (4.090, 'R$ / litro', '2022-09-01', '5904268000171',
        (SELECT "ID_Combustivel" FROM public."COMBUSTIVEL" WHERE "Nome" = 'ETANOL'))
ON CONFLICT DO NOTHING;


INSERT INTO public."PRECO_COLETADO" ("Preco", "UnidadeMedida", "DataColeta", "PostoCNPJ", "CombustivelID")
VALUES (4.090, 'R$ / litro', '2022-09-05', '5904268000171',
        (SELECT "ID_Combustivel" FROM public."COMBUSTIVEL" WHERE "Nome" = 'ETANOL'))
ON CONFLICT DO NOTHING;


INSERT INTO public."PRECO_COLETADO" ("Preco", "UnidadeMedida", "DataColeta", "PostoCNPJ", "CombustivelID")
VALUES (3.990, 'R$ / litro', '2022-09-13', '5904268000171',
        (SELECT "ID_Combustivel" FROM public."COMBUSTIVEL" WHERE "Nome" = 'ETANOL'))
ON CONFLICT DO NOTHING;


INSERT INTO public."PRECO_COLETADO" ("Preco", "UnidadeMedida", "DataColeta", "PostoCNPJ", "CombustivelID")
VALUES (4.190, 'R$ / litro', '2022-10-24', '5904268000171',
        (SELECT "ID_Combustivel" FROM public."COMBUSTIVEL" WHERE "Nome" = 'ETANOL'))
ON CONFLICT DO NOTHING;


INSERT INTO public."PRECO_COLETADO" ("Preco", "UnidadeMedida", "DataColeta", "PostoCNPJ", "CombustivelID")
VALUES (4.190, 'R$ / litro', '2022-10-31', '5904268000171',
        (SELECT "ID_Combustivel" FROM public."COMBUSTIVEL" WHERE "Nome" = 'ETANOL'))
ON CONFLICT DO NOTHING;


INSERT INTO public."PRECO_COLETADO" ("Preco", "UnidadeMedida", "DataColeta", "PostoCNPJ", "CombustivelID")
VALUES (4.380, 'R$ / litro', '2022-11-14', '5904268000171',
        (SELECT "ID_Combustivel" FROM public."COMBUSTIVEL" WHERE "Nome" = 'ETANOL'))
ON CONFLICT DO NOTHING;


INSERT INTO public."PRECO_COLETADO" ("Preco", "UnidadeMedida", "DataColeta", "PostoCNPJ", "CombustivelID")
VALUES (4.380, 'R$ / litro', '2022-11-22', '5904268000171',
        (SELECT "ID_Combustivel" FROM public."COMBUSTIVEL" WHERE "Nome" = 'ETANOL'))
ON CONFLICT DO NOTHING;


INSERT INTO public."PRECO_COLETADO" ("Preco", "UnidadeMedida", "DataColeta", "PostoCNPJ", "CombustivelID")
VALUES (4.290, 'R$ / litro', '2022-12-05', '5904268000171',
        (SELECT "ID_Combustivel" FROM public."COMBUSTIVEL" WHERE "Nome" = 'ETANOL'))
ON CONFLICT DO NOTHING;


INSERT INTO public."PRECO_COLETADO" ("Preco", "UnidadeMedida", "DataColeta", "PostoCNPJ", "CombustivelID")
VALUES (4.290, 'R$ / litro', '2022-12-12', '5904268000171',
        (SELECT "ID_Combustivel" FROM public."COMBUSTIVEL" WHERE "Nome" = 'ETANOL'))
ON CONFLICT DO NOTHING;


INSERT INTO public."PRECO_COLETADO" ("Preco", "UnidadeMedida", "DataColeta", "PostoCNPJ", "CombustivelID")
VALUES (4.290, 'R$ / litro', '2022-12-22', '5904268000171',
        (SELECT "ID_Combustivel" FROM public."COMBUSTIVEL" WHERE "Nome" = 'ETANOL'))
ON CONFLICT DO NOTHING;


INSERT INTO public."PRECO_COLETADO" ("Preco", "UnidadeMedida", "DataColeta", "PostoCNPJ", "CombustivelID")
VALUES (4.290, 'R$ / litro', '2022-12-26', '5904268000171',
        (SELECT "ID_Combustivel" FROM public."COMBUSTIVEL" WHERE "Nome" = 'ETANOL'))
ON CONFLICT DO NOTHING;


INSERT INTO public."PRECO_COLETADO" ("Preco", "UnidadeMedida", "DataColeta", "PostoCNPJ", "CombustivelID")
VALUES (4.490, 'R$ / litro', '2023-01-03', '5904268000171',
        (SELECT "ID_Combustivel" FROM public."COMBUSTIVEL" WHERE "Nome" = 'ETANOL'))
ON CONFLICT DO NOTHING;


INSERT INTO public."PRECO_COLETADO" ("Preco", "UnidadeMedida", "DataColeta", "PostoCNPJ", "CombustivelID")
VALUES (4.490, 'R$ / litro', '2023-01-16', '5904268000171',
        (SELECT "ID_Combustivel" FROM public."COMBUSTIVEL" WHERE "Nome" = 'ETANOL'))
ON CONFLICT DO NOTHING;


INSERT INTO public."PRECO_COLETADO" ("Preco", "UnidadeMedida", "DataColeta", "PostoCNPJ", "CombustivelID")
VALUES (4.290, 'R$ / litro', '2023-02-06', '5904268000171',
        (SELECT "ID_Combustivel" FROM public."COMBUSTIVEL" WHERE "Nome" = 'ETANOL'))
ON CONFLICT DO NOTHING;


INSERT INTO public."PRECO_COLETADO" ("Preco", "UnidadeMedida", "DataColeta", "PostoCNPJ", "CombustivelID")
VALUES (4.290, 'R$ / litro', '2023-02-20', '5904268000171',
        (SELECT "ID_Combustivel" FROM public."COMBUSTIVEL" WHERE "Nome" = 'ETANOL'))
ON CONFLICT DO NOTHING;


INSERT INTO public."PRECO_COLETADO" ("Preco", "UnidadeMedida", "DataColeta", "PostoCNPJ", "CombustivelID")
VALUES (4.490, 'R$ / litro', '2023-03-06', '5904268000171',
        (SELECT "ID_Combustivel" FROM public."COMBUSTIVEL" WHERE "Nome" = 'ETANOL'))
ON CONFLICT DO NOTHING;


INSERT INTO public."PRECO_COLETADO" ("Preco", "UnidadeMedida", "DataColeta", "PostoCNPJ", "CombustivelID")
VALUES (4.490, 'R$ / litro', '2023-03-16', '5904268000171',
        (SELECT "ID_Combustivel" FROM public."COMBUSTIVEL" WHERE "Nome" = 'ETANOL'))
ON CONFLICT DO NOTHING;


INSERT INTO public."PRECO_COLETADO" ("Preco", "UnidadeMedida", "DataColeta", "PostoCNPJ", "CombustivelID")
VALUES (4.490, 'R$ / litro', '2023-03-21', '5904268000171',
        (SELECT "ID_Combustivel" FROM public."COMBUSTIVEL" WHERE "Nome" = 'ETANOL'))
ON CONFLICT DO NOTHING;


INSERT INTO public."PRECO_COLETADO" ("Preco", "UnidadeMedida", "DataColeta", "PostoCNPJ", "CombustivelID")
VALUES (4.490, 'R$ / litro', '2023-03-27', '5904268000171',
        (SELECT "ID_Combustivel" FROM public."COMBUSTIVEL" WHERE "Nome" = 'ETANOL'))
ON CONFLICT DO NOTHING;


INSERT INTO public."PRECO_COLETADO" ("Preco", "UnidadeMedida", "DataColeta", "PostoCNPJ", "CombustivelID")
VALUES (4.490, 'R$ / litro', '2023-04-05', '5904268000171',
        (SELECT "ID_Combustivel" FROM public."COMBUSTIVEL" WHERE "Nome" = 'ETANOL'))
ON CONFLICT DO NOTHING;


INSERT INTO public."PRECO_COLETADO" ("Preco", "UnidadeMedida", "DataColeta", "PostoCNPJ", "CombustivelID")
VALUES (4.490, 'R$ / litro', '2023-04-11', '5904268000171',
        (SELECT "ID_Combustivel" FROM public."COMBUSTIVEL" WHERE "Nome" = 'ETANOL'))
ON CONFLICT DO NOTHING;


INSERT INTO public."PRECO_COLETADO" ("Preco", "UnidadeMedida", "DataColeta", "PostoCNPJ", "CombustivelID")
VALUES (4.490, 'R$ / litro', '2023-04-17', '5904268000171',
        (SELECT "ID_Combustivel" FROM public."COMBUSTIVEL" WHERE "Nome" = 'ETANOL'))
ON CONFLICT DO NOTHING;


INSERT INTO public."PRECO_COLETADO" ("Preco", "UnidadeMedida", "DataColeta", "PostoCNPJ", "CombustivelID")
VALUES (4.690, 'R$ / litro', '2023-04-24', '5904268000171',
        (SELECT "ID_Combustivel" FROM public."COMBUSTIVEL" WHERE "Nome" = 'ETANOL'))
ON CONFLICT DO NOTHING;


INSERT INTO public."PRECO_COLETADO" ("Preco", "UnidadeMedida", "DataColeta", "PostoCNPJ", "CombustivelID")
VALUES (4.590, 'R$ / litro', '2023-05-03', '5904268000171',
        (SELECT "ID_Combustivel" FROM public."COMBUSTIVEL" WHERE "Nome" = 'ETANOL'))
ON CONFLICT DO NOTHING;


INSERT INTO public."PRECO_COLETADO" ("Preco", "UnidadeMedida", "DataColeta", "PostoCNPJ", "CombustivelID")
VALUES (4.590, 'R$ / litro', '2023-05-15', '5904268000171',
        (SELECT "ID_Combustivel" FROM public."COMBUSTIVEL" WHERE "Nome" = 'ETANOL'))
ON CONFLICT DO NOTHING;


INSERT INTO public."PRECO_COLETADO" ("Preco", "UnidadeMedida", "DataColeta", "PostoCNPJ", "CombustivelID")
VALUES (4.290, 'R$ / litro', '2023-05-23', '5904268000171',
        (SELECT "ID_Combustivel" FROM public."COMBUSTIVEL" WHERE "Nome" = 'ETANOL'))
ON CONFLICT DO NOTHING;


INSERT INTO public."COMBUSTIVEL" ("Nome")
VALUES ('DIESEL S500')
ON CONFLICT ("Nome") DO NOTHING;


INSERT INTO public."PRECO_COLETADO" ("Preco", "UnidadeMedida", "DataColeta", "PostoCNPJ", "CombustivelID")
VALUES (7.190, 'R$ / litro', '2022-08-04', '5904268000171',
        (SELECT "ID_Combustivel" FROM public."COMBUSTIVEL" WHERE "Nome" = 'DIESEL S500'))
ON CONFLICT DO NOTHING;


INSERT INTO public."PRECO_COLETADO" ("Preco", "UnidadeMedida", "DataColeta", "PostoCNPJ", "CombustivelID")
VALUES (7.190, 'R$ / litro', '2022-08-08', '5904268000171',
        (SELECT "ID_Combustivel" FROM public."COMBUSTIVEL" WHERE "Nome" = 'DIESEL S500'))
ON CONFLICT DO NOTHING;


INSERT INTO public."PRECO_COLETADO" ("Preco", "UnidadeMedida", "DataColeta", "PostoCNPJ", "CombustivelID")
VALUES (6.890, 'R$ / litro', '2022-08-15', '5904268000171',
        (SELECT "ID_Combustivel" FROM public."COMBUSTIVEL" WHERE "Nome" = 'DIESEL S500'))
ON CONFLICT DO NOTHING;


INSERT INTO public."PRECO_COLETADO" ("Preco", "UnidadeMedida", "DataColeta", "PostoCNPJ", "CombustivelID")
VALUES (6.790, 'R$ / litro', '2022-08-23', '5904268000171',
        (SELECT "ID_Combustivel" FROM public."COMBUSTIVEL" WHERE "Nome" = 'DIESEL S500'))
ON CONFLICT DO NOTHING;


INSERT INTO public."PRECO_COLETADO" ("Preco", "UnidadeMedida", "DataColeta", "PostoCNPJ", "CombustivelID")
VALUES (6.590, 'R$ / litro', '2022-09-01', '5904268000171',
        (SELECT "ID_Combustivel" FROM public."COMBUSTIVEL" WHERE "Nome" = 'DIESEL S500'))
ON CONFLICT DO NOTHING;


INSERT INTO public."PRECO_COLETADO" ("Preco", "UnidadeMedida", "DataColeta", "PostoCNPJ", "CombustivelID")
VALUES (6.590, 'R$ / litro', '2022-09-05', '5904268000171',
        (SELECT "ID_Combustivel" FROM public."COMBUSTIVEL" WHERE "Nome" = 'DIESEL S500'))
ON CONFLICT DO NOTHING;


INSERT INTO public."PRECO_COLETADO" ("Preco", "UnidadeMedida", "DataColeta", "PostoCNPJ", "CombustivelID")
VALUES (6.690, 'R$ / litro', '2022-09-13', '5904268000171',
        (SELECT "ID_Combustivel" FROM public."COMBUSTIVEL" WHERE "Nome" = 'DIESEL S500'))
ON CONFLICT DO NOTHING;


INSERT INTO public."PRECO_COLETADO" ("Preco", "UnidadeMedida", "DataColeta", "PostoCNPJ", "CombustivelID")
VALUES (6.290, 'R$ / litro', '2022-10-24', '5904268000171',
        (SELECT "ID_Combustivel" FROM public."COMBUSTIVEL" WHERE "Nome" = 'DIESEL S500'))
ON CONFLICT DO NOTHING;


INSERT INTO public."PRECO_COLETADO" ("Preco", "UnidadeMedida", "DataColeta", "PostoCNPJ", "CombustivelID")
VALUES (6.290, 'R$ / litro', '2022-10-31', '5904268000171',
        (SELECT "ID_Combustivel" FROM public."COMBUSTIVEL" WHERE "Nome" = 'DIESEL S500'))
ON CONFLICT DO NOTHING;


INSERT INTO public."PRECO_COLETADO" ("Preco", "UnidadeMedida", "DataColeta", "PostoCNPJ", "CombustivelID")
VALUES (6.290, 'R$ / litro', '2022-11-14', '5904268000171',
        (SELECT "ID_Combustivel" FROM public."COMBUSTIVEL" WHERE "Nome" = 'DIESEL S500'))
ON CONFLICT DO NOTHING;


INSERT INTO public."PRECO_COLETADO" ("Preco", "UnidadeMedida", "DataColeta", "PostoCNPJ", "CombustivelID")
VALUES (6.290, 'R$ / litro', '2022-11-22', '5904268000171',
        (SELECT "ID_Combustivel" FROM public."COMBUSTIVEL" WHERE "Nome" = 'DIESEL S500'))
ON CONFLICT DO NOTHING;


INSERT INTO public."PRECO_COLETADO" ("Preco", "UnidadeMedida", "DataColeta", "PostoCNPJ", "CombustivelID")
VALUES (6.290, 'R$ / litro', '2022-12-05', '5904268000171',
        (SELECT "ID_Combustivel" FROM public."COMBUSTIVEL" WHERE "Nome" = 'DIESEL S500'))
ON CONFLICT DO NOTHING;


INSERT INTO public."PRECO_COLETADO" ("Preco", "UnidadeMedida", "DataColeta", "PostoCNPJ", "CombustivelID")
VALUES (5.990, 'R$ / litro', '2022-12-12', '5904268000171',
        (SELECT "ID_Combustivel" FROM public."COMBUSTIVEL" WHERE "Nome" = 'DIESEL S500'))
ON CONFLICT DO NOTHING;


INSERT INTO public."PRECO_COLETADO" ("Preco", "UnidadeMedida", "DataColeta", "PostoCNPJ", "CombustivelID")
VALUES (5.990, 'R$ / litro', '2022-12-22', '5904268000171',
        (SELECT "ID_Combustivel" FROM public."COMBUSTIVEL" WHERE "Nome" = 'DIESEL S500'))
ON CONFLICT DO NOTHING;


INSERT INTO public."PRECO_COLETADO" ("Preco", "UnidadeMedida", "DataColeta", "PostoCNPJ", "CombustivelID")
VALUES (5.990, 'R$ / litro', '2022-12-26', '5904268000171',
        (SELECT "ID_Combustivel" FROM public."COMBUSTIVEL" WHERE "Nome" = 'DIESEL S500'))
ON CONFLICT DO NOTHING;


INSERT INTO public."PRECO_COLETADO" ("Preco", "UnidadeMedida", "DataColeta", "PostoCNPJ", "CombustivelID")
VALUES (6.040, 'R$ / litro', '2023-01-03', '5904268000171',
        (SELECT "ID_Combustivel" FROM public."COMBUSTIVEL" WHERE "Nome" = 'DIESEL S500'))
ON CONFLICT DO NOTHING;


INSERT INTO public."PRECO_COLETADO" ("Preco", "UnidadeMedida", "DataColeta", "PostoCNPJ", "CombustivelID")
VALUES (5.990, 'R$ / litro', '2023-01-16', '5904268000171',
        (SELECT "ID_Combustivel" FROM public."COMBUSTIVEL" WHERE "Nome" = 'DIESEL S500'))
ON CONFLICT DO NOTHING;


INSERT INTO public."PRECO_COLETADO" ("Preco", "UnidadeMedida", "DataColeta", "PostoCNPJ", "CombustivelID")
VALUES (5.990, 'R$ / litro', '2023-02-06', '5904268000171',
        (SELECT "ID_Combustivel" FROM public."COMBUSTIVEL" WHERE "Nome" = 'DIESEL S500'))
ON CONFLICT DO NOTHING;


INSERT INTO public."PRECO_COLETADO" ("Preco", "UnidadeMedida", "DataColeta", "PostoCNPJ", "CombustivelID")
VALUES (5.690, 'R$ / litro', '2023-02-20', '5904268000171',
        (SELECT "ID_Combustivel" FROM public."COMBUSTIVEL" WHERE "Nome" = 'DIESEL S500'))
ON CONFLICT DO NOTHING;


INSERT INTO public."PRECO_COLETADO" ("Preco", "UnidadeMedida", "DataColeta", "PostoCNPJ", "CombustivelID")
VALUES (5.690, 'R$ / litro', '2023-03-06', '5904268000171',
        (SELECT "ID_Combustivel" FROM public."COMBUSTIVEL" WHERE "Nome" = 'DIESEL S500'))
ON CONFLICT DO NOTHING;


INSERT INTO public."PRECO_COLETADO" ("Preco", "UnidadeMedida", "DataColeta", "PostoCNPJ", "CombustivelID")
VALUES (5.690, 'R$ / litro', '2023-03-16', '5904268000171',
        (SELECT "ID_Combustivel" FROM public."COMBUSTIVEL" WHERE "Nome" = 'DIESEL S500'))
ON CONFLICT DO NOTHING;


INSERT INTO public."PRECO_COLETADO" ("Preco", "UnidadeMedida", "DataColeta", "PostoCNPJ", "CombustivelID")
VALUES (5.690, 'R$ / litro', '2023-03-21', '5904268000171',
        (SELECT "ID_Combustivel" FROM public."COMBUSTIVEL" WHERE "Nome" = 'DIESEL S500'))
ON CONFLICT DO NOTHING;


INSERT INTO public."PRECO_COLETADO" ("Preco", "UnidadeMedida", "DataColeta", "PostoCNPJ", "CombustivelID")
VALUES (5.690, 'R$ / litro', '2023-03-27', '5904268000171',
        (SELECT "ID_Combustivel" FROM public."COMBUSTIVEL" WHERE "Nome" = 'DIESEL S500'))
ON CONFLICT DO NOTHING;


INSERT INTO public."PRECO_COLETADO" ("Preco", "UnidadeMedida", "DataColeta", "PostoCNPJ", "CombustivelID")
VALUES (5.690, 'R$ / litro', '2023-04-05', '5904268000171',
        (SELECT "ID_Combustivel" FROM public."COMBUSTIVEL" WHERE "Nome" = 'DIESEL S500'))
ON CONFLICT DO NOTHING;


INSERT INTO public."PRECO_COLETADO" ("Preco", "UnidadeMedida", "DataColeta", "PostoCNPJ", "CombustivelID")
VALUES (5.590, 'R$ / litro', '2023-04-11', '5904268000171',
        (SELECT "ID_Combustivel" FROM public."COMBUSTIVEL" WHERE "Nome" = 'DIESEL S500'))
ON CONFLICT DO NOTHING;


INSERT INTO public."PRECO_COLETADO" ("Preco", "UnidadeMedida", "DataColeta", "PostoCNPJ", "CombustivelID")
VALUES (5.590, 'R$ / litro', '2023-04-17', '5904268000171',
        (SELECT "ID_Combustivel" FROM public."COMBUSTIVEL" WHERE "Nome" = 'DIESEL S500'))
ON CONFLICT DO NOTHING;


INSERT INTO public."PRECO_COLETADO" ("Preco", "UnidadeMedida", "DataColeta", "PostoCNPJ", "CombustivelID")
VALUES (5.590, 'R$ / litro', '2023-04-24', '5904268000171',
        (SELECT "ID_Combustivel" FROM public."COMBUSTIVEL" WHERE "Nome" = 'DIESEL S500'))
ON CONFLICT DO NOTHING;


INSERT INTO public."PRECO_COLETADO" ("Preco", "UnidadeMedida", "DataColeta", "PostoCNPJ", "CombustivelID")
VALUES (5.590, 'R$ / litro', '2023-05-03', '5904268000171',
        (SELECT "ID_Combustivel" FROM public."COMBUSTIVEL" WHERE "Nome" = 'DIESEL S500'))
ON CONFLICT DO NOTHING;


INSERT INTO public."COMBUSTIVEL" ("Nome")
VALUES ('GASOLINA ADITIVADA')
ON CONFLICT ("Nome") DO NOTHING;


INSERT INTO public."PRECO_COLETADO" ("Preco", "UnidadeMedida", "DataColeta", "PostoCNPJ", "CombustivelID")
VALUES (5.730, 'R$ / litro', '2022-08-04', '5904268000171',
        (SELECT "ID_Combustivel" FROM public."COMBUSTIVEL" WHERE "Nome" = 'GASOLINA ADITIVADA'))
ON CONFLICT DO NOTHING;


INSERT INTO public."PRECO_COLETADO" ("Preco", "UnidadeMedida", "DataColeta", "PostoCNPJ", "CombustivelID")
VALUES (5.710, 'R$ / litro', '2022-08-08', '5904268000171',
        (SELECT "ID_Combustivel" FROM public."COMBUSTIVEL" WHERE "Nome" = 'GASOLINA ADITIVADA'))
ON CONFLICT DO NOTHING;


INSERT INTO public."PRECO_COLETADO" ("Preco", "UnidadeMedida", "DataColeta", "PostoCNPJ", "CombustivelID")
VALUES (5.590, 'R$ / litro', '2022-08-15', '5904268000171',
        (SELECT "ID_Combustivel" FROM public."COMBUSTIVEL" WHERE "Nome" = 'GASOLINA ADITIVADA'))
ON CONFLICT DO NOTHING;


INSERT INTO public."PRECO_COLETADO" ("Preco", "UnidadeMedida", "DataColeta", "PostoCNPJ", "CombustivelID")
VALUES (5.490, 'R$ / litro', '2022-08-23', '5904268000171',
        (SELECT "ID_Combustivel" FROM public."COMBUSTIVEL" WHERE "Nome" = 'GASOLINA ADITIVADA'))
ON CONFLICT DO NOTHING;


INSERT INTO public."PRECO_COLETADO" ("Preco", "UnidadeMedida", "DataColeta", "PostoCNPJ", "CombustivelID")
VALUES (5.390, 'R$ / litro', '2022-09-01', '5904268000171',
        (SELECT "ID_Combustivel" FROM public."COMBUSTIVEL" WHERE "Nome" = 'GASOLINA ADITIVADA'))
ON CONFLICT DO NOTHING;


INSERT INTO public."PRECO_COLETADO" ("Preco", "UnidadeMedida", "DataColeta", "PostoCNPJ", "CombustivelID")
VALUES (5.290, 'R$ / litro', '2022-09-05', '5904268000171',
        (SELECT "ID_Combustivel" FROM public."COMBUSTIVEL" WHERE "Nome" = 'GASOLINA ADITIVADA'))
ON CONFLICT DO NOTHING;


INSERT INTO public."PRECO_COLETADO" ("Preco", "UnidadeMedida", "DataColeta", "PostoCNPJ", "CombustivelID")
VALUES (5.190, 'R$ / litro', '2022-09-13', '5904268000171',
        (SELECT "ID_Combustivel" FROM public."COMBUSTIVEL" WHERE "Nome" = 'GASOLINA ADITIVADA'))
ON CONFLICT DO NOTHING;


INSERT INTO public."PRECO_COLETADO" ("Preco", "UnidadeMedida", "DataColeta", "PostoCNPJ", "CombustivelID")
VALUES (4.990, 'R$ / litro', '2022-10-24', '5904268000171',
        (SELECT "ID_Combustivel" FROM public."COMBUSTIVEL" WHERE "Nome" = 'GASOLINA ADITIVADA'))
ON CONFLICT DO NOTHING;


INSERT INTO public."PRECO_COLETADO" ("Preco", "UnidadeMedida", "DataColeta", "PostoCNPJ", "CombustivelID")
VALUES (4.990, 'R$ / litro', '2022-10-31', '5904268000171',
        (SELECT "ID_Combustivel" FROM public."COMBUSTIVEL" WHERE "Nome" = 'GASOLINA ADITIVADA'))
ON CONFLICT DO NOTHING;


INSERT INTO public."PRECO_COLETADO" ("Preco", "UnidadeMedida", "DataColeta", "PostoCNPJ", "CombustivelID")
VALUES (5.190, 'R$ / litro', '2022-11-14', '5904268000171',
        (SELECT "ID_Combustivel" FROM public."COMBUSTIVEL" WHERE "Nome" = 'GASOLINA ADITIVADA'))
ON CONFLICT DO NOTHING;


INSERT INTO public."PRECO_COLETADO" ("Preco", "UnidadeMedida", "DataColeta", "PostoCNPJ", "CombustivelID")
VALUES (5.190, 'R$ / litro', '2022-11-22', '5904268000171',
        (SELECT "ID_Combustivel" FROM public."COMBUSTIVEL" WHERE "Nome" = 'GASOLINA ADITIVADA'))
ON CONFLICT DO NOTHING;


INSERT INTO public."PRECO_COLETADO" ("Preco", "UnidadeMedida", "DataColeta", "PostoCNPJ", "CombustivelID")
VALUES (5.190, 'R$ / litro', '2022-12-05', '5904268000171',
        (SELECT "ID_Combustivel" FROM public."COMBUSTIVEL" WHERE "Nome" = 'GASOLINA ADITIVADA'))
ON CONFLICT DO NOTHING;


INSERT INTO public."PRECO_COLETADO" ("Preco", "UnidadeMedida", "DataColeta", "PostoCNPJ", "CombustivelID")
VALUES (5.190, 'R$ / litro', '2022-12-12', '5904268000171',
        (SELECT "ID_Combustivel" FROM public."COMBUSTIVEL" WHERE "Nome" = 'GASOLINA ADITIVADA'))
ON CONFLICT DO NOTHING;


INSERT INTO public."PRECO_COLETADO" ("Preco", "UnidadeMedida", "DataColeta", "PostoCNPJ", "CombustivelID")
VALUES (5.090, 'R$ / litro', '2022-12-22', '5904268000171',
        (SELECT "ID_Combustivel" FROM public."COMBUSTIVEL" WHERE "Nome" = 'GASOLINA ADITIVADA'))
ON CONFLICT DO NOTHING;


INSERT INTO public."PRECO_COLETADO" ("Preco", "UnidadeMedida", "DataColeta", "PostoCNPJ", "CombustivelID")
VALUES (5.090, 'R$ / litro', '2022-12-26', '5904268000171',
        (SELECT "ID_Combustivel" FROM public."COMBUSTIVEL" WHERE "Nome" = 'GASOLINA ADITIVADA'))
ON CONFLICT DO NOTHING;


INSERT INTO public."PRECO_COLETADO" ("Preco", "UnidadeMedida", "DataColeta", "PostoCNPJ", "CombustivelID")
VALUES (5.090, 'R$ / litro', '2023-01-03', '5904268000171',
        (SELECT "ID_Combustivel" FROM public."COMBUSTIVEL" WHERE "Nome" = 'GASOLINA ADITIVADA'))
ON CONFLICT DO NOTHING;


INSERT INTO public."PRECO_COLETADO" ("Preco", "UnidadeMedida", "DataColeta", "PostoCNPJ", "CombustivelID")
VALUES (5.090, 'R$ / litro', '2023-01-16', '5904268000171',
        (SELECT "ID_Combustivel" FROM public."COMBUSTIVEL" WHERE "Nome" = 'GASOLINA ADITIVADA'))
ON CONFLICT DO NOTHING;


INSERT INTO public."PRECO_COLETADO" ("Preco", "UnidadeMedida", "DataColeta", "PostoCNPJ", "CombustivelID")
VALUES (5.150, 'R$ / litro', '2023-02-06', '5904268000171',
        (SELECT "ID_Combustivel" FROM public."COMBUSTIVEL" WHERE "Nome" = 'GASOLINA ADITIVADA'))
ON CONFLICT DO NOTHING;


INSERT INTO public."PRECO_COLETADO" ("Preco", "UnidadeMedida", "DataColeta", "PostoCNPJ", "CombustivelID")
VALUES (5.150, 'R$ / litro', '2023-02-20', '5904268000171',
        (SELECT "ID_Combustivel" FROM public."COMBUSTIVEL" WHERE "Nome" = 'GASOLINA ADITIVADA'))
ON CONFLICT DO NOTHING;


INSERT INTO public."PRECO_COLETADO" ("Preco", "UnidadeMedida", "DataColeta", "PostoCNPJ", "CombustivelID")
VALUES (5.690, 'R$ / litro', '2023-03-06', '5904268000171',
        (SELECT "ID_Combustivel" FROM public."COMBUSTIVEL" WHERE "Nome" = 'GASOLINA ADITIVADA'))
ON CONFLICT DO NOTHING;


INSERT INTO public."PRECO_COLETADO" ("Preco", "UnidadeMedida", "DataColeta", "PostoCNPJ", "CombustivelID")
VALUES (5.690, 'R$ / litro', '2023-03-16', '5904268000171',
        (SELECT "ID_Combustivel" FROM public."COMBUSTIVEL" WHERE "Nome" = 'GASOLINA ADITIVADA'))
ON CONFLICT DO NOTHING;


INSERT INTO public."PRECO_COLETADO" ("Preco", "UnidadeMedida", "DataColeta", "PostoCNPJ", "CombustivelID")
VALUES (5.590, 'R$ / litro', '2023-03-21', '5904268000171',
        (SELECT "ID_Combustivel" FROM public."COMBUSTIVEL" WHERE "Nome" = 'GASOLINA ADITIVADA'))
ON CONFLICT DO NOTHING;


INSERT INTO public."PRECO_COLETADO" ("Preco", "UnidadeMedida", "DataColeta", "PostoCNPJ", "CombustivelID")
VALUES (5.550, 'R$ / litro', '2023-03-27', '5904268000171',
        (SELECT "ID_Combustivel" FROM public."COMBUSTIVEL" WHERE "Nome" = 'GASOLINA ADITIVADA'))
ON CONFLICT DO NOTHING;


INSERT INTO public."PRECO_COLETADO" ("Preco", "UnidadeMedida", "DataColeta", "PostoCNPJ", "CombustivelID")
VALUES (5.490, 'R$ / litro', '2023-04-05', '5904268000171',
        (SELECT "ID_Combustivel" FROM public."COMBUSTIVEL" WHERE "Nome" = 'GASOLINA ADITIVADA'))
ON CONFLICT DO NOTHING;


INSERT INTO public."PRECO_COLETADO" ("Preco", "UnidadeMedida", "DataColeta", "PostoCNPJ", "CombustivelID")
VALUES (5.490, 'R$ / litro', '2023-04-11', '5904268000171',
        (SELECT "ID_Combustivel" FROM public."COMBUSTIVEL" WHERE "Nome" = 'GASOLINA ADITIVADA'))
ON CONFLICT DO NOTHING;


INSERT INTO public."PRECO_COLETADO" ("Preco", "UnidadeMedida", "DataColeta", "PostoCNPJ", "CombustivelID")
VALUES (5.690, 'R$ / litro', '2023-04-17', '5904268000171',
        (SELECT "ID_Combustivel" FROM public."COMBUSTIVEL" WHERE "Nome" = 'GASOLINA ADITIVADA'))
ON CONFLICT DO NOTHING;


INSERT INTO public."PRECO_COLETADO" ("Preco", "UnidadeMedida", "DataColeta", "PostoCNPJ", "CombustivelID")
VALUES (5.490, 'R$ / litro', '2023-04-24', '5904268000171',
        (SELECT "ID_Combustivel" FROM public."COMBUSTIVEL" WHERE "Nome" = 'GASOLINA ADITIVADA'))
ON CONFLICT DO NOTHING;


INSERT INTO public."PRECO_COLETADO" ("Preco", "UnidadeMedida", "DataColeta", "PostoCNPJ", "CombustivelID")
VALUES (5.490, 'R$ / litro', '2023-05-03', '5904268000171',
        (SELECT "ID_Combustivel" FROM public."COMBUSTIVEL" WHERE "Nome" = 'GASOLINA ADITIVADA'))
ON CONFLICT DO NOTHING;


INSERT INTO public."PRECO_COLETADO" ("Preco", "UnidadeMedida", "DataColeta", "PostoCNPJ", "CombustivelID")
VALUES (5.490, 'R$ / litro', '2023-05-15', '5904268000171',
        (SELECT "ID_Combustivel" FROM public."COMBUSTIVEL" WHERE "Nome" = 'GASOLINA ADITIVADA'))
ON CONFLICT DO NOTHING;


INSERT INTO public."PRECO_COLETADO" ("Preco", "UnidadeMedida", "DataColeta", "PostoCNPJ", "CombustivelID")
VALUES (5.270, 'R$ / litro', '2023-05-23', '5904268000171',
        (SELECT "ID_Combustivel" FROM public."COMBUSTIVEL" WHERE "Nome" = 'GASOLINA ADITIVADA'))
ON CONFLICT DO NOTHING;


INSERT INTO public."PRECO_COLETADO" ("Preco", "UnidadeMedida", "DataColeta", "PostoCNPJ", "CombustivelID")
VALUES (5.690, 'R$ / litro', '2023-06-05', '5904268000171',
        (SELECT "ID_Combustivel" FROM public."COMBUSTIVEL" WHERE "Nome" = 'GASOLINA ADITIVADA'))
ON CONFLICT DO NOTHING;


INSERT INTO public."PRECO_COLETADO" ("Preco", "UnidadeMedida", "DataColeta", "PostoCNPJ", "CombustivelID")
VALUES (5.590, 'R$ / litro', '2023-06-13', '5904268000171',
        (SELECT "ID_Combustivel" FROM public."COMBUSTIVEL" WHERE "Nome" = 'GASOLINA ADITIVADA'))
ON CONFLICT DO NOTHING;


INSERT INTO public."PRECO_COLETADO" ("Preco", "UnidadeMedida", "DataColeta", "PostoCNPJ", "CombustivelID")
VALUES (5.490, 'R$ / litro', '2023-06-20', '5904268000171',
        (SELECT "ID_Combustivel" FROM public."COMBUSTIVEL" WHERE "Nome" = 'GASOLINA ADITIVADA'))
ON CONFLICT DO NOTHING;


INSERT INTO public."PRECO_COLETADO" ("Preco", "UnidadeMedida", "DataColeta", "PostoCNPJ", "CombustivelID")
VALUES (5.890, 'R$ / litro', '2023-07-17', '5904268000171',
        (SELECT "ID_Combustivel" FROM public."COMBUSTIVEL" WHERE "Nome" = 'GASOLINA ADITIVADA'))
ON CONFLICT DO NOTHING;


INSERT INTO public."PRECO_COLETADO" ("Preco", "UnidadeMedida", "DataColeta", "PostoCNPJ", "CombustivelID")
VALUES (5.490, 'R$ / litro', '2023-08-07', '5904268000171',
        (SELECT "ID_Combustivel" FROM public."COMBUSTIVEL" WHERE "Nome" = 'GASOLINA ADITIVADA'))
ON CONFLICT DO NOTHING;


INSERT INTO public."PRECO_COLETADO" ("Preco", "UnidadeMedida", "DataColeta", "PostoCNPJ", "CombustivelID")
VALUES (5.690, 'R$ / litro', '2023-08-30', '5904268000171',
        (SELECT "ID_Combustivel" FROM public."COMBUSTIVEL" WHERE "Nome" = 'GASOLINA ADITIVADA'))
ON CONFLICT DO NOTHING;


INSERT INTO public."PRECO_COLETADO" ("Preco", "UnidadeMedida", "DataColeta", "PostoCNPJ", "CombustivelID")
VALUES (5.790, 'R$ / litro', '2023-09-07', '5904268000171',
        (SELECT "ID_Combustivel" FROM public."COMBUSTIVEL" WHERE "Nome" = 'GASOLINA ADITIVADA'))
ON CONFLICT DO NOTHING;


INSERT INTO public."PRECO_COLETADO" ("Preco", "UnidadeMedida", "DataColeta", "PostoCNPJ", "CombustivelID")
VALUES (5.690, 'R$ / litro', '2023-09-19', '5904268000171',
        (SELECT "ID_Combustivel" FROM public."COMBUSTIVEL" WHERE "Nome" = 'GASOLINA ADITIVADA'))
ON CONFLICT DO NOTHING;


INSERT INTO public."PRECO_COLETADO" ("Preco", "UnidadeMedida", "DataColeta", "PostoCNPJ", "CombustivelID")
VALUES (5.990, 'R$ / litro', '2023-09-26', '5904268000171',
        (SELECT "ID_Combustivel" FROM public."COMBUSTIVEL" WHERE "Nome" = 'GASOLINA ADITIVADA'))
ON CONFLICT DO NOTHING;


INSERT INTO public."PRECO_COLETADO" ("Preco", "UnidadeMedida", "DataColeta", "PostoCNPJ", "CombustivelID")
VALUES (5.890, 'R$ / litro', '2023-10-03', '5904268000171',
        (SELECT "ID_Combustivel" FROM public."COMBUSTIVEL" WHERE "Nome" = 'GASOLINA ADITIVADA'))
ON CONFLICT DO NOTHING;


INSERT INTO public."PRECO_COLETADO" ("Preco", "UnidadeMedida", "DataColeta", "PostoCNPJ", "CombustivelID")
VALUES (5.840, 'R$ / litro', '2023-10-16', '5904268000171',
        (SELECT "ID_Combustivel" FROM public."COMBUSTIVEL" WHERE "Nome" = 'GASOLINA ADITIVADA'))
ON CONFLICT DO NOTHING;


INSERT INTO public."PRECO_COLETADO" ("Preco", "UnidadeMedida", "DataColeta", "PostoCNPJ", "CombustivelID")
VALUES (5.680, 'R$ / litro', '2023-10-24', '5904268000171',
        (SELECT "ID_Combustivel" FROM public."COMBUSTIVEL" WHERE "Nome" = 'GASOLINA ADITIVADA'))
ON CONFLICT DO NOTHING;


INSERT INTO public."PRECO_COLETADO" ("Preco", "UnidadeMedida", "DataColeta", "PostoCNPJ", "CombustivelID")
VALUES (5.680, 'R$ / litro', '2023-11-07', '5904268000171',
        (SELECT "ID_Combustivel" FROM public."COMBUSTIVEL" WHERE "Nome" = 'GASOLINA ADITIVADA'))
ON CONFLICT DO NOTHING;


INSERT INTO public."PRECO_COLETADO" ("Preco", "UnidadeMedida", "DataColeta", "PostoCNPJ", "CombustivelID")
VALUES (5.890, 'R$ / litro', '2023-11-21', '5904268000171',
        (SELECT "ID_Combustivel" FROM public."COMBUSTIVEL" WHERE "Nome" = 'GASOLINA ADITIVADA'))
ON CONFLICT DO NOTHING;


INSERT INTO public."PRECO_COLETADO" ("Preco", "UnidadeMedida", "DataColeta", "PostoCNPJ", "CombustivelID")
VALUES (5.790, 'R$ / litro', '2023-11-28', '5904268000171',
        (SELECT "ID_Combustivel" FROM public."COMBUSTIVEL" WHERE "Nome" = 'GASOLINA ADITIVADA'))
ON CONFLICT DO NOTHING;


INSERT INTO public."PRECO_COLETADO" ("Preco", "UnidadeMedida", "DataColeta", "PostoCNPJ", "CombustivelID")
VALUES (5.580, 'R$ / litro', '2023-12-20', '5904268000171',
        (SELECT "ID_Combustivel" FROM public."COMBUSTIVEL" WHERE "Nome" = 'GASOLINA ADITIVADA'))
ON CONFLICT DO NOTHING;


INSERT INTO public."PRECO_COLETADO" ("Preco", "UnidadeMedida", "DataColeta", "PostoCNPJ", "CombustivelID")
VALUES (5.490, 'R$ / litro', '2024-01-05', '5904268000171',
        (SELECT "ID_Combustivel" FROM public."COMBUSTIVEL" WHERE "Nome" = 'GASOLINA ADITIVADA'))
ON CONFLICT DO NOTHING;


INSERT INTO public."PRECO_COLETADO" ("Preco", "UnidadeMedida", "DataColeta", "PostoCNPJ", "CombustivelID")
VALUES (5.490, 'R$ / litro', '2024-01-08', '5904268000171',
        (SELECT "ID_Combustivel" FROM public."COMBUSTIVEL" WHERE "Nome" = 'GASOLINA ADITIVADA'))
ON CONFLICT DO NOTHING;


INSERT INTO public."PRECO_COLETADO" ("Preco", "UnidadeMedida", "DataColeta", "PostoCNPJ", "CombustivelID")
VALUES (5.490, 'R$ / litro', '2024-01-15', '5904268000171',
        (SELECT "ID_Combustivel" FROM public."COMBUSTIVEL" WHERE "Nome" = 'GASOLINA ADITIVADA'))
ON CONFLICT DO NOTHING;


INSERT INTO public."PRECO_COLETADO" ("Preco", "UnidadeMedida", "DataColeta", "PostoCNPJ", "CombustivelID")
VALUES (5.390, 'R$ / litro', '2024-01-22', '5904268000171',
        (SELECT "ID_Combustivel" FROM public."COMBUSTIVEL" WHERE "Nome" = 'GASOLINA ADITIVADA'))
ON CONFLICT DO NOTHING;


INSERT INTO public."PRECO_COLETADO" ("Preco", "UnidadeMedida", "DataColeta", "PostoCNPJ", "CombustivelID")
VALUES (5.390, 'R$ / litro', '2024-01-29', '5904268000171',
        (SELECT "ID_Combustivel" FROM public."COMBUSTIVEL" WHERE "Nome" = 'GASOLINA ADITIVADA'))
ON CONFLICT DO NOTHING;


INSERT INTO public."PRECO_COLETADO" ("Preco", "UnidadeMedida", "DataColeta", "PostoCNPJ", "CombustivelID")
VALUES (5.890, 'R$ / litro', '2024-02-05', '5904268000171',
        (SELECT "ID_Combustivel" FROM public."COMBUSTIVEL" WHERE "Nome" = 'GASOLINA ADITIVADA'))
ON CONFLICT DO NOTHING;


INSERT INTO public."PRECO_COLETADO" ("Preco", "UnidadeMedida", "DataColeta", "PostoCNPJ", "CombustivelID")
VALUES (5.890, 'R$ / litro', '2024-02-12', '5904268000171',
        (SELECT "ID_Combustivel" FROM public."COMBUSTIVEL" WHERE "Nome" = 'GASOLINA ADITIVADA'))
ON CONFLICT DO NOTHING;


INSERT INTO public."PRECO_COLETADO" ("Preco", "UnidadeMedida", "DataColeta", "PostoCNPJ", "CombustivelID")
VALUES (5.790, 'R$ / litro', '2024-02-19', '5904268000171',
        (SELECT "ID_Combustivel" FROM public."COMBUSTIVEL" WHERE "Nome" = 'GASOLINA ADITIVADA'))
ON CONFLICT DO NOTHING;


INSERT INTO public."PRECO_COLETADO" ("Preco", "UnidadeMedida", "DataColeta", "PostoCNPJ", "CombustivelID")
VALUES (5.590, 'R$ / litro', '2024-02-26', '5904268000171',
        (SELECT "ID_Combustivel" FROM public."COMBUSTIVEL" WHERE "Nome" = 'GASOLINA ADITIVADA'))
ON CONFLICT DO NOTHING;


INSERT INTO public."PRECO_COLETADO" ("Preco", "UnidadeMedida", "DataColeta", "PostoCNPJ", "CombustivelID")
VALUES (5.590, 'R$ / litro', '2024-03-04', '5904268000171',
        (SELECT "ID_Combustivel" FROM public."COMBUSTIVEL" WHERE "Nome" = 'GASOLINA ADITIVADA'))
ON CONFLICT DO NOTHING;


INSERT INTO public."PRECO_COLETADO" ("Preco", "UnidadeMedida", "DataColeta", "PostoCNPJ", "CombustivelID")
VALUES (5.790, 'R$ / litro', '2024-03-11', '5904268000171',
        (SELECT "ID_Combustivel" FROM public."COMBUSTIVEL" WHERE "Nome" = 'GASOLINA ADITIVADA'))
ON CONFLICT DO NOTHING;


INSERT INTO public."PRECO_COLETADO" ("Preco", "UnidadeMedida", "DataColeta", "PostoCNPJ", "CombustivelID")
VALUES (5.790, 'R$ / litro', '2024-03-18', '5904268000171',
        (SELECT "ID_Combustivel" FROM public."COMBUSTIVEL" WHERE "Nome" = 'GASOLINA ADITIVADA'))
ON CONFLICT DO NOTHING;


INSERT INTO public."PRECO_COLETADO" ("Preco", "UnidadeMedida", "DataColeta", "PostoCNPJ", "CombustivelID")
VALUES (5.660, 'R$ / litro', '2024-04-08', '5904268000171',
        (SELECT "ID_Combustivel" FROM public."COMBUSTIVEL" WHERE "Nome" = 'GASOLINA ADITIVADA'))
ON CONFLICT DO NOTHING;


INSERT INTO public."PRECO_COLETADO" ("Preco", "UnidadeMedida", "DataColeta", "PostoCNPJ", "CombustivelID")
VALUES (5.660, 'R$ / litro', '2024-04-15', '5904268000171',
        (SELECT "ID_Combustivel" FROM public."COMBUSTIVEL" WHERE "Nome" = 'GASOLINA ADITIVADA'))
ON CONFLICT DO NOTHING;


INSERT INTO public."PRECO_COLETADO" ("Preco", "UnidadeMedida", "DataColeta", "PostoCNPJ", "CombustivelID")
VALUES (5.660, 'R$ / litro', '2024-04-22', '5904268000171',
        (SELECT "ID_Combustivel" FROM public."COMBUSTIVEL" WHERE "Nome" = 'GASOLINA ADITIVADA'))
ON CONFLICT DO NOTHING;


INSERT INTO public."PRECO_COLETADO" ("Preco", "UnidadeMedida", "DataColeta", "PostoCNPJ", "CombustivelID")
VALUES (6.090, 'R$ / litro', '2024-04-29', '5904268000171',
        (SELECT "ID_Combustivel" FROM public."COMBUSTIVEL" WHERE "Nome" = 'GASOLINA ADITIVADA'))
ON CONFLICT DO NOTHING;


INSERT INTO public."PRECO_COLETADO" ("Preco", "UnidadeMedida", "DataColeta", "PostoCNPJ", "CombustivelID")
VALUES (6.090, 'R$ / litro', '2024-05-06', '5904268000171',
        (SELECT "ID_Combustivel" FROM public."COMBUSTIVEL" WHERE "Nome" = 'GASOLINA ADITIVADA'))
ON CONFLICT DO NOTHING;


INSERT INTO public."PRECO_COLETADO" ("Preco", "UnidadeMedida", "DataColeta", "PostoCNPJ", "CombustivelID")
VALUES (6.090, 'R$ / litro', '2024-05-13', '5904268000171',
        (SELECT "ID_Combustivel" FROM public."COMBUSTIVEL" WHERE "Nome" = 'GASOLINA ADITIVADA'))
ON CONFLICT DO NOTHING;


INSERT INTO public."PRECO_COLETADO" ("Preco", "UnidadeMedida", "DataColeta", "PostoCNPJ", "CombustivelID")
VALUES (5.990, 'R$ / litro', '2024-05-20', '5904268000171',
        (SELECT "ID_Combustivel" FROM public."COMBUSTIVEL" WHERE "Nome" = 'GASOLINA ADITIVADA'))
ON CONFLICT DO NOTHING;


INSERT INTO public."PRECO_COLETADO" ("Preco", "UnidadeMedida", "DataColeta", "PostoCNPJ", "CombustivelID")
VALUES (5.990, 'R$ / litro', '2024-05-27', '5904268000171',
        (SELECT "ID_Combustivel" FROM public."COMBUSTIVEL" WHERE "Nome" = 'GASOLINA ADITIVADA'))
ON CONFLICT DO NOTHING;


INSERT INTO public."PRECO_COLETADO" ("Preco", "UnidadeMedida", "DataColeta", "PostoCNPJ", "CombustivelID")
VALUES (5.990, 'R$ / litro', '2024-06-03', '5904268000171',
        (SELECT "ID_Combustivel" FROM public."COMBUSTIVEL" WHERE "Nome" = 'GASOLINA ADITIVADA'))
ON CONFLICT DO NOTHING;


INSERT INTO public."PRECO_COLETADO" ("Preco", "UnidadeMedida", "DataColeta", "PostoCNPJ", "CombustivelID")
VALUES (5.990, 'R$ / litro', '2024-06-17', '5904268000171',
        (SELECT "ID_Combustivel" FROM public."COMBUSTIVEL" WHERE "Nome" = 'GASOLINA ADITIVADA'))
ON CONFLICT DO NOTHING;


INSERT INTO public."PRECO_COLETADO" ("Preco", "UnidadeMedida", "DataColeta", "PostoCNPJ", "CombustivelID")
VALUES (5.990, 'R$ / litro', '2024-06-24', '5904268000171',
        (SELECT "ID_Combustivel" FROM public."COMBUSTIVEL" WHERE "Nome" = 'GASOLINA ADITIVADA'))
ON CONFLICT DO NOTHING;


INSERT INTO public."PRECO_COLETADO" ("Preco", "UnidadeMedida", "DataColeta", "PostoCNPJ", "CombustivelID")
VALUES (5.990, 'R$ / litro', '2024-07-01', '5904268000171',
        (SELECT "ID_Combustivel" FROM public."COMBUSTIVEL" WHERE "Nome" = 'GASOLINA ADITIVADA'))
ON CONFLICT DO NOTHING;


INSERT INTO public."PRECO_COLETADO" ("Preco", "UnidadeMedida", "DataColeta", "PostoCNPJ", "CombustivelID")
VALUES (6.190, 'R$ / litro', '2024-07-09', '5904268000171',
        (SELECT "ID_Combustivel" FROM public."COMBUSTIVEL" WHERE "Nome" = 'GASOLINA ADITIVADA'))
ON CONFLICT DO NOTHING;


INSERT INTO public."PRECO_COLETADO" ("Preco", "UnidadeMedida", "DataColeta", "PostoCNPJ", "CombustivelID")
VALUES (6.390, 'R$ / litro', '2024-07-16', '5904268000171',
        (SELECT "ID_Combustivel" FROM public."COMBUSTIVEL" WHERE "Nome" = 'GASOLINA ADITIVADA'))
ON CONFLICT DO NOTHING;


INSERT INTO public."PRECO_COLETADO" ("Preco", "UnidadeMedida", "DataColeta", "PostoCNPJ", "CombustivelID")
VALUES (6.350, 'R$ / litro', '2024-07-22', '5904268000171',
        (SELECT "ID_Combustivel" FROM public."COMBUSTIVEL" WHERE "Nome" = 'GASOLINA ADITIVADA'))
ON CONFLICT DO NOTHING;


INSERT INTO public."PRECO_COLETADO" ("Preco", "UnidadeMedida", "DataColeta", "PostoCNPJ", "CombustivelID")
VALUES (6.350, 'R$ / litro', '2024-07-29', '5904268000171',
        (SELECT "ID_Combustivel" FROM public."COMBUSTIVEL" WHERE "Nome" = 'GASOLINA ADITIVADA'))
ON CONFLICT DO NOTHING;


INSERT INTO public."PRECO_COLETADO" ("Preco", "UnidadeMedida", "DataColeta", "PostoCNPJ", "CombustivelID")
VALUES (6.290, 'R$ / litro', '2024-08-05', '5904268000171',
        (SELECT "ID_Combustivel" FROM public."COMBUSTIVEL" WHERE "Nome" = 'GASOLINA ADITIVADA'))
ON CONFLICT DO NOTHING;


INSERT INTO public."PRECO_COLETADO" ("Preco", "UnidadeMedida", "DataColeta", "PostoCNPJ", "CombustivelID")
VALUES (6.290, 'R$ / litro', '2024-08-12', '5904268000171',
        (SELECT "ID_Combustivel" FROM public."COMBUSTIVEL" WHERE "Nome" = 'GASOLINA ADITIVADA'))
ON CONFLICT DO NOTHING;


INSERT INTO public."PRECO_COLETADO" ("Preco", "UnidadeMedida", "DataColeta", "PostoCNPJ", "CombustivelID")
VALUES (6.290, 'R$ / litro', '2024-08-20', '5904268000171',
        (SELECT "ID_Combustivel" FROM public."COMBUSTIVEL" WHERE "Nome" = 'GASOLINA ADITIVADA'))
ON CONFLICT DO NOTHING;


INSERT INTO public."PRECO_COLETADO" ("Preco", "UnidadeMedida", "DataColeta", "PostoCNPJ", "CombustivelID")
VALUES (6.290, 'R$ / litro', '2024-08-26', '5904268000171',
        (SELECT "ID_Combustivel" FROM public."COMBUSTIVEL" WHERE "Nome" = 'GASOLINA ADITIVADA'))
ON CONFLICT DO NOTHING;


INSERT INTO public."PRECO_COLETADO" ("Preco", "UnidadeMedida", "DataColeta", "PostoCNPJ", "CombustivelID")
VALUES (6.290, 'R$ / litro', '2024-09-02', '5904268000171',
        (SELECT "ID_Combustivel" FROM public."COMBUSTIVEL" WHERE "Nome" = 'GASOLINA ADITIVADA'))
ON CONFLICT DO NOTHING;


INSERT INTO public."COMBUSTIVEL" ("Nome")
VALUES ('GASOLINA COMUM')
ON CONFLICT ("Nome") DO NOTHING;


INSERT INTO public."PRECO_COLETADO" ("Preco", "UnidadeMedida", "DataColeta", "PostoCNPJ", "CombustivelID")
VALUES (5.530, 'R$ / litro', '2022-08-04', '5904268000171',
        (SELECT "ID_Combustivel" FROM public."COMBUSTIVEL" WHERE "Nome" = 'GASOLINA COMUM'))
ON CONFLICT DO NOTHING;


INSERT INTO public."PRECO_COLETADO" ("Preco", "UnidadeMedida", "DataColeta", "PostoCNPJ", "CombustivelID")
VALUES (5.510, 'R$ / litro', '2022-08-08', '5904268000171',
        (SELECT "ID_Combustivel" FROM public."COMBUSTIVEL" WHERE "Nome" = 'GASOLINA COMUM'))
ON CONFLICT DO NOTHING;


INSERT INTO public."PRECO_COLETADO" ("Preco", "UnidadeMedida", "DataColeta", "PostoCNPJ", "CombustivelID")
VALUES (5.390, 'R$ / litro', '2022-08-15', '5904268000171',
        (SELECT "ID_Combustivel" FROM public."COMBUSTIVEL" WHERE "Nome" = 'GASOLINA COMUM'))
ON CONFLICT DO NOTHING;


INSERT INTO public."PRECO_COLETADO" ("Preco", "UnidadeMedida", "DataColeta", "PostoCNPJ", "CombustivelID")
VALUES (5.290, 'R$ / litro', '2022-08-23', '5904268000171',
        (SELECT "ID_Combustivel" FROM public."COMBUSTIVEL" WHERE "Nome" = 'GASOLINA COMUM'))
ON CONFLICT DO NOTHING;


INSERT INTO public."PRECO_COLETADO" ("Preco", "UnidadeMedida", "DataColeta", "PostoCNPJ", "CombustivelID")
VALUES (5.190, 'R$ / litro', '2022-09-01', '5904268000171',
        (SELECT "ID_Combustivel" FROM public."COMBUSTIVEL" WHERE "Nome" = 'GASOLINA COMUM'))
ON CONFLICT DO NOTHING;


INSERT INTO public."PRECO_COLETADO" ("Preco", "UnidadeMedida", "DataColeta", "PostoCNPJ", "CombustivelID")
VALUES (5.090, 'R$ / litro', '2022-09-05', '5904268000171',
        (SELECT "ID_Combustivel" FROM public."COMBUSTIVEL" WHERE "Nome" = 'GASOLINA COMUM'))
ON CONFLICT DO NOTHING;


INSERT INTO public."PRECO_COLETADO" ("Preco", "UnidadeMedida", "DataColeta", "PostoCNPJ", "CombustivelID")
VALUES (4.990, 'R$ / litro', '2022-09-13', '5904268000171',
        (SELECT "ID_Combustivel" FROM public."COMBUSTIVEL" WHERE "Nome" = 'GASOLINA COMUM'))
ON CONFLICT DO NOTHING;


INSERT INTO public."PRECO_COLETADO" ("Preco", "UnidadeMedida", "DataColeta", "PostoCNPJ", "CombustivelID")
VALUES (4.790, 'R$ / litro', '2022-10-24', '5904268000171',
        (SELECT "ID_Combustivel" FROM public."COMBUSTIVEL" WHERE "Nome" = 'GASOLINA COMUM'))
ON CONFLICT DO NOTHING;


INSERT INTO public."PRECO_COLETADO" ("Preco", "UnidadeMedida", "DataColeta", "PostoCNPJ", "CombustivelID")
VALUES (4.790, 'R$ / litro', '2022-10-31', '5904268000171',
        (SELECT "ID_Combustivel" FROM public."COMBUSTIVEL" WHERE "Nome" = 'GASOLINA COMUM'))
ON CONFLICT DO NOTHING;


INSERT INTO public."PRECO_COLETADO" ("Preco", "UnidadeMedida", "DataColeta", "PostoCNPJ", "CombustivelID")
VALUES (4.990, 'R$ / litro', '2022-11-14', '5904268000171',
        (SELECT "ID_Combustivel" FROM public."COMBUSTIVEL" WHERE "Nome" = 'GASOLINA COMUM'))
ON CONFLICT DO NOTHING;


INSERT INTO public."PRECO_COLETADO" ("Preco", "UnidadeMedida", "DataColeta", "PostoCNPJ", "CombustivelID")
VALUES (4.990, 'R$ / litro', '2022-11-22', '5904268000171',
        (SELECT "ID_Combustivel" FROM public."COMBUSTIVEL" WHERE "Nome" = 'GASOLINA COMUM'))
ON CONFLICT DO NOTHING;


INSERT INTO public."PRECO_COLETADO" ("Preco", "UnidadeMedida", "DataColeta", "PostoCNPJ", "CombustivelID")
VALUES (4.990, 'R$ / litro', '2022-12-05', '5904268000171',
        (SELECT "ID_Combustivel" FROM public."COMBUSTIVEL" WHERE "Nome" = 'GASOLINA COMUM'))
ON CONFLICT DO NOTHING;


INSERT INTO public."PRECO_COLETADO" ("Preco", "UnidadeMedida", "DataColeta", "PostoCNPJ", "CombustivelID")
VALUES (4.990, 'R$ / litro', '2022-12-12', '5904268000171',
        (SELECT "ID_Combustivel" FROM public."COMBUSTIVEL" WHERE "Nome" = 'GASOLINA COMUM'))
ON CONFLICT DO NOTHING;


INSERT INTO public."PRECO_COLETADO" ("Preco", "UnidadeMedida", "DataColeta", "PostoCNPJ", "CombustivelID")
VALUES (4.880, 'R$ / litro', '2022-12-22', '5904268000171',
        (SELECT "ID_Combustivel" FROM public."COMBUSTIVEL" WHERE "Nome" = 'GASOLINA COMUM'))
ON CONFLICT DO NOTHING;


INSERT INTO public."PRECO_COLETADO" ("Preco", "UnidadeMedida", "DataColeta", "PostoCNPJ", "CombustivelID")
VALUES (4.880, 'R$ / litro', '2022-12-26', '5904268000171',
        (SELECT "ID_Combustivel" FROM public."COMBUSTIVEL" WHERE "Nome" = 'GASOLINA COMUM'))
ON CONFLICT DO NOTHING;


INSERT INTO public."PRECO_COLETADO" ("Preco", "UnidadeMedida", "DataColeta", "PostoCNPJ", "CombustivelID")
VALUES (4.880, 'R$ / litro', '2023-01-03', '5904268000171',
        (SELECT "ID_Combustivel" FROM public."COMBUSTIVEL" WHERE "Nome" = 'GASOLINA COMUM'))
ON CONFLICT DO NOTHING;


INSERT INTO public."PRECO_COLETADO" ("Preco", "UnidadeMedida", "DataColeta", "PostoCNPJ", "CombustivelID")
VALUES (4.890, 'R$ / litro', '2023-01-16', '5904268000171',
        (SELECT "ID_Combustivel" FROM public."COMBUSTIVEL" WHERE "Nome" = 'GASOLINA COMUM'))
ON CONFLICT DO NOTHING;


INSERT INTO public."PRECO_COLETADO" ("Preco", "UnidadeMedida", "DataColeta", "PostoCNPJ", "CombustivelID")
VALUES (4.950, 'R$ / litro', '2023-02-06', '5904268000171',
        (SELECT "ID_Combustivel" FROM public."COMBUSTIVEL" WHERE "Nome" = 'GASOLINA COMUM'))
ON CONFLICT DO NOTHING;


INSERT INTO public."PRECO_COLETADO" ("Preco", "UnidadeMedida", "DataColeta", "PostoCNPJ", "CombustivelID")
VALUES (4.950, 'R$ / litro', '2023-02-20', '5904268000171',
        (SELECT "ID_Combustivel" FROM public."COMBUSTIVEL" WHERE "Nome" = 'GASOLINA COMUM'))
ON CONFLICT DO NOTHING;


INSERT INTO public."PRECO_COLETADO" ("Preco", "UnidadeMedida", "DataColeta", "PostoCNPJ", "CombustivelID")
VALUES (5.490, 'R$ / litro', '2023-03-06', '5904268000171',
        (SELECT "ID_Combustivel" FROM public."COMBUSTIVEL" WHERE "Nome" = 'GASOLINA COMUM'))
ON CONFLICT DO NOTHING;


INSERT INTO public."PRECO_COLETADO" ("Preco", "UnidadeMedida", "DataColeta", "PostoCNPJ", "CombustivelID")
VALUES (5.490, 'R$ / litro', '2023-03-16', '5904268000171',
        (SELECT "ID_Combustivel" FROM public."COMBUSTIVEL" WHERE "Nome" = 'GASOLINA COMUM'))
ON CONFLICT DO NOTHING;


INSERT INTO public."PRECO_COLETADO" ("Preco", "UnidadeMedida", "DataColeta", "PostoCNPJ", "CombustivelID")
VALUES (5.390, 'R$ / litro', '2023-03-21', '5904268000171',
        (SELECT "ID_Combustivel" FROM public."COMBUSTIVEL" WHERE "Nome" = 'GASOLINA COMUM'))
ON CONFLICT DO NOTHING;


INSERT INTO public."PRECO_COLETADO" ("Preco", "UnidadeMedida", "DataColeta", "PostoCNPJ", "CombustivelID")
VALUES (5.350, 'R$ / litro', '2023-03-27', '5904268000171',
        (SELECT "ID_Combustivel" FROM public."COMBUSTIVEL" WHERE "Nome" = 'GASOLINA COMUM'))
ON CONFLICT DO NOTHING;


INSERT INTO public."PRECO_COLETADO" ("Preco", "UnidadeMedida", "DataColeta", "PostoCNPJ", "CombustivelID")
VALUES (5.290, 'R$ / litro', '2023-04-05', '5904268000171',
        (SELECT "ID_Combustivel" FROM public."COMBUSTIVEL" WHERE "Nome" = 'GASOLINA COMUM'))
ON CONFLICT DO NOTHING;


INSERT INTO public."PRECO_COLETADO" ("Preco", "UnidadeMedida", "DataColeta", "PostoCNPJ", "CombustivelID")
VALUES (5.290, 'R$ / litro', '2023-04-11', '5904268000171',
        (SELECT "ID_Combustivel" FROM public."COMBUSTIVEL" WHERE "Nome" = 'GASOLINA COMUM'))
ON CONFLICT DO NOTHING;


INSERT INTO public."PRECO_COLETADO" ("Preco", "UnidadeMedida", "DataColeta", "PostoCNPJ", "CombustivelID")
VALUES (5.490, 'R$ / litro', '2023-04-17', '5904268000171',
        (SELECT "ID_Combustivel" FROM public."COMBUSTIVEL" WHERE "Nome" = 'GASOLINA COMUM'))
ON CONFLICT DO NOTHING;


INSERT INTO public."PRECO_COLETADO" ("Preco", "UnidadeMedida", "DataColeta", "PostoCNPJ", "CombustivelID")
VALUES (5.290, 'R$ / litro', '2023-04-24', '5904268000171',
        (SELECT "ID_Combustivel" FROM public."COMBUSTIVEL" WHERE "Nome" = 'GASOLINA COMUM'))
ON CONFLICT DO NOTHING;


INSERT INTO public."PRECO_COLETADO" ("Preco", "UnidadeMedida", "DataColeta", "PostoCNPJ", "CombustivelID")
VALUES (5.290, 'R$ / litro', '2023-05-03', '5904268000171',
        (SELECT "ID_Combustivel" FROM public."COMBUSTIVEL" WHERE "Nome" = 'GASOLINA COMUM'))
ON CONFLICT DO NOTHING;


INSERT INTO public."PRECO_COLETADO" ("Preco", "UnidadeMedida", "DataColeta", "PostoCNPJ", "CombustivelID")
VALUES (5.290, 'R$ / litro', '2023-05-15', '5904268000171',
        (SELECT "ID_Combustivel" FROM public."COMBUSTIVEL" WHERE "Nome" = 'GASOLINA COMUM'))
ON CONFLICT DO NOTHING;


INSERT INTO public."PRECO_COLETADO" ("Preco", "UnidadeMedida", "DataColeta", "PostoCNPJ", "CombustivelID")
VALUES (5.070, 'R$ / litro', '2023-05-23', '5904268000171',
        (SELECT "ID_Combustivel" FROM public."COMBUSTIVEL" WHERE "Nome" = 'GASOLINA COMUM'))
ON CONFLICT DO NOTHING;


INSERT INTO public."PRECO_COLETADO" ("Preco", "UnidadeMedida", "DataColeta", "PostoCNPJ", "CombustivelID")
VALUES (5.490, 'R$ / litro', '2023-06-05', '5904268000171',
        (SELECT "ID_Combustivel" FROM public."COMBUSTIVEL" WHERE "Nome" = 'GASOLINA COMUM'))
ON CONFLICT DO NOTHING;


INSERT INTO public."PRECO_COLETADO" ("Preco", "UnidadeMedida", "DataColeta", "PostoCNPJ", "CombustivelID")
VALUES (5.390, 'R$ / litro', '2023-06-13', '5904268000171',
        (SELECT "ID_Combustivel" FROM public."COMBUSTIVEL" WHERE "Nome" = 'GASOLINA COMUM'))
ON CONFLICT DO NOTHING;


INSERT INTO public."PRECO_COLETADO" ("Preco", "UnidadeMedida", "DataColeta", "PostoCNPJ", "CombustivelID")
VALUES (5.290, 'R$ / litro', '2023-06-20', '5904268000171',
        (SELECT "ID_Combustivel" FROM public."COMBUSTIVEL" WHERE "Nome" = 'GASOLINA COMUM'))
ON CONFLICT DO NOTHING;


INSERT INTO public."PRECO_COLETADO" ("Preco", "UnidadeMedida", "DataColeta", "PostoCNPJ", "CombustivelID")
VALUES (5.690, 'R$ / litro', '2023-07-17', '5904268000171',
        (SELECT "ID_Combustivel" FROM public."COMBUSTIVEL" WHERE "Nome" = 'GASOLINA COMUM'))
ON CONFLICT DO NOTHING;


INSERT INTO public."PRECO_COLETADO" ("Preco", "UnidadeMedida", "DataColeta", "PostoCNPJ", "CombustivelID")
VALUES (5.290, 'R$ / litro', '2023-08-07', '5904268000171',
        (SELECT "ID_Combustivel" FROM public."COMBUSTIVEL" WHERE "Nome" = 'GASOLINA COMUM'))
ON CONFLICT DO NOTHING;


INSERT INTO public."PRECO_COLETADO" ("Preco", "UnidadeMedida", "DataColeta", "PostoCNPJ", "CombustivelID")
VALUES (5.490, 'R$ / litro', '2023-08-30', '5904268000171',
        (SELECT "ID_Combustivel" FROM public."COMBUSTIVEL" WHERE "Nome" = 'GASOLINA COMUM'))
ON CONFLICT DO NOTHING;


INSERT INTO public."PRECO_COLETADO" ("Preco", "UnidadeMedida", "DataColeta", "PostoCNPJ", "CombustivelID")
VALUES (5.590, 'R$ / litro', '2023-09-07', '5904268000171',
        (SELECT "ID_Combustivel" FROM public."COMBUSTIVEL" WHERE "Nome" = 'GASOLINA COMUM'))
ON CONFLICT DO NOTHING;


INSERT INTO public."PRECO_COLETADO" ("Preco", "UnidadeMedida", "DataColeta", "PostoCNPJ", "CombustivelID")
VALUES (5.490, 'R$ / litro', '2023-09-19', '5904268000171',
        (SELECT "ID_Combustivel" FROM public."COMBUSTIVEL" WHERE "Nome" = 'GASOLINA COMUM'))
ON CONFLICT DO NOTHING;


INSERT INTO public."PRECO_COLETADO" ("Preco", "UnidadeMedida", "DataColeta", "PostoCNPJ", "CombustivelID")
VALUES (5.790, 'R$ / litro', '2023-09-26', '5904268000171',
        (SELECT "ID_Combustivel" FROM public."COMBUSTIVEL" WHERE "Nome" = 'GASOLINA COMUM'))
ON CONFLICT DO NOTHING;


INSERT INTO public."PRECO_COLETADO" ("Preco", "UnidadeMedida", "DataColeta", "PostoCNPJ", "CombustivelID")
VALUES (5.690, 'R$ / litro', '2023-10-03', '5904268000171',
        (SELECT "ID_Combustivel" FROM public."COMBUSTIVEL" WHERE "Nome" = 'GASOLINA COMUM'))
ON CONFLICT DO NOTHING;


INSERT INTO public."PRECO_COLETADO" ("Preco", "UnidadeMedida", "DataColeta", "PostoCNPJ", "CombustivelID")
VALUES (5.640, 'R$ / litro', '2023-10-16', '5904268000171',
        (SELECT "ID_Combustivel" FROM public."COMBUSTIVEL" WHERE "Nome" = 'GASOLINA COMUM'))
ON CONFLICT DO NOTHING;


INSERT INTO public."PRECO_COLETADO" ("Preco", "UnidadeMedida", "DataColeta", "PostoCNPJ", "CombustivelID")
VALUES (5.480, 'R$ / litro', '2023-10-24', '5904268000171',
        (SELECT "ID_Combustivel" FROM public."COMBUSTIVEL" WHERE "Nome" = 'GASOLINA COMUM'))
ON CONFLICT DO NOTHING;


INSERT INTO public."PRECO_COLETADO" ("Preco", "UnidadeMedida", "DataColeta", "PostoCNPJ", "CombustivelID")
VALUES (5.480, 'R$ / litro', '2023-11-07', '5904268000171',
        (SELECT "ID_Combustivel" FROM public."COMBUSTIVEL" WHERE "Nome" = 'GASOLINA COMUM'))
ON CONFLICT DO NOTHING;


INSERT INTO public."PRECO_COLETADO" ("Preco", "UnidadeMedida", "DataColeta", "PostoCNPJ", "CombustivelID")
VALUES (5.690, 'R$ / litro', '2023-11-21', '5904268000171',
        (SELECT "ID_Combustivel" FROM public."COMBUSTIVEL" WHERE "Nome" = 'GASOLINA COMUM'))
ON CONFLICT DO NOTHING;


INSERT INTO public."PRECO_COLETADO" ("Preco", "UnidadeMedida", "DataColeta", "PostoCNPJ", "CombustivelID")
VALUES (5.590, 'R$ / litro', '2023-11-28', '5904268000171',
        (SELECT "ID_Combustivel" FROM public."COMBUSTIVEL" WHERE "Nome" = 'GASOLINA COMUM'))
ON CONFLICT DO NOTHING;


INSERT INTO public."PRECO_COLETADO" ("Preco", "UnidadeMedida", "DataColeta", "PostoCNPJ", "CombustivelID")
VALUES (5.380, 'R$ / litro', '2023-12-20', '5904268000171',
        (SELECT "ID_Combustivel" FROM public."COMBUSTIVEL" WHERE "Nome" = 'GASOLINA COMUM'))
ON CONFLICT DO NOTHING;


INSERT INTO public."PRECO_COLETADO" ("Preco", "UnidadeMedida", "DataColeta", "PostoCNPJ", "CombustivelID")
VALUES (5.290, 'R$ / litro', '2024-01-05', '5904268000171',
        (SELECT "ID_Combustivel" FROM public."COMBUSTIVEL" WHERE "Nome" = 'GASOLINA COMUM'))
ON CONFLICT DO NOTHING;


INSERT INTO public."PRECO_COLETADO" ("Preco", "UnidadeMedida", "DataColeta", "PostoCNPJ", "CombustivelID")
VALUES (5.290, 'R$ / litro', '2024-01-08', '5904268000171',
        (SELECT "ID_Combustivel" FROM public."COMBUSTIVEL" WHERE "Nome" = 'GASOLINA COMUM'))
ON CONFLICT DO NOTHING;


INSERT INTO public."PRECO_COLETADO" ("Preco", "UnidadeMedida", "DataColeta", "PostoCNPJ", "CombustivelID")
VALUES (5.290, 'R$ / litro', '2024-01-15', '5904268000171',
        (SELECT "ID_Combustivel" FROM public."COMBUSTIVEL" WHERE "Nome" = 'GASOLINA COMUM'))
ON CONFLICT DO NOTHING;


INSERT INTO public."PRECO_COLETADO" ("Preco", "UnidadeMedida", "DataColeta", "PostoCNPJ", "CombustivelID")
VALUES (5.190, 'R$ / litro', '2024-01-22', '5904268000171',
        (SELECT "ID_Combustivel" FROM public."COMBUSTIVEL" WHERE "Nome" = 'GASOLINA COMUM'))
ON CONFLICT DO NOTHING;


INSERT INTO public."PRECO_COLETADO" ("Preco", "UnidadeMedida", "DataColeta", "PostoCNPJ", "CombustivelID")
VALUES (5.190, 'R$ / litro', '2024-01-29', '5904268000171',
        (SELECT "ID_Combustivel" FROM public."COMBUSTIVEL" WHERE "Nome" = 'GASOLINA COMUM'))
ON CONFLICT DO NOTHING;


INSERT INTO public."PRECO_COLETADO" ("Preco", "UnidadeMedida", "DataColeta", "PostoCNPJ", "CombustivelID")
VALUES (5.690, 'R$ / litro', '2024-02-05', '5904268000171',
        (SELECT "ID_Combustivel" FROM public."COMBUSTIVEL" WHERE "Nome" = 'GASOLINA COMUM'))
ON CONFLICT DO NOTHING;


INSERT INTO public."PRECO_COLETADO" ("Preco", "UnidadeMedida", "DataColeta", "PostoCNPJ", "CombustivelID")
VALUES (5.690, 'R$ / litro', '2024-02-12', '5904268000171',
        (SELECT "ID_Combustivel" FROM public."COMBUSTIVEL" WHERE "Nome" = 'GASOLINA COMUM'))
ON CONFLICT DO NOTHING;


INSERT INTO public."PRECO_COLETADO" ("Preco", "UnidadeMedida", "DataColeta", "PostoCNPJ", "CombustivelID")
VALUES (5.590, 'R$ / litro', '2024-02-19', '5904268000171',
        (SELECT "ID_Combustivel" FROM public."COMBUSTIVEL" WHERE "Nome" = 'GASOLINA COMUM'))
ON CONFLICT DO NOTHING;


INSERT INTO public."PRECO_COLETADO" ("Preco", "UnidadeMedida", "DataColeta", "PostoCNPJ", "CombustivelID")
VALUES (5.390, 'R$ / litro', '2024-02-26', '5904268000171',
        (SELECT "ID_Combustivel" FROM public."COMBUSTIVEL" WHERE "Nome" = 'GASOLINA COMUM'))
ON CONFLICT DO NOTHING;


INSERT INTO public."PRECO_COLETADO" ("Preco", "UnidadeMedida", "DataColeta", "PostoCNPJ", "CombustivelID")
VALUES (5.390, 'R$ / litro', '2024-03-04', '5904268000171',
        (SELECT "ID_Combustivel" FROM public."COMBUSTIVEL" WHERE "Nome" = 'GASOLINA COMUM'))
ON CONFLICT DO NOTHING;


INSERT INTO public."PRECO_COLETADO" ("Preco", "UnidadeMedida", "DataColeta", "PostoCNPJ", "CombustivelID")
VALUES (5.590, 'R$ / litro', '2024-03-11', '5904268000171',
        (SELECT "ID_Combustivel" FROM public."COMBUSTIVEL" WHERE "Nome" = 'GASOLINA COMUM'))
ON CONFLICT DO NOTHING;


INSERT INTO public."PRECO_COLETADO" ("Preco", "UnidadeMedida", "DataColeta", "PostoCNPJ", "CombustivelID")
VALUES (5.590, 'R$ / litro', '2024-03-18', '5904268000171',
        (SELECT "ID_Combustivel" FROM public."COMBUSTIVEL" WHERE "Nome" = 'GASOLINA COMUM'))
ON CONFLICT DO NOTHING;


INSERT INTO public."PRECO_COLETADO" ("Preco", "UnidadeMedida", "DataColeta", "PostoCNPJ", "CombustivelID")
VALUES (5.460, 'R$ / litro', '2024-04-08', '5904268000171',
        (SELECT "ID_Combustivel" FROM public."COMBUSTIVEL" WHERE "Nome" = 'GASOLINA COMUM'))
ON CONFLICT DO NOTHING;


INSERT INTO public."PRECO_COLETADO" ("Preco", "UnidadeMedida", "DataColeta", "PostoCNPJ", "CombustivelID")
VALUES (5.460, 'R$ / litro', '2024-04-15', '5904268000171',
        (SELECT "ID_Combustivel" FROM public."COMBUSTIVEL" WHERE "Nome" = 'GASOLINA COMUM'))
ON CONFLICT DO NOTHING;


INSERT INTO public."PRECO_COLETADO" ("Preco", "UnidadeMedida", "DataColeta", "PostoCNPJ", "CombustivelID")
VALUES (5.460, 'R$ / litro', '2024-04-22', '5904268000171',
        (SELECT "ID_Combustivel" FROM public."COMBUSTIVEL" WHERE "Nome" = 'GASOLINA COMUM'))
ON CONFLICT DO NOTHING;


INSERT INTO public."PRECO_COLETADO" ("Preco", "UnidadeMedida", "DataColeta", "PostoCNPJ", "CombustivelID")
VALUES (5.890, 'R$ / litro', '2024-04-29', '5904268000171',
        (SELECT "ID_Combustivel" FROM public."COMBUSTIVEL" WHERE "Nome" = 'GASOLINA COMUM'))
ON CONFLICT DO NOTHING;


INSERT INTO public."PRECO_COLETADO" ("Preco", "UnidadeMedida", "DataColeta", "PostoCNPJ", "CombustivelID")
VALUES (5.890, 'R$ / litro', '2024-05-06', '5904268000171',
        (SELECT "ID_Combustivel" FROM public."COMBUSTIVEL" WHERE "Nome" = 'GASOLINA COMUM'))
ON CONFLICT DO NOTHING;


INSERT INTO public."PRECO_COLETADO" ("Preco", "UnidadeMedida", "DataColeta", "PostoCNPJ", "CombustivelID")
VALUES (5.890, 'R$ / litro', '2024-05-13', '5904268000171',
        (SELECT "ID_Combustivel" FROM public."COMBUSTIVEL" WHERE "Nome" = 'GASOLINA COMUM'))
ON CONFLICT DO NOTHING;


INSERT INTO public."PRECO_COLETADO" ("Preco", "UnidadeMedida", "DataColeta", "PostoCNPJ", "CombustivelID")
VALUES (5.790, 'R$ / litro', '2024-05-20', '5904268000171',
        (SELECT "ID_Combustivel" FROM public."COMBUSTIVEL" WHERE "Nome" = 'GASOLINA COMUM'))
ON CONFLICT DO NOTHING;


INSERT INTO public."PRECO_COLETADO" ("Preco", "UnidadeMedida", "DataColeta", "PostoCNPJ", "CombustivelID")
VALUES (5.790, 'R$ / litro', '2024-05-27', '5904268000171',
        (SELECT "ID_Combustivel" FROM public."COMBUSTIVEL" WHERE "Nome" = 'GASOLINA COMUM'))
ON CONFLICT DO NOTHING;


INSERT INTO public."PRECO_COLETADO" ("Preco", "UnidadeMedida", "DataColeta", "PostoCNPJ", "CombustivelID")
VALUES (5.790, 'R$ / litro', '2024-06-03', '5904268000171',
        (SELECT "ID_Combustivel" FROM public."COMBUSTIVEL" WHERE "Nome" = 'GASOLINA COMUM'))
ON CONFLICT DO NOTHING;


INSERT INTO public."PRECO_COLETADO" ("Preco", "UnidadeMedida", "DataColeta", "PostoCNPJ", "CombustivelID")
VALUES (5.790, 'R$ / litro', '2024-06-17', '5904268000171',
        (SELECT "ID_Combustivel" FROM public."COMBUSTIVEL" WHERE "Nome" = 'GASOLINA COMUM'))
ON CONFLICT DO NOTHING;


INSERT INTO public."PRECO_COLETADO" ("Preco", "UnidadeMedida", "DataColeta", "PostoCNPJ", "CombustivelID")
VALUES (5.790, 'R$ / litro', '2024-06-24', '5904268000171',
        (SELECT "ID_Combustivel" FROM public."COMBUSTIVEL" WHERE "Nome" = 'GASOLINA COMUM'))
ON CONFLICT DO NOTHING;


INSERT INTO public."PRECO_COLETADO" ("Preco", "UnidadeMedida", "DataColeta", "PostoCNPJ", "CombustivelID")
VALUES (5.790, 'R$ / litro', '2024-07-01', '5904268000171',
        (SELECT "ID_Combustivel" FROM public."COMBUSTIVEL" WHERE "Nome" = 'GASOLINA COMUM'))
ON CONFLICT DO NOTHING;


INSERT INTO public."PRECO_COLETADO" ("Preco", "UnidadeMedida", "DataColeta", "PostoCNPJ", "CombustivelID")
VALUES (5.990, 'R$ / litro', '2024-07-09', '5904268000171',
        (SELECT "ID_Combustivel" FROM public."COMBUSTIVEL" WHERE "Nome" = 'GASOLINA COMUM'))
ON CONFLICT DO NOTHING;


INSERT INTO public."PRECO_COLETADO" ("Preco", "UnidadeMedida", "DataColeta", "PostoCNPJ", "CombustivelID")
VALUES (6.190, 'R$ / litro', '2024-07-16', '5904268000171',
        (SELECT "ID_Combustivel" FROM public."COMBUSTIVEL" WHERE "Nome" = 'GASOLINA COMUM'))
ON CONFLICT DO NOTHING;


INSERT INTO public."PRECO_COLETADO" ("Preco", "UnidadeMedida", "DataColeta", "PostoCNPJ", "CombustivelID")
VALUES (6.150, 'R$ / litro', '2024-07-22', '5904268000171',
        (SELECT "ID_Combustivel" FROM public."COMBUSTIVEL" WHERE "Nome" = 'GASOLINA COMUM'))
ON CONFLICT DO NOTHING;


INSERT INTO public."PRECO_COLETADO" ("Preco", "UnidadeMedida", "DataColeta", "PostoCNPJ", "CombustivelID")
VALUES (6.150, 'R$ / litro', '2024-07-29', '5904268000171',
        (SELECT "ID_Combustivel" FROM public."COMBUSTIVEL" WHERE "Nome" = 'GASOLINA COMUM'))
ON CONFLICT DO NOTHING;


INSERT INTO public."PRECO_COLETADO" ("Preco", "UnidadeMedida", "DataColeta", "PostoCNPJ", "CombustivelID")
VALUES (6.090, 'R$ / litro', '2024-08-05', '5904268000171',
        (SELECT "ID_Combustivel" FROM public."COMBUSTIVEL" WHERE "Nome" = 'GASOLINA COMUM'))
ON CONFLICT DO NOTHING;


INSERT INTO public."PRECO_COLETADO" ("Preco", "UnidadeMedida", "DataColeta", "PostoCNPJ", "CombustivelID")
VALUES (6.090, 'R$ / litro', '2024-08-12', '5904268000171',
        (SELECT "ID_Combustivel" FROM public."COMBUSTIVEL" WHERE "Nome" = 'GASOLINA COMUM'))
ON CONFLICT DO NOTHING;


INSERT INTO public."PRECO_COLETADO" ("Preco", "UnidadeMedida", "DataColeta", "PostoCNPJ", "CombustivelID")
VALUES (6.090, 'R$ / litro', '2024-08-20', '5904268000171',
        (SELECT "ID_Combustivel" FROM public."COMBUSTIVEL" WHERE "Nome" = 'GASOLINA COMUM'))
ON CONFLICT DO NOTHING;


INSERT INTO public."PRECO_COLETADO" ("Preco", "UnidadeMedida", "DataColeta", "PostoCNPJ", "CombustivelID")
VALUES (6.090, 'R$ / litro', '2024-08-26', '5904268000171',
        (SELECT "ID_Combustivel" FROM public."COMBUSTIVEL" WHERE "Nome" = 'GASOLINA COMUM'))
ON CONFLICT DO NOTHING;


INSERT INTO public."PRECO_COLETADO" ("Preco", "UnidadeMedida", "DataColeta", "PostoCNPJ", "CombustivelID")
VALUES (6.090, 'R$ / litro', '2024-09-02', '5904268000171',
        (SELECT "ID_Combustivel" FROM public."COMBUSTIVEL" WHERE "Nome" = 'GASOLINA COMUM'))
ON CONFLICT DO NOTHING;


INSERT INTO public."POSTO" ("CNPJ", "RazaoSocial", "NomeFantasia", "Bandeira", "Logradouro", "Numero", "Bairro", "Cidade", "Estado", "CEP")
VALUES ('4145589001149', 'ARARA AZUL REDE DE POSTOS LTDA.', 'POSTO ARARA AZUL', 'RAIZEN', 'AVENIDA FRANCISCO LACERDA AQUIAR', '530', 'ITAPARICA', 'VILA VELHA', 'ESPIRITO SANTO', '29102022')
ON CONFLICT ("CNPJ") DO NOTHING;


INSERT INTO public."COMBUSTIVEL" ("Nome")
VALUES ('ETANOL')
ON CONFLICT ("Nome") DO NOTHING;


INSERT INTO public."PRECO_COLETADO" ("Preco", "UnidadeMedida", "DataColeta", "PostoCNPJ", "CombustivelID")
VALUES (4.190, 'R$ / litro', '2022-10-24', '4145589001149',
        (SELECT "ID_Combustivel" FROM public."COMBUSTIVEL" WHERE "Nome" = 'ETANOL'))
ON CONFLICT DO NOTHING;


INSERT INTO public."PRECO_COLETADO" ("Preco", "UnidadeMedida", "DataColeta", "PostoCNPJ", "CombustivelID")
VALUES (4.190, 'R$ / litro', '2022-10-31', '4145589001149',
        (SELECT "ID_Combustivel" FROM public."COMBUSTIVEL" WHERE "Nome" = 'ETANOL'))
ON CONFLICT DO NOTHING;


INSERT INTO public."PRECO_COLETADO" ("Preco", "UnidadeMedida", "DataColeta", "PostoCNPJ", "CombustivelID")
VALUES (4.490, 'R$ / litro', '2022-11-14', '4145589001149',
        (SELECT "ID_Combustivel" FROM public."COMBUSTIVEL" WHERE "Nome" = 'ETANOL'))
ON CONFLICT DO NOTHING;


INSERT INTO public."PRECO_COLETADO" ("Preco", "UnidadeMedida", "DataColeta", "PostoCNPJ", "CombustivelID")
VALUES (4.490, 'R$ / litro', '2022-11-22', '4145589001149',
        (SELECT "ID_Combustivel" FROM public."COMBUSTIVEL" WHERE "Nome" = 'ETANOL'))
ON CONFLICT DO NOTHING;


INSERT INTO public."PRECO_COLETADO" ("Preco", "UnidadeMedida", "DataColeta", "PostoCNPJ", "CombustivelID")
VALUES (4.490, 'R$ / litro', '2022-12-05', '4145589001149',
        (SELECT "ID_Combustivel" FROM public."COMBUSTIVEL" WHERE "Nome" = 'ETANOL'))
ON CONFLICT DO NOTHING;


INSERT INTO public."PRECO_COLETADO" ("Preco", "UnidadeMedida", "DataColeta", "PostoCNPJ", "CombustivelID")
VALUES (4.490, 'R$ / litro', '2022-12-12', '4145589001149',
        (SELECT "ID_Combustivel" FROM public."COMBUSTIVEL" WHERE "Nome" = 'ETANOL'))
ON CONFLICT DO NOTHING;


INSERT INTO public."PRECO_COLETADO" ("Preco", "UnidadeMedida", "DataColeta", "PostoCNPJ", "CombustivelID")
VALUES (4.290, 'R$ / litro', '2022-12-22', '4145589001149',
        (SELECT "ID_Combustivel" FROM public."COMBUSTIVEL" WHERE "Nome" = 'ETANOL'))
ON CONFLICT DO NOTHING;


INSERT INTO public."PRECO_COLETADO" ("Preco", "UnidadeMedida", "DataColeta", "PostoCNPJ", "CombustivelID")
VALUES (4.290, 'R$ / litro', '2022-12-26', '4145589001149',
        (SELECT "ID_Combustivel" FROM public."COMBUSTIVEL" WHERE "Nome" = 'ETANOL'))
ON CONFLICT DO NOTHING;


INSERT INTO public."PRECO_COLETADO" ("Preco", "UnidadeMedida", "DataColeta", "PostoCNPJ", "CombustivelID")
VALUES (4.290, 'R$ / litro', '2023-01-02', '4145589001149',
        (SELECT "ID_Combustivel" FROM public."COMBUSTIVEL" WHERE "Nome" = 'ETANOL'))
ON CONFLICT DO NOTHING;


INSERT INTO public."PRECO_COLETADO" ("Preco", "UnidadeMedida", "DataColeta", "PostoCNPJ", "CombustivelID")
VALUES (4.290, 'R$ / litro', '2023-01-09', '4145589001149',
        (SELECT "ID_Combustivel" FROM public."COMBUSTIVEL" WHERE "Nome" = 'ETANOL'))
ON CONFLICT DO NOTHING;


INSERT INTO public."PRECO_COLETADO" ("Preco", "UnidadeMedida", "DataColeta", "PostoCNPJ", "CombustivelID")
VALUES (4.290, 'R$ / litro', '2023-01-16', '4145589001149',
        (SELECT "ID_Combustivel" FROM public."COMBUSTIVEL" WHERE "Nome" = 'ETANOL'))
ON CONFLICT DO NOTHING;


INSERT INTO public."PRECO_COLETADO" ("Preco", "UnidadeMedida", "DataColeta", "PostoCNPJ", "CombustivelID")
VALUES (4.170, 'R$ / litro', '2023-01-23', '4145589001149',
        (SELECT "ID_Combustivel" FROM public."COMBUSTIVEL" WHERE "Nome" = 'ETANOL'))
ON CONFLICT DO NOTHING;


INSERT INTO public."PRECO_COLETADO" ("Preco", "UnidadeMedida", "DataColeta", "PostoCNPJ", "CombustivelID")
VALUES (4.170, 'R$ / litro', '2023-01-30', '4145589001149',
        (SELECT "ID_Combustivel" FROM public."COMBUSTIVEL" WHERE "Nome" = 'ETANOL'))
ON CONFLICT DO NOTHING;


INSERT INTO public."PRECO_COLETADO" ("Preco", "UnidadeMedida", "DataColeta", "PostoCNPJ", "CombustivelID")
VALUES (4.170, 'R$ / litro', '2023-02-06', '4145589001149',
        (SELECT "ID_Combustivel" FROM public."COMBUSTIVEL" WHERE "Nome" = 'ETANOL'))
ON CONFLICT DO NOTHING;


INSERT INTO public."PRECO_COLETADO" ("Preco", "UnidadeMedida", "DataColeta", "PostoCNPJ", "CombustivelID")
VALUES (4.170, 'R$ / litro', '2023-02-13', '4145589001149',
        (SELECT "ID_Combustivel" FROM public."COMBUSTIVEL" WHERE "Nome" = 'ETANOL'))
ON CONFLICT DO NOTHING;


INSERT INTO public."PRECO_COLETADO" ("Preco", "UnidadeMedida", "DataColeta", "PostoCNPJ", "CombustivelID")
VALUES (4.170, 'R$ / litro', '2023-02-20', '4145589001149',
        (SELECT "ID_Combustivel" FROM public."COMBUSTIVEL" WHERE "Nome" = 'ETANOL'))
ON CONFLICT DO NOTHING;


INSERT INTO public."PRECO_COLETADO" ("Preco", "UnidadeMedida", "DataColeta", "PostoCNPJ", "CombustivelID")
VALUES (4.380, 'R$ / litro', '2023-02-27', '4145589001149',
        (SELECT "ID_Combustivel" FROM public."COMBUSTIVEL" WHERE "Nome" = 'ETANOL'))
ON CONFLICT DO NOTHING;


INSERT INTO public."PRECO_COLETADO" ("Preco", "UnidadeMedida", "DataColeta", "PostoCNPJ", "CombustivelID")
VALUES (4.490, 'R$ / litro', '2023-03-06', '4145589001149',
        (SELECT "ID_Combustivel" FROM public."COMBUSTIVEL" WHERE "Nome" = 'ETANOL'))
ON CONFLICT DO NOTHING;


INSERT INTO public."PRECO_COLETADO" ("Preco", "UnidadeMedida", "DataColeta", "PostoCNPJ", "CombustivelID")
VALUES (4.490, 'R$ / litro', '2023-03-16', '4145589001149',
        (SELECT "ID_Combustivel" FROM public."COMBUSTIVEL" WHERE "Nome" = 'ETANOL'))
ON CONFLICT DO NOTHING;


INSERT INTO public."PRECO_COLETADO" ("Preco", "UnidadeMedida", "DataColeta", "PostoCNPJ", "CombustivelID")
VALUES (4.490, 'R$ / litro', '2023-03-21', '4145589001149',
        (SELECT "ID_Combustivel" FROM public."COMBUSTIVEL" WHERE "Nome" = 'ETANOL'))
ON CONFLICT DO NOTHING;


INSERT INTO public."PRECO_COLETADO" ("Preco", "UnidadeMedida", "DataColeta", "PostoCNPJ", "CombustivelID")
VALUES (4.490, 'R$ / litro', '2023-03-27', '4145589001149',
        (SELECT "ID_Combustivel" FROM public."COMBUSTIVEL" WHERE "Nome" = 'ETANOL'))
ON CONFLICT DO NOTHING;


INSERT INTO public."PRECO_COLETADO" ("Preco", "UnidadeMedida", "DataColeta", "PostoCNPJ", "CombustivelID")
VALUES (4.490, 'R$ / litro', '2023-04-04', '4145589001149',
        (SELECT "ID_Combustivel" FROM public."COMBUSTIVEL" WHERE "Nome" = 'ETANOL'))
ON CONFLICT DO NOTHING;


INSERT INTO public."PRECO_COLETADO" ("Preco", "UnidadeMedida", "DataColeta", "PostoCNPJ", "CombustivelID")
VALUES (4.490, 'R$ / litro', '2023-04-24', '4145589001149',
        (SELECT "ID_Combustivel" FROM public."COMBUSTIVEL" WHERE "Nome" = 'ETANOL'))
ON CONFLICT DO NOTHING;


INSERT INTO public."PRECO_COLETADO" ("Preco", "UnidadeMedida", "DataColeta", "PostoCNPJ", "CombustivelID")
VALUES (4.690, 'R$ / litro', '2023-05-02', '4145589001149',
        (SELECT "ID_Combustivel" FROM public."COMBUSTIVEL" WHERE "Nome" = 'ETANOL'))
ON CONFLICT DO NOTHING;


INSERT INTO public."PRECO_COLETADO" ("Preco", "UnidadeMedida", "DataColeta", "PostoCNPJ", "CombustivelID")
VALUES (4.690, 'R$ / litro', '2023-05-09', '4145589001149',
        (SELECT "ID_Combustivel" FROM public."COMBUSTIVEL" WHERE "Nome" = 'ETANOL'))
ON CONFLICT DO NOTHING;


INSERT INTO public."PRECO_COLETADO" ("Preco", "UnidadeMedida", "DataColeta", "PostoCNPJ", "CombustivelID")
VALUES (4.690, 'R$ / litro', '2023-05-15', '4145589001149',
        (SELECT "ID_Combustivel" FROM public."COMBUSTIVEL" WHERE "Nome" = 'ETANOL'))
ON CONFLICT DO NOTHING;


INSERT INTO public."PRECO_COLETADO" ("Preco", "UnidadeMedida", "DataColeta", "PostoCNPJ", "CombustivelID")
VALUES (4.490, 'R$ / litro', '2023-05-22', '4145589001149',
        (SELECT "ID_Combustivel" FROM public."COMBUSTIVEL" WHERE "Nome" = 'ETANOL'))
ON CONFLICT DO NOTHING;


INSERT INTO public."PRECO_COLETADO" ("Preco", "UnidadeMedida", "DataColeta", "PostoCNPJ", "CombustivelID")
VALUES (4.440, 'R$ / litro', '2023-05-29', '4145589001149',
        (SELECT "ID_Combustivel" FROM public."COMBUSTIVEL" WHERE "Nome" = 'ETANOL'))
ON CONFLICT DO NOTHING;


INSERT INTO public."PRECO_COLETADO" ("Preco", "UnidadeMedida", "DataColeta", "PostoCNPJ", "CombustivelID")
VALUES (4.440, 'R$ / litro', '2023-06-05', '4145589001149',
        (SELECT "ID_Combustivel" FROM public."COMBUSTIVEL" WHERE "Nome" = 'ETANOL'))
ON CONFLICT DO NOTHING;


INSERT INTO public."PRECO_COLETADO" ("Preco", "UnidadeMedida", "DataColeta", "PostoCNPJ", "CombustivelID")
VALUES (4.390, 'R$ / litro', '2023-06-13', '4145589001149',
        (SELECT "ID_Combustivel" FROM public."COMBUSTIVEL" WHERE "Nome" = 'ETANOL'))
ON CONFLICT DO NOTHING;


INSERT INTO public."PRECO_COLETADO" ("Preco", "UnidadeMedida", "DataColeta", "PostoCNPJ", "CombustivelID")
VALUES (4.390, 'R$ / litro', '2023-06-20', '4145589001149',
        (SELECT "ID_Combustivel" FROM public."COMBUSTIVEL" WHERE "Nome" = 'ETANOL'))
ON CONFLICT DO NOTHING;


INSERT INTO public."PRECO_COLETADO" ("Preco", "UnidadeMedida", "DataColeta", "PostoCNPJ", "CombustivelID")
VALUES (4.390, 'R$ / litro', '2023-06-27', '4145589001149',
        (SELECT "ID_Combustivel" FROM public."COMBUSTIVEL" WHERE "Nome" = 'ETANOL'))
ON CONFLICT DO NOTHING;


INSERT INTO public."PRECO_COLETADO" ("Preco", "UnidadeMedida", "DataColeta", "PostoCNPJ", "CombustivelID")
VALUES (4.390, 'R$ / litro', '2023-07-10', '4145589001149',
        (SELECT "ID_Combustivel" FROM public."COMBUSTIVEL" WHERE "Nome" = 'ETANOL'))
ON CONFLICT DO NOTHING;


INSERT INTO public."PRECO_COLETADO" ("Preco", "UnidadeMedida", "DataColeta", "PostoCNPJ", "CombustivelID")
VALUES (4.390, 'R$ / litro', '2023-07-17', '4145589001149',
        (SELECT "ID_Combustivel" FROM public."COMBUSTIVEL" WHERE "Nome" = 'ETANOL'))
ON CONFLICT DO NOTHING;


INSERT INTO public."PRECO_COLETADO" ("Preco", "UnidadeMedida", "DataColeta", "PostoCNPJ", "CombustivelID")
VALUES (4.290, 'R$ / litro', '2023-07-24', '4145589001149',
        (SELECT "ID_Combustivel" FROM public."COMBUSTIVEL" WHERE "Nome" = 'ETANOL'))
ON CONFLICT DO NOTHING;


INSERT INTO public."PRECO_COLETADO" ("Preco", "UnidadeMedida", "DataColeta", "PostoCNPJ", "CombustivelID")
VALUES (4.290, 'R$ / litro', '2023-07-31', '4145589001149',
        (SELECT "ID_Combustivel" FROM public."COMBUSTIVEL" WHERE "Nome" = 'ETANOL'))
ON CONFLICT DO NOTHING;


INSERT INTO public."PRECO_COLETADO" ("Preco", "UnidadeMedida", "DataColeta", "PostoCNPJ", "CombustivelID")
VALUES (4.290, 'R$ / litro', '2023-08-15', '4145589001149',
        (SELECT "ID_Combustivel" FROM public."COMBUSTIVEL" WHERE "Nome" = 'ETANOL'))
ON CONFLICT DO NOTHING;


INSERT INTO public."PRECO_COLETADO" ("Preco", "UnidadeMedida", "DataColeta", "PostoCNPJ", "CombustivelID")
VALUES (4.290, 'R$ / litro', '2023-08-22', '4145589001149',
        (SELECT "ID_Combustivel" FROM public."COMBUSTIVEL" WHERE "Nome" = 'ETANOL'))
ON CONFLICT DO NOTHING;


INSERT INTO public."PRECO_COLETADO" ("Preco", "UnidadeMedida", "DataColeta", "PostoCNPJ", "CombustivelID")
VALUES (4.290, 'R$ / litro', '2023-09-07', '4145589001149',
        (SELECT "ID_Combustivel" FROM public."COMBUSTIVEL" WHERE "Nome" = 'ETANOL'))
ON CONFLICT DO NOTHING;


INSERT INTO public."PRECO_COLETADO" ("Preco", "UnidadeMedida", "DataColeta", "PostoCNPJ", "CombustivelID")
VALUES (4.290, 'R$ / litro', '2023-09-26', '4145589001149',
        (SELECT "ID_Combustivel" FROM public."COMBUSTIVEL" WHERE "Nome" = 'ETANOL'))
ON CONFLICT DO NOTHING;


INSERT INTO public."PRECO_COLETADO" ("Preco", "UnidadeMedida", "DataColeta", "PostoCNPJ", "CombustivelID")
VALUES (4.290, 'R$ / litro', '2023-10-03', '4145589001149',
        (SELECT "ID_Combustivel" FROM public."COMBUSTIVEL" WHERE "Nome" = 'ETANOL'))
ON CONFLICT DO NOTHING;


INSERT INTO public."PRECO_COLETADO" ("Preco", "UnidadeMedida", "DataColeta", "PostoCNPJ", "CombustivelID")
VALUES (4.290, 'R$ / litro', '2023-10-10', '4145589001149',
        (SELECT "ID_Combustivel" FROM public."COMBUSTIVEL" WHERE "Nome" = 'ETANOL'))
ON CONFLICT DO NOTHING;


INSERT INTO public."PRECO_COLETADO" ("Preco", "UnidadeMedida", "DataColeta", "PostoCNPJ", "CombustivelID")
VALUES (4.290, 'R$ / litro', '2023-10-16', '4145589001149',
        (SELECT "ID_Combustivel" FROM public."COMBUSTIVEL" WHERE "Nome" = 'ETANOL'))
ON CONFLICT DO NOTHING;


INSERT INTO public."PRECO_COLETADO" ("Preco", "UnidadeMedida", "DataColeta", "PostoCNPJ", "CombustivelID")
VALUES (4.290, 'R$ / litro', '2023-11-14', '4145589001149',
        (SELECT "ID_Combustivel" FROM public."COMBUSTIVEL" WHERE "Nome" = 'ETANOL'))
ON CONFLICT DO NOTHING;


INSERT INTO public."PRECO_COLETADO" ("Preco", "UnidadeMedida", "DataColeta", "PostoCNPJ", "CombustivelID")
VALUES (4.290, 'R$ / litro', '2023-11-21', '4145589001149',
        (SELECT "ID_Combustivel" FROM public."COMBUSTIVEL" WHERE "Nome" = 'ETANOL'))
ON CONFLICT DO NOTHING;


INSERT INTO public."PRECO_COLETADO" ("Preco", "UnidadeMedida", "DataColeta", "PostoCNPJ", "CombustivelID")
VALUES (4.290, 'R$ / litro', '2023-11-28', '4145589001149',
        (SELECT "ID_Combustivel" FROM public."COMBUSTIVEL" WHERE "Nome" = 'ETANOL'))
ON CONFLICT DO NOTHING;


INSERT INTO public."PRECO_COLETADO" ("Preco", "UnidadeMedida", "DataColeta", "PostoCNPJ", "CombustivelID")
VALUES (4.290, 'R$ / litro', '2023-12-13', '4145589001149',
        (SELECT "ID_Combustivel" FROM public."COMBUSTIVEL" WHERE "Nome" = 'ETANOL'))
ON CONFLICT DO NOTHING;


INSERT INTO public."PRECO_COLETADO" ("Preco", "UnidadeMedida", "DataColeta", "PostoCNPJ", "CombustivelID")
VALUES (4.290, 'R$ / litro', '2023-12-20', '4145589001149',
        (SELECT "ID_Combustivel" FROM public."COMBUSTIVEL" WHERE "Nome" = 'ETANOL'))
ON CONFLICT DO NOTHING;


INSERT INTO public."PRECO_COLETADO" ("Preco", "UnidadeMedida", "DataColeta", "PostoCNPJ", "CombustivelID")
VALUES (4.290, 'R$ / litro', '2023-12-26', '4145589001149',
        (SELECT "ID_Combustivel" FROM public."COMBUSTIVEL" WHERE "Nome" = 'ETANOL'))
ON CONFLICT DO NOTHING;


INSERT INTO public."PRECO_COLETADO" ("Preco", "UnidadeMedida", "DataColeta", "PostoCNPJ", "CombustivelID")
VALUES (4.290, 'R$ / litro', '2024-01-08', '4145589001149',
        (SELECT "ID_Combustivel" FROM public."COMBUSTIVEL" WHERE "Nome" = 'ETANOL'))
ON CONFLICT DO NOTHING;


INSERT INTO public."PRECO_COLETADO" ("Preco", "UnidadeMedida", "DataColeta", "PostoCNPJ", "CombustivelID")
VALUES (4.290, 'R$ / litro', '2024-01-15', '4145589001149',
        (SELECT "ID_Combustivel" FROM public."COMBUSTIVEL" WHERE "Nome" = 'ETANOL'))
ON CONFLICT DO NOTHING;


INSERT INTO public."PRECO_COLETADO" ("Preco", "UnidadeMedida", "DataColeta", "PostoCNPJ", "CombustivelID")
VALUES (4.290, 'R$ / litro', '2024-01-29', '4145589001149',
        (SELECT "ID_Combustivel" FROM public."COMBUSTIVEL" WHERE "Nome" = 'ETANOL'))
ON CONFLICT DO NOTHING;


INSERT INTO public."PRECO_COLETADO" ("Preco", "UnidadeMedida", "DataColeta", "PostoCNPJ", "CombustivelID")
VALUES (4.290, 'R$ / litro', '2024-02-05', '4145589001149',
        (SELECT "ID_Combustivel" FROM public."COMBUSTIVEL" WHERE "Nome" = 'ETANOL'))
ON CONFLICT DO NOTHING;


INSERT INTO public."PRECO_COLETADO" ("Preco", "UnidadeMedida", "DataColeta", "PostoCNPJ", "CombustivelID")
VALUES (3.990, 'R$ / litro', '2024-02-12', '4145589001149',
        (SELECT "ID_Combustivel" FROM public."COMBUSTIVEL" WHERE "Nome" = 'ETANOL'))
ON CONFLICT DO NOTHING;


INSERT INTO public."PRECO_COLETADO" ("Preco", "UnidadeMedida", "DataColeta", "PostoCNPJ", "CombustivelID")
VALUES (4.290, 'R$ / litro', '2024-02-19', '4145589001149',
        (SELECT "ID_Combustivel" FROM public."COMBUSTIVEL" WHERE "Nome" = 'ETANOL'))
ON CONFLICT DO NOTHING;


INSERT INTO public."PRECO_COLETADO" ("Preco", "UnidadeMedida", "DataColeta", "PostoCNPJ", "CombustivelID")
VALUES (4.290, 'R$ / litro', '2024-02-26', '4145589001149',
        (SELECT "ID_Combustivel" FROM public."COMBUSTIVEL" WHERE "Nome" = 'ETANOL'))
ON CONFLICT DO NOTHING;


INSERT INTO public."PRECO_COLETADO" ("Preco", "UnidadeMedida", "DataColeta", "PostoCNPJ", "CombustivelID")
VALUES (4.290, 'R$ / litro', '2024-03-04', '4145589001149',
        (SELECT "ID_Combustivel" FROM public."COMBUSTIVEL" WHERE "Nome" = 'ETANOL'))
ON CONFLICT DO NOTHING;


INSERT INTO public."PRECO_COLETADO" ("Preco", "UnidadeMedida", "DataColeta", "PostoCNPJ", "CombustivelID")
VALUES (4.190, 'R$ / litro', '2024-03-11', '4145589001149',
        (SELECT "ID_Combustivel" FROM public."COMBUSTIVEL" WHERE "Nome" = 'ETANOL'))
ON CONFLICT DO NOTHING;


INSERT INTO public."PRECO_COLETADO" ("Preco", "UnidadeMedida", "DataColeta", "PostoCNPJ", "CombustivelID")
VALUES (4.190, 'R$ / litro', '2024-03-18', '4145589001149',
        (SELECT "ID_Combustivel" FROM public."COMBUSTIVEL" WHERE "Nome" = 'ETANOL'))
ON CONFLICT DO NOTHING;


INSERT INTO public."PRECO_COLETADO" ("Preco", "UnidadeMedida", "DataColeta", "PostoCNPJ", "CombustivelID")
VALUES (4.190, 'R$ / litro', '2024-03-25', '4145589001149',
        (SELECT "ID_Combustivel" FROM public."COMBUSTIVEL" WHERE "Nome" = 'ETANOL'))
ON CONFLICT DO NOTHING;


INSERT INTO public."PRECO_COLETADO" ("Preco", "UnidadeMedida", "DataColeta", "PostoCNPJ", "CombustivelID")
VALUES (4.190, 'R$ / litro', '2024-04-02', '4145589001149',
        (SELECT "ID_Combustivel" FROM public."COMBUSTIVEL" WHERE "Nome" = 'ETANOL'))
ON CONFLICT DO NOTHING;


INSERT INTO public."PRECO_COLETADO" ("Preco", "UnidadeMedida", "DataColeta", "PostoCNPJ", "CombustivelID")
VALUES (4.190, 'R$ / litro', '2024-04-08', '4145589001149',
        (SELECT "ID_Combustivel" FROM public."COMBUSTIVEL" WHERE "Nome" = 'ETANOL'))
ON CONFLICT DO NOTHING;


INSERT INTO public."PRECO_COLETADO" ("Preco", "UnidadeMedida", "DataColeta", "PostoCNPJ", "CombustivelID")
VALUES (4.390, 'R$ / litro', '2024-04-15', '4145589001149',
        (SELECT "ID_Combustivel" FROM public."COMBUSTIVEL" WHERE "Nome" = 'ETANOL'))
ON CONFLICT DO NOTHING;


INSERT INTO public."PRECO_COLETADO" ("Preco", "UnidadeMedida", "DataColeta", "PostoCNPJ", "CombustivelID")
VALUES (4.390, 'R$ / litro', '2024-04-22', '4145589001149',
        (SELECT "ID_Combustivel" FROM public."COMBUSTIVEL" WHERE "Nome" = 'ETANOL'))
ON CONFLICT DO NOTHING;


INSERT INTO public."PRECO_COLETADO" ("Preco", "UnidadeMedida", "DataColeta", "PostoCNPJ", "CombustivelID")
VALUES (4.390, 'R$ / litro', '2024-04-29', '4145589001149',
        (SELECT "ID_Combustivel" FROM public."COMBUSTIVEL" WHERE "Nome" = 'ETANOL'))
ON CONFLICT DO NOTHING;


INSERT INTO public."PRECO_COLETADO" ("Preco", "UnidadeMedida", "DataColeta", "PostoCNPJ", "CombustivelID")
VALUES (4.390, 'R$ / litro', '2024-05-06', '4145589001149',
        (SELECT "ID_Combustivel" FROM public."COMBUSTIVEL" WHERE "Nome" = 'ETANOL'))
ON CONFLICT DO NOTHING;


INSERT INTO public."PRECO_COLETADO" ("Preco", "UnidadeMedida", "DataColeta", "PostoCNPJ", "CombustivelID")
VALUES (4.390, 'R$ / litro', '2024-05-14', '4145589001149',
        (SELECT "ID_Combustivel" FROM public."COMBUSTIVEL" WHERE "Nome" = 'ETANOL'))
ON CONFLICT DO NOTHING;


INSERT INTO public."PRECO_COLETADO" ("Preco", "UnidadeMedida", "DataColeta", "PostoCNPJ", "CombustivelID")
VALUES (4.390, 'R$ / litro', '2024-05-20', '4145589001149',
        (SELECT "ID_Combustivel" FROM public."COMBUSTIVEL" WHERE "Nome" = 'ETANOL'))
ON CONFLICT DO NOTHING;


INSERT INTO public."PRECO_COLETADO" ("Preco", "UnidadeMedida", "DataColeta", "PostoCNPJ", "CombustivelID")
VALUES (4.390, 'R$ / litro', '2024-05-27', '4145589001149',
        (SELECT "ID_Combustivel" FROM public."COMBUSTIVEL" WHERE "Nome" = 'ETANOL'))
ON CONFLICT DO NOTHING;


INSERT INTO public."PRECO_COLETADO" ("Preco", "UnidadeMedida", "DataColeta", "PostoCNPJ", "CombustivelID")
VALUES (4.390, 'R$ / litro', '2024-06-04', '4145589001149',
        (SELECT "ID_Combustivel" FROM public."COMBUSTIVEL" WHERE "Nome" = 'ETANOL'))
ON CONFLICT DO NOTHING;


INSERT INTO public."PRECO_COLETADO" ("Preco", "UnidadeMedida", "DataColeta", "PostoCNPJ", "CombustivelID")
VALUES (4.390, 'R$ / litro', '2024-06-10', '4145589001149',
        (SELECT "ID_Combustivel" FROM public."COMBUSTIVEL" WHERE "Nome" = 'ETANOL'))
ON CONFLICT DO NOTHING;


INSERT INTO public."PRECO_COLETADO" ("Preco", "UnidadeMedida", "DataColeta", "PostoCNPJ", "CombustivelID")
VALUES (4.390, 'R$ / litro', '2024-06-17', '4145589001149',
        (SELECT "ID_Combustivel" FROM public."COMBUSTIVEL" WHERE "Nome" = 'ETANOL'))
ON CONFLICT DO NOTHING;


INSERT INTO public."PRECO_COLETADO" ("Preco", "UnidadeMedida", "DataColeta", "PostoCNPJ", "CombustivelID")
VALUES (4.390, 'R$ / litro', '2024-06-24', '4145589001149',
        (SELECT "ID_Combustivel" FROM public."COMBUSTIVEL" WHERE "Nome" = 'ETANOL'))
ON CONFLICT DO NOTHING;


INSERT INTO public."PRECO_COLETADO" ("Preco", "UnidadeMedida", "DataColeta", "PostoCNPJ", "CombustivelID")
VALUES (4.390, 'R$ / litro', '2024-07-01', '4145589001149',
        (SELECT "ID_Combustivel" FROM public."COMBUSTIVEL" WHERE "Nome" = 'ETANOL'))
ON CONFLICT DO NOTHING;


INSERT INTO public."PRECO_COLETADO" ("Preco", "UnidadeMedida", "DataColeta", "PostoCNPJ", "CombustivelID")
VALUES (4.390, 'R$ / litro', '2024-07-09', '4145589001149',
        (SELECT "ID_Combustivel" FROM public."COMBUSTIVEL" WHERE "Nome" = 'ETANOL'))
ON CONFLICT DO NOTHING;


INSERT INTO public."PRECO_COLETADO" ("Preco", "UnidadeMedida", "DataColeta", "PostoCNPJ", "CombustivelID")
VALUES (4.390, 'R$ / litro', '2024-07-16', '4145589001149',
        (SELECT "ID_Combustivel" FROM public."COMBUSTIVEL" WHERE "Nome" = 'ETANOL'))
ON CONFLICT DO NOTHING;


INSERT INTO public."PRECO_COLETADO" ("Preco", "UnidadeMedida", "DataColeta", "PostoCNPJ", "CombustivelID")
VALUES (4.490, 'R$ / litro', '2024-07-22', '4145589001149',
        (SELECT "ID_Combustivel" FROM public."COMBUSTIVEL" WHERE "Nome" = 'ETANOL'))
ON CONFLICT DO NOTHING;


INSERT INTO public."PRECO_COLETADO" ("Preco", "UnidadeMedida", "DataColeta", "PostoCNPJ", "CombustivelID")
VALUES (4.490, 'R$ / litro', '2024-07-29', '4145589001149',
        (SELECT "ID_Combustivel" FROM public."COMBUSTIVEL" WHERE "Nome" = 'ETANOL'))
ON CONFLICT DO NOTHING;


INSERT INTO public."PRECO_COLETADO" ("Preco", "UnidadeMedida", "DataColeta", "PostoCNPJ", "CombustivelID")
VALUES (4.490, 'R$ / litro', '2024-08-05', '4145589001149',
        (SELECT "ID_Combustivel" FROM public."COMBUSTIVEL" WHERE "Nome" = 'ETANOL'))
ON CONFLICT DO NOTHING;


INSERT INTO public."PRECO_COLETADO" ("Preco", "UnidadeMedida", "DataColeta", "PostoCNPJ", "CombustivelID")
VALUES (4.490, 'R$ / litro', '2024-08-12', '4145589001149',
        (SELECT "ID_Combustivel" FROM public."COMBUSTIVEL" WHERE "Nome" = 'ETANOL'))
ON CONFLICT DO NOTHING;


INSERT INTO public."PRECO_COLETADO" ("Preco", "UnidadeMedida", "DataColeta", "PostoCNPJ", "CombustivelID")
VALUES (4.490, 'R$ / litro', '2024-08-20', '4145589001149',
        (SELECT "ID_Combustivel" FROM public."COMBUSTIVEL" WHERE "Nome" = 'ETANOL'))
ON CONFLICT DO NOTHING;


INSERT INTO public."PRECO_COLETADO" ("Preco", "UnidadeMedida", "DataColeta", "PostoCNPJ", "CombustivelID")
VALUES (4.490, 'R$ / litro', '2024-08-26', '4145589001149',
        (SELECT "ID_Combustivel" FROM public."COMBUSTIVEL" WHERE "Nome" = 'ETANOL'))
ON CONFLICT DO NOTHING;


INSERT INTO public."PRECO_COLETADO" ("Preco", "UnidadeMedida", "DataColeta", "PostoCNPJ", "CombustivelID")
VALUES (4.490, 'R$ / litro', '2024-09-02', '4145589001149',
        (SELECT "ID_Combustivel" FROM public."COMBUSTIVEL" WHERE "Nome" = 'ETANOL'))
ON CONFLICT DO NOTHING;


INSERT INTO public."COMBUSTIVEL" ("Nome")
VALUES ('GASOLINA ADITIVADA')
ON CONFLICT ("Nome") DO NOTHING;


INSERT INTO public."PRECO_COLETADO" ("Preco", "UnidadeMedida", "DataColeta", "PostoCNPJ", "CombustivelID")
VALUES (5.090, 'R$ / litro', '2022-10-24', '4145589001149',
        (SELECT "ID_Combustivel" FROM public."COMBUSTIVEL" WHERE "Nome" = 'GASOLINA ADITIVADA'))
ON CONFLICT DO NOTHING;


INSERT INTO public."PRECO_COLETADO" ("Preco", "UnidadeMedida", "DataColeta", "PostoCNPJ", "CombustivelID")
VALUES (5.090, 'R$ / litro', '2022-10-31', '4145589001149',
        (SELECT "ID_Combustivel" FROM public."COMBUSTIVEL" WHERE "Nome" = 'GASOLINA ADITIVADA'))
ON CONFLICT DO NOTHING;


INSERT INTO public."PRECO_COLETADO" ("Preco", "UnidadeMedida", "DataColeta", "PostoCNPJ", "CombustivelID")
VALUES (5.290, 'R$ / litro', '2022-11-14', '4145589001149',
        (SELECT "ID_Combustivel" FROM public."COMBUSTIVEL" WHERE "Nome" = 'GASOLINA ADITIVADA'))
ON CONFLICT DO NOTHING;


INSERT INTO public."PRECO_COLETADO" ("Preco", "UnidadeMedida", "DataColeta", "PostoCNPJ", "CombustivelID")
VALUES (5.290, 'R$ / litro', '2022-11-22', '4145589001149',
        (SELECT "ID_Combustivel" FROM public."COMBUSTIVEL" WHERE "Nome" = 'GASOLINA ADITIVADA'))
ON CONFLICT DO NOTHING;


INSERT INTO public."PRECO_COLETADO" ("Preco", "UnidadeMedida", "DataColeta", "PostoCNPJ", "CombustivelID")
VALUES (5.290, 'R$ / litro', '2022-12-05', '4145589001149',
        (SELECT "ID_Combustivel" FROM public."COMBUSTIVEL" WHERE "Nome" = 'GASOLINA ADITIVADA'))
ON CONFLICT DO NOTHING;


INSERT INTO public."PRECO_COLETADO" ("Preco", "UnidadeMedida", "DataColeta", "PostoCNPJ", "CombustivelID")
VALUES (5.340, 'R$ / litro', '2022-12-12', '4145589001149',
        (SELECT "ID_Combustivel" FROM public."COMBUSTIVEL" WHERE "Nome" = 'GASOLINA ADITIVADA'))
ON CONFLICT DO NOTHING;


INSERT INTO public."PRECO_COLETADO" ("Preco", "UnidadeMedida", "DataColeta", "PostoCNPJ", "CombustivelID")
VALUES (5.240, 'R$ / litro', '2022-12-22', '4145589001149',
        (SELECT "ID_Combustivel" FROM public."COMBUSTIVEL" WHERE "Nome" = 'GASOLINA ADITIVADA'))
ON CONFLICT DO NOTHING;


INSERT INTO public."PRECO_COLETADO" ("Preco", "UnidadeMedida", "DataColeta", "PostoCNPJ", "CombustivelID")
VALUES (5.240, 'R$ / litro', '2022-12-26', '4145589001149',
        (SELECT "ID_Combustivel" FROM public."COMBUSTIVEL" WHERE "Nome" = 'GASOLINA ADITIVADA'))
ON CONFLICT DO NOTHING;


INSERT INTO public."PRECO_COLETADO" ("Preco", "UnidadeMedida", "DataColeta", "PostoCNPJ", "CombustivelID")
VALUES (4.990, 'R$ / litro', '2023-01-02', '4145589001149',
        (SELECT "ID_Combustivel" FROM public."COMBUSTIVEL" WHERE "Nome" = 'GASOLINA ADITIVADA'))
ON CONFLICT DO NOTHING;


INSERT INTO public."PRECO_COLETADO" ("Preco", "UnidadeMedida", "DataColeta", "PostoCNPJ", "CombustivelID")
VALUES (5.340, 'R$ / litro', '2023-01-09', '4145589001149',
        (SELECT "ID_Combustivel" FROM public."COMBUSTIVEL" WHERE "Nome" = 'GASOLINA ADITIVADA'))
ON CONFLICT DO NOTHING;


INSERT INTO public."PRECO_COLETADO" ("Preco", "UnidadeMedida", "DataColeta", "PostoCNPJ", "CombustivelID")
VALUES (5.200, 'R$ / litro', '2023-01-23', '4145589001149',
        (SELECT "ID_Combustivel" FROM public."COMBUSTIVEL" WHERE "Nome" = 'GASOLINA ADITIVADA'))
ON CONFLICT DO NOTHING;


INSERT INTO public."PRECO_COLETADO" ("Preco", "UnidadeMedida", "DataColeta", "PostoCNPJ", "CombustivelID")
VALUES (5.440, 'R$ / litro', '2023-01-30', '4145589001149',
        (SELECT "ID_Combustivel" FROM public."COMBUSTIVEL" WHERE "Nome" = 'GASOLINA ADITIVADA'))
ON CONFLICT DO NOTHING;


INSERT INTO public."PRECO_COLETADO" ("Preco", "UnidadeMedida", "DataColeta", "PostoCNPJ", "CombustivelID")
VALUES (5.340, 'R$ / litro', '2023-02-06', '4145589001149',
        (SELECT "ID_Combustivel" FROM public."COMBUSTIVEL" WHERE "Nome" = 'GASOLINA ADITIVADA'))
ON CONFLICT DO NOTHING;


INSERT INTO public."PRECO_COLETADO" ("Preco", "UnidadeMedida", "DataColeta", "PostoCNPJ", "CombustivelID")
VALUES (5.340, 'R$ / litro', '2023-02-13', '4145589001149',
        (SELECT "ID_Combustivel" FROM public."COMBUSTIVEL" WHERE "Nome" = 'GASOLINA ADITIVADA'))
ON CONFLICT DO NOTHING;


INSERT INTO public."PRECO_COLETADO" ("Preco", "UnidadeMedida", "DataColeta", "PostoCNPJ", "CombustivelID")
VALUES (5.300, 'R$ / litro', '2023-02-20', '4145589001149',
        (SELECT "ID_Combustivel" FROM public."COMBUSTIVEL" WHERE "Nome" = 'GASOLINA ADITIVADA'))
ON CONFLICT DO NOTHING;


INSERT INTO public."PRECO_COLETADO" ("Preco", "UnidadeMedida", "DataColeta", "PostoCNPJ", "CombustivelID")
VALUES (5.340, 'R$ / litro', '2023-02-27', '4145589001149',
        (SELECT "ID_Combustivel" FROM public."COMBUSTIVEL" WHERE "Nome" = 'GASOLINA ADITIVADA'))
ON CONFLICT DO NOTHING;


INSERT INTO public."PRECO_COLETADO" ("Preco", "UnidadeMedida", "DataColeta", "PostoCNPJ", "CombustivelID")
VALUES (5.840, 'R$ / litro', '2023-03-06', '4145589001149',
        (SELECT "ID_Combustivel" FROM public."COMBUSTIVEL" WHERE "Nome" = 'GASOLINA ADITIVADA'))
ON CONFLICT DO NOTHING;


INSERT INTO public."PRECO_COLETADO" ("Preco", "UnidadeMedida", "DataColeta", "PostoCNPJ", "CombustivelID")
VALUES (5.820, 'R$ / litro', '2023-03-16', '4145589001149',
        (SELECT "ID_Combustivel" FROM public."COMBUSTIVEL" WHERE "Nome" = 'GASOLINA ADITIVADA'))
ON CONFLICT DO NOTHING;


INSERT INTO public."PRECO_COLETADO" ("Preco", "UnidadeMedida", "DataColeta", "PostoCNPJ", "CombustivelID")
VALUES (5.740, 'R$ / litro', '2023-03-21', '4145589001149',
        (SELECT "ID_Combustivel" FROM public."COMBUSTIVEL" WHERE "Nome" = 'GASOLINA ADITIVADA'))
ON CONFLICT DO NOTHING;


INSERT INTO public."PRECO_COLETADO" ("Preco", "UnidadeMedida", "DataColeta", "PostoCNPJ", "CombustivelID")
VALUES (5.840, 'R$ / litro', '2023-03-27', '4145589001149',
        (SELECT "ID_Combustivel" FROM public."COMBUSTIVEL" WHERE "Nome" = 'GASOLINA ADITIVADA'))
ON CONFLICT DO NOTHING;


INSERT INTO public."PRECO_COLETADO" ("Preco", "UnidadeMedida", "DataColeta", "PostoCNPJ", "CombustivelID")
VALUES (5.640, 'R$ / litro', '2023-04-04', '4145589001149',
        (SELECT "ID_Combustivel" FROM public."COMBUSTIVEL" WHERE "Nome" = 'GASOLINA ADITIVADA'))
ON CONFLICT DO NOTHING;


INSERT INTO public."PRECO_COLETADO" ("Preco", "UnidadeMedida", "DataColeta", "PostoCNPJ", "CombustivelID")
VALUES (5.840, 'R$ / litro', '2023-04-24', '4145589001149',
        (SELECT "ID_Combustivel" FROM public."COMBUSTIVEL" WHERE "Nome" = 'GASOLINA ADITIVADA'))
ON CONFLICT DO NOTHING;


INSERT INTO public."PRECO_COLETADO" ("Preco", "UnidadeMedida", "DataColeta", "PostoCNPJ", "CombustivelID")
VALUES (5.870, 'R$ / litro', '2023-12-20', '4145589001149',
        (SELECT "ID_Combustivel" FROM public."COMBUSTIVEL" WHERE "Nome" = 'GASOLINA ADITIVADA'))
ON CONFLICT DO NOTHING;


INSERT INTO public."PRECO_COLETADO" ("Preco", "UnidadeMedida", "DataColeta", "PostoCNPJ", "CombustivelID")
VALUES (5.850, 'R$ / litro', '2023-12-26', '4145589001149',
        (SELECT "ID_Combustivel" FROM public."COMBUSTIVEL" WHERE "Nome" = 'GASOLINA ADITIVADA'))
ON CONFLICT DO NOTHING;


INSERT INTO public."PRECO_COLETADO" ("Preco", "UnidadeMedida", "DataColeta", "PostoCNPJ", "CombustivelID")
VALUES (5.790, 'R$ / litro', '2024-01-08', '4145589001149',
        (SELECT "ID_Combustivel" FROM public."COMBUSTIVEL" WHERE "Nome" = 'GASOLINA ADITIVADA'))
ON CONFLICT DO NOTHING;


INSERT INTO public."PRECO_COLETADO" ("Preco", "UnidadeMedida", "DataColeta", "PostoCNPJ", "CombustivelID")
VALUES (5.790, 'R$ / litro', '2024-01-15', '4145589001149',
        (SELECT "ID_Combustivel" FROM public."COMBUSTIVEL" WHERE "Nome" = 'GASOLINA ADITIVADA'))
ON CONFLICT DO NOTHING;


INSERT INTO public."PRECO_COLETADO" ("Preco", "UnidadeMedida", "DataColeta", "PostoCNPJ", "CombustivelID")
VALUES (5.760, 'R$ / litro', '2024-01-29', '4145589001149',
        (SELECT "ID_Combustivel" FROM public."COMBUSTIVEL" WHERE "Nome" = 'GASOLINA ADITIVADA'))
ON CONFLICT DO NOTHING;


INSERT INTO public."PRECO_COLETADO" ("Preco", "UnidadeMedida", "DataColeta", "PostoCNPJ", "CombustivelID")
VALUES (6.090, 'R$ / litro', '2024-02-05', '4145589001149',
        (SELECT "ID_Combustivel" FROM public."COMBUSTIVEL" WHERE "Nome" = 'GASOLINA ADITIVADA'))
ON CONFLICT DO NOTHING;


INSERT INTO public."PRECO_COLETADO" ("Preco", "UnidadeMedida", "DataColeta", "PostoCNPJ", "CombustivelID")
VALUES (6.090, 'R$ / litro', '2024-02-12', '4145589001149',
        (SELECT "ID_Combustivel" FROM public."COMBUSTIVEL" WHERE "Nome" = 'GASOLINA ADITIVADA'))
ON CONFLICT DO NOTHING;


INSERT INTO public."PRECO_COLETADO" ("Preco", "UnidadeMedida", "DataColeta", "PostoCNPJ", "CombustivelID")
VALUES (6.090, 'R$ / litro', '2024-02-19', '4145589001149',
        (SELECT "ID_Combustivel" FROM public."COMBUSTIVEL" WHERE "Nome" = 'GASOLINA ADITIVADA'))
ON CONFLICT DO NOTHING;


INSERT INTO public."PRECO_COLETADO" ("Preco", "UnidadeMedida", "DataColeta", "PostoCNPJ", "CombustivelID")
VALUES (6.090, 'R$ / litro', '2024-02-26', '4145589001149',
        (SELECT "ID_Combustivel" FROM public."COMBUSTIVEL" WHERE "Nome" = 'GASOLINA ADITIVADA'))
ON CONFLICT DO NOTHING;


INSERT INTO public."PRECO_COLETADO" ("Preco", "UnidadeMedida", "DataColeta", "PostoCNPJ", "CombustivelID")
VALUES (5.990, 'R$ / litro', '2024-03-04', '4145589001149',
        (SELECT "ID_Combustivel" FROM public."COMBUSTIVEL" WHERE "Nome" = 'GASOLINA ADITIVADA'))
ON CONFLICT DO NOTHING;


INSERT INTO public."PRECO_COLETADO" ("Preco", "UnidadeMedida", "DataColeta", "PostoCNPJ", "CombustivelID")
VALUES (5.990, 'R$ / litro', '2024-03-11', '4145589001149',
        (SELECT "ID_Combustivel" FROM public."COMBUSTIVEL" WHERE "Nome" = 'GASOLINA ADITIVADA'))
ON CONFLICT DO NOTHING;


INSERT INTO public."PRECO_COLETADO" ("Preco", "UnidadeMedida", "DataColeta", "PostoCNPJ", "CombustivelID")
VALUES (5.990, 'R$ / litro', '2024-03-18', '4145589001149',
        (SELECT "ID_Combustivel" FROM public."COMBUSTIVEL" WHERE "Nome" = 'GASOLINA ADITIVADA'))
ON CONFLICT DO NOTHING;


INSERT INTO public."PRECO_COLETADO" ("Preco", "UnidadeMedida", "DataColeta", "PostoCNPJ", "CombustivelID")
VALUES (5.970, 'R$ / litro', '2024-03-25', '4145589001149',
        (SELECT "ID_Combustivel" FROM public."COMBUSTIVEL" WHERE "Nome" = 'GASOLINA ADITIVADA'))
ON CONFLICT DO NOTHING;


INSERT INTO public."PRECO_COLETADO" ("Preco", "UnidadeMedida", "DataColeta", "PostoCNPJ", "CombustivelID")
VALUES (6.090, 'R$ / litro', '2024-04-02', '4145589001149',
        (SELECT "ID_Combustivel" FROM public."COMBUSTIVEL" WHERE "Nome" = 'GASOLINA ADITIVADA'))
ON CONFLICT DO NOTHING;


INSERT INTO public."PRECO_COLETADO" ("Preco", "UnidadeMedida", "DataColeta", "PostoCNPJ", "CombustivelID")
VALUES (6.090, 'R$ / litro', '2024-04-08', '4145589001149',
        (SELECT "ID_Combustivel" FROM public."COMBUSTIVEL" WHERE "Nome" = 'GASOLINA ADITIVADA'))
ON CONFLICT DO NOTHING;


INSERT INTO public."PRECO_COLETADO" ("Preco", "UnidadeMedida", "DataColeta", "PostoCNPJ", "CombustivelID")
VALUES (5.970, 'R$ / litro', '2024-04-15', '4145589001149',
        (SELECT "ID_Combustivel" FROM public."COMBUSTIVEL" WHERE "Nome" = 'GASOLINA ADITIVADA'))
ON CONFLICT DO NOTHING;


INSERT INTO public."PRECO_COLETADO" ("Preco", "UnidadeMedida", "DataColeta", "PostoCNPJ", "CombustivelID")
VALUES (5.970, 'R$ / litro', '2024-04-22', '4145589001149',
        (SELECT "ID_Combustivel" FROM public."COMBUSTIVEL" WHERE "Nome" = 'GASOLINA ADITIVADA'))
ON CONFLICT DO NOTHING;


INSERT INTO public."PRECO_COLETADO" ("Preco", "UnidadeMedida", "DataColeta", "PostoCNPJ", "CombustivelID")
VALUES (6.190, 'R$ / litro', '2024-04-29', '4145589001149',
        (SELECT "ID_Combustivel" FROM public."COMBUSTIVEL" WHERE "Nome" = 'GASOLINA ADITIVADA'))
ON CONFLICT DO NOTHING;


INSERT INTO public."PRECO_COLETADO" ("Preco", "UnidadeMedida", "DataColeta", "PostoCNPJ", "CombustivelID")
VALUES (6.290, 'R$ / litro', '2024-05-06', '4145589001149',
        (SELECT "ID_Combustivel" FROM public."COMBUSTIVEL" WHERE "Nome" = 'GASOLINA ADITIVADA'))
ON CONFLICT DO NOTHING;


INSERT INTO public."PRECO_COLETADO" ("Preco", "UnidadeMedida", "DataColeta", "PostoCNPJ", "CombustivelID")
VALUES (6.190, 'R$ / litro', '2024-05-14', '4145589001149',
        (SELECT "ID_Combustivel" FROM public."COMBUSTIVEL" WHERE "Nome" = 'GASOLINA ADITIVADA'))
ON CONFLICT DO NOTHING;


INSERT INTO public."PRECO_COLETADO" ("Preco", "UnidadeMedida", "DataColeta", "PostoCNPJ", "CombustivelID")
VALUES (6.190, 'R$ / litro', '2024-05-20', '4145589001149',
        (SELECT "ID_Combustivel" FROM public."COMBUSTIVEL" WHERE "Nome" = 'GASOLINA ADITIVADA'))
ON CONFLICT DO NOTHING;


INSERT INTO public."PRECO_COLETADO" ("Preco", "UnidadeMedida", "DataColeta", "PostoCNPJ", "CombustivelID")
VALUES (6.190, 'R$ / litro', '2024-05-27', '4145589001149',
        (SELECT "ID_Combustivel" FROM public."COMBUSTIVEL" WHERE "Nome" = 'GASOLINA ADITIVADA'))
ON CONFLICT DO NOTHING;


INSERT INTO public."PRECO_COLETADO" ("Preco", "UnidadeMedida", "DataColeta", "PostoCNPJ", "CombustivelID")
VALUES (6.190, 'R$ / litro', '2024-06-04', '4145589001149',
        (SELECT "ID_Combustivel" FROM public."COMBUSTIVEL" WHERE "Nome" = 'GASOLINA ADITIVADA'))
ON CONFLICT DO NOTHING;


INSERT INTO public."PRECO_COLETADO" ("Preco", "UnidadeMedida", "DataColeta", "PostoCNPJ", "CombustivelID")
VALUES (6.190, 'R$ / litro', '2024-06-10', '4145589001149',
        (SELECT "ID_Combustivel" FROM public."COMBUSTIVEL" WHERE "Nome" = 'GASOLINA ADITIVADA'))
ON CONFLICT DO NOTHING;


INSERT INTO public."PRECO_COLETADO" ("Preco", "UnidadeMedida", "DataColeta", "PostoCNPJ", "CombustivelID")
VALUES (6.190, 'R$ / litro', '2024-06-17', '4145589001149',
        (SELECT "ID_Combustivel" FROM public."COMBUSTIVEL" WHERE "Nome" = 'GASOLINA ADITIVADA'))
ON CONFLICT DO NOTHING;


INSERT INTO public."PRECO_COLETADO" ("Preco", "UnidadeMedida", "DataColeta", "PostoCNPJ", "CombustivelID")
VALUES (6.190, 'R$ / litro', '2024-06-24', '4145589001149',
        (SELECT "ID_Combustivel" FROM public."COMBUSTIVEL" WHERE "Nome" = 'GASOLINA ADITIVADA'))
ON CONFLICT DO NOTHING;


INSERT INTO public."PRECO_COLETADO" ("Preco", "UnidadeMedida", "DataColeta", "PostoCNPJ", "CombustivelID")
VALUES (6.190, 'R$ / litro', '2024-07-01', '4145589001149',
        (SELECT "ID_Combustivel" FROM public."COMBUSTIVEL" WHERE "Nome" = 'GASOLINA ADITIVADA'))
ON CONFLICT DO NOTHING;


INSERT INTO public."PRECO_COLETADO" ("Preco", "UnidadeMedida", "DataColeta", "PostoCNPJ", "CombustivelID")
VALUES (6.590, 'R$ / litro', '2024-07-09', '4145589001149',
        (SELECT "ID_Combustivel" FROM public."COMBUSTIVEL" WHERE "Nome" = 'GASOLINA ADITIVADA'))
ON CONFLICT DO NOTHING;


INSERT INTO public."PRECO_COLETADO" ("Preco", "UnidadeMedida", "DataColeta", "PostoCNPJ", "CombustivelID")
VALUES (6.490, 'R$ / litro', '2024-07-16', '4145589001149',
        (SELECT "ID_Combustivel" FROM public."COMBUSTIVEL" WHERE "Nome" = 'GASOLINA ADITIVADA'))
ON CONFLICT DO NOTHING;


INSERT INTO public."PRECO_COLETADO" ("Preco", "UnidadeMedida", "DataColeta", "PostoCNPJ", "CombustivelID")
VALUES (6.450, 'R$ / litro', '2024-07-22', '4145589001149',
        (SELECT "ID_Combustivel" FROM public."COMBUSTIVEL" WHERE "Nome" = 'GASOLINA ADITIVADA'))
ON CONFLICT DO NOTHING;


INSERT INTO public."PRECO_COLETADO" ("Preco", "UnidadeMedida", "DataColeta", "PostoCNPJ", "CombustivelID")
VALUES (6.450, 'R$ / litro', '2024-07-29', '4145589001149',
        (SELECT "ID_Combustivel" FROM public."COMBUSTIVEL" WHERE "Nome" = 'GASOLINA ADITIVADA'))
ON CONFLICT DO NOTHING;


INSERT INTO public."PRECO_COLETADO" ("Preco", "UnidadeMedida", "DataColeta", "PostoCNPJ", "CombustivelID")
VALUES (6.390, 'R$ / litro', '2024-08-05', '4145589001149',
        (SELECT "ID_Combustivel" FROM public."COMBUSTIVEL" WHERE "Nome" = 'GASOLINA ADITIVADA'))
ON CONFLICT DO NOTHING;


INSERT INTO public."PRECO_COLETADO" ("Preco", "UnidadeMedida", "DataColeta", "PostoCNPJ", "CombustivelID")
VALUES (6.440, 'R$ / litro', '2024-08-12', '4145589001149',
        (SELECT "ID_Combustivel" FROM public."COMBUSTIVEL" WHERE "Nome" = 'GASOLINA ADITIVADA'))
ON CONFLICT DO NOTHING;


INSERT INTO public."PRECO_COLETADO" ("Preco", "UnidadeMedida", "DataColeta", "PostoCNPJ", "CombustivelID")
VALUES (6.290, 'R$ / litro', '2024-08-20', '4145589001149',
        (SELECT "ID_Combustivel" FROM public."COMBUSTIVEL" WHERE "Nome" = 'GASOLINA ADITIVADA'))
ON CONFLICT DO NOTHING;


INSERT INTO public."PRECO_COLETADO" ("Preco", "UnidadeMedida", "DataColeta", "PostoCNPJ", "CombustivelID")
VALUES (6.440, 'R$ / litro', '2024-08-26', '4145589001149',
        (SELECT "ID_Combustivel" FROM public."COMBUSTIVEL" WHERE "Nome" = 'GASOLINA ADITIVADA'))
ON CONFLICT DO NOTHING;


INSERT INTO public."PRECO_COLETADO" ("Preco", "UnidadeMedida", "DataColeta", "PostoCNPJ", "CombustivelID")
VALUES (6.390, 'R$ / litro', '2024-09-02', '4145589001149',
        (SELECT "ID_Combustivel" FROM public."COMBUSTIVEL" WHERE "Nome" = 'GASOLINA ADITIVADA'))
ON CONFLICT DO NOTHING;


INSERT INTO public."COMBUSTIVEL" ("Nome")
VALUES ('GASOLINA COMUM')
ON CONFLICT ("Nome") DO NOTHING;


INSERT INTO public."PRECO_COLETADO" ("Preco", "UnidadeMedida", "DataColeta", "PostoCNPJ", "CombustivelID")
VALUES (4.790, 'R$ / litro', '2022-10-24', '4145589001149',
        (SELECT "ID_Combustivel" FROM public."COMBUSTIVEL" WHERE "Nome" = 'GASOLINA COMUM'))
ON CONFLICT DO NOTHING;


INSERT INTO public."PRECO_COLETADO" ("Preco", "UnidadeMedida", "DataColeta", "PostoCNPJ", "CombustivelID")
VALUES (4.790, 'R$ / litro', '2022-10-31', '4145589001149',
        (SELECT "ID_Combustivel" FROM public."COMBUSTIVEL" WHERE "Nome" = 'GASOLINA COMUM'))
ON CONFLICT DO NOTHING;


INSERT INTO public."PRECO_COLETADO" ("Preco", "UnidadeMedida", "DataColeta", "PostoCNPJ", "CombustivelID")
VALUES (4.990, 'R$ / litro', '2022-11-14', '4145589001149',
        (SELECT "ID_Combustivel" FROM public."COMBUSTIVEL" WHERE "Nome" = 'GASOLINA COMUM'))
ON CONFLICT DO NOTHING;


INSERT INTO public."PRECO_COLETADO" ("Preco", "UnidadeMedida", "DataColeta", "PostoCNPJ", "CombustivelID")
VALUES (4.990, 'R$ / litro', '2022-11-22', '4145589001149',
        (SELECT "ID_Combustivel" FROM public."COMBUSTIVEL" WHERE "Nome" = 'GASOLINA COMUM'))
ON CONFLICT DO NOTHING;


INSERT INTO public."PRECO_COLETADO" ("Preco", "UnidadeMedida", "DataColeta", "PostoCNPJ", "CombustivelID")
VALUES (4.990, 'R$ / litro', '2022-12-05', '4145589001149',
        (SELECT "ID_Combustivel" FROM public."COMBUSTIVEL" WHERE "Nome" = 'GASOLINA COMUM'))
ON CONFLICT DO NOTHING;


INSERT INTO public."PRECO_COLETADO" ("Preco", "UnidadeMedida", "DataColeta", "PostoCNPJ", "CombustivelID")
VALUES (4.990, 'R$ / litro', '2022-12-12', '4145589001149',
        (SELECT "ID_Combustivel" FROM public."COMBUSTIVEL" WHERE "Nome" = 'GASOLINA COMUM'))
ON CONFLICT DO NOTHING;


INSERT INTO public."PRECO_COLETADO" ("Preco", "UnidadeMedida", "DataColeta", "PostoCNPJ", "CombustivelID")
VALUES (4.880, 'R$ / litro', '2022-12-22', '4145589001149',
        (SELECT "ID_Combustivel" FROM public."COMBUSTIVEL" WHERE "Nome" = 'GASOLINA COMUM'))
ON CONFLICT DO NOTHING;


INSERT INTO public."PRECO_COLETADO" ("Preco", "UnidadeMedida", "DataColeta", "PostoCNPJ", "CombustivelID")
VALUES (4.880, 'R$ / litro', '2022-12-26', '4145589001149',
        (SELECT "ID_Combustivel" FROM public."COMBUSTIVEL" WHERE "Nome" = 'GASOLINA COMUM'))
ON CONFLICT DO NOTHING;


INSERT INTO public."PRECO_COLETADO" ("Preco", "UnidadeMedida", "DataColeta", "PostoCNPJ", "CombustivelID")
VALUES (4.990, 'R$ / litro', '2023-01-02', '4145589001149',
        (SELECT "ID_Combustivel" FROM public."COMBUSTIVEL" WHERE "Nome" = 'GASOLINA COMUM'))
ON CONFLICT DO NOTHING;


INSERT INTO public."PRECO_COLETADO" ("Preco", "UnidadeMedida", "DataColeta", "PostoCNPJ", "CombustivelID")
VALUES (5.340, 'R$ / litro', '2023-01-09', '4145589001149',
        (SELECT "ID_Combustivel" FROM public."COMBUSTIVEL" WHERE "Nome" = 'GASOLINA COMUM'))
ON CONFLICT DO NOTHING;


INSERT INTO public."PRECO_COLETADO" ("Preco", "UnidadeMedida", "DataColeta", "PostoCNPJ", "CombustivelID")
VALUES (5.340, 'R$ / litro', '2023-01-16', '4145589001149',
        (SELECT "ID_Combustivel" FROM public."COMBUSTIVEL" WHERE "Nome" = 'GASOLINA COMUM'))
ON CONFLICT DO NOTHING;


INSERT INTO public."PRECO_COLETADO" ("Preco", "UnidadeMedida", "DataColeta", "PostoCNPJ", "CombustivelID")
VALUES (4.850, 'R$ / litro', '2023-01-23', '4145589001149',
        (SELECT "ID_Combustivel" FROM public."COMBUSTIVEL" WHERE "Nome" = 'GASOLINA COMUM'))
ON CONFLICT DO NOTHING;


INSERT INTO public."PRECO_COLETADO" ("Preco", "UnidadeMedida", "DataColeta", "PostoCNPJ", "CombustivelID")
VALUES (5.090, 'R$ / litro', '2023-01-30', '4145589001149',
        (SELECT "ID_Combustivel" FROM public."COMBUSTIVEL" WHERE "Nome" = 'GASOLINA COMUM'))
ON CONFLICT DO NOTHING;


INSERT INTO public."PRECO_COLETADO" ("Preco", "UnidadeMedida", "DataColeta", "PostoCNPJ", "CombustivelID")
VALUES (4.990, 'R$ / litro', '2023-02-06', '4145589001149',
        (SELECT "ID_Combustivel" FROM public."COMBUSTIVEL" WHERE "Nome" = 'GASOLINA COMUM'))
ON CONFLICT DO NOTHING;


INSERT INTO public."PRECO_COLETADO" ("Preco", "UnidadeMedida", "DataColeta", "PostoCNPJ", "CombustivelID")
VALUES (4.990, 'R$ / litro', '2023-02-13', '4145589001149',
        (SELECT "ID_Combustivel" FROM public."COMBUSTIVEL" WHERE "Nome" = 'GASOLINA COMUM'))
ON CONFLICT DO NOTHING;


INSERT INTO public."PRECO_COLETADO" ("Preco", "UnidadeMedida", "DataColeta", "PostoCNPJ", "CombustivelID")
VALUES (4.950, 'R$ / litro', '2023-02-20', '4145589001149',
        (SELECT "ID_Combustivel" FROM public."COMBUSTIVEL" WHERE "Nome" = 'GASOLINA COMUM'))
ON CONFLICT DO NOTHING;


INSERT INTO public."PRECO_COLETADO" ("Preco", "UnidadeMedida", "DataColeta", "PostoCNPJ", "CombustivelID")
VALUES (4.990, 'R$ / litro', '2023-02-27', '4145589001149',
        (SELECT "ID_Combustivel" FROM public."COMBUSTIVEL" WHERE "Nome" = 'GASOLINA COMUM'))
ON CONFLICT DO NOTHING;


INSERT INTO public."PRECO_COLETADO" ("Preco", "UnidadeMedida", "DataColeta", "PostoCNPJ", "CombustivelID")
VALUES (5.540, 'R$ / litro', '2023-03-06', '4145589001149',
        (SELECT "ID_Combustivel" FROM public."COMBUSTIVEL" WHERE "Nome" = 'GASOLINA COMUM'))
ON CONFLICT DO NOTHING;


INSERT INTO public."PRECO_COLETADO" ("Preco", "UnidadeMedida", "DataColeta", "PostoCNPJ", "CombustivelID")
VALUES (5.470, 'R$ / litro', '2023-03-16', '4145589001149',
        (SELECT "ID_Combustivel" FROM public."COMBUSTIVEL" WHERE "Nome" = 'GASOLINA COMUM'))
ON CONFLICT DO NOTHING;


INSERT INTO public."PRECO_COLETADO" ("Preco", "UnidadeMedida", "DataColeta", "PostoCNPJ", "CombustivelID")
VALUES (5.390, 'R$ / litro', '2023-03-21', '4145589001149',
        (SELECT "ID_Combustivel" FROM public."COMBUSTIVEL" WHERE "Nome" = 'GASOLINA COMUM'))
ON CONFLICT DO NOTHING;


INSERT INTO public."PRECO_COLETADO" ("Preco", "UnidadeMedida", "DataColeta", "PostoCNPJ", "CombustivelID")
VALUES (5.490, 'R$ / litro', '2023-03-27', '4145589001149',
        (SELECT "ID_Combustivel" FROM public."COMBUSTIVEL" WHERE "Nome" = 'GASOLINA COMUM'))
ON CONFLICT DO NOTHING;


INSERT INTO public."PRECO_COLETADO" ("Preco", "UnidadeMedida", "DataColeta", "PostoCNPJ", "CombustivelID")
VALUES (5.290, 'R$ / litro', '2023-04-04', '4145589001149',
        (SELECT "ID_Combustivel" FROM public."COMBUSTIVEL" WHERE "Nome" = 'GASOLINA COMUM'))
ON CONFLICT DO NOTHING;


INSERT INTO public."PRECO_COLETADO" ("Preco", "UnidadeMedida", "DataColeta", "PostoCNPJ", "CombustivelID")
VALUES (5.490, 'R$ / litro', '2023-04-17', '4145589001149',
        (SELECT "ID_Combustivel" FROM public."COMBUSTIVEL" WHERE "Nome" = 'GASOLINA COMUM'))
ON CONFLICT DO NOTHING;


INSERT INTO public."PRECO_COLETADO" ("Preco", "UnidadeMedida", "DataColeta", "PostoCNPJ", "CombustivelID")
VALUES (5.490, 'R$ / litro', '2023-04-24', '4145589001149',
        (SELECT "ID_Combustivel" FROM public."COMBUSTIVEL" WHERE "Nome" = 'GASOLINA COMUM'))
ON CONFLICT DO NOTHING;


INSERT INTO public."PRECO_COLETADO" ("Preco", "UnidadeMedida", "DataColeta", "PostoCNPJ", "CombustivelID")
VALUES (5.390, 'R$ / litro', '2023-05-02', '4145589001149',
        (SELECT "ID_Combustivel" FROM public."COMBUSTIVEL" WHERE "Nome" = 'GASOLINA COMUM'))
ON CONFLICT DO NOTHING;


INSERT INTO public."PRECO_COLETADO" ("Preco", "UnidadeMedida", "DataColeta", "PostoCNPJ", "CombustivelID")
VALUES (5.390, 'R$ / litro', '2023-05-09', '4145589001149',
        (SELECT "ID_Combustivel" FROM public."COMBUSTIVEL" WHERE "Nome" = 'GASOLINA COMUM'))
ON CONFLICT DO NOTHING;


INSERT INTO public."PRECO_COLETADO" ("Preco", "UnidadeMedida", "DataColeta", "PostoCNPJ", "CombustivelID")
VALUES (5.290, 'R$ / litro', '2023-05-15', '4145589001149',
        (SELECT "ID_Combustivel" FROM public."COMBUSTIVEL" WHERE "Nome" = 'GASOLINA COMUM'))
ON CONFLICT DO NOTHING;


INSERT INTO public."PRECO_COLETADO" ("Preco", "UnidadeMedida", "DataColeta", "PostoCNPJ", "CombustivelID")
VALUES (5.030, 'R$ / litro', '2023-05-22', '4145589001149',
        (SELECT "ID_Combustivel" FROM public."COMBUSTIVEL" WHERE "Nome" = 'GASOLINA COMUM'))
ON CONFLICT DO NOTHING;


INSERT INTO public."PRECO_COLETADO" ("Preco", "UnidadeMedida", "DataColeta", "PostoCNPJ", "CombustivelID")
VALUES (5.030, 'R$ / litro', '2023-05-29', '4145589001149',
        (SELECT "ID_Combustivel" FROM public."COMBUSTIVEL" WHERE "Nome" = 'GASOLINA COMUM'))
ON CONFLICT DO NOTHING;


INSERT INTO public."PRECO_COLETADO" ("Preco", "UnidadeMedida", "DataColeta", "PostoCNPJ", "CombustivelID")
VALUES (5.340, 'R$ / litro', '2023-06-05', '4145589001149',
        (SELECT "ID_Combustivel" FROM public."COMBUSTIVEL" WHERE "Nome" = 'GASOLINA COMUM'))
ON CONFLICT DO NOTHING;


INSERT INTO public."PRECO_COLETADO" ("Preco", "UnidadeMedida", "DataColeta", "PostoCNPJ", "CombustivelID")
VALUES (5.340, 'R$ / litro', '2023-06-13', '4145589001149',
        (SELECT "ID_Combustivel" FROM public."COMBUSTIVEL" WHERE "Nome" = 'GASOLINA COMUM'))
ON CONFLICT DO NOTHING;


INSERT INTO public."PRECO_COLETADO" ("Preco", "UnidadeMedida", "DataColeta", "PostoCNPJ", "CombustivelID")
VALUES (5.290, 'R$ / litro', '2023-06-20', '4145589001149',
        (SELECT "ID_Combustivel" FROM public."COMBUSTIVEL" WHERE "Nome" = 'GASOLINA COMUM'))
ON CONFLICT DO NOTHING;


INSERT INTO public."PRECO_COLETADO" ("Preco", "UnidadeMedida", "DataColeta", "PostoCNPJ", "CombustivelID")
VALUES (5.290, 'R$ / litro', '2023-06-27', '4145589001149',
        (SELECT "ID_Combustivel" FROM public."COMBUSTIVEL" WHERE "Nome" = 'GASOLINA COMUM'))
ON CONFLICT DO NOTHING;


INSERT INTO public."PRECO_COLETADO" ("Preco", "UnidadeMedida", "DataColeta", "PostoCNPJ", "CombustivelID")
VALUES (5.890, 'R$ / litro', '2023-07-04', '4145589001149',
        (SELECT "ID_Combustivel" FROM public."COMBUSTIVEL" WHERE "Nome" = 'GASOLINA COMUM'))
ON CONFLICT DO NOTHING;


INSERT INTO public."PRECO_COLETADO" ("Preco", "UnidadeMedida", "DataColeta", "PostoCNPJ", "CombustivelID")
VALUES (5.790, 'R$ / litro', '2023-07-10', '4145589001149',
        (SELECT "ID_Combustivel" FROM public."COMBUSTIVEL" WHERE "Nome" = 'GASOLINA COMUM'))
ON CONFLICT DO NOTHING;


INSERT INTO public."PRECO_COLETADO" ("Preco", "UnidadeMedida", "DataColeta", "PostoCNPJ", "CombustivelID")
VALUES (5.670, 'R$ / litro', '2023-07-17', '4145589001149',
        (SELECT "ID_Combustivel" FROM public."COMBUSTIVEL" WHERE "Nome" = 'GASOLINA COMUM'))
ON CONFLICT DO NOTHING;


INSERT INTO public."PRECO_COLETADO" ("Preco", "UnidadeMedida", "DataColeta", "PostoCNPJ", "CombustivelID")
VALUES (5.670, 'R$ / litro', '2023-07-24', '4145589001149',
        (SELECT "ID_Combustivel" FROM public."COMBUSTIVEL" WHERE "Nome" = 'GASOLINA COMUM'))
ON CONFLICT DO NOTHING;


INSERT INTO public."PRECO_COLETADO" ("Preco", "UnidadeMedida", "DataColeta", "PostoCNPJ", "CombustivelID")
VALUES (5.590, 'R$ / litro', '2023-07-31', '4145589001149',
        (SELECT "ID_Combustivel" FROM public."COMBUSTIVEL" WHERE "Nome" = 'GASOLINA COMUM'))
ON CONFLICT DO NOTHING;


INSERT INTO public."PRECO_COLETADO" ("Preco", "UnidadeMedida", "DataColeta", "PostoCNPJ", "CombustivelID")
VALUES (5.450, 'R$ / litro', '2023-08-15', '4145589001149',
        (SELECT "ID_Combustivel" FROM public."COMBUSTIVEL" WHERE "Nome" = 'GASOLINA COMUM'))
ON CONFLICT DO NOTHING;


INSERT INTO public."PRECO_COLETADO" ("Preco", "UnidadeMedida", "DataColeta", "PostoCNPJ", "CombustivelID")
VALUES (5.890, 'R$ / litro', '2023-08-22', '4145589001149',
        (SELECT "ID_Combustivel" FROM public."COMBUSTIVEL" WHERE "Nome" = 'GASOLINA COMUM'))
ON CONFLICT DO NOTHING;


INSERT INTO public."PRECO_COLETADO" ("Preco", "UnidadeMedida", "DataColeta", "PostoCNPJ", "CombustivelID")
VALUES (5.820, 'R$ / litro', '2023-09-07', '4145589001149',
        (SELECT "ID_Combustivel" FROM public."COMBUSTIVEL" WHERE "Nome" = 'GASOLINA COMUM'))
ON CONFLICT DO NOTHING;


INSERT INTO public."PRECO_COLETADO" ("Preco", "UnidadeMedida", "DataColeta", "PostoCNPJ", "CombustivelID")
VALUES (5.750, 'R$ / litro', '2023-09-26', '4145589001149',
        (SELECT "ID_Combustivel" FROM public."COMBUSTIVEL" WHERE "Nome" = 'GASOLINA COMUM'))
ON CONFLICT DO NOTHING;


INSERT INTO public."PRECO_COLETADO" ("Preco", "UnidadeMedida", "DataColeta", "PostoCNPJ", "CombustivelID")
VALUES (5.690, 'R$ / litro', '2023-10-03', '4145589001149',
        (SELECT "ID_Combustivel" FROM public."COMBUSTIVEL" WHERE "Nome" = 'GASOLINA COMUM'))
ON CONFLICT DO NOTHING;


INSERT INTO public."PRECO_COLETADO" ("Preco", "UnidadeMedida", "DataColeta", "PostoCNPJ", "CombustivelID")
VALUES (5.690, 'R$ / litro', '2023-10-10', '4145589001149',
        (SELECT "ID_Combustivel" FROM public."COMBUSTIVEL" WHERE "Nome" = 'GASOLINA COMUM'))
ON CONFLICT DO NOTHING;


INSERT INTO public."PRECO_COLETADO" ("Preco", "UnidadeMedida", "DataColeta", "PostoCNPJ", "CombustivelID")
VALUES (5.690, 'R$ / litro', '2023-10-16', '4145589001149',
        (SELECT "ID_Combustivel" FROM public."COMBUSTIVEL" WHERE "Nome" = 'GASOLINA COMUM'))
ON CONFLICT DO NOTHING;


INSERT INTO public."PRECO_COLETADO" ("Preco", "UnidadeMedida", "DataColeta", "PostoCNPJ", "CombustivelID")
VALUES (5.470, 'R$ / litro', '2023-11-14', '4145589001149',
        (SELECT "ID_Combustivel" FROM public."COMBUSTIVEL" WHERE "Nome" = 'GASOLINA COMUM'))
ON CONFLICT DO NOTHING;


INSERT INTO public."PRECO_COLETADO" ("Preco", "UnidadeMedida", "DataColeta", "PostoCNPJ", "CombustivelID")
VALUES (5.590, 'R$ / litro', '2023-11-28', '4145589001149',
        (SELECT "ID_Combustivel" FROM public."COMBUSTIVEL" WHERE "Nome" = 'GASOLINA COMUM'))
ON CONFLICT DO NOTHING;


INSERT INTO public."PRECO_COLETADO" ("Preco", "UnidadeMedida", "DataColeta", "PostoCNPJ", "CombustivelID")
VALUES (5.590, 'R$ / litro', '2023-12-13', '4145589001149',
        (SELECT "ID_Combustivel" FROM public."COMBUSTIVEL" WHERE "Nome" = 'GASOLINA COMUM'))
ON CONFLICT DO NOTHING;


INSERT INTO public."PRECO_COLETADO" ("Preco", "UnidadeMedida", "DataColeta", "PostoCNPJ", "CombustivelID")
VALUES (5.470, 'R$ / litro', '2023-12-20', '4145589001149',
        (SELECT "ID_Combustivel" FROM public."COMBUSTIVEL" WHERE "Nome" = 'GASOLINA COMUM'))
ON CONFLICT DO NOTHING;


INSERT INTO public."PRECO_COLETADO" ("Preco", "UnidadeMedida", "DataColeta", "PostoCNPJ", "CombustivelID")
VALUES (5.450, 'R$ / litro', '2023-12-26', '4145589001149',
        (SELECT "ID_Combustivel" FROM public."COMBUSTIVEL" WHERE "Nome" = 'GASOLINA COMUM'))
ON CONFLICT DO NOTHING;


INSERT INTO public."PRECO_COLETADO" ("Preco", "UnidadeMedida", "DataColeta", "PostoCNPJ", "CombustivelID")
VALUES (5.390, 'R$ / litro', '2024-01-08', '4145589001149',
        (SELECT "ID_Combustivel" FROM public."COMBUSTIVEL" WHERE "Nome" = 'GASOLINA COMUM'))
ON CONFLICT DO NOTHING;


INSERT INTO public."PRECO_COLETADO" ("Preco", "UnidadeMedida", "DataColeta", "PostoCNPJ", "CombustivelID")
VALUES (5.390, 'R$ / litro', '2024-01-15', '4145589001149',
        (SELECT "ID_Combustivel" FROM public."COMBUSTIVEL" WHERE "Nome" = 'GASOLINA COMUM'))
ON CONFLICT DO NOTHING;


INSERT INTO public."PRECO_COLETADO" ("Preco", "UnidadeMedida", "DataColeta", "PostoCNPJ", "CombustivelID")
VALUES (5.360, 'R$ / litro', '2024-01-29', '4145589001149',
        (SELECT "ID_Combustivel" FROM public."COMBUSTIVEL" WHERE "Nome" = 'GASOLINA COMUM'))
ON CONFLICT DO NOTHING;


INSERT INTO public."PRECO_COLETADO" ("Preco", "UnidadeMedida", "DataColeta", "PostoCNPJ", "CombustivelID")
VALUES (5.690, 'R$ / litro', '2024-02-05', '4145589001149',
        (SELECT "ID_Combustivel" FROM public."COMBUSTIVEL" WHERE "Nome" = 'GASOLINA COMUM'))
ON CONFLICT DO NOTHING;


INSERT INTO public."PRECO_COLETADO" ("Preco", "UnidadeMedida", "DataColeta", "PostoCNPJ", "CombustivelID")
VALUES (5.690, 'R$ / litro', '2024-02-12', '4145589001149',
        (SELECT "ID_Combustivel" FROM public."COMBUSTIVEL" WHERE "Nome" = 'GASOLINA COMUM'))
ON CONFLICT DO NOTHING;


INSERT INTO public."PRECO_COLETADO" ("Preco", "UnidadeMedida", "DataColeta", "PostoCNPJ", "CombustivelID")
VALUES (5.690, 'R$ / litro', '2024-02-19', '4145589001149',
        (SELECT "ID_Combustivel" FROM public."COMBUSTIVEL" WHERE "Nome" = 'GASOLINA COMUM'))
ON CONFLICT DO NOTHING;


INSERT INTO public."PRECO_COLETADO" ("Preco", "UnidadeMedida", "DataColeta", "PostoCNPJ", "CombustivelID")
VALUES (5.690, 'R$ / litro', '2024-02-26', '4145589001149',
        (SELECT "ID_Combustivel" FROM public."COMBUSTIVEL" WHERE "Nome" = 'GASOLINA COMUM'))
ON CONFLICT DO NOTHING;


INSERT INTO public."PRECO_COLETADO" ("Preco", "UnidadeMedida", "DataColeta", "PostoCNPJ", "CombustivelID")
VALUES (5.590, 'R$ / litro', '2024-03-04', '4145589001149',
        (SELECT "ID_Combustivel" FROM public."COMBUSTIVEL" WHERE "Nome" = 'GASOLINA COMUM'))
ON CONFLICT DO NOTHING;


INSERT INTO public."PRECO_COLETADO" ("Preco", "UnidadeMedida", "DataColeta", "PostoCNPJ", "CombustivelID")
VALUES (5.590, 'R$ / litro', '2024-03-11', '4145589001149',
        (SELECT "ID_Combustivel" FROM public."COMBUSTIVEL" WHERE "Nome" = 'GASOLINA COMUM'))
ON CONFLICT DO NOTHING;


INSERT INTO public."PRECO_COLETADO" ("Preco", "UnidadeMedida", "DataColeta", "PostoCNPJ", "CombustivelID")
VALUES (5.590, 'R$ / litro', '2024-03-18', '4145589001149',
        (SELECT "ID_Combustivel" FROM public."COMBUSTIVEL" WHERE "Nome" = 'GASOLINA COMUM'))
ON CONFLICT DO NOTHING;


INSERT INTO public."PRECO_COLETADO" ("Preco", "UnidadeMedida", "DataColeta", "PostoCNPJ", "CombustivelID")
VALUES (5.570, 'R$ / litro', '2024-03-25', '4145589001149',
        (SELECT "ID_Combustivel" FROM public."COMBUSTIVEL" WHERE "Nome" = 'GASOLINA COMUM'))
ON CONFLICT DO NOTHING;


INSERT INTO public."PRECO_COLETADO" ("Preco", "UnidadeMedida", "DataColeta", "PostoCNPJ", "CombustivelID")
VALUES (5.690, 'R$ / litro', '2024-04-02', '4145589001149',
        (SELECT "ID_Combustivel" FROM public."COMBUSTIVEL" WHERE "Nome" = 'GASOLINA COMUM'))
ON CONFLICT DO NOTHING;


INSERT INTO public."PRECO_COLETADO" ("Preco", "UnidadeMedida", "DataColeta", "PostoCNPJ", "CombustivelID")
VALUES (5.690, 'R$ / litro', '2024-04-08', '4145589001149',
        (SELECT "ID_Combustivel" FROM public."COMBUSTIVEL" WHERE "Nome" = 'GASOLINA COMUM'))
ON CONFLICT DO NOTHING;


INSERT INTO public."PRECO_COLETADO" ("Preco", "UnidadeMedida", "DataColeta", "PostoCNPJ", "CombustivelID")
VALUES (5.570, 'R$ / litro', '2024-04-15', '4145589001149',
        (SELECT "ID_Combustivel" FROM public."COMBUSTIVEL" WHERE "Nome" = 'GASOLINA COMUM'))
ON CONFLICT DO NOTHING;


INSERT INTO public."PRECO_COLETADO" ("Preco", "UnidadeMedida", "DataColeta", "PostoCNPJ", "CombustivelID")
VALUES (5.570, 'R$ / litro', '2024-04-22', '4145589001149',
        (SELECT "ID_Combustivel" FROM public."COMBUSTIVEL" WHERE "Nome" = 'GASOLINA COMUM'))
ON CONFLICT DO NOTHING;


INSERT INTO public."PRECO_COLETADO" ("Preco", "UnidadeMedida", "DataColeta", "PostoCNPJ", "CombustivelID")
VALUES (5.890, 'R$ / litro', '2024-04-29', '4145589001149',
        (SELECT "ID_Combustivel" FROM public."COMBUSTIVEL" WHERE "Nome" = 'GASOLINA COMUM'))
ON CONFLICT DO NOTHING;


INSERT INTO public."PRECO_COLETADO" ("Preco", "UnidadeMedida", "DataColeta", "PostoCNPJ", "CombustivelID")
VALUES (5.890, 'R$ / litro', '2024-05-06', '4145589001149',
        (SELECT "ID_Combustivel" FROM public."COMBUSTIVEL" WHERE "Nome" = 'GASOLINA COMUM'))
ON CONFLICT DO NOTHING;


INSERT INTO public."PRECO_COLETADO" ("Preco", "UnidadeMedida", "DataColeta", "PostoCNPJ", "CombustivelID")
VALUES (5.890, 'R$ / litro', '2024-05-14', '4145589001149',
        (SELECT "ID_Combustivel" FROM public."COMBUSTIVEL" WHERE "Nome" = 'GASOLINA COMUM'))
ON CONFLICT DO NOTHING;


INSERT INTO public."PRECO_COLETADO" ("Preco", "UnidadeMedida", "DataColeta", "PostoCNPJ", "CombustivelID")
VALUES (5.890, 'R$ / litro', '2024-05-20', '4145589001149',
        (SELECT "ID_Combustivel" FROM public."COMBUSTIVEL" WHERE "Nome" = 'GASOLINA COMUM'))
ON CONFLICT DO NOTHING;


INSERT INTO public."PRECO_COLETADO" ("Preco", "UnidadeMedida", "DataColeta", "PostoCNPJ", "CombustivelID")
VALUES (5.790, 'R$ / litro', '2024-05-27', '4145589001149',
        (SELECT "ID_Combustivel" FROM public."COMBUSTIVEL" WHERE "Nome" = 'GASOLINA COMUM'))
ON CONFLICT DO NOTHING;


INSERT INTO public."PRECO_COLETADO" ("Preco", "UnidadeMedida", "DataColeta", "PostoCNPJ", "CombustivelID")
VALUES (5.790, 'R$ / litro', '2024-06-04', '4145589001149',
        (SELECT "ID_Combustivel" FROM public."COMBUSTIVEL" WHERE "Nome" = 'GASOLINA COMUM'))
ON CONFLICT DO NOTHING;


INSERT INTO public."PRECO_COLETADO" ("Preco", "UnidadeMedida", "DataColeta", "PostoCNPJ", "CombustivelID")
VALUES (5.790, 'R$ / litro', '2024-06-10', '4145589001149',
        (SELECT "ID_Combustivel" FROM public."COMBUSTIVEL" WHERE "Nome" = 'GASOLINA COMUM'))
ON CONFLICT DO NOTHING;


INSERT INTO public."PRECO_COLETADO" ("Preco", "UnidadeMedida", "DataColeta", "PostoCNPJ", "CombustivelID")
VALUES (5.790, 'R$ / litro', '2024-06-17', '4145589001149',
        (SELECT "ID_Combustivel" FROM public."COMBUSTIVEL" WHERE "Nome" = 'GASOLINA COMUM'))
ON CONFLICT DO NOTHING;


INSERT INTO public."PRECO_COLETADO" ("Preco", "UnidadeMedida", "DataColeta", "PostoCNPJ", "CombustivelID")
VALUES (5.790, 'R$ / litro', '2024-06-24', '4145589001149',
        (SELECT "ID_Combustivel" FROM public."COMBUSTIVEL" WHERE "Nome" = 'GASOLINA COMUM'))
ON CONFLICT DO NOTHING;


INSERT INTO public."PRECO_COLETADO" ("Preco", "UnidadeMedida", "DataColeta", "PostoCNPJ", "CombustivelID")
VALUES (5.790, 'R$ / litro', '2024-07-01', '4145589001149',
        (SELECT "ID_Combustivel" FROM public."COMBUSTIVEL" WHERE "Nome" = 'GASOLINA COMUM'))
ON CONFLICT DO NOTHING;


INSERT INTO public."PRECO_COLETADO" ("Preco", "UnidadeMedida", "DataColeta", "PostoCNPJ", "CombustivelID")
VALUES (6.190, 'R$ / litro', '2024-07-09', '4145589001149',
        (SELECT "ID_Combustivel" FROM public."COMBUSTIVEL" WHERE "Nome" = 'GASOLINA COMUM'))
ON CONFLICT DO NOTHING;


INSERT INTO public."PRECO_COLETADO" ("Preco", "UnidadeMedida", "DataColeta", "PostoCNPJ", "CombustivelID")
VALUES (6.190, 'R$ / litro', '2024-07-16', '4145589001149',
        (SELECT "ID_Combustivel" FROM public."COMBUSTIVEL" WHERE "Nome" = 'GASOLINA COMUM'))
ON CONFLICT DO NOTHING;


INSERT INTO public."PRECO_COLETADO" ("Preco", "UnidadeMedida", "DataColeta", "PostoCNPJ", "CombustivelID")
VALUES (6.150, 'R$ / litro', '2024-07-22', '4145589001149',
        (SELECT "ID_Combustivel" FROM public."COMBUSTIVEL" WHERE "Nome" = 'GASOLINA COMUM'))
ON CONFLICT DO NOTHING;


INSERT INTO public."PRECO_COLETADO" ("Preco", "UnidadeMedida", "DataColeta", "PostoCNPJ", "CombustivelID")
VALUES (6.150, 'R$ / litro', '2024-07-29', '4145589001149',
        (SELECT "ID_Combustivel" FROM public."COMBUSTIVEL" WHERE "Nome" = 'GASOLINA COMUM'))
ON CONFLICT DO NOTHING;


INSERT INTO public."PRECO_COLETADO" ("Preco", "UnidadeMedida", "DataColeta", "PostoCNPJ", "CombustivelID")
VALUES (6.090, 'R$ / litro', '2024-08-05', '4145589001149',
        (SELECT "ID_Combustivel" FROM public."COMBUSTIVEL" WHERE "Nome" = 'GASOLINA COMUM'))
ON CONFLICT DO NOTHING;


INSERT INTO public."PRECO_COLETADO" ("Preco", "UnidadeMedida", "DataColeta", "PostoCNPJ", "CombustivelID")
VALUES (6.090, 'R$ / litro', '2024-08-12', '4145589001149',
        (SELECT "ID_Combustivel" FROM public."COMBUSTIVEL" WHERE "Nome" = 'GASOLINA COMUM'))
ON CONFLICT DO NOTHING;


INSERT INTO public."PRECO_COLETADO" ("Preco", "UnidadeMedida", "DataColeta", "PostoCNPJ", "CombustivelID")
VALUES (6.290, 'R$ / litro', '2024-08-20', '4145589001149',
        (SELECT "ID_Combustivel" FROM public."COMBUSTIVEL" WHERE "Nome" = 'GASOLINA COMUM'))
ON CONFLICT DO NOTHING;


INSERT INTO public."PRECO_COLETADO" ("Preco", "UnidadeMedida", "DataColeta", "PostoCNPJ", "CombustivelID")
VALUES (6.090, 'R$ / litro', '2024-08-26', '4145589001149',
        (SELECT "ID_Combustivel" FROM public."COMBUSTIVEL" WHERE "Nome" = 'GASOLINA COMUM'))
ON CONFLICT DO NOTHING;


INSERT INTO public."PRECO_COLETADO" ("Preco", "UnidadeMedida", "DataColeta", "PostoCNPJ", "CombustivelID")
VALUES (6.090, 'R$ / litro', '2024-09-02', '4145589001149',
        (SELECT "ID_Combustivel" FROM public."COMBUSTIVEL" WHERE "Nome" = 'GASOLINA COMUM'))
ON CONFLICT DO NOTHING;


INSERT INTO public."COMBUSTIVEL" ("Nome")
VALUES ('DIESEL S10')
ON CONFLICT ("Nome") DO NOTHING;


INSERT INTO public."PRECO_COLETADO" ("Preco", "UnidadeMedida", "DataColeta", "PostoCNPJ", "CombustivelID")
VALUES (6.390, 'R$ / litro', '2022-10-24', '4145589001149',
        (SELECT "ID_Combustivel" FROM public."COMBUSTIVEL" WHERE "Nome" = 'DIESEL S10'))
ON CONFLICT DO NOTHING;


INSERT INTO public."PRECO_COLETADO" ("Preco", "UnidadeMedida", "DataColeta", "PostoCNPJ", "CombustivelID")
VALUES (6.370, 'R$ / litro', '2022-10-31', '4145589001149',
        (SELECT "ID_Combustivel" FROM public."COMBUSTIVEL" WHERE "Nome" = 'DIESEL S10'))
ON CONFLICT DO NOTHING;


INSERT INTO public."PRECO_COLETADO" ("Preco", "UnidadeMedida", "DataColeta", "PostoCNPJ", "CombustivelID")
VALUES (6.370, 'R$ / litro', '2022-11-14', '4145589001149',
        (SELECT "ID_Combustivel" FROM public."COMBUSTIVEL" WHERE "Nome" = 'DIESEL S10'))
ON CONFLICT DO NOTHING;


INSERT INTO public."PRECO_COLETADO" ("Preco", "UnidadeMedida", "DataColeta", "PostoCNPJ", "CombustivelID")
VALUES (6.370, 'R$ / litro', '2022-11-22', '4145589001149',
        (SELECT "ID_Combustivel" FROM public."COMBUSTIVEL" WHERE "Nome" = 'DIESEL S10'))
ON CONFLICT DO NOTHING;


INSERT INTO public."PRECO_COLETADO" ("Preco", "UnidadeMedida", "DataColeta", "PostoCNPJ", "CombustivelID")
VALUES (6.370, 'R$ / litro', '2022-12-05', '4145589001149',
        (SELECT "ID_Combustivel" FROM public."COMBUSTIVEL" WHERE "Nome" = 'DIESEL S10'))
ON CONFLICT DO NOTHING;


INSERT INTO public."PRECO_COLETADO" ("Preco", "UnidadeMedida", "DataColeta", "PostoCNPJ", "CombustivelID")
VALUES (6.370, 'R$ / litro', '2022-12-12', '4145589001149',
        (SELECT "ID_Combustivel" FROM public."COMBUSTIVEL" WHERE "Nome" = 'DIESEL S10'))
ON CONFLICT DO NOTHING;


INSERT INTO public."PRECO_COLETADO" ("Preco", "UnidadeMedida", "DataColeta", "PostoCNPJ", "CombustivelID")
VALUES (6.190, 'R$ / litro', '2022-12-22', '4145589001149',
        (SELECT "ID_Combustivel" FROM public."COMBUSTIVEL" WHERE "Nome" = 'DIESEL S10'))
ON CONFLICT DO NOTHING;


INSERT INTO public."PRECO_COLETADO" ("Preco", "UnidadeMedida", "DataColeta", "PostoCNPJ", "CombustivelID")
VALUES (6.190, 'R$ / litro', '2022-12-26', '4145589001149',
        (SELECT "ID_Combustivel" FROM public."COMBUSTIVEL" WHERE "Nome" = 'DIESEL S10'))
ON CONFLICT DO NOTHING;


INSERT INTO public."PRECO_COLETADO" ("Preco", "UnidadeMedida", "DataColeta", "PostoCNPJ", "CombustivelID")
VALUES (6.090, 'R$ / litro', '2023-01-09', '4145589001149',
        (SELECT "ID_Combustivel" FROM public."COMBUSTIVEL" WHERE "Nome" = 'DIESEL S10'))
ON CONFLICT DO NOTHING;


INSERT INTO public."PRECO_COLETADO" ("Preco", "UnidadeMedida", "DataColeta", "PostoCNPJ", "CombustivelID")
VALUES (6.050, 'R$ / litro', '2023-01-16', '4145589001149',
        (SELECT "ID_Combustivel" FROM public."COMBUSTIVEL" WHERE "Nome" = 'DIESEL S10'))
ON CONFLICT DO NOTHING;


INSERT INTO public."PRECO_COLETADO" ("Preco", "UnidadeMedida", "DataColeta", "PostoCNPJ", "CombustivelID")
VALUES (6.050, 'R$ / litro', '2023-01-23', '4145589001149',
        (SELECT "ID_Combustivel" FROM public."COMBUSTIVEL" WHERE "Nome" = 'DIESEL S10'))
ON CONFLICT DO NOTHING;


INSERT INTO public."PRECO_COLETADO" ("Preco", "UnidadeMedida", "DataColeta", "PostoCNPJ", "CombustivelID")
VALUES (5.990, 'R$ / litro', '2023-01-30', '4145589001149',
        (SELECT "ID_Combustivel" FROM public."COMBUSTIVEL" WHERE "Nome" = 'DIESEL S10'))
ON CONFLICT DO NOTHING;


INSERT INTO public."PRECO_COLETADO" ("Preco", "UnidadeMedida", "DataColeta", "PostoCNPJ", "CombustivelID")
VALUES (5.990, 'R$ / litro', '2023-02-06', '4145589001149',
        (SELECT "ID_Combustivel" FROM public."COMBUSTIVEL" WHERE "Nome" = 'DIESEL S10'))
ON CONFLICT DO NOTHING;


INSERT INTO public."PRECO_COLETADO" ("Preco", "UnidadeMedida", "DataColeta", "PostoCNPJ", "CombustivelID")
VALUES (5.970, 'R$ / litro', '2023-02-13', '4145589001149',
        (SELECT "ID_Combustivel" FROM public."COMBUSTIVEL" WHERE "Nome" = 'DIESEL S10'))
ON CONFLICT DO NOTHING;


INSERT INTO public."PRECO_COLETADO" ("Preco", "UnidadeMedida", "DataColeta", "PostoCNPJ", "CombustivelID")
VALUES (5.970, 'R$ / litro', '2023-02-20', '4145589001149',
        (SELECT "ID_Combustivel" FROM public."COMBUSTIVEL" WHERE "Nome" = 'DIESEL S10'))
ON CONFLICT DO NOTHING;


INSERT INTO public."PRECO_COLETADO" ("Preco", "UnidadeMedida", "DataColeta", "PostoCNPJ", "CombustivelID")
VALUES (5.870, 'R$ / litro', '2023-02-27', '4145589001149',
        (SELECT "ID_Combustivel" FROM public."COMBUSTIVEL" WHERE "Nome" = 'DIESEL S10'))
ON CONFLICT DO NOTHING;


INSERT INTO public."PRECO_COLETADO" ("Preco", "UnidadeMedida", "DataColeta", "PostoCNPJ", "CombustivelID")
VALUES (5.790, 'R$ / litro', '2023-03-06', '4145589001149',
        (SELECT "ID_Combustivel" FROM public."COMBUSTIVEL" WHERE "Nome" = 'DIESEL S10'))
ON CONFLICT DO NOTHING;


INSERT INTO public."PRECO_COLETADO" ("Preco", "UnidadeMedida", "DataColeta", "PostoCNPJ", "CombustivelID")
VALUES (5.690, 'R$ / litro', '2023-03-16', '4145589001149',
        (SELECT "ID_Combustivel" FROM public."COMBUSTIVEL" WHERE "Nome" = 'DIESEL S10'))
ON CONFLICT DO NOTHING;


INSERT INTO public."PRECO_COLETADO" ("Preco", "UnidadeMedida", "DataColeta", "PostoCNPJ", "CombustivelID")
VALUES (5.690, 'R$ / litro', '2023-03-21', '4145589001149',
        (SELECT "ID_Combustivel" FROM public."COMBUSTIVEL" WHERE "Nome" = 'DIESEL S10'))
ON CONFLICT DO NOTHING;


INSERT INTO public."PRECO_COLETADO" ("Preco", "UnidadeMedida", "DataColeta", "PostoCNPJ", "CombustivelID")
VALUES (5.650, 'R$ / litro', '2023-03-27', '4145589001149',
        (SELECT "ID_Combustivel" FROM public."COMBUSTIVEL" WHERE "Nome" = 'DIESEL S10'))
ON CONFLICT DO NOTHING;


INSERT INTO public."PRECO_COLETADO" ("Preco", "UnidadeMedida", "DataColeta", "PostoCNPJ", "CombustivelID")
VALUES (5.590, 'R$ / litro', '2023-04-17', '4145589001149',
        (SELECT "ID_Combustivel" FROM public."COMBUSTIVEL" WHERE "Nome" = 'DIESEL S10'))
ON CONFLICT DO NOTHING;


INSERT INTO public."PRECO_COLETADO" ("Preco", "UnidadeMedida", "DataColeta", "PostoCNPJ", "CombustivelID")
VALUES (5.590, 'R$ / litro', '2023-04-24', '4145589001149',
        (SELECT "ID_Combustivel" FROM public."COMBUSTIVEL" WHERE "Nome" = 'DIESEL S10'))
ON CONFLICT DO NOTHING;


INSERT INTO public."PRECO_COLETADO" ("Preco", "UnidadeMedida", "DataColeta", "PostoCNPJ", "CombustivelID")
VALUES (5.550, 'R$ / litro', '2023-05-02', '4145589001149',
        (SELECT "ID_Combustivel" FROM public."COMBUSTIVEL" WHERE "Nome" = 'DIESEL S10'))
ON CONFLICT DO NOTHING;


INSERT INTO public."PRECO_COLETADO" ("Preco", "UnidadeMedida", "DataColeta", "PostoCNPJ", "CombustivelID")
VALUES (5.490, 'R$ / litro', '2023-05-09', '4145589001149',
        (SELECT "ID_Combustivel" FROM public."COMBUSTIVEL" WHERE "Nome" = 'DIESEL S10'))
ON CONFLICT DO NOTHING;


INSERT INTO public."PRECO_COLETADO" ("Preco", "UnidadeMedida", "DataColeta", "PostoCNPJ", "CombustivelID")
VALUES (5.490, 'R$ / litro', '2023-05-15', '4145589001149',
        (SELECT "ID_Combustivel" FROM public."COMBUSTIVEL" WHERE "Nome" = 'DIESEL S10'))
ON CONFLICT DO NOTHING;


INSERT INTO public."PRECO_COLETADO" ("Preco", "UnidadeMedida", "DataColeta", "PostoCNPJ", "CombustivelID")
VALUES (5.190, 'R$ / litro', '2023-05-22', '4145589001149',
        (SELECT "ID_Combustivel" FROM public."COMBUSTIVEL" WHERE "Nome" = 'DIESEL S10'))
ON CONFLICT DO NOTHING;


INSERT INTO public."PRECO_COLETADO" ("Preco", "UnidadeMedida", "DataColeta", "PostoCNPJ", "CombustivelID")
VALUES (5.190, 'R$ / litro', '2023-05-29', '4145589001149',
        (SELECT "ID_Combustivel" FROM public."COMBUSTIVEL" WHERE "Nome" = 'DIESEL S10'))
ON CONFLICT DO NOTHING;


INSERT INTO public."PRECO_COLETADO" ("Preco", "UnidadeMedida", "DataColeta", "PostoCNPJ", "CombustivelID")
VALUES (5.190, 'R$ / litro', '2023-06-05', '4145589001149',
        (SELECT "ID_Combustivel" FROM public."COMBUSTIVEL" WHERE "Nome" = 'DIESEL S10'))
ON CONFLICT DO NOTHING;


INSERT INTO public."PRECO_COLETADO" ("Preco", "UnidadeMedida", "DataColeta", "PostoCNPJ", "CombustivelID")
VALUES (5.090, 'R$ / litro', '2023-06-13', '4145589001149',
        (SELECT "ID_Combustivel" FROM public."COMBUSTIVEL" WHERE "Nome" = 'DIESEL S10'))
ON CONFLICT DO NOTHING;


INSERT INTO public."PRECO_COLETADO" ("Preco", "UnidadeMedida", "DataColeta", "PostoCNPJ", "CombustivelID")
VALUES (4.990, 'R$ / litro', '2023-06-20', '4145589001149',
        (SELECT "ID_Combustivel" FROM public."COMBUSTIVEL" WHERE "Nome" = 'DIESEL S10'))
ON CONFLICT DO NOTHING;


INSERT INTO public."PRECO_COLETADO" ("Preco", "UnidadeMedida", "DataColeta", "PostoCNPJ", "CombustivelID")
VALUES (4.990, 'R$ / litro', '2023-06-27', '4145589001149',
        (SELECT "ID_Combustivel" FROM public."COMBUSTIVEL" WHERE "Nome" = 'DIESEL S10'))
ON CONFLICT DO NOTHING;


INSERT INTO public."PRECO_COLETADO" ("Preco", "UnidadeMedida", "DataColeta", "PostoCNPJ", "CombustivelID")
VALUES (4.990, 'R$ / litro', '2023-07-04', '4145589001149',
        (SELECT "ID_Combustivel" FROM public."COMBUSTIVEL" WHERE "Nome" = 'DIESEL S10'))
ON CONFLICT DO NOTHING;


INSERT INTO public."PRECO_COLETADO" ("Preco", "UnidadeMedida", "DataColeta", "PostoCNPJ", "CombustivelID")
VALUES (4.990, 'R$ / litro', '2023-07-10', '4145589001149',
        (SELECT "ID_Combustivel" FROM public."COMBUSTIVEL" WHERE "Nome" = 'DIESEL S10'))
ON CONFLICT DO NOTHING;


INSERT INTO public."PRECO_COLETADO" ("Preco", "UnidadeMedida", "DataColeta", "PostoCNPJ", "CombustivelID")
VALUES (4.970, 'R$ / litro', '2023-07-17', '4145589001149',
        (SELECT "ID_Combustivel" FROM public."COMBUSTIVEL" WHERE "Nome" = 'DIESEL S10'))
ON CONFLICT DO NOTHING;


INSERT INTO public."PRECO_COLETADO" ("Preco", "UnidadeMedida", "DataColeta", "PostoCNPJ", "CombustivelID")
VALUES (4.950, 'R$ / litro', '2023-07-24', '4145589001149',
        (SELECT "ID_Combustivel" FROM public."COMBUSTIVEL" WHERE "Nome" = 'DIESEL S10'))
ON CONFLICT DO NOTHING;


INSERT INTO public."PRECO_COLETADO" ("Preco", "UnidadeMedida", "DataColeta", "PostoCNPJ", "CombustivelID")
VALUES (4.950, 'R$ / litro', '2023-07-31', '4145589001149',
        (SELECT "ID_Combustivel" FROM public."COMBUSTIVEL" WHERE "Nome" = 'DIESEL S10'))
ON CONFLICT DO NOTHING;


INSERT INTO public."PRECO_COLETADO" ("Preco", "UnidadeMedida", "DataColeta", "PostoCNPJ", "CombustivelID")
VALUES (4.950, 'R$ / litro', '2023-08-15', '4145589001149',
        (SELECT "ID_Combustivel" FROM public."COMBUSTIVEL" WHERE "Nome" = 'DIESEL S10'))
ON CONFLICT DO NOTHING;


INSERT INTO public."PRECO_COLETADO" ("Preco", "UnidadeMedida", "DataColeta", "PostoCNPJ", "CombustivelID")
VALUES (5.870, 'R$ / litro', '2023-08-22', '4145589001149',
        (SELECT "ID_Combustivel" FROM public."COMBUSTIVEL" WHERE "Nome" = 'DIESEL S10'))
ON CONFLICT DO NOTHING;


INSERT INTO public."PRECO_COLETADO" ("Preco", "UnidadeMedida", "DataColeta", "PostoCNPJ", "CombustivelID")
VALUES (5.980, 'R$ / litro', '2023-09-07', '4145589001149',
        (SELECT "ID_Combustivel" FROM public."COMBUSTIVEL" WHERE "Nome" = 'DIESEL S10'))
ON CONFLICT DO NOTHING;


INSERT INTO public."PRECO_COLETADO" ("Preco", "UnidadeMedida", "DataColeta", "PostoCNPJ", "CombustivelID")
VALUES (5.980, 'R$ / litro', '2023-09-26', '4145589001149',
        (SELECT "ID_Combustivel" FROM public."COMBUSTIVEL" WHERE "Nome" = 'DIESEL S10'))
ON CONFLICT DO NOTHING;


INSERT INTO public."PRECO_COLETADO" ("Preco", "UnidadeMedida", "DataColeta", "PostoCNPJ", "CombustivelID")
VALUES (5.980, 'R$ / litro', '2023-10-03', '4145589001149',
        (SELECT "ID_Combustivel" FROM public."COMBUSTIVEL" WHERE "Nome" = 'DIESEL S10'))
ON CONFLICT DO NOTHING;


INSERT INTO public."PRECO_COLETADO" ("Preco", "UnidadeMedida", "DataColeta", "PostoCNPJ", "CombustivelID")
VALUES (5.980, 'R$ / litro', '2023-10-10', '4145589001149',
        (SELECT "ID_Combustivel" FROM public."COMBUSTIVEL" WHERE "Nome" = 'DIESEL S10'))
ON CONFLICT DO NOTHING;


INSERT INTO public."PRECO_COLETADO" ("Preco", "UnidadeMedida", "DataColeta", "PostoCNPJ", "CombustivelID")
VALUES (5.980, 'R$ / litro', '2023-10-16', '4145589001149',
        (SELECT "ID_Combustivel" FROM public."COMBUSTIVEL" WHERE "Nome" = 'DIESEL S10'))
ON CONFLICT DO NOTHING;


INSERT INTO public."PRECO_COLETADO" ("Preco", "UnidadeMedida", "DataColeta", "PostoCNPJ", "CombustivelID")
VALUES (6.090, 'R$ / litro', '2023-11-14', '4145589001149',
        (SELECT "ID_Combustivel" FROM public."COMBUSTIVEL" WHERE "Nome" = 'DIESEL S10'))
ON CONFLICT DO NOTHING;


INSERT INTO public."PRECO_COLETADO" ("Preco", "UnidadeMedida", "DataColeta", "PostoCNPJ", "CombustivelID")
VALUES (5.990, 'R$ / litro', '2023-11-21', '4145589001149',
        (SELECT "ID_Combustivel" FROM public."COMBUSTIVEL" WHERE "Nome" = 'DIESEL S10'))
ON CONFLICT DO NOTHING;


INSERT INTO public."PRECO_COLETADO" ("Preco", "UnidadeMedida", "DataColeta", "PostoCNPJ", "CombustivelID")
VALUES (5.990, 'R$ / litro', '2023-11-28', '4145589001149',
        (SELECT "ID_Combustivel" FROM public."COMBUSTIVEL" WHERE "Nome" = 'DIESEL S10'))
ON CONFLICT DO NOTHING;


INSERT INTO public."PRECO_COLETADO" ("Preco", "UnidadeMedida", "DataColeta", "PostoCNPJ", "CombustivelID")
VALUES (5.990, 'R$ / litro', '2023-12-13', '4145589001149',
        (SELECT "ID_Combustivel" FROM public."COMBUSTIVEL" WHERE "Nome" = 'DIESEL S10'))
ON CONFLICT DO NOTHING;


INSERT INTO public."PRECO_COLETADO" ("Preco", "UnidadeMedida", "DataColeta", "PostoCNPJ", "CombustivelID")
VALUES (5.890, 'R$ / litro', '2023-12-20', '4145589001149',
        (SELECT "ID_Combustivel" FROM public."COMBUSTIVEL" WHERE "Nome" = 'DIESEL S10'))
ON CONFLICT DO NOTHING;


INSERT INTO public."PRECO_COLETADO" ("Preco", "UnidadeMedida", "DataColeta", "PostoCNPJ", "CombustivelID")
VALUES (5.870, 'R$ / litro', '2023-12-26', '4145589001149',
        (SELECT "ID_Combustivel" FROM public."COMBUSTIVEL" WHERE "Nome" = 'DIESEL S10'))
ON CONFLICT DO NOTHING;


INSERT INTO public."PRECO_COLETADO" ("Preco", "UnidadeMedida", "DataColeta", "PostoCNPJ", "CombustivelID")
VALUES (5.870, 'R$ / litro', '2024-01-08', '4145589001149',
        (SELECT "ID_Combustivel" FROM public."COMBUSTIVEL" WHERE "Nome" = 'DIESEL S10'))
ON CONFLICT DO NOTHING;


INSERT INTO public."PRECO_COLETADO" ("Preco", "UnidadeMedida", "DataColeta", "PostoCNPJ", "CombustivelID")
VALUES (5.870, 'R$ / litro', '2024-01-15', '4145589001149',
        (SELECT "ID_Combustivel" FROM public."COMBUSTIVEL" WHERE "Nome" = 'DIESEL S10'))
ON CONFLICT DO NOTHING;


INSERT INTO public."PRECO_COLETADO" ("Preco", "UnidadeMedida", "DataColeta", "PostoCNPJ", "CombustivelID")
VALUES (5.870, 'R$ / litro', '2024-01-29', '4145589001149',
        (SELECT "ID_Combustivel" FROM public."COMBUSTIVEL" WHERE "Nome" = 'DIESEL S10'))
ON CONFLICT DO NOTHING;


INSERT INTO public."PRECO_COLETADO" ("Preco", "UnidadeMedida", "DataColeta", "PostoCNPJ", "CombustivelID")
VALUES (6.190, 'R$ / litro', '2024-02-05', '4145589001149',
        (SELECT "ID_Combustivel" FROM public."COMBUSTIVEL" WHERE "Nome" = 'DIESEL S10'))
ON CONFLICT DO NOTHING;


INSERT INTO public."PRECO_COLETADO" ("Preco", "UnidadeMedida", "DataColeta", "PostoCNPJ", "CombustivelID")
VALUES (5.990, 'R$ / litro', '2024-02-12', '4145589001149',
        (SELECT "ID_Combustivel" FROM public."COMBUSTIVEL" WHERE "Nome" = 'DIESEL S10'))
ON CONFLICT DO NOTHING;


INSERT INTO public."PRECO_COLETADO" ("Preco", "UnidadeMedida", "DataColeta", "PostoCNPJ", "CombustivelID")
VALUES (5.990, 'R$ / litro', '2024-02-19', '4145589001149',
        (SELECT "ID_Combustivel" FROM public."COMBUSTIVEL" WHERE "Nome" = 'DIESEL S10'))
ON CONFLICT DO NOTHING;


INSERT INTO public."PRECO_COLETADO" ("Preco", "UnidadeMedida", "DataColeta", "PostoCNPJ", "CombustivelID")
VALUES (5.990, 'R$ / litro', '2024-02-26', '4145589001149',
        (SELECT "ID_Combustivel" FROM public."COMBUSTIVEL" WHERE "Nome" = 'DIESEL S10'))
ON CONFLICT DO NOTHING;


INSERT INTO public."PRECO_COLETADO" ("Preco", "UnidadeMedida", "DataColeta", "PostoCNPJ", "CombustivelID")
VALUES (5.990, 'R$ / litro', '2024-03-04', '4145589001149',
        (SELECT "ID_Combustivel" FROM public."COMBUSTIVEL" WHERE "Nome" = 'DIESEL S10'))
ON CONFLICT DO NOTHING;


INSERT INTO public."PRECO_COLETADO" ("Preco", "UnidadeMedida", "DataColeta", "PostoCNPJ", "CombustivelID")
VALUES (5.990, 'R$ / litro', '2024-03-11', '4145589001149',
        (SELECT "ID_Combustivel" FROM public."COMBUSTIVEL" WHERE "Nome" = 'DIESEL S10'))
ON CONFLICT DO NOTHING;


INSERT INTO public."PRECO_COLETADO" ("Preco", "UnidadeMedida", "DataColeta", "PostoCNPJ", "CombustivelID")
VALUES (5.990, 'R$ / litro', '2024-03-18', '4145589001149',
        (SELECT "ID_Combustivel" FROM public."COMBUSTIVEL" WHERE "Nome" = 'DIESEL S10'))
ON CONFLICT DO NOTHING;


INSERT INTO public."PRECO_COLETADO" ("Preco", "UnidadeMedida", "DataColeta", "PostoCNPJ", "CombustivelID")
VALUES (5.870, 'R$ / litro', '2024-03-25', '4145589001149',
        (SELECT "ID_Combustivel" FROM public."COMBUSTIVEL" WHERE "Nome" = 'DIESEL S10'))
ON CONFLICT DO NOTHING;


INSERT INTO public."PRECO_COLETADO" ("Preco", "UnidadeMedida", "DataColeta", "PostoCNPJ", "CombustivelID")
VALUES (5.870, 'R$ / litro', '2024-04-02', '4145589001149',
        (SELECT "ID_Combustivel" FROM public."COMBUSTIVEL" WHERE "Nome" = 'DIESEL S10'))
ON CONFLICT DO NOTHING;


INSERT INTO public."PRECO_COLETADO" ("Preco", "UnidadeMedida", "DataColeta", "PostoCNPJ", "CombustivelID")
VALUES (5.870, 'R$ / litro', '2024-04-08', '4145589001149',
        (SELECT "ID_Combustivel" FROM public."COMBUSTIVEL" WHERE "Nome" = 'DIESEL S10'))
ON CONFLICT DO NOTHING;


INSERT INTO public."PRECO_COLETADO" ("Preco", "UnidadeMedida", "DataColeta", "PostoCNPJ", "CombustivelID")
VALUES (5.990, 'R$ / litro', '2024-04-15', '4145589001149',
        (SELECT "ID_Combustivel" FROM public."COMBUSTIVEL" WHERE "Nome" = 'DIESEL S10'))
ON CONFLICT DO NOTHING;


INSERT INTO public."PRECO_COLETADO" ("Preco", "UnidadeMedida", "DataColeta", "PostoCNPJ", "CombustivelID")
VALUES (5.990, 'R$ / litro', '2024-04-22', '4145589001149',
        (SELECT "ID_Combustivel" FROM public."COMBUSTIVEL" WHERE "Nome" = 'DIESEL S10'))
ON CONFLICT DO NOTHING;


INSERT INTO public."PRECO_COLETADO" ("Preco", "UnidadeMedida", "DataColeta", "PostoCNPJ", "CombustivelID")
VALUES (5.990, 'R$ / litro', '2024-04-29', '4145589001149',
        (SELECT "ID_Combustivel" FROM public."COMBUSTIVEL" WHERE "Nome" = 'DIESEL S10'))
ON CONFLICT DO NOTHING;


INSERT INTO public."PRECO_COLETADO" ("Preco", "UnidadeMedida", "DataColeta", "PostoCNPJ", "CombustivelID")
VALUES (5.990, 'R$ / litro', '2024-05-06', '4145589001149',
        (SELECT "ID_Combustivel" FROM public."COMBUSTIVEL" WHERE "Nome" = 'DIESEL S10'))
ON CONFLICT DO NOTHING;


INSERT INTO public."PRECO_COLETADO" ("Preco", "UnidadeMedida", "DataColeta", "PostoCNPJ", "CombustivelID")
VALUES (5.990, 'R$ / litro', '2024-05-14', '4145589001149',
        (SELECT "ID_Combustivel" FROM public."COMBUSTIVEL" WHERE "Nome" = 'DIESEL S10'))
ON CONFLICT DO NOTHING;


INSERT INTO public."PRECO_COLETADO" ("Preco", "UnidadeMedida", "DataColeta", "PostoCNPJ", "CombustivelID")
VALUES (5.990, 'R$ / litro', '2024-05-20', '4145589001149',
        (SELECT "ID_Combustivel" FROM public."COMBUSTIVEL" WHERE "Nome" = 'DIESEL S10'))
ON CONFLICT DO NOTHING;


INSERT INTO public."PRECO_COLETADO" ("Preco", "UnidadeMedida", "DataColeta", "PostoCNPJ", "CombustivelID")
VALUES (5.990, 'R$ / litro', '2024-05-27', '4145589001149',
        (SELECT "ID_Combustivel" FROM public."COMBUSTIVEL" WHERE "Nome" = 'DIESEL S10'))
ON CONFLICT DO NOTHING;


INSERT INTO public."PRECO_COLETADO" ("Preco", "UnidadeMedida", "DataColeta", "PostoCNPJ", "CombustivelID")
VALUES (5.990, 'R$ / litro', '2024-06-04', '4145589001149',
        (SELECT "ID_Combustivel" FROM public."COMBUSTIVEL" WHERE "Nome" = 'DIESEL S10'))
ON CONFLICT DO NOTHING;


INSERT INTO public."PRECO_COLETADO" ("Preco", "UnidadeMedida", "DataColeta", "PostoCNPJ", "CombustivelID")
VALUES (5.990, 'R$ / litro', '2024-06-10', '4145589001149',
        (SELECT "ID_Combustivel" FROM public."COMBUSTIVEL" WHERE "Nome" = 'DIESEL S10'))
ON CONFLICT DO NOTHING;


INSERT INTO public."PRECO_COLETADO" ("Preco", "UnidadeMedida", "DataColeta", "PostoCNPJ", "CombustivelID")
VALUES (5.990, 'R$ / litro', '2024-06-17', '4145589001149',
        (SELECT "ID_Combustivel" FROM public."COMBUSTIVEL" WHERE "Nome" = 'DIESEL S10'))
ON CONFLICT DO NOTHING;


INSERT INTO public."PRECO_COLETADO" ("Preco", "UnidadeMedida", "DataColeta", "PostoCNPJ", "CombustivelID")
VALUES (5.990, 'R$ / litro', '2024-06-24', '4145589001149',
        (SELECT "ID_Combustivel" FROM public."COMBUSTIVEL" WHERE "Nome" = 'DIESEL S10'))
ON CONFLICT DO NOTHING;


INSERT INTO public."PRECO_COLETADO" ("Preco", "UnidadeMedida", "DataColeta", "PostoCNPJ", "CombustivelID")
VALUES (5.990, 'R$ / litro', '2024-07-01', '4145589001149',
        (SELECT "ID_Combustivel" FROM public."COMBUSTIVEL" WHERE "Nome" = 'DIESEL S10'))
ON CONFLICT DO NOTHING;


INSERT INTO public."PRECO_COLETADO" ("Preco", "UnidadeMedida", "DataColeta", "PostoCNPJ", "CombustivelID")
VALUES (5.990, 'R$ / litro', '2024-07-09', '4145589001149',
        (SELECT "ID_Combustivel" FROM public."COMBUSTIVEL" WHERE "Nome" = 'DIESEL S10'))
ON CONFLICT DO NOTHING;


INSERT INTO public."PRECO_COLETADO" ("Preco", "UnidadeMedida", "DataColeta", "PostoCNPJ", "CombustivelID")
VALUES (5.990, 'R$ / litro', '2024-07-16', '4145589001149',
        (SELECT "ID_Combustivel" FROM public."COMBUSTIVEL" WHERE "Nome" = 'DIESEL S10'))
ON CONFLICT DO NOTHING;


INSERT INTO public."PRECO_COLETADO" ("Preco", "UnidadeMedida", "DataColeta", "PostoCNPJ", "CombustivelID")
VALUES (5.990, 'R$ / litro', '2024-07-22', '4145589001149',
        (SELECT "ID_Combustivel" FROM public."COMBUSTIVEL" WHERE "Nome" = 'DIESEL S10'))
ON CONFLICT DO NOTHING;


INSERT INTO public."PRECO_COLETADO" ("Preco", "UnidadeMedida", "DataColeta", "PostoCNPJ", "CombustivelID")
VALUES (5.990, 'R$ / litro', '2024-07-29', '4145589001149',
        (SELECT "ID_Combustivel" FROM public."COMBUSTIVEL" WHERE "Nome" = 'DIESEL S10'))
ON CONFLICT DO NOTHING;


INSERT INTO public."PRECO_COLETADO" ("Preco", "UnidadeMedida", "DataColeta", "PostoCNPJ", "CombustivelID")
VALUES (5.990, 'R$ / litro', '2024-08-05', '4145589001149',
        (SELECT "ID_Combustivel" FROM public."COMBUSTIVEL" WHERE "Nome" = 'DIESEL S10'))
ON CONFLICT DO NOTHING;


INSERT INTO public."PRECO_COLETADO" ("Preco", "UnidadeMedida", "DataColeta", "PostoCNPJ", "CombustivelID")
VALUES (5.990, 'R$ / litro', '2024-08-12', '4145589001149',
        (SELECT "ID_Combustivel" FROM public."COMBUSTIVEL" WHERE "Nome" = 'DIESEL S10'))
ON CONFLICT DO NOTHING;


INSERT INTO public."PRECO_COLETADO" ("Preco", "UnidadeMedida", "DataColeta", "PostoCNPJ", "CombustivelID")
VALUES (5.990, 'R$ / litro', '2024-08-20', '4145589001149',
        (SELECT "ID_Combustivel" FROM public."COMBUSTIVEL" WHERE "Nome" = 'DIESEL S10'))
ON CONFLICT DO NOTHING;


INSERT INTO public."PRECO_COLETADO" ("Preco", "UnidadeMedida", "DataColeta", "PostoCNPJ", "CombustivelID")
VALUES (5.990, 'R$ / litro', '2024-08-26', '4145589001149',
        (SELECT "ID_Combustivel" FROM public."COMBUSTIVEL" WHERE "Nome" = 'DIESEL S10'))
ON CONFLICT DO NOTHING;


INSERT INTO public."PRECO_COLETADO" ("Preco", "UnidadeMedida", "DataColeta", "PostoCNPJ", "CombustivelID")
VALUES (5.990, 'R$ / litro', '2024-09-02', '4145589001149',
        (SELECT "ID_Combustivel" FROM public."COMBUSTIVEL" WHERE "Nome" = 'DIESEL S10'))
ON CONFLICT DO NOTHING;


INSERT INTO public."POSTO" ("CNPJ", "RazaoSocial", "NomeFantasia", "Bandeira", "Logradouro", "Numero", "Bairro", "Cidade", "Estado", "CEP")
VALUES ('4850382000101', 'POSTO ARIBIRI DO GAS LTDA', 'POSTO ARIBIRI', 'VIBRA ENERGIA', 'AVENIDA CARLOS LINDEMBERG', '1944', 'SANTA INEZ', 'VILA VELHA', 'ESPIRITO SANTO', '29108075')
ON CONFLICT ("CNPJ") DO NOTHING;


INSERT INTO public."COMBUSTIVEL" ("Nome")
VALUES ('ETANOL')
ON CONFLICT ("Nome") DO NOTHING;


INSERT INTO public."PRECO_COLETADO" ("Preco", "UnidadeMedida", "DataColeta", "PostoCNPJ", "CombustivelID")
VALUES (4.790, 'R$ / litro', '2022-08-02', '4850382000101',
        (SELECT "ID_Combustivel" FROM public."COMBUSTIVEL" WHERE "Nome" = 'ETANOL'))
ON CONFLICT DO NOTHING;


INSERT INTO public."PRECO_COLETADO" ("Preco", "UnidadeMedida", "DataColeta", "PostoCNPJ", "CombustivelID")
VALUES (4.790, 'R$ / litro', '2022-08-08', '4850382000101',
        (SELECT "ID_Combustivel" FROM public."COMBUSTIVEL" WHERE "Nome" = 'ETANOL'))
ON CONFLICT DO NOTHING;


INSERT INTO public."PRECO_COLETADO" ("Preco", "UnidadeMedida", "DataColeta", "PostoCNPJ", "CombustivelID")
VALUES (4.630, 'R$ / litro', '2022-08-15', '4850382000101',
        (SELECT "ID_Combustivel" FROM public."COMBUSTIVEL" WHERE "Nome" = 'ETANOL'))
ON CONFLICT DO NOTHING;


INSERT INTO public."PRECO_COLETADO" ("Preco", "UnidadeMedida", "DataColeta", "PostoCNPJ", "CombustivelID")
VALUES (4.590, 'R$ / litro', '2022-08-23', '4850382000101',
        (SELECT "ID_Combustivel" FROM public."COMBUSTIVEL" WHERE "Nome" = 'ETANOL'))
ON CONFLICT DO NOTHING;


INSERT INTO public."PRECO_COLETADO" ("Preco", "UnidadeMedida", "DataColeta", "PostoCNPJ", "CombustivelID")
VALUES (4.090, 'R$ / litro', '2022-09-01', '4850382000101',
        (SELECT "ID_Combustivel" FROM public."COMBUSTIVEL" WHERE "Nome" = 'ETANOL'))
ON CONFLICT DO NOTHING;


INSERT INTO public."PRECO_COLETADO" ("Preco", "UnidadeMedida", "DataColeta", "PostoCNPJ", "CombustivelID")
VALUES (4.090, 'R$ / litro', '2022-09-05', '4850382000101',
        (SELECT "ID_Combustivel" FROM public."COMBUSTIVEL" WHERE "Nome" = 'ETANOL'))
ON CONFLICT DO NOTHING;


INSERT INTO public."PRECO_COLETADO" ("Preco", "UnidadeMedida", "DataColeta", "PostoCNPJ", "CombustivelID")
VALUES (3.990, 'R$ / litro', '2022-09-13', '4850382000101',
        (SELECT "ID_Combustivel" FROM public."COMBUSTIVEL" WHERE "Nome" = 'ETANOL'))
ON CONFLICT DO NOTHING;


INSERT INTO public."PRECO_COLETADO" ("Preco", "UnidadeMedida", "DataColeta", "PostoCNPJ", "CombustivelID")
VALUES (4.190, 'R$ / litro', '2022-10-24', '4850382000101',
        (SELECT "ID_Combustivel" FROM public."COMBUSTIVEL" WHERE "Nome" = 'ETANOL'))
ON CONFLICT DO NOTHING;


INSERT INTO public."PRECO_COLETADO" ("Preco", "UnidadeMedida", "DataColeta", "PostoCNPJ", "CombustivelID")
VALUES (4.190, 'R$ / litro', '2022-10-31', '4850382000101',
        (SELECT "ID_Combustivel" FROM public."COMBUSTIVEL" WHERE "Nome" = 'ETANOL'))
ON CONFLICT DO NOTHING;


INSERT INTO public."PRECO_COLETADO" ("Preco", "UnidadeMedida", "DataColeta", "PostoCNPJ", "CombustivelID")
VALUES (4.380, 'R$ / litro', '2022-11-14', '4850382000101',
        (SELECT "ID_Combustivel" FROM public."COMBUSTIVEL" WHERE "Nome" = 'ETANOL'))
ON CONFLICT DO NOTHING;


INSERT INTO public."PRECO_COLETADO" ("Preco", "UnidadeMedida", "DataColeta", "PostoCNPJ", "CombustivelID")
VALUES (4.380, 'R$ / litro', '2022-11-22', '4850382000101',
        (SELECT "ID_Combustivel" FROM public."COMBUSTIVEL" WHERE "Nome" = 'ETANOL'))
ON CONFLICT DO NOTHING;


INSERT INTO public."PRECO_COLETADO" ("Preco", "UnidadeMedida", "DataColeta", "PostoCNPJ", "CombustivelID")
VALUES (4.290, 'R$ / litro', '2022-12-05', '4850382000101',
        (SELECT "ID_Combustivel" FROM public."COMBUSTIVEL" WHERE "Nome" = 'ETANOL'))
ON CONFLICT DO NOTHING;


INSERT INTO public."PRECO_COLETADO" ("Preco", "UnidadeMedida", "DataColeta", "PostoCNPJ", "CombustivelID")
VALUES (4.290, 'R$ / litro', '2022-12-12', '4850382000101',
        (SELECT "ID_Combustivel" FROM public."COMBUSTIVEL" WHERE "Nome" = 'ETANOL'))
ON CONFLICT DO NOTHING;


INSERT INTO public."PRECO_COLETADO" ("Preco", "UnidadeMedida", "DataColeta", "PostoCNPJ", "CombustivelID")
VALUES (4.290, 'R$ / litro', '2022-12-22', '4850382000101',
        (SELECT "ID_Combustivel" FROM public."COMBUSTIVEL" WHERE "Nome" = 'ETANOL'))
ON CONFLICT DO NOTHING;


INSERT INTO public."PRECO_COLETADO" ("Preco", "UnidadeMedida", "DataColeta", "PostoCNPJ", "CombustivelID")
VALUES (4.290, 'R$ / litro', '2022-12-26', '4850382000101',
        (SELECT "ID_Combustivel" FROM public."COMBUSTIVEL" WHERE "Nome" = 'ETANOL'))
ON CONFLICT DO NOTHING;


INSERT INTO public."PRECO_COLETADO" ("Preco", "UnidadeMedida", "DataColeta", "PostoCNPJ", "CombustivelID")
VALUES (4.490, 'R$ / litro', '2023-01-03', '4850382000101',
        (SELECT "ID_Combustivel" FROM public."COMBUSTIVEL" WHERE "Nome" = 'ETANOL'))
ON CONFLICT DO NOTHING;


INSERT INTO public."PRECO_COLETADO" ("Preco", "UnidadeMedida", "DataColeta", "PostoCNPJ", "CombustivelID")
VALUES (4.490, 'R$ / litro', '2023-01-09', '4850382000101',
        (SELECT "ID_Combustivel" FROM public."COMBUSTIVEL" WHERE "Nome" = 'ETANOL'))
ON CONFLICT DO NOTHING;


INSERT INTO public."PRECO_COLETADO" ("Preco", "UnidadeMedida", "DataColeta", "PostoCNPJ", "CombustivelID")
VALUES (4.490, 'R$ / litro', '2023-01-16', '4850382000101',
        (SELECT "ID_Combustivel" FROM public."COMBUSTIVEL" WHERE "Nome" = 'ETANOL'))
ON CONFLICT DO NOTHING;


INSERT INTO public."PRECO_COLETADO" ("Preco", "UnidadeMedida", "DataColeta", "PostoCNPJ", "CombustivelID")
VALUES (4.290, 'R$ / litro', '2023-01-23', '4850382000101',
        (SELECT "ID_Combustivel" FROM public."COMBUSTIVEL" WHERE "Nome" = 'ETANOL'))
ON CONFLICT DO NOTHING;


INSERT INTO public."PRECO_COLETADO" ("Preco", "UnidadeMedida", "DataColeta", "PostoCNPJ", "CombustivelID")
VALUES (4.290, 'R$ / litro', '2023-01-30', '4850382000101',
        (SELECT "ID_Combustivel" FROM public."COMBUSTIVEL" WHERE "Nome" = 'ETANOL'))
ON CONFLICT DO NOTHING;


INSERT INTO public."PRECO_COLETADO" ("Preco", "UnidadeMedida", "DataColeta", "PostoCNPJ", "CombustivelID")
VALUES (4.290, 'R$ / litro', '2023-02-06', '4850382000101',
        (SELECT "ID_Combustivel" FROM public."COMBUSTIVEL" WHERE "Nome" = 'ETANOL'))
ON CONFLICT DO NOTHING;


INSERT INTO public."PRECO_COLETADO" ("Preco", "UnidadeMedida", "DataColeta", "PostoCNPJ", "CombustivelID")
VALUES (4.290, 'R$ / litro', '2023-02-13', '4850382000101',
        (SELECT "ID_Combustivel" FROM public."COMBUSTIVEL" WHERE "Nome" = 'ETANOL'))
ON CONFLICT DO NOTHING;


INSERT INTO public."PRECO_COLETADO" ("Preco", "UnidadeMedida", "DataColeta", "PostoCNPJ", "CombustivelID")
VALUES (4.290, 'R$ / litro', '2023-02-20', '4850382000101',
        (SELECT "ID_Combustivel" FROM public."COMBUSTIVEL" WHERE "Nome" = 'ETANOL'))
ON CONFLICT DO NOTHING;


INSERT INTO public."PRECO_COLETADO" ("Preco", "UnidadeMedida", "DataColeta", "PostoCNPJ", "CombustivelID")
VALUES (4.290, 'R$ / litro', '2023-02-27', '4850382000101',
        (SELECT "ID_Combustivel" FROM public."COMBUSTIVEL" WHERE "Nome" = 'ETANOL'))
ON CONFLICT DO NOTHING;


INSERT INTO public."PRECO_COLETADO" ("Preco", "UnidadeMedida", "DataColeta", "PostoCNPJ", "CombustivelID")
VALUES (4.590, 'R$ / litro', '2023-03-06', '4850382000101',
        (SELECT "ID_Combustivel" FROM public."COMBUSTIVEL" WHERE "Nome" = 'ETANOL'))
ON CONFLICT DO NOTHING;


INSERT INTO public."PRECO_COLETADO" ("Preco", "UnidadeMedida", "DataColeta", "PostoCNPJ", "CombustivelID")
VALUES (4.490, 'R$ / litro', '2023-03-16', '4850382000101',
        (SELECT "ID_Combustivel" FROM public."COMBUSTIVEL" WHERE "Nome" = 'ETANOL'))
ON CONFLICT DO NOTHING;


INSERT INTO public."PRECO_COLETADO" ("Preco", "UnidadeMedida", "DataColeta", "PostoCNPJ", "CombustivelID")
VALUES (4.490, 'R$ / litro', '2023-03-21', '4850382000101',
        (SELECT "ID_Combustivel" FROM public."COMBUSTIVEL" WHERE "Nome" = 'ETANOL'))
ON CONFLICT DO NOTHING;


INSERT INTO public."PRECO_COLETADO" ("Preco", "UnidadeMedida", "DataColeta", "PostoCNPJ", "CombustivelID")
VALUES (4.490, 'R$ / litro', '2023-03-27', '4850382000101',
        (SELECT "ID_Combustivel" FROM public."COMBUSTIVEL" WHERE "Nome" = 'ETANOL'))
ON CONFLICT DO NOTHING;


INSERT INTO public."PRECO_COLETADO" ("Preco", "UnidadeMedida", "DataColeta", "PostoCNPJ", "CombustivelID")
VALUES (4.490, 'R$ / litro', '2023-04-05', '4850382000101',
        (SELECT "ID_Combustivel" FROM public."COMBUSTIVEL" WHERE "Nome" = 'ETANOL'))
ON CONFLICT DO NOTHING;


INSERT INTO public."PRECO_COLETADO" ("Preco", "UnidadeMedida", "DataColeta", "PostoCNPJ", "CombustivelID")
VALUES (4.490, 'R$ / litro', '2023-04-10', '4850382000101',
        (SELECT "ID_Combustivel" FROM public."COMBUSTIVEL" WHERE "Nome" = 'ETANOL'))
ON CONFLICT DO NOTHING;


INSERT INTO public."PRECO_COLETADO" ("Preco", "UnidadeMedida", "DataColeta", "PostoCNPJ", "CombustivelID")
VALUES (4.490, 'R$ / litro', '2023-04-17', '4850382000101',
        (SELECT "ID_Combustivel" FROM public."COMBUSTIVEL" WHERE "Nome" = 'ETANOL'))
ON CONFLICT DO NOTHING;


INSERT INTO public."PRECO_COLETADO" ("Preco", "UnidadeMedida", "DataColeta", "PostoCNPJ", "CombustivelID")
VALUES (4.690, 'R$ / litro', '2023-04-24', '4850382000101',
        (SELECT "ID_Combustivel" FROM public."COMBUSTIVEL" WHERE "Nome" = 'ETANOL'))
ON CONFLICT DO NOTHING;


INSERT INTO public."PRECO_COLETADO" ("Preco", "UnidadeMedida", "DataColeta", "PostoCNPJ", "CombustivelID")
VALUES (4.590, 'R$ / litro', '2023-05-03', '4850382000101',
        (SELECT "ID_Combustivel" FROM public."COMBUSTIVEL" WHERE "Nome" = 'ETANOL'))
ON CONFLICT DO NOTHING;


INSERT INTO public."PRECO_COLETADO" ("Preco", "UnidadeMedida", "DataColeta", "PostoCNPJ", "CombustivelID")
VALUES (4.590, 'R$ / litro', '2023-05-09', '4850382000101',
        (SELECT "ID_Combustivel" FROM public."COMBUSTIVEL" WHERE "Nome" = 'ETANOL'))
ON CONFLICT DO NOTHING;


INSERT INTO public."PRECO_COLETADO" ("Preco", "UnidadeMedida", "DataColeta", "PostoCNPJ", "CombustivelID")
VALUES (4.590, 'R$ / litro', '2023-05-15', '4850382000101',
        (SELECT "ID_Combustivel" FROM public."COMBUSTIVEL" WHERE "Nome" = 'ETANOL'))
ON CONFLICT DO NOTHING;


INSERT INTO public."PRECO_COLETADO" ("Preco", "UnidadeMedida", "DataColeta", "PostoCNPJ", "CombustivelID")
VALUES (4.290, 'R$ / litro', '2023-05-29', '4850382000101',
        (SELECT "ID_Combustivel" FROM public."COMBUSTIVEL" WHERE "Nome" = 'ETANOL'))
ON CONFLICT DO NOTHING;


INSERT INTO public."PRECO_COLETADO" ("Preco", "UnidadeMedida", "DataColeta", "PostoCNPJ", "CombustivelID")
VALUES (4.290, 'R$ / litro', '2023-06-05', '4850382000101',
        (SELECT "ID_Combustivel" FROM public."COMBUSTIVEL" WHERE "Nome" = 'ETANOL'))
ON CONFLICT DO NOTHING;


INSERT INTO public."PRECO_COLETADO" ("Preco", "UnidadeMedida", "DataColeta", "PostoCNPJ", "CombustivelID")
VALUES (4.290, 'R$ / litro', '2023-06-13', '4850382000101',
        (SELECT "ID_Combustivel" FROM public."COMBUSTIVEL" WHERE "Nome" = 'ETANOL'))
ON CONFLICT DO NOTHING;


INSERT INTO public."PRECO_COLETADO" ("Preco", "UnidadeMedida", "DataColeta", "PostoCNPJ", "CombustivelID")
VALUES (4.290, 'R$ / litro', '2023-06-20', '4850382000101',
        (SELECT "ID_Combustivel" FROM public."COMBUSTIVEL" WHERE "Nome" = 'ETANOL'))
ON CONFLICT DO NOTHING;


INSERT INTO public."PRECO_COLETADO" ("Preco", "UnidadeMedida", "DataColeta", "PostoCNPJ", "CombustivelID")
VALUES (3.990, 'R$ / litro', '2023-10-24', '4850382000101',
        (SELECT "ID_Combustivel" FROM public."COMBUSTIVEL" WHERE "Nome" = 'ETANOL'))
ON CONFLICT DO NOTHING;


INSERT INTO public."PRECO_COLETADO" ("Preco", "UnidadeMedida", "DataColeta", "PostoCNPJ", "CombustivelID")
VALUES (3.990, 'R$ / litro', '2023-11-21', '4850382000101',
        (SELECT "ID_Combustivel" FROM public."COMBUSTIVEL" WHERE "Nome" = 'ETANOL'))
ON CONFLICT DO NOTHING;


INSERT INTO public."PRECO_COLETADO" ("Preco", "UnidadeMedida", "DataColeta", "PostoCNPJ", "CombustivelID")
VALUES (3.990, 'R$ / litro', '2023-11-28', '4850382000101',
        (SELECT "ID_Combustivel" FROM public."COMBUSTIVEL" WHERE "Nome" = 'ETANOL'))
ON CONFLICT DO NOTHING;


INSERT INTO public."PRECO_COLETADO" ("Preco", "UnidadeMedida", "DataColeta", "PostoCNPJ", "CombustivelID")
VALUES (3.990, 'R$ / litro', '2023-12-20', '4850382000101',
        (SELECT "ID_Combustivel" FROM public."COMBUSTIVEL" WHERE "Nome" = 'ETANOL'))
ON CONFLICT DO NOTHING;


INSERT INTO public."PRECO_COLETADO" ("Preco", "UnidadeMedida", "DataColeta", "PostoCNPJ", "CombustivelID")
VALUES (3.890, 'R$ / litro', '2024-01-15', '4850382000101',
        (SELECT "ID_Combustivel" FROM public."COMBUSTIVEL" WHERE "Nome" = 'ETANOL'))
ON CONFLICT DO NOTHING;


INSERT INTO public."PRECO_COLETADO" ("Preco", "UnidadeMedida", "DataColeta", "PostoCNPJ", "CombustivelID")
VALUES (4.190, 'R$ / litro', '2024-06-24', '4850382000101',
        (SELECT "ID_Combustivel" FROM public."COMBUSTIVEL" WHERE "Nome" = 'ETANOL'))
ON CONFLICT DO NOTHING;


INSERT INTO public."COMBUSTIVEL" ("Nome")
VALUES ('DIESEL S10')
ON CONFLICT ("Nome") DO NOTHING;


INSERT INTO public."PRECO_COLETADO" ("Preco", "UnidadeMedida", "DataColeta", "PostoCNPJ", "CombustivelID")
VALUES (7.390, 'R$ / litro', '2022-08-02', '4850382000101',
        (SELECT "ID_Combustivel" FROM public."COMBUSTIVEL" WHERE "Nome" = 'DIESEL S10'))
ON CONFLICT DO NOTHING;


INSERT INTO public."PRECO_COLETADO" ("Preco", "UnidadeMedida", "DataColeta", "PostoCNPJ", "CombustivelID")
VALUES (7.290, 'R$ / litro', '2022-08-08', '4850382000101',
        (SELECT "ID_Combustivel" FROM public."COMBUSTIVEL" WHERE "Nome" = 'DIESEL S10'))
ON CONFLICT DO NOTHING;


INSERT INTO public."PRECO_COLETADO" ("Preco", "UnidadeMedida", "DataColeta", "PostoCNPJ", "CombustivelID")
VALUES (6.990, 'R$ / litro', '2022-08-15', '4850382000101',
        (SELECT "ID_Combustivel" FROM public."COMBUSTIVEL" WHERE "Nome" = 'DIESEL S10'))
ON CONFLICT DO NOTHING;


INSERT INTO public."PRECO_COLETADO" ("Preco", "UnidadeMedida", "DataColeta", "PostoCNPJ", "CombustivelID")
VALUES (6.840, 'R$ / litro', '2022-08-23', '4850382000101',
        (SELECT "ID_Combustivel" FROM public."COMBUSTIVEL" WHERE "Nome" = 'DIESEL S10'))
ON CONFLICT DO NOTHING;


INSERT INTO public."PRECO_COLETADO" ("Preco", "UnidadeMedida", "DataColeta", "PostoCNPJ", "CombustivelID")
VALUES (6.690, 'R$ / litro', '2022-09-01', '4850382000101',
        (SELECT "ID_Combustivel" FROM public."COMBUSTIVEL" WHERE "Nome" = 'DIESEL S10'))
ON CONFLICT DO NOTHING;


INSERT INTO public."PRECO_COLETADO" ("Preco", "UnidadeMedida", "DataColeta", "PostoCNPJ", "CombustivelID")
VALUES (6.690, 'R$ / litro', '2022-09-05', '4850382000101',
        (SELECT "ID_Combustivel" FROM public."COMBUSTIVEL" WHERE "Nome" = 'DIESEL S10'))
ON CONFLICT DO NOTHING;


INSERT INTO public."PRECO_COLETADO" ("Preco", "UnidadeMedida", "DataColeta", "PostoCNPJ", "CombustivelID")
VALUES (6.790, 'R$ / litro', '2022-09-13', '4850382000101',
        (SELECT "ID_Combustivel" FROM public."COMBUSTIVEL" WHERE "Nome" = 'DIESEL S10'))
ON CONFLICT DO NOTHING;


INSERT INTO public."PRECO_COLETADO" ("Preco", "UnidadeMedida", "DataColeta", "PostoCNPJ", "CombustivelID")
VALUES (6.390, 'R$ / litro', '2022-10-24', '4850382000101',
        (SELECT "ID_Combustivel" FROM public."COMBUSTIVEL" WHERE "Nome" = 'DIESEL S10'))
ON CONFLICT DO NOTHING;


INSERT INTO public."PRECO_COLETADO" ("Preco", "UnidadeMedida", "DataColeta", "PostoCNPJ", "CombustivelID")
VALUES (6.390, 'R$ / litro', '2022-10-31', '4850382000101',
        (SELECT "ID_Combustivel" FROM public."COMBUSTIVEL" WHERE "Nome" = 'DIESEL S10'))
ON CONFLICT DO NOTHING;


INSERT INTO public."PRECO_COLETADO" ("Preco", "UnidadeMedida", "DataColeta", "PostoCNPJ", "CombustivelID")
VALUES (6.390, 'R$ / litro', '2022-11-14', '4850382000101',
        (SELECT "ID_Combustivel" FROM public."COMBUSTIVEL" WHERE "Nome" = 'DIESEL S10'))
ON CONFLICT DO NOTHING;


INSERT INTO public."PRECO_COLETADO" ("Preco", "UnidadeMedida", "DataColeta", "PostoCNPJ", "CombustivelID")
VALUES (6.390, 'R$ / litro', '2022-11-22', '4850382000101',
        (SELECT "ID_Combustivel" FROM public."COMBUSTIVEL" WHERE "Nome" = 'DIESEL S10'))
ON CONFLICT DO NOTHING;


INSERT INTO public."PRECO_COLETADO" ("Preco", "UnidadeMedida", "DataColeta", "PostoCNPJ", "CombustivelID")
VALUES (6.390, 'R$ / litro', '2022-12-05', '4850382000101',
        (SELECT "ID_Combustivel" FROM public."COMBUSTIVEL" WHERE "Nome" = 'DIESEL S10'))
ON CONFLICT DO NOTHING;


INSERT INTO public."PRECO_COLETADO" ("Preco", "UnidadeMedida", "DataColeta", "PostoCNPJ", "CombustivelID")
VALUES (6.390, 'R$ / litro', '2022-12-12', '4850382000101',
        (SELECT "ID_Combustivel" FROM public."COMBUSTIVEL" WHERE "Nome" = 'DIESEL S10'))
ON CONFLICT DO NOTHING;


INSERT INTO public."PRECO_COLETADO" ("Preco", "UnidadeMedida", "DataColeta", "PostoCNPJ", "CombustivelID")
VALUES (6.090, 'R$ / litro', '2022-12-22', '4850382000101',
        (SELECT "ID_Combustivel" FROM public."COMBUSTIVEL" WHERE "Nome" = 'DIESEL S10'))
ON CONFLICT DO NOTHING;


INSERT INTO public."PRECO_COLETADO" ("Preco", "UnidadeMedida", "DataColeta", "PostoCNPJ", "CombustivelID")
VALUES (6.090, 'R$ / litro', '2022-12-26', '4850382000101',
        (SELECT "ID_Combustivel" FROM public."COMBUSTIVEL" WHERE "Nome" = 'DIESEL S10'))
ON CONFLICT DO NOTHING;


INSERT INTO public."PRECO_COLETADO" ("Preco", "UnidadeMedida", "DataColeta", "PostoCNPJ", "CombustivelID")
VALUES (6.140, 'R$ / litro', '2023-01-03', '4850382000101',
        (SELECT "ID_Combustivel" FROM public."COMBUSTIVEL" WHERE "Nome" = 'DIESEL S10'))
ON CONFLICT DO NOTHING;


INSERT INTO public."PRECO_COLETADO" ("Preco", "UnidadeMedida", "DataColeta", "PostoCNPJ", "CombustivelID")
VALUES (6.140, 'R$ / litro', '2023-01-09', '4850382000101',
        (SELECT "ID_Combustivel" FROM public."COMBUSTIVEL" WHERE "Nome" = 'DIESEL S10'))
ON CONFLICT DO NOTHING;


INSERT INTO public."PRECO_COLETADO" ("Preco", "UnidadeMedida", "DataColeta", "PostoCNPJ", "CombustivelID")
VALUES (6.090, 'R$ / litro', '2023-01-16', '4850382000101',
        (SELECT "ID_Combustivel" FROM public."COMBUSTIVEL" WHERE "Nome" = 'DIESEL S10'))
ON CONFLICT DO NOTHING;


INSERT INTO public."PRECO_COLETADO" ("Preco", "UnidadeMedida", "DataColeta", "PostoCNPJ", "CombustivelID")
VALUES (6.090, 'R$ / litro', '2023-01-23', '4850382000101',
        (SELECT "ID_Combustivel" FROM public."COMBUSTIVEL" WHERE "Nome" = 'DIESEL S10'))
ON CONFLICT DO NOTHING;


INSERT INTO public."PRECO_COLETADO" ("Preco", "UnidadeMedida", "DataColeta", "PostoCNPJ", "CombustivelID")
VALUES (6.090, 'R$ / litro', '2023-01-30', '4850382000101',
        (SELECT "ID_Combustivel" FROM public."COMBUSTIVEL" WHERE "Nome" = 'DIESEL S10'))
ON CONFLICT DO NOTHING;


INSERT INTO public."PRECO_COLETADO" ("Preco", "UnidadeMedida", "DataColeta", "PostoCNPJ", "CombustivelID")
VALUES (6.090, 'R$ / litro', '2023-02-06', '4850382000101',
        (SELECT "ID_Combustivel" FROM public."COMBUSTIVEL" WHERE "Nome" = 'DIESEL S10'))
ON CONFLICT DO NOTHING;


INSERT INTO public."PRECO_COLETADO" ("Preco", "UnidadeMedida", "DataColeta", "PostoCNPJ", "CombustivelID")
VALUES (6.090, 'R$ / litro', '2023-02-13', '4850382000101',
        (SELECT "ID_Combustivel" FROM public."COMBUSTIVEL" WHERE "Nome" = 'DIESEL S10'))
ON CONFLICT DO NOTHING;


INSERT INTO public."PRECO_COLETADO" ("Preco", "UnidadeMedida", "DataColeta", "PostoCNPJ", "CombustivelID")
VALUES (5.790, 'R$ / litro', '2023-02-20', '4850382000101',
        (SELECT "ID_Combustivel" FROM public."COMBUSTIVEL" WHERE "Nome" = 'DIESEL S10'))
ON CONFLICT DO NOTHING;


INSERT INTO public."PRECO_COLETADO" ("Preco", "UnidadeMedida", "DataColeta", "PostoCNPJ", "CombustivelID")
VALUES (5.790, 'R$ / litro', '2023-02-27', '4850382000101',
        (SELECT "ID_Combustivel" FROM public."COMBUSTIVEL" WHERE "Nome" = 'DIESEL S10'))
ON CONFLICT DO NOTHING;


INSERT INTO public."PRECO_COLETADO" ("Preco", "UnidadeMedida", "DataColeta", "PostoCNPJ", "CombustivelID")
VALUES (5.790, 'R$ / litro', '2023-03-06', '4850382000101',
        (SELECT "ID_Combustivel" FROM public."COMBUSTIVEL" WHERE "Nome" = 'DIESEL S10'))
ON CONFLICT DO NOTHING;


INSERT INTO public."PRECO_COLETADO" ("Preco", "UnidadeMedida", "DataColeta", "PostoCNPJ", "CombustivelID")
VALUES (5.790, 'R$ / litro', '2023-03-16', '4850382000101',
        (SELECT "ID_Combustivel" FROM public."COMBUSTIVEL" WHERE "Nome" = 'DIESEL S10'))
ON CONFLICT DO NOTHING;


INSERT INTO public."PRECO_COLETADO" ("Preco", "UnidadeMedida", "DataColeta", "PostoCNPJ", "CombustivelID")
VALUES (5.790, 'R$ / litro', '2023-03-21', '4850382000101',
        (SELECT "ID_Combustivel" FROM public."COMBUSTIVEL" WHERE "Nome" = 'DIESEL S10'))
ON CONFLICT DO NOTHING;


INSERT INTO public."PRECO_COLETADO" ("Preco", "UnidadeMedida", "DataColeta", "PostoCNPJ", "CombustivelID")
VALUES (5.790, 'R$ / litro', '2023-03-27', '4850382000101',
        (SELECT "ID_Combustivel" FROM public."COMBUSTIVEL" WHERE "Nome" = 'DIESEL S10'))
ON CONFLICT DO NOTHING;


INSERT INTO public."PRECO_COLETADO" ("Preco", "UnidadeMedida", "DataColeta", "PostoCNPJ", "CombustivelID")
VALUES (5.790, 'R$ / litro', '2023-04-05', '4850382000101',
        (SELECT "ID_Combustivel" FROM public."COMBUSTIVEL" WHERE "Nome" = 'DIESEL S10'))
ON CONFLICT DO NOTHING;


INSERT INTO public."PRECO_COLETADO" ("Preco", "UnidadeMedida", "DataColeta", "PostoCNPJ", "CombustivelID")
VALUES (5.790, 'R$ / litro', '2023-04-10', '4850382000101',
        (SELECT "ID_Combustivel" FROM public."COMBUSTIVEL" WHERE "Nome" = 'DIESEL S10'))
ON CONFLICT DO NOTHING;


INSERT INTO public."PRECO_COLETADO" ("Preco", "UnidadeMedida", "DataColeta", "PostoCNPJ", "CombustivelID")
VALUES (5.690, 'R$ / litro', '2023-04-17', '4850382000101',
        (SELECT "ID_Combustivel" FROM public."COMBUSTIVEL" WHERE "Nome" = 'DIESEL S10'))
ON CONFLICT DO NOTHING;


INSERT INTO public."PRECO_COLETADO" ("Preco", "UnidadeMedida", "DataColeta", "PostoCNPJ", "CombustivelID")
VALUES (5.690, 'R$ / litro', '2023-04-24', '4850382000101',
        (SELECT "ID_Combustivel" FROM public."COMBUSTIVEL" WHERE "Nome" = 'DIESEL S10'))
ON CONFLICT DO NOTHING;


INSERT INTO public."PRECO_COLETADO" ("Preco", "UnidadeMedida", "DataColeta", "PostoCNPJ", "CombustivelID")
VALUES (5.690, 'R$ / litro', '2023-05-03', '4850382000101',
        (SELECT "ID_Combustivel" FROM public."COMBUSTIVEL" WHERE "Nome" = 'DIESEL S10'))
ON CONFLICT DO NOTHING;


INSERT INTO public."PRECO_COLETADO" ("Preco", "UnidadeMedida", "DataColeta", "PostoCNPJ", "CombustivelID")
VALUES (5.590, 'R$ / litro', '2023-05-09', '4850382000101',
        (SELECT "ID_Combustivel" FROM public."COMBUSTIVEL" WHERE "Nome" = 'DIESEL S10'))
ON CONFLICT DO NOTHING;


INSERT INTO public."PRECO_COLETADO" ("Preco", "UnidadeMedida", "DataColeta", "PostoCNPJ", "CombustivelID")
VALUES (5.490, 'R$ / litro', '2023-05-15', '4850382000101',
        (SELECT "ID_Combustivel" FROM public."COMBUSTIVEL" WHERE "Nome" = 'DIESEL S10'))
ON CONFLICT DO NOTHING;


INSERT INTO public."PRECO_COLETADO" ("Preco", "UnidadeMedida", "DataColeta", "PostoCNPJ", "CombustivelID")
VALUES (5.990, 'R$ / litro', '2023-08-30', '4850382000101',
        (SELECT "ID_Combustivel" FROM public."COMBUSTIVEL" WHERE "Nome" = 'DIESEL S10'))
ON CONFLICT DO NOTHING;


INSERT INTO public."PRECO_COLETADO" ("Preco", "UnidadeMedida", "DataColeta", "PostoCNPJ", "CombustivelID")
VALUES (6.090, 'R$ / litro', '2023-11-14', '4850382000101',
        (SELECT "ID_Combustivel" FROM public."COMBUSTIVEL" WHERE "Nome" = 'DIESEL S10'))
ON CONFLICT DO NOTHING;


INSERT INTO public."PRECO_COLETADO" ("Preco", "UnidadeMedida", "DataColeta", "PostoCNPJ", "CombustivelID")
VALUES (6.090, 'R$ / litro', '2023-11-21', '4850382000101',
        (SELECT "ID_Combustivel" FROM public."COMBUSTIVEL" WHERE "Nome" = 'DIESEL S10'))
ON CONFLICT DO NOTHING;


INSERT INTO public."PRECO_COLETADO" ("Preco", "UnidadeMedida", "DataColeta", "PostoCNPJ", "CombustivelID")
VALUES (5.990, 'R$ / litro', '2023-12-20', '4850382000101',
        (SELECT "ID_Combustivel" FROM public."COMBUSTIVEL" WHERE "Nome" = 'DIESEL S10'))
ON CONFLICT DO NOTHING;


INSERT INTO public."PRECO_COLETADO" ("Preco", "UnidadeMedida", "DataColeta", "PostoCNPJ", "CombustivelID")
VALUES (5.990, 'R$ / litro', '2024-07-01', '4850382000101',
        (SELECT "ID_Combustivel" FROM public."COMBUSTIVEL" WHERE "Nome" = 'DIESEL S10'))
ON CONFLICT DO NOTHING;


INSERT INTO public."COMBUSTIVEL" ("Nome")
VALUES ('GASOLINA ADITIVADA')
ON CONFLICT ("Nome") DO NOTHING;


INSERT INTO public."PRECO_COLETADO" ("Preco", "UnidadeMedida", "DataColeta", "PostoCNPJ", "CombustivelID")
VALUES (5.790, 'R$ / litro', '2022-08-02', '4850382000101',
        (SELECT "ID_Combustivel" FROM public."COMBUSTIVEL" WHERE "Nome" = 'GASOLINA ADITIVADA'))
ON CONFLICT DO NOTHING;


INSERT INTO public."PRECO_COLETADO" ("Preco", "UnidadeMedida", "DataColeta", "PostoCNPJ", "CombustivelID")
VALUES (5.710, 'R$ / litro', '2022-08-08', '4850382000101',
        (SELECT "ID_Combustivel" FROM public."COMBUSTIVEL" WHERE "Nome" = 'GASOLINA ADITIVADA'))
ON CONFLICT DO NOTHING;


INSERT INTO public."PRECO_COLETADO" ("Preco", "UnidadeMedida", "DataColeta", "PostoCNPJ", "CombustivelID")
VALUES (5.690, 'R$ / litro', '2022-08-15', '4850382000101',
        (SELECT "ID_Combustivel" FROM public."COMBUSTIVEL" WHERE "Nome" = 'GASOLINA ADITIVADA'))
ON CONFLICT DO NOTHING;


INSERT INTO public."PRECO_COLETADO" ("Preco", "UnidadeMedida", "DataColeta", "PostoCNPJ", "CombustivelID")
VALUES (5.490, 'R$ / litro', '2022-08-23', '4850382000101',
        (SELECT "ID_Combustivel" FROM public."COMBUSTIVEL" WHERE "Nome" = 'GASOLINA ADITIVADA'))
ON CONFLICT DO NOTHING;


INSERT INTO public."PRECO_COLETADO" ("Preco", "UnidadeMedida", "DataColeta", "PostoCNPJ", "CombustivelID")
VALUES (5.390, 'R$ / litro', '2022-09-01', '4850382000101',
        (SELECT "ID_Combustivel" FROM public."COMBUSTIVEL" WHERE "Nome" = 'GASOLINA ADITIVADA'))
ON CONFLICT DO NOTHING;


INSERT INTO public."PRECO_COLETADO" ("Preco", "UnidadeMedida", "DataColeta", "PostoCNPJ", "CombustivelID")
VALUES (5.290, 'R$ / litro', '2022-09-05', '4850382000101',
        (SELECT "ID_Combustivel" FROM public."COMBUSTIVEL" WHERE "Nome" = 'GASOLINA ADITIVADA'))
ON CONFLICT DO NOTHING;


INSERT INTO public."PRECO_COLETADO" ("Preco", "UnidadeMedida", "DataColeta", "PostoCNPJ", "CombustivelID")
VALUES (5.190, 'R$ / litro', '2022-09-13', '4850382000101',
        (SELECT "ID_Combustivel" FROM public."COMBUSTIVEL" WHERE "Nome" = 'GASOLINA ADITIVADA'))
ON CONFLICT DO NOTHING;


INSERT INTO public."PRECO_COLETADO" ("Preco", "UnidadeMedida", "DataColeta", "PostoCNPJ", "CombustivelID")
VALUES (4.990, 'R$ / litro', '2022-10-24', '4850382000101',
        (SELECT "ID_Combustivel" FROM public."COMBUSTIVEL" WHERE "Nome" = 'GASOLINA ADITIVADA'))
ON CONFLICT DO NOTHING;


INSERT INTO public."PRECO_COLETADO" ("Preco", "UnidadeMedida", "DataColeta", "PostoCNPJ", "CombustivelID")
VALUES (4.990, 'R$ / litro', '2022-10-31', '4850382000101',
        (SELECT "ID_Combustivel" FROM public."COMBUSTIVEL" WHERE "Nome" = 'GASOLINA ADITIVADA'))
ON CONFLICT DO NOTHING;


INSERT INTO public."PRECO_COLETADO" ("Preco", "UnidadeMedida", "DataColeta", "PostoCNPJ", "CombustivelID")
VALUES (5.190, 'R$ / litro', '2022-11-14', '4850382000101',
        (SELECT "ID_Combustivel" FROM public."COMBUSTIVEL" WHERE "Nome" = 'GASOLINA ADITIVADA'))
ON CONFLICT DO NOTHING;


INSERT INTO public."PRECO_COLETADO" ("Preco", "UnidadeMedida", "DataColeta", "PostoCNPJ", "CombustivelID")
VALUES (5.190, 'R$ / litro', '2022-11-22', '4850382000101',
        (SELECT "ID_Combustivel" FROM public."COMBUSTIVEL" WHERE "Nome" = 'GASOLINA ADITIVADA'))
ON CONFLICT DO NOTHING;


INSERT INTO public."PRECO_COLETADO" ("Preco", "UnidadeMedida", "DataColeta", "PostoCNPJ", "CombustivelID")
VALUES (5.190, 'R$ / litro', '2022-12-05', '4850382000101',
        (SELECT "ID_Combustivel" FROM public."COMBUSTIVEL" WHERE "Nome" = 'GASOLINA ADITIVADA'))
ON CONFLICT DO NOTHING;


INSERT INTO public."PRECO_COLETADO" ("Preco", "UnidadeMedida", "DataColeta", "PostoCNPJ", "CombustivelID")
VALUES (5.190, 'R$ / litro', '2022-12-12', '4850382000101',
        (SELECT "ID_Combustivel" FROM public."COMBUSTIVEL" WHERE "Nome" = 'GASOLINA ADITIVADA'))
ON CONFLICT DO NOTHING;


INSERT INTO public."PRECO_COLETADO" ("Preco", "UnidadeMedida", "DataColeta", "PostoCNPJ", "CombustivelID")
VALUES (5.090, 'R$ / litro', '2022-12-22', '4850382000101',
        (SELECT "ID_Combustivel" FROM public."COMBUSTIVEL" WHERE "Nome" = 'GASOLINA ADITIVADA'))
ON CONFLICT DO NOTHING;


INSERT INTO public."PRECO_COLETADO" ("Preco", "UnidadeMedida", "DataColeta", "PostoCNPJ", "CombustivelID")
VALUES (5.090, 'R$ / litro', '2022-12-26', '4850382000101',
        (SELECT "ID_Combustivel" FROM public."COMBUSTIVEL" WHERE "Nome" = 'GASOLINA ADITIVADA'))
ON CONFLICT DO NOTHING;


INSERT INTO public."PRECO_COLETADO" ("Preco", "UnidadeMedida", "DataColeta", "PostoCNPJ", "CombustivelID")
VALUES (5.090, 'R$ / litro', '2023-01-03', '4850382000101',
        (SELECT "ID_Combustivel" FROM public."COMBUSTIVEL" WHERE "Nome" = 'GASOLINA ADITIVADA'))
ON CONFLICT DO NOTHING;


INSERT INTO public."PRECO_COLETADO" ("Preco", "UnidadeMedida", "DataColeta", "PostoCNPJ", "CombustivelID")
VALUES (5.180, 'R$ / litro', '2023-01-09', '4850382000101',
        (SELECT "ID_Combustivel" FROM public."COMBUSTIVEL" WHERE "Nome" = 'GASOLINA ADITIVADA'))
ON CONFLICT DO NOTHING;


INSERT INTO public."PRECO_COLETADO" ("Preco", "UnidadeMedida", "DataColeta", "PostoCNPJ", "CombustivelID")
VALUES (5.090, 'R$ / litro', '2023-01-16', '4850382000101',
        (SELECT "ID_Combustivel" FROM public."COMBUSTIVEL" WHERE "Nome" = 'GASOLINA ADITIVADA'))
ON CONFLICT DO NOTHING;


INSERT INTO public."PRECO_COLETADO" ("Preco", "UnidadeMedida", "DataColeta", "PostoCNPJ", "CombustivelID")
VALUES (5.090, 'R$ / litro', '2023-01-23', '4850382000101',
        (SELECT "ID_Combustivel" FROM public."COMBUSTIVEL" WHERE "Nome" = 'GASOLINA ADITIVADA'))
ON CONFLICT DO NOTHING;


INSERT INTO public."PRECO_COLETADO" ("Preco", "UnidadeMedida", "DataColeta", "PostoCNPJ", "CombustivelID")
VALUES (5.290, 'R$ / litro', '2023-01-30', '4850382000101',
        (SELECT "ID_Combustivel" FROM public."COMBUSTIVEL" WHERE "Nome" = 'GASOLINA ADITIVADA'))
ON CONFLICT DO NOTHING;


INSERT INTO public."PRECO_COLETADO" ("Preco", "UnidadeMedida", "DataColeta", "PostoCNPJ", "CombustivelID")
VALUES (5.150, 'R$ / litro', '2023-02-06', '4850382000101',
        (SELECT "ID_Combustivel" FROM public."COMBUSTIVEL" WHERE "Nome" = 'GASOLINA ADITIVADA'))
ON CONFLICT DO NOTHING;


INSERT INTO public."PRECO_COLETADO" ("Preco", "UnidadeMedida", "DataColeta", "PostoCNPJ", "CombustivelID")
VALUES (5.150, 'R$ / litro', '2023-02-13', '4850382000101',
        (SELECT "ID_Combustivel" FROM public."COMBUSTIVEL" WHERE "Nome" = 'GASOLINA ADITIVADA'))
ON CONFLICT DO NOTHING;


INSERT INTO public."PRECO_COLETADO" ("Preco", "UnidadeMedida", "DataColeta", "PostoCNPJ", "CombustivelID")
VALUES (5.150, 'R$ / litro', '2023-02-20', '4850382000101',
        (SELECT "ID_Combustivel" FROM public."COMBUSTIVEL" WHERE "Nome" = 'GASOLINA ADITIVADA'))
ON CONFLICT DO NOTHING;


INSERT INTO public."PRECO_COLETADO" ("Preco", "UnidadeMedida", "DataColeta", "PostoCNPJ", "CombustivelID")
VALUES (5.190, 'R$ / litro', '2023-02-27', '4850382000101',
        (SELECT "ID_Combustivel" FROM public."COMBUSTIVEL" WHERE "Nome" = 'GASOLINA ADITIVADA'))
ON CONFLICT DO NOTHING;


INSERT INTO public."PRECO_COLETADO" ("Preco", "UnidadeMedida", "DataColeta", "PostoCNPJ", "CombustivelID")
VALUES (5.690, 'R$ / litro', '2023-03-06', '4850382000101',
        (SELECT "ID_Combustivel" FROM public."COMBUSTIVEL" WHERE "Nome" = 'GASOLINA ADITIVADA'))
ON CONFLICT DO NOTHING;


INSERT INTO public."PRECO_COLETADO" ("Preco", "UnidadeMedida", "DataColeta", "PostoCNPJ", "CombustivelID")
VALUES (5.690, 'R$ / litro', '2023-03-16', '4850382000101',
        (SELECT "ID_Combustivel" FROM public."COMBUSTIVEL" WHERE "Nome" = 'GASOLINA ADITIVADA'))
ON CONFLICT DO NOTHING;


INSERT INTO public."PRECO_COLETADO" ("Preco", "UnidadeMedida", "DataColeta", "PostoCNPJ", "CombustivelID")
VALUES (5.590, 'R$ / litro', '2023-03-21', '4850382000101',
        (SELECT "ID_Combustivel" FROM public."COMBUSTIVEL" WHERE "Nome" = 'GASOLINA ADITIVADA'))
ON CONFLICT DO NOTHING;


INSERT INTO public."PRECO_COLETADO" ("Preco", "UnidadeMedida", "DataColeta", "PostoCNPJ", "CombustivelID")
VALUES (5.550, 'R$ / litro', '2023-03-27', '4850382000101',
        (SELECT "ID_Combustivel" FROM public."COMBUSTIVEL" WHERE "Nome" = 'GASOLINA ADITIVADA'))
ON CONFLICT DO NOTHING;


INSERT INTO public."PRECO_COLETADO" ("Preco", "UnidadeMedida", "DataColeta", "PostoCNPJ", "CombustivelID")
VALUES (5.490, 'R$ / litro', '2023-04-05', '4850382000101',
        (SELECT "ID_Combustivel" FROM public."COMBUSTIVEL" WHERE "Nome" = 'GASOLINA ADITIVADA'))
ON CONFLICT DO NOTHING;


INSERT INTO public."PRECO_COLETADO" ("Preco", "UnidadeMedida", "DataColeta", "PostoCNPJ", "CombustivelID")
VALUES (5.490, 'R$ / litro', '2023-04-10', '4850382000101',
        (SELECT "ID_Combustivel" FROM public."COMBUSTIVEL" WHERE "Nome" = 'GASOLINA ADITIVADA'))
ON CONFLICT DO NOTHING;


INSERT INTO public."PRECO_COLETADO" ("Preco", "UnidadeMedida", "DataColeta", "PostoCNPJ", "CombustivelID")
VALUES (5.590, 'R$ / litro', '2023-04-17', '4850382000101',
        (SELECT "ID_Combustivel" FROM public."COMBUSTIVEL" WHERE "Nome" = 'GASOLINA ADITIVADA'))
ON CONFLICT DO NOTHING;


INSERT INTO public."PRECO_COLETADO" ("Preco", "UnidadeMedida", "DataColeta", "PostoCNPJ", "CombustivelID")
VALUES (5.490, 'R$ / litro', '2023-04-24', '4850382000101',
        (SELECT "ID_Combustivel" FROM public."COMBUSTIVEL" WHERE "Nome" = 'GASOLINA ADITIVADA'))
ON CONFLICT DO NOTHING;


INSERT INTO public."PRECO_COLETADO" ("Preco", "UnidadeMedida", "DataColeta", "PostoCNPJ", "CombustivelID")
VALUES (5.490, 'R$ / litro', '2023-05-03', '4850382000101',
        (SELECT "ID_Combustivel" FROM public."COMBUSTIVEL" WHERE "Nome" = 'GASOLINA ADITIVADA'))
ON CONFLICT DO NOTHING;


INSERT INTO public."PRECO_COLETADO" ("Preco", "UnidadeMedida", "DataColeta", "PostoCNPJ", "CombustivelID")
VALUES (5.490, 'R$ / litro', '2023-05-09', '4850382000101',
        (SELECT "ID_Combustivel" FROM public."COMBUSTIVEL" WHERE "Nome" = 'GASOLINA ADITIVADA'))
ON CONFLICT DO NOTHING;


INSERT INTO public."PRECO_COLETADO" ("Preco", "UnidadeMedida", "DataColeta", "PostoCNPJ", "CombustivelID")
VALUES (5.490, 'R$ / litro', '2023-05-15', '4850382000101',
        (SELECT "ID_Combustivel" FROM public."COMBUSTIVEL" WHERE "Nome" = 'GASOLINA ADITIVADA'))
ON CONFLICT DO NOTHING;


INSERT INTO public."PRECO_COLETADO" ("Preco", "UnidadeMedida", "DataColeta", "PostoCNPJ", "CombustivelID")
VALUES (5.260, 'R$ / litro', '2023-05-29', '4850382000101',
        (SELECT "ID_Combustivel" FROM public."COMBUSTIVEL" WHERE "Nome" = 'GASOLINA ADITIVADA'))
ON CONFLICT DO NOTHING;


INSERT INTO public."PRECO_COLETADO" ("Preco", "UnidadeMedida", "DataColeta", "PostoCNPJ", "CombustivelID")
VALUES (5.690, 'R$ / litro', '2023-06-05', '4850382000101',
        (SELECT "ID_Combustivel" FROM public."COMBUSTIVEL" WHERE "Nome" = 'GASOLINA ADITIVADA'))
ON CONFLICT DO NOTHING;


INSERT INTO public."PRECO_COLETADO" ("Preco", "UnidadeMedida", "DataColeta", "PostoCNPJ", "CombustivelID")
VALUES (5.590, 'R$ / litro', '2023-06-13', '4850382000101',
        (SELECT "ID_Combustivel" FROM public."COMBUSTIVEL" WHERE "Nome" = 'GASOLINA ADITIVADA'))
ON CONFLICT DO NOTHING;


INSERT INTO public."PRECO_COLETADO" ("Preco", "UnidadeMedida", "DataColeta", "PostoCNPJ", "CombustivelID")
VALUES (5.490, 'R$ / litro', '2023-06-20', '4850382000101',
        (SELECT "ID_Combustivel" FROM public."COMBUSTIVEL" WHERE "Nome" = 'GASOLINA ADITIVADA'))
ON CONFLICT DO NOTHING;


INSERT INTO public."PRECO_COLETADO" ("Preco", "UnidadeMedida", "DataColeta", "PostoCNPJ", "CombustivelID")
VALUES (5.490, 'R$ / litro', '2023-06-27', '4850382000101',
        (SELECT "ID_Combustivel" FROM public."COMBUSTIVEL" WHERE "Nome" = 'GASOLINA ADITIVADA'))
ON CONFLICT DO NOTHING;


INSERT INTO public."PRECO_COLETADO" ("Preco", "UnidadeMedida", "DataColeta", "PostoCNPJ", "CombustivelID")
VALUES (5.990, 'R$ / litro', '2023-07-04', '4850382000101',
        (SELECT "ID_Combustivel" FROM public."COMBUSTIVEL" WHERE "Nome" = 'GASOLINA ADITIVADA'))
ON CONFLICT DO NOTHING;


INSERT INTO public."PRECO_COLETADO" ("Preco", "UnidadeMedida", "DataColeta", "PostoCNPJ", "CombustivelID")
VALUES (5.890, 'R$ / litro', '2023-07-10', '4850382000101',
        (SELECT "ID_Combustivel" FROM public."COMBUSTIVEL" WHERE "Nome" = 'GASOLINA ADITIVADA'))
ON CONFLICT DO NOTHING;


INSERT INTO public."PRECO_COLETADO" ("Preco", "UnidadeMedida", "DataColeta", "PostoCNPJ", "CombustivelID")
VALUES (5.890, 'R$ / litro', '2023-07-17', '4850382000101',
        (SELECT "ID_Combustivel" FROM public."COMBUSTIVEL" WHERE "Nome" = 'GASOLINA ADITIVADA'))
ON CONFLICT DO NOTHING;


INSERT INTO public."PRECO_COLETADO" ("Preco", "UnidadeMedida", "DataColeta", "PostoCNPJ", "CombustivelID")
VALUES (5.690, 'R$ / litro', '2023-07-24', '4850382000101',
        (SELECT "ID_Combustivel" FROM public."COMBUSTIVEL" WHERE "Nome" = 'GASOLINA ADITIVADA'))
ON CONFLICT DO NOTHING;


INSERT INTO public."PRECO_COLETADO" ("Preco", "UnidadeMedida", "DataColeta", "PostoCNPJ", "CombustivelID")
VALUES (5.590, 'R$ / litro', '2023-07-31', '4850382000101',
        (SELECT "ID_Combustivel" FROM public."COMBUSTIVEL" WHERE "Nome" = 'GASOLINA ADITIVADA'))
ON CONFLICT DO NOTHING;


INSERT INTO public."PRECO_COLETADO" ("Preco", "UnidadeMedida", "DataColeta", "PostoCNPJ", "CombustivelID")
VALUES (5.490, 'R$ / litro', '2023-08-07', '4850382000101',
        (SELECT "ID_Combustivel" FROM public."COMBUSTIVEL" WHERE "Nome" = 'GASOLINA ADITIVADA'))
ON CONFLICT DO NOTHING;


INSERT INTO public."PRECO_COLETADO" ("Preco", "UnidadeMedida", "DataColeta", "PostoCNPJ", "CombustivelID")
VALUES (5.430, 'R$ / litro', '2023-08-15', '4850382000101',
        (SELECT "ID_Combustivel" FROM public."COMBUSTIVEL" WHERE "Nome" = 'GASOLINA ADITIVADA'))
ON CONFLICT DO NOTHING;


INSERT INTO public."PRECO_COLETADO" ("Preco", "UnidadeMedida", "DataColeta", "PostoCNPJ", "CombustivelID")
VALUES (5.690, 'R$ / litro', '2023-08-21', '4850382000101',
        (SELECT "ID_Combustivel" FROM public."COMBUSTIVEL" WHERE "Nome" = 'GASOLINA ADITIVADA'))
ON CONFLICT DO NOTHING;


INSERT INTO public."PRECO_COLETADO" ("Preco", "UnidadeMedida", "DataColeta", "PostoCNPJ", "CombustivelID")
VALUES (5.590, 'R$ / litro', '2023-08-30', '4850382000101',
        (SELECT "ID_Combustivel" FROM public."COMBUSTIVEL" WHERE "Nome" = 'GASOLINA ADITIVADA'))
ON CONFLICT DO NOTHING;


INSERT INTO public."PRECO_COLETADO" ("Preco", "UnidadeMedida", "DataColeta", "PostoCNPJ", "CombustivelID")
VALUES (5.590, 'R$ / litro', '2023-09-07', '4850382000101',
        (SELECT "ID_Combustivel" FROM public."COMBUSTIVEL" WHERE "Nome" = 'GASOLINA ADITIVADA'))
ON CONFLICT DO NOTHING;


INSERT INTO public."PRECO_COLETADO" ("Preco", "UnidadeMedida", "DataColeta", "PostoCNPJ", "CombustivelID")
VALUES (5.590, 'R$ / litro', '2023-09-12', '4850382000101',
        (SELECT "ID_Combustivel" FROM public."COMBUSTIVEL" WHERE "Nome" = 'GASOLINA ADITIVADA'))
ON CONFLICT DO NOTHING;


INSERT INTO public."PRECO_COLETADO" ("Preco", "UnidadeMedida", "DataColeta", "PostoCNPJ", "CombustivelID")
VALUES (5.590, 'R$ / litro', '2023-09-19', '4850382000101',
        (SELECT "ID_Combustivel" FROM public."COMBUSTIVEL" WHERE "Nome" = 'GASOLINA ADITIVADA'))
ON CONFLICT DO NOTHING;


INSERT INTO public."PRECO_COLETADO" ("Preco", "UnidadeMedida", "DataColeta", "PostoCNPJ", "CombustivelID")
VALUES (5.990, 'R$ / litro', '2023-09-26', '4850382000101',
        (SELECT "ID_Combustivel" FROM public."COMBUSTIVEL" WHERE "Nome" = 'GASOLINA ADITIVADA'))
ON CONFLICT DO NOTHING;


INSERT INTO public."PRECO_COLETADO" ("Preco", "UnidadeMedida", "DataColeta", "PostoCNPJ", "CombustivelID")
VALUES (5.740, 'R$ / litro', '2023-10-03', '4850382000101',
        (SELECT "ID_Combustivel" FROM public."COMBUSTIVEL" WHERE "Nome" = 'GASOLINA ADITIVADA'))
ON CONFLICT DO NOTHING;


INSERT INTO public."PRECO_COLETADO" ("Preco", "UnidadeMedida", "DataColeta", "PostoCNPJ", "CombustivelID")
VALUES (5.720, 'R$ / litro', '2023-10-10', '4850382000101',
        (SELECT "ID_Combustivel" FROM public."COMBUSTIVEL" WHERE "Nome" = 'GASOLINA ADITIVADA'))
ON CONFLICT DO NOTHING;


INSERT INTO public."PRECO_COLETADO" ("Preco", "UnidadeMedida", "DataColeta", "PostoCNPJ", "CombustivelID")
VALUES (5.690, 'R$ / litro', '2023-10-16', '4850382000101',
        (SELECT "ID_Combustivel" FROM public."COMBUSTIVEL" WHERE "Nome" = 'GASOLINA ADITIVADA'))
ON CONFLICT DO NOTHING;


INSERT INTO public."PRECO_COLETADO" ("Preco", "UnidadeMedida", "DataColeta", "PostoCNPJ", "CombustivelID")
VALUES (5.540, 'R$ / litro', '2023-10-24', '4850382000101',
        (SELECT "ID_Combustivel" FROM public."COMBUSTIVEL" WHERE "Nome" = 'GASOLINA ADITIVADA'))
ON CONFLICT DO NOTHING;


INSERT INTO public."PRECO_COLETADO" ("Preco", "UnidadeMedida", "DataColeta", "PostoCNPJ", "CombustivelID")
VALUES (5.540, 'R$ / litro', '2023-10-31', '4850382000101',
        (SELECT "ID_Combustivel" FROM public."COMBUSTIVEL" WHERE "Nome" = 'GASOLINA ADITIVADA'))
ON CONFLICT DO NOTHING;


INSERT INTO public."PRECO_COLETADO" ("Preco", "UnidadeMedida", "DataColeta", "PostoCNPJ", "CombustivelID")
VALUES (5.540, 'R$ / litro', '2023-11-07', '4850382000101',
        (SELECT "ID_Combustivel" FROM public."COMBUSTIVEL" WHERE "Nome" = 'GASOLINA ADITIVADA'))
ON CONFLICT DO NOTHING;


INSERT INTO public."PRECO_COLETADO" ("Preco", "UnidadeMedida", "DataColeta", "PostoCNPJ", "CombustivelID")
VALUES (5.540, 'R$ / litro', '2023-11-14', '4850382000101',
        (SELECT "ID_Combustivel" FROM public."COMBUSTIVEL" WHERE "Nome" = 'GASOLINA ADITIVADA'))
ON CONFLICT DO NOTHING;


INSERT INTO public."PRECO_COLETADO" ("Preco", "UnidadeMedida", "DataColeta", "PostoCNPJ", "CombustivelID")
VALUES (5.740, 'R$ / litro', '2023-11-21', '4850382000101',
        (SELECT "ID_Combustivel" FROM public."COMBUSTIVEL" WHERE "Nome" = 'GASOLINA ADITIVADA'))
ON CONFLICT DO NOTHING;


INSERT INTO public."PRECO_COLETADO" ("Preco", "UnidadeMedida", "DataColeta", "PostoCNPJ", "CombustivelID")
VALUES (5.640, 'R$ / litro', '2023-11-28', '4850382000101',
        (SELECT "ID_Combustivel" FROM public."COMBUSTIVEL" WHERE "Nome" = 'GASOLINA ADITIVADA'))
ON CONFLICT DO NOTHING;


INSERT INTO public."PRECO_COLETADO" ("Preco", "UnidadeMedida", "DataColeta", "PostoCNPJ", "CombustivelID")
VALUES (5.640, 'R$ / litro', '2023-12-06', '4850382000101',
        (SELECT "ID_Combustivel" FROM public."COMBUSTIVEL" WHERE "Nome" = 'GASOLINA ADITIVADA'))
ON CONFLICT DO NOTHING;


INSERT INTO public."PRECO_COLETADO" ("Preco", "UnidadeMedida", "DataColeta", "PostoCNPJ", "CombustivelID")
VALUES (5.540, 'R$ / litro', '2023-12-13', '4850382000101',
        (SELECT "ID_Combustivel" FROM public."COMBUSTIVEL" WHERE "Nome" = 'GASOLINA ADITIVADA'))
ON CONFLICT DO NOTHING;


INSERT INTO public."PRECO_COLETADO" ("Preco", "UnidadeMedida", "DataColeta", "PostoCNPJ", "CombustivelID")
VALUES (5.430, 'R$ / litro', '2023-12-20', '4850382000101',
        (SELECT "ID_Combustivel" FROM public."COMBUSTIVEL" WHERE "Nome" = 'GASOLINA ADITIVADA'))
ON CONFLICT DO NOTHING;


INSERT INTO public."PRECO_COLETADO" ("Preco", "UnidadeMedida", "DataColeta", "PostoCNPJ", "CombustivelID")
VALUES (5.430, 'R$ / litro', '2023-12-26', '4850382000101',
        (SELECT "ID_Combustivel" FROM public."COMBUSTIVEL" WHERE "Nome" = 'GASOLINA ADITIVADA'))
ON CONFLICT DO NOTHING;


INSERT INTO public."PRECO_COLETADO" ("Preco", "UnidadeMedida", "DataColeta", "PostoCNPJ", "CombustivelID")
VALUES (5.490, 'R$ / litro', '2024-01-03', '4850382000101',
        (SELECT "ID_Combustivel" FROM public."COMBUSTIVEL" WHERE "Nome" = 'GASOLINA ADITIVADA'))
ON CONFLICT DO NOTHING;


INSERT INTO public."PRECO_COLETADO" ("Preco", "UnidadeMedida", "DataColeta", "PostoCNPJ", "CombustivelID")
VALUES (5.490, 'R$ / litro', '2024-01-08', '4850382000101',
        (SELECT "ID_Combustivel" FROM public."COMBUSTIVEL" WHERE "Nome" = 'GASOLINA ADITIVADA'))
ON CONFLICT DO NOTHING;


INSERT INTO public."PRECO_COLETADO" ("Preco", "UnidadeMedida", "DataColeta", "PostoCNPJ", "CombustivelID")
VALUES (5.490, 'R$ / litro', '2024-01-15', '4850382000101',
        (SELECT "ID_Combustivel" FROM public."COMBUSTIVEL" WHERE "Nome" = 'GASOLINA ADITIVADA'))
ON CONFLICT DO NOTHING;


INSERT INTO public."PRECO_COLETADO" ("Preco", "UnidadeMedida", "DataColeta", "PostoCNPJ", "CombustivelID")
VALUES (5.390, 'R$ / litro', '2024-01-22', '4850382000101',
        (SELECT "ID_Combustivel" FROM public."COMBUSTIVEL" WHERE "Nome" = 'GASOLINA ADITIVADA'))
ON CONFLICT DO NOTHING;


INSERT INTO public."PRECO_COLETADO" ("Preco", "UnidadeMedida", "DataColeta", "PostoCNPJ", "CombustivelID")
VALUES (5.390, 'R$ / litro', '2024-01-29', '4850382000101',
        (SELECT "ID_Combustivel" FROM public."COMBUSTIVEL" WHERE "Nome" = 'GASOLINA ADITIVADA'))
ON CONFLICT DO NOTHING;


INSERT INTO public."PRECO_COLETADO" ("Preco", "UnidadeMedida", "DataColeta", "PostoCNPJ", "CombustivelID")
VALUES (5.890, 'R$ / litro', '2024-02-05', '4850382000101',
        (SELECT "ID_Combustivel" FROM public."COMBUSTIVEL" WHERE "Nome" = 'GASOLINA ADITIVADA'))
ON CONFLICT DO NOTHING;


INSERT INTO public."PRECO_COLETADO" ("Preco", "UnidadeMedida", "DataColeta", "PostoCNPJ", "CombustivelID")
VALUES (5.680, 'R$ / litro', '2024-02-12', '4850382000101',
        (SELECT "ID_Combustivel" FROM public."COMBUSTIVEL" WHERE "Nome" = 'GASOLINA ADITIVADA'))
ON CONFLICT DO NOTHING;


INSERT INTO public."PRECO_COLETADO" ("Preco", "UnidadeMedida", "DataColeta", "PostoCNPJ", "CombustivelID")
VALUES (5.770, 'R$ / litro', '2024-02-19', '4850382000101',
        (SELECT "ID_Combustivel" FROM public."COMBUSTIVEL" WHERE "Nome" = 'GASOLINA ADITIVADA'))
ON CONFLICT DO NOTHING;


INSERT INTO public."PRECO_COLETADO" ("Preco", "UnidadeMedida", "DataColeta", "PostoCNPJ", "CombustivelID")
VALUES (5.590, 'R$ / litro', '2024-02-26', '4850382000101',
        (SELECT "ID_Combustivel" FROM public."COMBUSTIVEL" WHERE "Nome" = 'GASOLINA ADITIVADA'))
ON CONFLICT DO NOTHING;


INSERT INTO public."PRECO_COLETADO" ("Preco", "UnidadeMedida", "DataColeta", "PostoCNPJ", "CombustivelID")
VALUES (5.590, 'R$ / litro', '2024-03-04', '4850382000101',
        (SELECT "ID_Combustivel" FROM public."COMBUSTIVEL" WHERE "Nome" = 'GASOLINA ADITIVADA'))
ON CONFLICT DO NOTHING;


INSERT INTO public."PRECO_COLETADO" ("Preco", "UnidadeMedida", "DataColeta", "PostoCNPJ", "CombustivelID")
VALUES (5.790, 'R$ / litro', '2024-03-11', '4850382000101',
        (SELECT "ID_Combustivel" FROM public."COMBUSTIVEL" WHERE "Nome" = 'GASOLINA ADITIVADA'))
ON CONFLICT DO NOTHING;


INSERT INTO public."PRECO_COLETADO" ("Preco", "UnidadeMedida", "DataColeta", "PostoCNPJ", "CombustivelID")
VALUES (5.790, 'R$ / litro', '2024-03-18', '4850382000101',
        (SELECT "ID_Combustivel" FROM public."COMBUSTIVEL" WHERE "Nome" = 'GASOLINA ADITIVADA'))
ON CONFLICT DO NOTHING;


INSERT INTO public."PRECO_COLETADO" ("Preco", "UnidadeMedida", "DataColeta", "PostoCNPJ", "CombustivelID")
VALUES (5.790, 'R$ / litro', '2024-03-25', '4850382000101',
        (SELECT "ID_Combustivel" FROM public."COMBUSTIVEL" WHERE "Nome" = 'GASOLINA ADITIVADA'))
ON CONFLICT DO NOTHING;


INSERT INTO public."PRECO_COLETADO" ("Preco", "UnidadeMedida", "DataColeta", "PostoCNPJ", "CombustivelID")
VALUES (5.660, 'R$ / litro', '2024-04-02', '4850382000101',
        (SELECT "ID_Combustivel" FROM public."COMBUSTIVEL" WHERE "Nome" = 'GASOLINA ADITIVADA'))
ON CONFLICT DO NOTHING;


INSERT INTO public."PRECO_COLETADO" ("Preco", "UnidadeMedida", "DataColeta", "PostoCNPJ", "CombustivelID")
VALUES (5.660, 'R$ / litro', '2024-04-08', '4850382000101',
        (SELECT "ID_Combustivel" FROM public."COMBUSTIVEL" WHERE "Nome" = 'GASOLINA ADITIVADA'))
ON CONFLICT DO NOTHING;


INSERT INTO public."PRECO_COLETADO" ("Preco", "UnidadeMedida", "DataColeta", "PostoCNPJ", "CombustivelID")
VALUES (5.660, 'R$ / litro', '2024-04-15', '4850382000101',
        (SELECT "ID_Combustivel" FROM public."COMBUSTIVEL" WHERE "Nome" = 'GASOLINA ADITIVADA'))
ON CONFLICT DO NOTHING;


INSERT INTO public."PRECO_COLETADO" ("Preco", "UnidadeMedida", "DataColeta", "PostoCNPJ", "CombustivelID")
VALUES (5.660, 'R$ / litro', '2024-04-22', '4850382000101',
        (SELECT "ID_Combustivel" FROM public."COMBUSTIVEL" WHERE "Nome" = 'GASOLINA ADITIVADA'))
ON CONFLICT DO NOTHING;


INSERT INTO public."PRECO_COLETADO" ("Preco", "UnidadeMedida", "DataColeta", "PostoCNPJ", "CombustivelID")
VALUES (6.090, 'R$ / litro', '2024-04-29', '4850382000101',
        (SELECT "ID_Combustivel" FROM public."COMBUSTIVEL" WHERE "Nome" = 'GASOLINA ADITIVADA'))
ON CONFLICT DO NOTHING;


INSERT INTO public."PRECO_COLETADO" ("Preco", "UnidadeMedida", "DataColeta", "PostoCNPJ", "CombustivelID")
VALUES (6.090, 'R$ / litro', '2024-05-13', '4850382000101',
        (SELECT "ID_Combustivel" FROM public."COMBUSTIVEL" WHERE "Nome" = 'GASOLINA ADITIVADA'))
ON CONFLICT DO NOTHING;


INSERT INTO public."PRECO_COLETADO" ("Preco", "UnidadeMedida", "DataColeta", "PostoCNPJ", "CombustivelID")
VALUES (5.990, 'R$ / litro', '2024-05-20', '4850382000101',
        (SELECT "ID_Combustivel" FROM public."COMBUSTIVEL" WHERE "Nome" = 'GASOLINA ADITIVADA'))
ON CONFLICT DO NOTHING;


INSERT INTO public."PRECO_COLETADO" ("Preco", "UnidadeMedida", "DataColeta", "PostoCNPJ", "CombustivelID")
VALUES (5.990, 'R$ / litro', '2024-05-27', '4850382000101',
        (SELECT "ID_Combustivel" FROM public."COMBUSTIVEL" WHERE "Nome" = 'GASOLINA ADITIVADA'))
ON CONFLICT DO NOTHING;


INSERT INTO public."PRECO_COLETADO" ("Preco", "UnidadeMedida", "DataColeta", "PostoCNPJ", "CombustivelID")
VALUES (5.990, 'R$ / litro', '2024-06-03', '4850382000101',
        (SELECT "ID_Combustivel" FROM public."COMBUSTIVEL" WHERE "Nome" = 'GASOLINA ADITIVADA'))
ON CONFLICT DO NOTHING;


INSERT INTO public."PRECO_COLETADO" ("Preco", "UnidadeMedida", "DataColeta", "PostoCNPJ", "CombustivelID")
VALUES (5.990, 'R$ / litro', '2024-06-17', '4850382000101',
        (SELECT "ID_Combustivel" FROM public."COMBUSTIVEL" WHERE "Nome" = 'GASOLINA ADITIVADA'))
ON CONFLICT DO NOTHING;


INSERT INTO public."PRECO_COLETADO" ("Preco", "UnidadeMedida", "DataColeta", "PostoCNPJ", "CombustivelID")
VALUES (5.990, 'R$ / litro', '2024-06-24', '4850382000101',
        (SELECT "ID_Combustivel" FROM public."COMBUSTIVEL" WHERE "Nome" = 'GASOLINA ADITIVADA'))
ON CONFLICT DO NOTHING;


INSERT INTO public."PRECO_COLETADO" ("Preco", "UnidadeMedida", "DataColeta", "PostoCNPJ", "CombustivelID")
VALUES (5.990, 'R$ / litro', '2024-07-01', '4850382000101',
        (SELECT "ID_Combustivel" FROM public."COMBUSTIVEL" WHERE "Nome" = 'GASOLINA ADITIVADA'))
ON CONFLICT DO NOTHING;


INSERT INTO public."PRECO_COLETADO" ("Preco", "UnidadeMedida", "DataColeta", "PostoCNPJ", "CombustivelID")
VALUES (6.190, 'R$ / litro', '2024-07-09', '4850382000101',
        (SELECT "ID_Combustivel" FROM public."COMBUSTIVEL" WHERE "Nome" = 'GASOLINA ADITIVADA'))
ON CONFLICT DO NOTHING;


INSERT INTO public."PRECO_COLETADO" ("Preco", "UnidadeMedida", "DataColeta", "PostoCNPJ", "CombustivelID")
VALUES (6.350, 'R$ / litro', '2024-07-16', '4850382000101',
        (SELECT "ID_Combustivel" FROM public."COMBUSTIVEL" WHERE "Nome" = 'GASOLINA ADITIVADA'))
ON CONFLICT DO NOTHING;


INSERT INTO public."PRECO_COLETADO" ("Preco", "UnidadeMedida", "DataColeta", "PostoCNPJ", "CombustivelID")
VALUES (6.350, 'R$ / litro', '2024-07-22', '4850382000101',
        (SELECT "ID_Combustivel" FROM public."COMBUSTIVEL" WHERE "Nome" = 'GASOLINA ADITIVADA'))
ON CONFLICT DO NOTHING;


INSERT INTO public."PRECO_COLETADO" ("Preco", "UnidadeMedida", "DataColeta", "PostoCNPJ", "CombustivelID")
VALUES (6.350, 'R$ / litro', '2024-07-29', '4850382000101',
        (SELECT "ID_Combustivel" FROM public."COMBUSTIVEL" WHERE "Nome" = 'GASOLINA ADITIVADA'))
ON CONFLICT DO NOTHING;


INSERT INTO public."PRECO_COLETADO" ("Preco", "UnidadeMedida", "DataColeta", "PostoCNPJ", "CombustivelID")
VALUES (6.290, 'R$ / litro', '2024-08-05', '4850382000101',
        (SELECT "ID_Combustivel" FROM public."COMBUSTIVEL" WHERE "Nome" = 'GASOLINA ADITIVADA'))
ON CONFLICT DO NOTHING;


INSERT INTO public."PRECO_COLETADO" ("Preco", "UnidadeMedida", "DataColeta", "PostoCNPJ", "CombustivelID")
VALUES (6.290, 'R$ / litro', '2024-08-12', '4850382000101',
        (SELECT "ID_Combustivel" FROM public."COMBUSTIVEL" WHERE "Nome" = 'GASOLINA ADITIVADA'))
ON CONFLICT DO NOTHING;


INSERT INTO public."PRECO_COLETADO" ("Preco", "UnidadeMedida", "DataColeta", "PostoCNPJ", "CombustivelID")
VALUES (6.290, 'R$ / litro', '2024-08-20', '4850382000101',
        (SELECT "ID_Combustivel" FROM public."COMBUSTIVEL" WHERE "Nome" = 'GASOLINA ADITIVADA'))
ON CONFLICT DO NOTHING;


INSERT INTO public."PRECO_COLETADO" ("Preco", "UnidadeMedida", "DataColeta", "PostoCNPJ", "CombustivelID")
VALUES (6.290, 'R$ / litro', '2024-08-26', '4850382000101',
        (SELECT "ID_Combustivel" FROM public."COMBUSTIVEL" WHERE "Nome" = 'GASOLINA ADITIVADA'))
ON CONFLICT DO NOTHING;


INSERT INTO public."PRECO_COLETADO" ("Preco", "UnidadeMedida", "DataColeta", "PostoCNPJ", "CombustivelID")
VALUES (6.290, 'R$ / litro', '2024-09-02', '4850382000101',
        (SELECT "ID_Combustivel" FROM public."COMBUSTIVEL" WHERE "Nome" = 'GASOLINA ADITIVADA'))
ON CONFLICT DO NOTHING;


INSERT INTO public."COMBUSTIVEL" ("Nome")
VALUES ('GASOLINA COMUM')
ON CONFLICT ("Nome") DO NOTHING;


INSERT INTO public."PRECO_COLETADO" ("Preco", "UnidadeMedida", "DataColeta", "PostoCNPJ", "CombustivelID")
VALUES (5.590, 'R$ / litro', '2022-08-02', '4850382000101',
        (SELECT "ID_Combustivel" FROM public."COMBUSTIVEL" WHERE "Nome" = 'GASOLINA COMUM'))
ON CONFLICT DO NOTHING;


INSERT INTO public."PRECO_COLETADO" ("Preco", "UnidadeMedida", "DataColeta", "PostoCNPJ", "CombustivelID")
VALUES (5.510, 'R$ / litro', '2022-08-08', '4850382000101',
        (SELECT "ID_Combustivel" FROM public."COMBUSTIVEL" WHERE "Nome" = 'GASOLINA COMUM'))
ON CONFLICT DO NOTHING;


INSERT INTO public."PRECO_COLETADO" ("Preco", "UnidadeMedida", "DataColeta", "PostoCNPJ", "CombustivelID")
VALUES (5.490, 'R$ / litro', '2022-08-15', '4850382000101',
        (SELECT "ID_Combustivel" FROM public."COMBUSTIVEL" WHERE "Nome" = 'GASOLINA COMUM'))
ON CONFLICT DO NOTHING;


INSERT INTO public."PRECO_COLETADO" ("Preco", "UnidadeMedida", "DataColeta", "PostoCNPJ", "CombustivelID")
VALUES (5.290, 'R$ / litro', '2022-08-23', '4850382000101',
        (SELECT "ID_Combustivel" FROM public."COMBUSTIVEL" WHERE "Nome" = 'GASOLINA COMUM'))
ON CONFLICT DO NOTHING;


INSERT INTO public."PRECO_COLETADO" ("Preco", "UnidadeMedida", "DataColeta", "PostoCNPJ", "CombustivelID")
VALUES (5.190, 'R$ / litro', '2022-09-01', '4850382000101',
        (SELECT "ID_Combustivel" FROM public."COMBUSTIVEL" WHERE "Nome" = 'GASOLINA COMUM'))
ON CONFLICT DO NOTHING;


INSERT INTO public."PRECO_COLETADO" ("Preco", "UnidadeMedida", "DataColeta", "PostoCNPJ", "CombustivelID")
VALUES (5.090, 'R$ / litro', '2022-09-05', '4850382000101',
        (SELECT "ID_Combustivel" FROM public."COMBUSTIVEL" WHERE "Nome" = 'GASOLINA COMUM'))
ON CONFLICT DO NOTHING;


INSERT INTO public."PRECO_COLETADO" ("Preco", "UnidadeMedida", "DataColeta", "PostoCNPJ", "CombustivelID")
VALUES (4.990, 'R$ / litro', '2022-09-13', '4850382000101',
        (SELECT "ID_Combustivel" FROM public."COMBUSTIVEL" WHERE "Nome" = 'GASOLINA COMUM'))
ON CONFLICT DO NOTHING;


INSERT INTO public."PRECO_COLETADO" ("Preco", "UnidadeMedida", "DataColeta", "PostoCNPJ", "CombustivelID")
VALUES (4.790, 'R$ / litro', '2022-10-24', '4850382000101',
        (SELECT "ID_Combustivel" FROM public."COMBUSTIVEL" WHERE "Nome" = 'GASOLINA COMUM'))
ON CONFLICT DO NOTHING;


INSERT INTO public."PRECO_COLETADO" ("Preco", "UnidadeMedida", "DataColeta", "PostoCNPJ", "CombustivelID")
VALUES (4.790, 'R$ / litro', '2022-10-31', '4850382000101',
        (SELECT "ID_Combustivel" FROM public."COMBUSTIVEL" WHERE "Nome" = 'GASOLINA COMUM'))
ON CONFLICT DO NOTHING;


INSERT INTO public."PRECO_COLETADO" ("Preco", "UnidadeMedida", "DataColeta", "PostoCNPJ", "CombustivelID")
VALUES (4.990, 'R$ / litro', '2022-11-14', '4850382000101',
        (SELECT "ID_Combustivel" FROM public."COMBUSTIVEL" WHERE "Nome" = 'GASOLINA COMUM'))
ON CONFLICT DO NOTHING;


INSERT INTO public."PRECO_COLETADO" ("Preco", "UnidadeMedida", "DataColeta", "PostoCNPJ", "CombustivelID")
VALUES (4.990, 'R$ / litro', '2022-11-22', '4850382000101',
        (SELECT "ID_Combustivel" FROM public."COMBUSTIVEL" WHERE "Nome" = 'GASOLINA COMUM'))
ON CONFLICT DO NOTHING;


INSERT INTO public."PRECO_COLETADO" ("Preco", "UnidadeMedida", "DataColeta", "PostoCNPJ", "CombustivelID")
VALUES (4.990, 'R$ / litro', '2022-12-05', '4850382000101',
        (SELECT "ID_Combustivel" FROM public."COMBUSTIVEL" WHERE "Nome" = 'GASOLINA COMUM'))
ON CONFLICT DO NOTHING;


INSERT INTO public."PRECO_COLETADO" ("Preco", "UnidadeMedida", "DataColeta", "PostoCNPJ", "CombustivelID")
VALUES (4.990, 'R$ / litro', '2022-12-12', '4850382000101',
        (SELECT "ID_Combustivel" FROM public."COMBUSTIVEL" WHERE "Nome" = 'GASOLINA COMUM'))
ON CONFLICT DO NOTHING;


INSERT INTO public."PRECO_COLETADO" ("Preco", "UnidadeMedida", "DataColeta", "PostoCNPJ", "CombustivelID")
VALUES (4.880, 'R$ / litro', '2022-12-22', '4850382000101',
        (SELECT "ID_Combustivel" FROM public."COMBUSTIVEL" WHERE "Nome" = 'GASOLINA COMUM'))
ON CONFLICT DO NOTHING;


INSERT INTO public."PRECO_COLETADO" ("Preco", "UnidadeMedida", "DataColeta", "PostoCNPJ", "CombustivelID")
VALUES (4.880, 'R$ / litro', '2022-12-26', '4850382000101',
        (SELECT "ID_Combustivel" FROM public."COMBUSTIVEL" WHERE "Nome" = 'GASOLINA COMUM'))
ON CONFLICT DO NOTHING;


INSERT INTO public."PRECO_COLETADO" ("Preco", "UnidadeMedida", "DataColeta", "PostoCNPJ", "CombustivelID")
VALUES (4.880, 'R$ / litro', '2023-01-03', '4850382000101',
        (SELECT "ID_Combustivel" FROM public."COMBUSTIVEL" WHERE "Nome" = 'GASOLINA COMUM'))
ON CONFLICT DO NOTHING;


INSERT INTO public."PRECO_COLETADO" ("Preco", "UnidadeMedida", "DataColeta", "PostoCNPJ", "CombustivelID")
VALUES (4.980, 'R$ / litro', '2023-01-09', '4850382000101',
        (SELECT "ID_Combustivel" FROM public."COMBUSTIVEL" WHERE "Nome" = 'GASOLINA COMUM'))
ON CONFLICT DO NOTHING;


INSERT INTO public."PRECO_COLETADO" ("Preco", "UnidadeMedida", "DataColeta", "PostoCNPJ", "CombustivelID")
VALUES (4.890, 'R$ / litro', '2023-01-16', '4850382000101',
        (SELECT "ID_Combustivel" FROM public."COMBUSTIVEL" WHERE "Nome" = 'GASOLINA COMUM'))
ON CONFLICT DO NOTHING;


INSERT INTO public."PRECO_COLETADO" ("Preco", "UnidadeMedida", "DataColeta", "PostoCNPJ", "CombustivelID")
VALUES (4.890, 'R$ / litro', '2023-01-23', '4850382000101',
        (SELECT "ID_Combustivel" FROM public."COMBUSTIVEL" WHERE "Nome" = 'GASOLINA COMUM'))
ON CONFLICT DO NOTHING;


INSERT INTO public."PRECO_COLETADO" ("Preco", "UnidadeMedida", "DataColeta", "PostoCNPJ", "CombustivelID")
VALUES (5.090, 'R$ / litro', '2023-01-30', '4850382000101',
        (SELECT "ID_Combustivel" FROM public."COMBUSTIVEL" WHERE "Nome" = 'GASOLINA COMUM'))
ON CONFLICT DO NOTHING;


INSERT INTO public."PRECO_COLETADO" ("Preco", "UnidadeMedida", "DataColeta", "PostoCNPJ", "CombustivelID")
VALUES (4.950, 'R$ / litro', '2023-02-06', '4850382000101',
        (SELECT "ID_Combustivel" FROM public."COMBUSTIVEL" WHERE "Nome" = 'GASOLINA COMUM'))
ON CONFLICT DO NOTHING;


INSERT INTO public."PRECO_COLETADO" ("Preco", "UnidadeMedida", "DataColeta", "PostoCNPJ", "CombustivelID")
VALUES (4.950, 'R$ / litro', '2023-02-13', '4850382000101',
        (SELECT "ID_Combustivel" FROM public."COMBUSTIVEL" WHERE "Nome" = 'GASOLINA COMUM'))
ON CONFLICT DO NOTHING;


INSERT INTO public."PRECO_COLETADO" ("Preco", "UnidadeMedida", "DataColeta", "PostoCNPJ", "CombustivelID")
VALUES (4.950, 'R$ / litro', '2023-02-20', '4850382000101',
        (SELECT "ID_Combustivel" FROM public."COMBUSTIVEL" WHERE "Nome" = 'GASOLINA COMUM'))
ON CONFLICT DO NOTHING;


INSERT INTO public."PRECO_COLETADO" ("Preco", "UnidadeMedida", "DataColeta", "PostoCNPJ", "CombustivelID")
VALUES (4.990, 'R$ / litro', '2023-02-27', '4850382000101',
        (SELECT "ID_Combustivel" FROM public."COMBUSTIVEL" WHERE "Nome" = 'GASOLINA COMUM'))
ON CONFLICT DO NOTHING;


INSERT INTO public."PRECO_COLETADO" ("Preco", "UnidadeMedida", "DataColeta", "PostoCNPJ", "CombustivelID")
VALUES (5.490, 'R$ / litro', '2023-03-06', '4850382000101',
        (SELECT "ID_Combustivel" FROM public."COMBUSTIVEL" WHERE "Nome" = 'GASOLINA COMUM'))
ON CONFLICT DO NOTHING;


INSERT INTO public."PRECO_COLETADO" ("Preco", "UnidadeMedida", "DataColeta", "PostoCNPJ", "CombustivelID")
VALUES (5.490, 'R$ / litro', '2023-03-16', '4850382000101',
        (SELECT "ID_Combustivel" FROM public."COMBUSTIVEL" WHERE "Nome" = 'GASOLINA COMUM'))
ON CONFLICT DO NOTHING;


INSERT INTO public."PRECO_COLETADO" ("Preco", "UnidadeMedida", "DataColeta", "PostoCNPJ", "CombustivelID")
VALUES (5.390, 'R$ / litro', '2023-03-21', '4850382000101',
        (SELECT "ID_Combustivel" FROM public."COMBUSTIVEL" WHERE "Nome" = 'GASOLINA COMUM'))
ON CONFLICT DO NOTHING;


INSERT INTO public."PRECO_COLETADO" ("Preco", "UnidadeMedida", "DataColeta", "PostoCNPJ", "CombustivelID")
VALUES (5.350, 'R$ / litro', '2023-03-27', '4850382000101',
        (SELECT "ID_Combustivel" FROM public."COMBUSTIVEL" WHERE "Nome" = 'GASOLINA COMUM'))
ON CONFLICT DO NOTHING;


INSERT INTO public."PRECO_COLETADO" ("Preco", "UnidadeMedida", "DataColeta", "PostoCNPJ", "CombustivelID")
VALUES (5.290, 'R$ / litro', '2023-04-05', '4850382000101',
        (SELECT "ID_Combustivel" FROM public."COMBUSTIVEL" WHERE "Nome" = 'GASOLINA COMUM'))
ON CONFLICT DO NOTHING;


INSERT INTO public."PRECO_COLETADO" ("Preco", "UnidadeMedida", "DataColeta", "PostoCNPJ", "CombustivelID")
VALUES (5.290, 'R$ / litro', '2023-04-10', '4850382000101',
        (SELECT "ID_Combustivel" FROM public."COMBUSTIVEL" WHERE "Nome" = 'GASOLINA COMUM'))
ON CONFLICT DO NOTHING;


INSERT INTO public."PRECO_COLETADO" ("Preco", "UnidadeMedida", "DataColeta", "PostoCNPJ", "CombustivelID")
VALUES (5.390, 'R$ / litro', '2023-04-17', '4850382000101',
        (SELECT "ID_Combustivel" FROM public."COMBUSTIVEL" WHERE "Nome" = 'GASOLINA COMUM'))
ON CONFLICT DO NOTHING;


INSERT INTO public."PRECO_COLETADO" ("Preco", "UnidadeMedida", "DataColeta", "PostoCNPJ", "CombustivelID")
VALUES (5.290, 'R$ / litro', '2023-04-24', '4850382000101',
        (SELECT "ID_Combustivel" FROM public."COMBUSTIVEL" WHERE "Nome" = 'GASOLINA COMUM'))
ON CONFLICT DO NOTHING;


INSERT INTO public."PRECO_COLETADO" ("Preco", "UnidadeMedida", "DataColeta", "PostoCNPJ", "CombustivelID")
VALUES (5.290, 'R$ / litro', '2023-05-03', '4850382000101',
        (SELECT "ID_Combustivel" FROM public."COMBUSTIVEL" WHERE "Nome" = 'GASOLINA COMUM'))
ON CONFLICT DO NOTHING;


INSERT INTO public."PRECO_COLETADO" ("Preco", "UnidadeMedida", "DataColeta", "PostoCNPJ", "CombustivelID")
VALUES (5.290, 'R$ / litro', '2023-05-09', '4850382000101',
        (SELECT "ID_Combustivel" FROM public."COMBUSTIVEL" WHERE "Nome" = 'GASOLINA COMUM'))
ON CONFLICT DO NOTHING;


INSERT INTO public."PRECO_COLETADO" ("Preco", "UnidadeMedida", "DataColeta", "PostoCNPJ", "CombustivelID")
VALUES (5.290, 'R$ / litro', '2023-05-15', '4850382000101',
        (SELECT "ID_Combustivel" FROM public."COMBUSTIVEL" WHERE "Nome" = 'GASOLINA COMUM'))
ON CONFLICT DO NOTHING;


INSERT INTO public."PRECO_COLETADO" ("Preco", "UnidadeMedida", "DataColeta", "PostoCNPJ", "CombustivelID")
VALUES (5.060, 'R$ / litro', '2023-05-29', '4850382000101',
        (SELECT "ID_Combustivel" FROM public."COMBUSTIVEL" WHERE "Nome" = 'GASOLINA COMUM'))
ON CONFLICT DO NOTHING;


INSERT INTO public."PRECO_COLETADO" ("Preco", "UnidadeMedida", "DataColeta", "PostoCNPJ", "CombustivelID")
VALUES (5.490, 'R$ / litro', '2023-06-05', '4850382000101',
        (SELECT "ID_Combustivel" FROM public."COMBUSTIVEL" WHERE "Nome" = 'GASOLINA COMUM'))
ON CONFLICT DO NOTHING;


INSERT INTO public."PRECO_COLETADO" ("Preco", "UnidadeMedida", "DataColeta", "PostoCNPJ", "CombustivelID")
VALUES (5.390, 'R$ / litro', '2023-06-13', '4850382000101',
        (SELECT "ID_Combustivel" FROM public."COMBUSTIVEL" WHERE "Nome" = 'GASOLINA COMUM'))
ON CONFLICT DO NOTHING;


INSERT INTO public."PRECO_COLETADO" ("Preco", "UnidadeMedida", "DataColeta", "PostoCNPJ", "CombustivelID")
VALUES (5.290, 'R$ / litro', '2023-06-20', '4850382000101',
        (SELECT "ID_Combustivel" FROM public."COMBUSTIVEL" WHERE "Nome" = 'GASOLINA COMUM'))
ON CONFLICT DO NOTHING;


INSERT INTO public."PRECO_COLETADO" ("Preco", "UnidadeMedida", "DataColeta", "PostoCNPJ", "CombustivelID")
VALUES (5.290, 'R$ / litro', '2023-06-27', '4850382000101',
        (SELECT "ID_Combustivel" FROM public."COMBUSTIVEL" WHERE "Nome" = 'GASOLINA COMUM'))
ON CONFLICT DO NOTHING;


INSERT INTO public."PRECO_COLETADO" ("Preco", "UnidadeMedida", "DataColeta", "PostoCNPJ", "CombustivelID")
VALUES (5.790, 'R$ / litro', '2023-07-04', '4850382000101',
        (SELECT "ID_Combustivel" FROM public."COMBUSTIVEL" WHERE "Nome" = 'GASOLINA COMUM'))
ON CONFLICT DO NOTHING;


INSERT INTO public."PRECO_COLETADO" ("Preco", "UnidadeMedida", "DataColeta", "PostoCNPJ", "CombustivelID")
VALUES (5.690, 'R$ / litro', '2023-07-10', '4850382000101',
        (SELECT "ID_Combustivel" FROM public."COMBUSTIVEL" WHERE "Nome" = 'GASOLINA COMUM'))
ON CONFLICT DO NOTHING;


INSERT INTO public."PRECO_COLETADO" ("Preco", "UnidadeMedida", "DataColeta", "PostoCNPJ", "CombustivelID")
VALUES (5.690, 'R$ / litro', '2023-07-17', '4850382000101',
        (SELECT "ID_Combustivel" FROM public."COMBUSTIVEL" WHERE "Nome" = 'GASOLINA COMUM'))
ON CONFLICT DO NOTHING;


INSERT INTO public."PRECO_COLETADO" ("Preco", "UnidadeMedida", "DataColeta", "PostoCNPJ", "CombustivelID")
VALUES (5.490, 'R$ / litro', '2023-07-24', '4850382000101',
        (SELECT "ID_Combustivel" FROM public."COMBUSTIVEL" WHERE "Nome" = 'GASOLINA COMUM'))
ON CONFLICT DO NOTHING;


INSERT INTO public."PRECO_COLETADO" ("Preco", "UnidadeMedida", "DataColeta", "PostoCNPJ", "CombustivelID")
VALUES (5.390, 'R$ / litro', '2023-07-31', '4850382000101',
        (SELECT "ID_Combustivel" FROM public."COMBUSTIVEL" WHERE "Nome" = 'GASOLINA COMUM'))
ON CONFLICT DO NOTHING;


INSERT INTO public."PRECO_COLETADO" ("Preco", "UnidadeMedida", "DataColeta", "PostoCNPJ", "CombustivelID")
VALUES (5.290, 'R$ / litro', '2023-08-07', '4850382000101',
        (SELECT "ID_Combustivel" FROM public."COMBUSTIVEL" WHERE "Nome" = 'GASOLINA COMUM'))
ON CONFLICT DO NOTHING;


INSERT INTO public."PRECO_COLETADO" ("Preco", "UnidadeMedida", "DataColeta", "PostoCNPJ", "CombustivelID")
VALUES (5.230, 'R$ / litro', '2023-08-15', '4850382000101',
        (SELECT "ID_Combustivel" FROM public."COMBUSTIVEL" WHERE "Nome" = 'GASOLINA COMUM'))
ON CONFLICT DO NOTHING;


INSERT INTO public."PRECO_COLETADO" ("Preco", "UnidadeMedida", "DataColeta", "PostoCNPJ", "CombustivelID")
VALUES (5.490, 'R$ / litro', '2023-08-21', '4850382000101',
        (SELECT "ID_Combustivel" FROM public."COMBUSTIVEL" WHERE "Nome" = 'GASOLINA COMUM'))
ON CONFLICT DO NOTHING;


INSERT INTO public."PRECO_COLETADO" ("Preco", "UnidadeMedida", "DataColeta", "PostoCNPJ", "CombustivelID")
VALUES (5.390, 'R$ / litro', '2023-08-30', '4850382000101',
        (SELECT "ID_Combustivel" FROM public."COMBUSTIVEL" WHERE "Nome" = 'GASOLINA COMUM'))
ON CONFLICT DO NOTHING;


INSERT INTO public."PRECO_COLETADO" ("Preco", "UnidadeMedida", "DataColeta", "PostoCNPJ", "CombustivelID")
VALUES (5.390, 'R$ / litro', '2023-09-07', '4850382000101',
        (SELECT "ID_Combustivel" FROM public."COMBUSTIVEL" WHERE "Nome" = 'GASOLINA COMUM'))
ON CONFLICT DO NOTHING;


INSERT INTO public."PRECO_COLETADO" ("Preco", "UnidadeMedida", "DataColeta", "PostoCNPJ", "CombustivelID")
VALUES (5.390, 'R$ / litro', '2023-09-12', '4850382000101',
        (SELECT "ID_Combustivel" FROM public."COMBUSTIVEL" WHERE "Nome" = 'GASOLINA COMUM'))
ON CONFLICT DO NOTHING;


INSERT INTO public."PRECO_COLETADO" ("Preco", "UnidadeMedida", "DataColeta", "PostoCNPJ", "CombustivelID")
VALUES (5.390, 'R$ / litro', '2023-09-19', '4850382000101',
        (SELECT "ID_Combustivel" FROM public."COMBUSTIVEL" WHERE "Nome" = 'GASOLINA COMUM'))
ON CONFLICT DO NOTHING;


INSERT INTO public."PRECO_COLETADO" ("Preco", "UnidadeMedida", "DataColeta", "PostoCNPJ", "CombustivelID")
VALUES (5.790, 'R$ / litro', '2023-09-26', '4850382000101',
        (SELECT "ID_Combustivel" FROM public."COMBUSTIVEL" WHERE "Nome" = 'GASOLINA COMUM'))
ON CONFLICT DO NOTHING;


INSERT INTO public."PRECO_COLETADO" ("Preco", "UnidadeMedida", "DataColeta", "PostoCNPJ", "CombustivelID")
VALUES (5.690, 'R$ / litro', '2023-10-03', '4850382000101',
        (SELECT "ID_Combustivel" FROM public."COMBUSTIVEL" WHERE "Nome" = 'GASOLINA COMUM'))
ON CONFLICT DO NOTHING;


INSERT INTO public."PRECO_COLETADO" ("Preco", "UnidadeMedida", "DataColeta", "PostoCNPJ", "CombustivelID")
VALUES (5.670, 'R$ / litro', '2023-10-10', '4850382000101',
        (SELECT "ID_Combustivel" FROM public."COMBUSTIVEL" WHERE "Nome" = 'GASOLINA COMUM'))
ON CONFLICT DO NOTHING;


INSERT INTO public."PRECO_COLETADO" ("Preco", "UnidadeMedida", "DataColeta", "PostoCNPJ", "CombustivelID")
VALUES (5.640, 'R$ / litro', '2023-10-16', '4850382000101',
        (SELECT "ID_Combustivel" FROM public."COMBUSTIVEL" WHERE "Nome" = 'GASOLINA COMUM'))
ON CONFLICT DO NOTHING;


INSERT INTO public."PRECO_COLETADO" ("Preco", "UnidadeMedida", "DataColeta", "PostoCNPJ", "CombustivelID")
VALUES (5.490, 'R$ / litro', '2023-10-24', '4850382000101',
        (SELECT "ID_Combustivel" FROM public."COMBUSTIVEL" WHERE "Nome" = 'GASOLINA COMUM'))
ON CONFLICT DO NOTHING;


INSERT INTO public."PRECO_COLETADO" ("Preco", "UnidadeMedida", "DataColeta", "PostoCNPJ", "CombustivelID")
VALUES (5.490, 'R$ / litro', '2023-10-31', '4850382000101',
        (SELECT "ID_Combustivel" FROM public."COMBUSTIVEL" WHERE "Nome" = 'GASOLINA COMUM'))
ON CONFLICT DO NOTHING;


INSERT INTO public."PRECO_COLETADO" ("Preco", "UnidadeMedida", "DataColeta", "PostoCNPJ", "CombustivelID")
VALUES (5.490, 'R$ / litro', '2023-11-07', '4850382000101',
        (SELECT "ID_Combustivel" FROM public."COMBUSTIVEL" WHERE "Nome" = 'GASOLINA COMUM'))
ON CONFLICT DO NOTHING;


INSERT INTO public."PRECO_COLETADO" ("Preco", "UnidadeMedida", "DataColeta", "PostoCNPJ", "CombustivelID")
VALUES (5.490, 'R$ / litro', '2023-11-14', '4850382000101',
        (SELECT "ID_Combustivel" FROM public."COMBUSTIVEL" WHERE "Nome" = 'GASOLINA COMUM'))
ON CONFLICT DO NOTHING;


INSERT INTO public."PRECO_COLETADO" ("Preco", "UnidadeMedida", "DataColeta", "PostoCNPJ", "CombustivelID")
VALUES (5.690, 'R$ / litro', '2023-11-21', '4850382000101',
        (SELECT "ID_Combustivel" FROM public."COMBUSTIVEL" WHERE "Nome" = 'GASOLINA COMUM'))
ON CONFLICT DO NOTHING;


INSERT INTO public."PRECO_COLETADO" ("Preco", "UnidadeMedida", "DataColeta", "PostoCNPJ", "CombustivelID")
VALUES (5.590, 'R$ / litro', '2023-11-28', '4850382000101',
        (SELECT "ID_Combustivel" FROM public."COMBUSTIVEL" WHERE "Nome" = 'GASOLINA COMUM'))
ON CONFLICT DO NOTHING;


INSERT INTO public."PRECO_COLETADO" ("Preco", "UnidadeMedida", "DataColeta", "PostoCNPJ", "CombustivelID")
VALUES (5.590, 'R$ / litro', '2023-12-06', '4850382000101',
        (SELECT "ID_Combustivel" FROM public."COMBUSTIVEL" WHERE "Nome" = 'GASOLINA COMUM'))
ON CONFLICT DO NOTHING;


INSERT INTO public."PRECO_COLETADO" ("Preco", "UnidadeMedida", "DataColeta", "PostoCNPJ", "CombustivelID")
VALUES (5.490, 'R$ / litro', '2023-12-13', '4850382000101',
        (SELECT "ID_Combustivel" FROM public."COMBUSTIVEL" WHERE "Nome" = 'GASOLINA COMUM'))
ON CONFLICT DO NOTHING;


INSERT INTO public."PRECO_COLETADO" ("Preco", "UnidadeMedida", "DataColeta", "PostoCNPJ", "CombustivelID")
VALUES (5.380, 'R$ / litro', '2023-12-20', '4850382000101',
        (SELECT "ID_Combustivel" FROM public."COMBUSTIVEL" WHERE "Nome" = 'GASOLINA COMUM'))
ON CONFLICT DO NOTHING;


INSERT INTO public."PRECO_COLETADO" ("Preco", "UnidadeMedida", "DataColeta", "PostoCNPJ", "CombustivelID")
VALUES (5.380, 'R$ / litro', '2023-12-26', '4850382000101',
        (SELECT "ID_Combustivel" FROM public."COMBUSTIVEL" WHERE "Nome" = 'GASOLINA COMUM'))
ON CONFLICT DO NOTHING;


INSERT INTO public."PRECO_COLETADO" ("Preco", "UnidadeMedida", "DataColeta", "PostoCNPJ", "CombustivelID")
VALUES (5.290, 'R$ / litro', '2024-01-03', '4850382000101',
        (SELECT "ID_Combustivel" FROM public."COMBUSTIVEL" WHERE "Nome" = 'GASOLINA COMUM'))
ON CONFLICT DO NOTHING;


INSERT INTO public."PRECO_COLETADO" ("Preco", "UnidadeMedida", "DataColeta", "PostoCNPJ", "CombustivelID")
VALUES (5.290, 'R$ / litro', '2024-01-08', '4850382000101',
        (SELECT "ID_Combustivel" FROM public."COMBUSTIVEL" WHERE "Nome" = 'GASOLINA COMUM'))
ON CONFLICT DO NOTHING;


INSERT INTO public."PRECO_COLETADO" ("Preco", "UnidadeMedida", "DataColeta", "PostoCNPJ", "CombustivelID")
VALUES (5.290, 'R$ / litro', '2024-01-15', '4850382000101',
        (SELECT "ID_Combustivel" FROM public."COMBUSTIVEL" WHERE "Nome" = 'GASOLINA COMUM'))
ON CONFLICT DO NOTHING;


INSERT INTO public."PRECO_COLETADO" ("Preco", "UnidadeMedida", "DataColeta", "PostoCNPJ", "CombustivelID")
VALUES (5.190, 'R$ / litro', '2024-01-22', '4850382000101',
        (SELECT "ID_Combustivel" FROM public."COMBUSTIVEL" WHERE "Nome" = 'GASOLINA COMUM'))
ON CONFLICT DO NOTHING;


INSERT INTO public."PRECO_COLETADO" ("Preco", "UnidadeMedida", "DataColeta", "PostoCNPJ", "CombustivelID")
VALUES (5.190, 'R$ / litro', '2024-01-29', '4850382000101',
        (SELECT "ID_Combustivel" FROM public."COMBUSTIVEL" WHERE "Nome" = 'GASOLINA COMUM'))
ON CONFLICT DO NOTHING;


INSERT INTO public."PRECO_COLETADO" ("Preco", "UnidadeMedida", "DataColeta", "PostoCNPJ", "CombustivelID")
VALUES (5.690, 'R$ / litro', '2024-02-05', '4850382000101',
        (SELECT "ID_Combustivel" FROM public."COMBUSTIVEL" WHERE "Nome" = 'GASOLINA COMUM'))
ON CONFLICT DO NOTHING;


INSERT INTO public."PRECO_COLETADO" ("Preco", "UnidadeMedida", "DataColeta", "PostoCNPJ", "CombustivelID")
VALUES (5.480, 'R$ / litro', '2024-02-12', '4850382000101',
        (SELECT "ID_Combustivel" FROM public."COMBUSTIVEL" WHERE "Nome" = 'GASOLINA COMUM'))
ON CONFLICT DO NOTHING;


INSERT INTO public."PRECO_COLETADO" ("Preco", "UnidadeMedida", "DataColeta", "PostoCNPJ", "CombustivelID")
VALUES (5.570, 'R$ / litro', '2024-02-19', '4850382000101',
        (SELECT "ID_Combustivel" FROM public."COMBUSTIVEL" WHERE "Nome" = 'GASOLINA COMUM'))
ON CONFLICT DO NOTHING;


INSERT INTO public."PRECO_COLETADO" ("Preco", "UnidadeMedida", "DataColeta", "PostoCNPJ", "CombustivelID")
VALUES (5.390, 'R$ / litro', '2024-02-26', '4850382000101',
        (SELECT "ID_Combustivel" FROM public."COMBUSTIVEL" WHERE "Nome" = 'GASOLINA COMUM'))
ON CONFLICT DO NOTHING;


INSERT INTO public."PRECO_COLETADO" ("Preco", "UnidadeMedida", "DataColeta", "PostoCNPJ", "CombustivelID")
VALUES (5.390, 'R$ / litro', '2024-03-04', '4850382000101',
        (SELECT "ID_Combustivel" FROM public."COMBUSTIVEL" WHERE "Nome" = 'GASOLINA COMUM'))
ON CONFLICT DO NOTHING;


INSERT INTO public."PRECO_COLETADO" ("Preco", "UnidadeMedida", "DataColeta", "PostoCNPJ", "CombustivelID")
VALUES (5.590, 'R$ / litro', '2024-03-11', '4850382000101',
        (SELECT "ID_Combustivel" FROM public."COMBUSTIVEL" WHERE "Nome" = 'GASOLINA COMUM'))
ON CONFLICT DO NOTHING;


INSERT INTO public."PRECO_COLETADO" ("Preco", "UnidadeMedida", "DataColeta", "PostoCNPJ", "CombustivelID")
VALUES (5.590, 'R$ / litro', '2024-03-18', '4850382000101',
        (SELECT "ID_Combustivel" FROM public."COMBUSTIVEL" WHERE "Nome" = 'GASOLINA COMUM'))
ON CONFLICT DO NOTHING;


INSERT INTO public."PRECO_COLETADO" ("Preco", "UnidadeMedida", "DataColeta", "PostoCNPJ", "CombustivelID")
VALUES (5.590, 'R$ / litro', '2024-03-25', '4850382000101',
        (SELECT "ID_Combustivel" FROM public."COMBUSTIVEL" WHERE "Nome" = 'GASOLINA COMUM'))
ON CONFLICT DO NOTHING;


INSERT INTO public."PRECO_COLETADO" ("Preco", "UnidadeMedida", "DataColeta", "PostoCNPJ", "CombustivelID")
VALUES (5.460, 'R$ / litro', '2024-04-02', '4850382000101',
        (SELECT "ID_Combustivel" FROM public."COMBUSTIVEL" WHERE "Nome" = 'GASOLINA COMUM'))
ON CONFLICT DO NOTHING;


INSERT INTO public."PRECO_COLETADO" ("Preco", "UnidadeMedida", "DataColeta", "PostoCNPJ", "CombustivelID")
VALUES (5.460, 'R$ / litro', '2024-04-08', '4850382000101',
        (SELECT "ID_Combustivel" FROM public."COMBUSTIVEL" WHERE "Nome" = 'GASOLINA COMUM'))
ON CONFLICT DO NOTHING;


INSERT INTO public."PRECO_COLETADO" ("Preco", "UnidadeMedida", "DataColeta", "PostoCNPJ", "CombustivelID")
VALUES (5.460, 'R$ / litro', '2024-04-15', '4850382000101',
        (SELECT "ID_Combustivel" FROM public."COMBUSTIVEL" WHERE "Nome" = 'GASOLINA COMUM'))
ON CONFLICT DO NOTHING;


INSERT INTO public."PRECO_COLETADO" ("Preco", "UnidadeMedida", "DataColeta", "PostoCNPJ", "CombustivelID")
VALUES (5.460, 'R$ / litro', '2024-04-22', '4850382000101',
        (SELECT "ID_Combustivel" FROM public."COMBUSTIVEL" WHERE "Nome" = 'GASOLINA COMUM'))
ON CONFLICT DO NOTHING;


INSERT INTO public."PRECO_COLETADO" ("Preco", "UnidadeMedida", "DataColeta", "PostoCNPJ", "CombustivelID")
VALUES (5.890, 'R$ / litro', '2024-04-29', '4850382000101',
        (SELECT "ID_Combustivel" FROM public."COMBUSTIVEL" WHERE "Nome" = 'GASOLINA COMUM'))
ON CONFLICT DO NOTHING;


INSERT INTO public."PRECO_COLETADO" ("Preco", "UnidadeMedida", "DataColeta", "PostoCNPJ", "CombustivelID")
VALUES (5.890, 'R$ / litro', '2024-05-13', '4850382000101',
        (SELECT "ID_Combustivel" FROM public."COMBUSTIVEL" WHERE "Nome" = 'GASOLINA COMUM'))
ON CONFLICT DO NOTHING;


INSERT INTO public."PRECO_COLETADO" ("Preco", "UnidadeMedida", "DataColeta", "PostoCNPJ", "CombustivelID")
VALUES (5.790, 'R$ / litro', '2024-05-20', '4850382000101',
        (SELECT "ID_Combustivel" FROM public."COMBUSTIVEL" WHERE "Nome" = 'GASOLINA COMUM'))
ON CONFLICT DO NOTHING;


INSERT INTO public."PRECO_COLETADO" ("Preco", "UnidadeMedida", "DataColeta", "PostoCNPJ", "CombustivelID")
VALUES (5.790, 'R$ / litro', '2024-05-27', '4850382000101',
        (SELECT "ID_Combustivel" FROM public."COMBUSTIVEL" WHERE "Nome" = 'GASOLINA COMUM'))
ON CONFLICT DO NOTHING;


INSERT INTO public."PRECO_COLETADO" ("Preco", "UnidadeMedida", "DataColeta", "PostoCNPJ", "CombustivelID")
VALUES (5.790, 'R$ / litro', '2024-06-03', '4850382000101',
        (SELECT "ID_Combustivel" FROM public."COMBUSTIVEL" WHERE "Nome" = 'GASOLINA COMUM'))
ON CONFLICT DO NOTHING;


INSERT INTO public."PRECO_COLETADO" ("Preco", "UnidadeMedida", "DataColeta", "PostoCNPJ", "CombustivelID")
VALUES (5.790, 'R$ / litro', '2024-06-17', '4850382000101',
        (SELECT "ID_Combustivel" FROM public."COMBUSTIVEL" WHERE "Nome" = 'GASOLINA COMUM'))
ON CONFLICT DO NOTHING;


INSERT INTO public."PRECO_COLETADO" ("Preco", "UnidadeMedida", "DataColeta", "PostoCNPJ", "CombustivelID")
VALUES (5.790, 'R$ / litro', '2024-06-24', '4850382000101',
        (SELECT "ID_Combustivel" FROM public."COMBUSTIVEL" WHERE "Nome" = 'GASOLINA COMUM'))
ON CONFLICT DO NOTHING;


INSERT INTO public."PRECO_COLETADO" ("Preco", "UnidadeMedida", "DataColeta", "PostoCNPJ", "CombustivelID")
VALUES (5.790, 'R$ / litro', '2024-07-01', '4850382000101',
        (SELECT "ID_Combustivel" FROM public."COMBUSTIVEL" WHERE "Nome" = 'GASOLINA COMUM'))
ON CONFLICT DO NOTHING;


INSERT INTO public."PRECO_COLETADO" ("Preco", "UnidadeMedida", "DataColeta", "PostoCNPJ", "CombustivelID")
VALUES (5.990, 'R$ / litro', '2024-07-09', '4850382000101',
        (SELECT "ID_Combustivel" FROM public."COMBUSTIVEL" WHERE "Nome" = 'GASOLINA COMUM'))
ON CONFLICT DO NOTHING;


INSERT INTO public."PRECO_COLETADO" ("Preco", "UnidadeMedida", "DataColeta", "PostoCNPJ", "CombustivelID")
VALUES (6.150, 'R$ / litro', '2024-07-16', '4850382000101',
        (SELECT "ID_Combustivel" FROM public."COMBUSTIVEL" WHERE "Nome" = 'GASOLINA COMUM'))
ON CONFLICT DO NOTHING;


INSERT INTO public."PRECO_COLETADO" ("Preco", "UnidadeMedida", "DataColeta", "PostoCNPJ", "CombustivelID")
VALUES (6.150, 'R$ / litro', '2024-07-22', '4850382000101',
        (SELECT "ID_Combustivel" FROM public."COMBUSTIVEL" WHERE "Nome" = 'GASOLINA COMUM'))
ON CONFLICT DO NOTHING;


INSERT INTO public."PRECO_COLETADO" ("Preco", "UnidadeMedida", "DataColeta", "PostoCNPJ", "CombustivelID")
VALUES (6.150, 'R$ / litro', '2024-07-29', '4850382000101',
        (SELECT "ID_Combustivel" FROM public."COMBUSTIVEL" WHERE "Nome" = 'GASOLINA COMUM'))
ON CONFLICT DO NOTHING;


INSERT INTO public."PRECO_COLETADO" ("Preco", "UnidadeMedida", "DataColeta", "PostoCNPJ", "CombustivelID")
VALUES (6.090, 'R$ / litro', '2024-08-05', '4850382000101',
        (SELECT "ID_Combustivel" FROM public."COMBUSTIVEL" WHERE "Nome" = 'GASOLINA COMUM'))
ON CONFLICT DO NOTHING;


INSERT INTO public."PRECO_COLETADO" ("Preco", "UnidadeMedida", "DataColeta", "PostoCNPJ", "CombustivelID")
VALUES (6.090, 'R$ / litro', '2024-08-12', '4850382000101',
        (SELECT "ID_Combustivel" FROM public."COMBUSTIVEL" WHERE "Nome" = 'GASOLINA COMUM'))
ON CONFLICT DO NOTHING;


INSERT INTO public."PRECO_COLETADO" ("Preco", "UnidadeMedida", "DataColeta", "PostoCNPJ", "CombustivelID")
VALUES (6.090, 'R$ / litro', '2024-08-20', '4850382000101',
        (SELECT "ID_Combustivel" FROM public."COMBUSTIVEL" WHERE "Nome" = 'GASOLINA COMUM'))
ON CONFLICT DO NOTHING;


INSERT INTO public."PRECO_COLETADO" ("Preco", "UnidadeMedida", "DataColeta", "PostoCNPJ", "CombustivelID")
VALUES (6.090, 'R$ / litro', '2024-08-26', '4850382000101',
        (SELECT "ID_Combustivel" FROM public."COMBUSTIVEL" WHERE "Nome" = 'GASOLINA COMUM'))
ON CONFLICT DO NOTHING;


INSERT INTO public."PRECO_COLETADO" ("Preco", "UnidadeMedida", "DataColeta", "PostoCNPJ", "CombustivelID")
VALUES (6.090, 'R$ / litro', '2024-09-02', '4850382000101',
        (SELECT "ID_Combustivel" FROM public."COMBUSTIVEL" WHERE "Nome" = 'GASOLINA COMUM'))
ON CONFLICT DO NOTHING;


INSERT INTO public."POSTO" ("CNPJ", "RazaoSocial", "NomeFantasia", "Bandeira", "Logradouro", "Numero", "Bairro", "Cidade", "Estado", "CEP")
VALUES ('4763356000138', 'POSTO SETE EIRELI', 'POSTO 7', 'IPIRANGA', 'AVENIDA CARLOS LINDENBERG', '1896', 'ARIBIRI', 'VILA VELHA', 'ESPIRITO SANTO', '29120568')
ON CONFLICT ("CNPJ") DO NOTHING;


INSERT INTO public."COMBUSTIVEL" ("Nome")
VALUES ('ETANOL')
ON CONFLICT ("Nome") DO NOTHING;


INSERT INTO public."PRECO_COLETADO" ("Preco", "UnidadeMedida", "DataColeta", "PostoCNPJ", "CombustivelID")
VALUES (4.590, 'R$ / litro', '2022-08-03', '4763356000138',
        (SELECT "ID_Combustivel" FROM public."COMBUSTIVEL" WHERE "Nome" = 'ETANOL'))
ON CONFLICT DO NOTHING;


INSERT INTO public."PRECO_COLETADO" ("Preco", "UnidadeMedida", "DataColeta", "PostoCNPJ", "CombustivelID")
VALUES (4.450, 'R$ / litro', '2022-08-08', '4763356000138',
        (SELECT "ID_Combustivel" FROM public."COMBUSTIVEL" WHERE "Nome" = 'ETANOL'))
ON CONFLICT DO NOTHING;


INSERT INTO public."PRECO_COLETADO" ("Preco", "UnidadeMedida", "DataColeta", "PostoCNPJ", "CombustivelID")
VALUES (4.380, 'R$ / litro', '2022-08-15', '4763356000138',
        (SELECT "ID_Combustivel" FROM public."COMBUSTIVEL" WHERE "Nome" = 'ETANOL'))
ON CONFLICT DO NOTHING;


INSERT INTO public."PRECO_COLETADO" ("Preco", "UnidadeMedida", "DataColeta", "PostoCNPJ", "CombustivelID")
VALUES (4.050, 'R$ / litro', '2022-09-01', '4763356000138',
        (SELECT "ID_Combustivel" FROM public."COMBUSTIVEL" WHERE "Nome" = 'ETANOL'))
ON CONFLICT DO NOTHING;


INSERT INTO public."PRECO_COLETADO" ("Preco", "UnidadeMedida", "DataColeta", "PostoCNPJ", "CombustivelID")
VALUES (3.850, 'R$ / litro', '2022-09-08', '4763356000138',
        (SELECT "ID_Combustivel" FROM public."COMBUSTIVEL" WHERE "Nome" = 'ETANOL'))
ON CONFLICT DO NOTHING;


INSERT INTO public."PRECO_COLETADO" ("Preco", "UnidadeMedida", "DataColeta", "PostoCNPJ", "CombustivelID")
VALUES (3.850, 'R$ / litro', '2022-09-12', '4763356000138',
        (SELECT "ID_Combustivel" FROM public."COMBUSTIVEL" WHERE "Nome" = 'ETANOL'))
ON CONFLICT DO NOTHING;


INSERT INTO public."PRECO_COLETADO" ("Preco", "UnidadeMedida", "DataColeta", "PostoCNPJ", "CombustivelID")
VALUES (3.760, 'R$ / litro', '2022-10-24', '4763356000138',
        (SELECT "ID_Combustivel" FROM public."COMBUSTIVEL" WHERE "Nome" = 'ETANOL'))
ON CONFLICT DO NOTHING;


INSERT INTO public."PRECO_COLETADO" ("Preco", "UnidadeMedida", "DataColeta", "PostoCNPJ", "CombustivelID")
VALUES (3.790, 'R$ / litro', '2022-10-31', '4763356000138',
        (SELECT "ID_Combustivel" FROM public."COMBUSTIVEL" WHERE "Nome" = 'ETANOL'))
ON CONFLICT DO NOTHING;


INSERT INTO public."PRECO_COLETADO" ("Preco", "UnidadeMedida", "DataColeta", "PostoCNPJ", "CombustivelID")
VALUES (4.070, 'R$ / litro', '2022-11-14', '4763356000138',
        (SELECT "ID_Combustivel" FROM public."COMBUSTIVEL" WHERE "Nome" = 'ETANOL'))
ON CONFLICT DO NOTHING;


INSERT INTO public."PRECO_COLETADO" ("Preco", "UnidadeMedida", "DataColeta", "PostoCNPJ", "CombustivelID")
VALUES (3.990, 'R$ / litro', '2022-11-22', '4763356000138',
        (SELECT "ID_Combustivel" FROM public."COMBUSTIVEL" WHERE "Nome" = 'ETANOL'))
ON CONFLICT DO NOTHING;


INSERT INTO public."PRECO_COLETADO" ("Preco", "UnidadeMedida", "DataColeta", "PostoCNPJ", "CombustivelID")
VALUES (3.990, 'R$ / litro', '2022-12-05', '4763356000138',
        (SELECT "ID_Combustivel" FROM public."COMBUSTIVEL" WHERE "Nome" = 'ETANOL'))
ON CONFLICT DO NOTHING;


INSERT INTO public."PRECO_COLETADO" ("Preco", "UnidadeMedida", "DataColeta", "PostoCNPJ", "CombustivelID")
VALUES (3.990, 'R$ / litro', '2022-12-12', '4763356000138',
        (SELECT "ID_Combustivel" FROM public."COMBUSTIVEL" WHERE "Nome" = 'ETANOL'))
ON CONFLICT DO NOTHING;


INSERT INTO public."PRECO_COLETADO" ("Preco", "UnidadeMedida", "DataColeta", "PostoCNPJ", "CombustivelID")
VALUES (3.950, 'R$ / litro', '2022-12-22', '4763356000138',
        (SELECT "ID_Combustivel" FROM public."COMBUSTIVEL" WHERE "Nome" = 'ETANOL'))
ON CONFLICT DO NOTHING;


INSERT INTO public."PRECO_COLETADO" ("Preco", "UnidadeMedida", "DataColeta", "PostoCNPJ", "CombustivelID")
VALUES (3.950, 'R$ / litro', '2022-12-26', '4763356000138',
        (SELECT "ID_Combustivel" FROM public."COMBUSTIVEL" WHERE "Nome" = 'ETANOL'))
ON CONFLICT DO NOTHING;


INSERT INTO public."PRECO_COLETADO" ("Preco", "UnidadeMedida", "DataColeta", "PostoCNPJ", "CombustivelID")
VALUES (3.950, 'R$ / litro', '2023-01-03', '4763356000138',
        (SELECT "ID_Combustivel" FROM public."COMBUSTIVEL" WHERE "Nome" = 'ETANOL'))
ON CONFLICT DO NOTHING;


INSERT INTO public."PRECO_COLETADO" ("Preco", "UnidadeMedida", "DataColeta", "PostoCNPJ", "CombustivelID")
VALUES (3.950, 'R$ / litro', '2023-01-09', '4763356000138',
        (SELECT "ID_Combustivel" FROM public."COMBUSTIVEL" WHERE "Nome" = 'ETANOL'))
ON CONFLICT DO NOTHING;


INSERT INTO public."PRECO_COLETADO" ("Preco", "UnidadeMedida", "DataColeta", "PostoCNPJ", "CombustivelID")
VALUES (3.990, 'R$ / litro', '2023-01-16', '4763356000138',
        (SELECT "ID_Combustivel" FROM public."COMBUSTIVEL" WHERE "Nome" = 'ETANOL'))
ON CONFLICT DO NOTHING;


INSERT INTO public."PRECO_COLETADO" ("Preco", "UnidadeMedida", "DataColeta", "PostoCNPJ", "CombustivelID")
VALUES (3.990, 'R$ / litro', '2023-01-23', '4763356000138',
        (SELECT "ID_Combustivel" FROM public."COMBUSTIVEL" WHERE "Nome" = 'ETANOL'))
ON CONFLICT DO NOTHING;


INSERT INTO public."PRECO_COLETADO" ("Preco", "UnidadeMedida", "DataColeta", "PostoCNPJ", "CombustivelID")
VALUES (3.950, 'R$ / litro', '2023-01-30', '4763356000138',
        (SELECT "ID_Combustivel" FROM public."COMBUSTIVEL" WHERE "Nome" = 'ETANOL'))
ON CONFLICT DO NOTHING;


INSERT INTO public."PRECO_COLETADO" ("Preco", "UnidadeMedida", "DataColeta", "PostoCNPJ", "CombustivelID")
VALUES (3.990, 'R$ / litro', '2023-02-06', '4763356000138',
        (SELECT "ID_Combustivel" FROM public."COMBUSTIVEL" WHERE "Nome" = 'ETANOL'))
ON CONFLICT DO NOTHING;


INSERT INTO public."PRECO_COLETADO" ("Preco", "UnidadeMedida", "DataColeta", "PostoCNPJ", "CombustivelID")
VALUES (3.990, 'R$ / litro', '2023-02-13', '4763356000138',
        (SELECT "ID_Combustivel" FROM public."COMBUSTIVEL" WHERE "Nome" = 'ETANOL'))
ON CONFLICT DO NOTHING;


INSERT INTO public."PRECO_COLETADO" ("Preco", "UnidadeMedida", "DataColeta", "PostoCNPJ", "CombustivelID")
VALUES (3.950, 'R$ / litro', '2023-02-27', '4763356000138',
        (SELECT "ID_Combustivel" FROM public."COMBUSTIVEL" WHERE "Nome" = 'ETANOL'))
ON CONFLICT DO NOTHING;


INSERT INTO public."PRECO_COLETADO" ("Preco", "UnidadeMedida", "DataColeta", "PostoCNPJ", "CombustivelID")
VALUES (3.990, 'R$ / litro', '2023-03-06', '4763356000138',
        (SELECT "ID_Combustivel" FROM public."COMBUSTIVEL" WHERE "Nome" = 'ETANOL'))
ON CONFLICT DO NOTHING;


INSERT INTO public."PRECO_COLETADO" ("Preco", "UnidadeMedida", "DataColeta", "PostoCNPJ", "CombustivelID")
VALUES (4.050, 'R$ / litro', '2023-03-16', '4763356000138',
        (SELECT "ID_Combustivel" FROM public."COMBUSTIVEL" WHERE "Nome" = 'ETANOL'))
ON CONFLICT DO NOTHING;


INSERT INTO public."PRECO_COLETADO" ("Preco", "UnidadeMedida", "DataColeta", "PostoCNPJ", "CombustivelID")
VALUES (4.050, 'R$ / litro', '2023-03-27', '4763356000138',
        (SELECT "ID_Combustivel" FROM public."COMBUSTIVEL" WHERE "Nome" = 'ETANOL'))
ON CONFLICT DO NOTHING;


INSERT INTO public."PRECO_COLETADO" ("Preco", "UnidadeMedida", "DataColeta", "PostoCNPJ", "CombustivelID")
VALUES (4.050, 'R$ / litro', '2023-04-04', '4763356000138',
        (SELECT "ID_Combustivel" FROM public."COMBUSTIVEL" WHERE "Nome" = 'ETANOL'))
ON CONFLICT DO NOTHING;


INSERT INTO public."PRECO_COLETADO" ("Preco", "UnidadeMedida", "DataColeta", "PostoCNPJ", "CombustivelID")
VALUES (4.050, 'R$ / litro', '2023-04-17', '4763356000138',
        (SELECT "ID_Combustivel" FROM public."COMBUSTIVEL" WHERE "Nome" = 'ETANOL'))
ON CONFLICT DO NOTHING;


INSERT INTO public."PRECO_COLETADO" ("Preco", "UnidadeMedida", "DataColeta", "PostoCNPJ", "CombustivelID")
VALUES (4.050, 'R$ / litro', '2023-04-24', '4763356000138',
        (SELECT "ID_Combustivel" FROM public."COMBUSTIVEL" WHERE "Nome" = 'ETANOL'))
ON CONFLICT DO NOTHING;


INSERT INTO public."PRECO_COLETADO" ("Preco", "UnidadeMedida", "DataColeta", "PostoCNPJ", "CombustivelID")
VALUES (4.250, 'R$ / litro', '2023-05-03', '4763356000138',
        (SELECT "ID_Combustivel" FROM public."COMBUSTIVEL" WHERE "Nome" = 'ETANOL'))
ON CONFLICT DO NOTHING;


INSERT INTO public."PRECO_COLETADO" ("Preco", "UnidadeMedida", "DataColeta", "PostoCNPJ", "CombustivelID")
VALUES (4.250, 'R$ / litro', '2023-05-09', '4763356000138',
        (SELECT "ID_Combustivel" FROM public."COMBUSTIVEL" WHERE "Nome" = 'ETANOL'))
ON CONFLICT DO NOTHING;


INSERT INTO public."PRECO_COLETADO" ("Preco", "UnidadeMedida", "DataColeta", "PostoCNPJ", "CombustivelID")
VALUES (4.250, 'R$ / litro', '2023-05-15', '4763356000138',
        (SELECT "ID_Combustivel" FROM public."COMBUSTIVEL" WHERE "Nome" = 'ETANOL'))
ON CONFLICT DO NOTHING;


INSERT INTO public."PRECO_COLETADO" ("Preco", "UnidadeMedida", "DataColeta", "PostoCNPJ", "CombustivelID")
VALUES (4.170, 'R$ / litro', '2023-05-22', '4763356000138',
        (SELECT "ID_Combustivel" FROM public."COMBUSTIVEL" WHERE "Nome" = 'ETANOL'))
ON CONFLICT DO NOTHING;


INSERT INTO public."PRECO_COLETADO" ("Preco", "UnidadeMedida", "DataColeta", "PostoCNPJ", "CombustivelID")
VALUES (4.020, 'R$ / litro', '2023-05-29', '4763356000138',
        (SELECT "ID_Combustivel" FROM public."COMBUSTIVEL" WHERE "Nome" = 'ETANOL'))
ON CONFLICT DO NOTHING;


INSERT INTO public."PRECO_COLETADO" ("Preco", "UnidadeMedida", "DataColeta", "PostoCNPJ", "CombustivelID")
VALUES (3.990, 'R$ / litro', '2023-06-05', '4763356000138',
        (SELECT "ID_Combustivel" FROM public."COMBUSTIVEL" WHERE "Nome" = 'ETANOL'))
ON CONFLICT DO NOTHING;


INSERT INTO public."PRECO_COLETADO" ("Preco", "UnidadeMedida", "DataColeta", "PostoCNPJ", "CombustivelID")
VALUES (3.990, 'R$ / litro', '2023-06-13', '4763356000138',
        (SELECT "ID_Combustivel" FROM public."COMBUSTIVEL" WHERE "Nome" = 'ETANOL'))
ON CONFLICT DO NOTHING;


INSERT INTO public."PRECO_COLETADO" ("Preco", "UnidadeMedida", "DataColeta", "PostoCNPJ", "CombustivelID")
VALUES (3.990, 'R$ / litro', '2023-06-20', '4763356000138',
        (SELECT "ID_Combustivel" FROM public."COMBUSTIVEL" WHERE "Nome" = 'ETANOL'))
ON CONFLICT DO NOTHING;


INSERT INTO public."PRECO_COLETADO" ("Preco", "UnidadeMedida", "DataColeta", "PostoCNPJ", "CombustivelID")
VALUES (3.950, 'R$ / litro', '2023-06-27', '4763356000138',
        (SELECT "ID_Combustivel" FROM public."COMBUSTIVEL" WHERE "Nome" = 'ETANOL'))
ON CONFLICT DO NOTHING;


INSERT INTO public."PRECO_COLETADO" ("Preco", "UnidadeMedida", "DataColeta", "PostoCNPJ", "CombustivelID")
VALUES (3.950, 'R$ / litro', '2023-07-04', '4763356000138',
        (SELECT "ID_Combustivel" FROM public."COMBUSTIVEL" WHERE "Nome" = 'ETANOL'))
ON CONFLICT DO NOTHING;


INSERT INTO public."PRECO_COLETADO" ("Preco", "UnidadeMedida", "DataColeta", "PostoCNPJ", "CombustivelID")
VALUES (3.950, 'R$ / litro', '2023-07-24', '4763356000138',
        (SELECT "ID_Combustivel" FROM public."COMBUSTIVEL" WHERE "Nome" = 'ETANOL'))
ON CONFLICT DO NOTHING;


INSERT INTO public."PRECO_COLETADO" ("Preco", "UnidadeMedida", "DataColeta", "PostoCNPJ", "CombustivelID")
VALUES (3.870, 'R$ / litro', '2023-07-31', '4763356000138',
        (SELECT "ID_Combustivel" FROM public."COMBUSTIVEL" WHERE "Nome" = 'ETANOL'))
ON CONFLICT DO NOTHING;


INSERT INTO public."PRECO_COLETADO" ("Preco", "UnidadeMedida", "DataColeta", "PostoCNPJ", "CombustivelID")
VALUES (3.870, 'R$ / litro', '2023-08-07', '4763356000138',
        (SELECT "ID_Combustivel" FROM public."COMBUSTIVEL" WHERE "Nome" = 'ETANOL'))
ON CONFLICT DO NOTHING;


INSERT INTO public."PRECO_COLETADO" ("Preco", "UnidadeMedida", "DataColeta", "PostoCNPJ", "CombustivelID")
VALUES (3.870, 'R$ / litro', '2023-08-15', '4763356000138',
        (SELECT "ID_Combustivel" FROM public."COMBUSTIVEL" WHERE "Nome" = 'ETANOL'))
ON CONFLICT DO NOTHING;


INSERT INTO public."PRECO_COLETADO" ("Preco", "UnidadeMedida", "DataColeta", "PostoCNPJ", "CombustivelID")
VALUES (3.990, 'R$ / litro', '2023-08-21', '4763356000138',
        (SELECT "ID_Combustivel" FROM public."COMBUSTIVEL" WHERE "Nome" = 'ETANOL'))
ON CONFLICT DO NOTHING;


INSERT INTO public."PRECO_COLETADO" ("Preco", "UnidadeMedida", "DataColeta", "PostoCNPJ", "CombustivelID")
VALUES (3.990, 'R$ / litro', '2023-08-30', '4763356000138',
        (SELECT "ID_Combustivel" FROM public."COMBUSTIVEL" WHERE "Nome" = 'ETANOL'))
ON CONFLICT DO NOTHING;


INSERT INTO public."PRECO_COLETADO" ("Preco", "UnidadeMedida", "DataColeta", "PostoCNPJ", "CombustivelID")
VALUES (3.950, 'R$ / litro', '2023-09-07', '4763356000138',
        (SELECT "ID_Combustivel" FROM public."COMBUSTIVEL" WHERE "Nome" = 'ETANOL'))
ON CONFLICT DO NOTHING;


INSERT INTO public."COMBUSTIVEL" ("Nome")
VALUES ('DIESEL S10')
ON CONFLICT ("Nome") DO NOTHING;


INSERT INTO public."PRECO_COLETADO" ("Preco", "UnidadeMedida", "DataColeta", "PostoCNPJ", "CombustivelID")
VALUES (7.170, 'R$ / litro', '2022-08-03', '4763356000138',
        (SELECT "ID_Combustivel" FROM public."COMBUSTIVEL" WHERE "Nome" = 'DIESEL S10'))
ON CONFLICT DO NOTHING;


INSERT INTO public."PRECO_COLETADO" ("Preco", "UnidadeMedida", "DataColeta", "PostoCNPJ", "CombustivelID")
VALUES (7.150, 'R$ / litro', '2022-08-08', '4763356000138',
        (SELECT "ID_Combustivel" FROM public."COMBUSTIVEL" WHERE "Nome" = 'DIESEL S10'))
ON CONFLICT DO NOTHING;


INSERT INTO public."PRECO_COLETADO" ("Preco", "UnidadeMedida", "DataColeta", "PostoCNPJ", "CombustivelID")
VALUES (6.970, 'R$ / litro', '2022-08-15', '4763356000138',
        (SELECT "ID_Combustivel" FROM public."COMBUSTIVEL" WHERE "Nome" = 'DIESEL S10'))
ON CONFLICT DO NOTHING;


INSERT INTO public."PRECO_COLETADO" ("Preco", "UnidadeMedida", "DataColeta", "PostoCNPJ", "CombustivelID")
VALUES (6.590, 'R$ / litro', '2022-09-01', '4763356000138',
        (SELECT "ID_Combustivel" FROM public."COMBUSTIVEL" WHERE "Nome" = 'DIESEL S10'))
ON CONFLICT DO NOTHING;


INSERT INTO public."PRECO_COLETADO" ("Preco", "UnidadeMedida", "DataColeta", "PostoCNPJ", "CombustivelID")
VALUES (6.590, 'R$ / litro', '2022-09-08', '4763356000138',
        (SELECT "ID_Combustivel" FROM public."COMBUSTIVEL" WHERE "Nome" = 'DIESEL S10'))
ON CONFLICT DO NOTHING;


INSERT INTO public."PRECO_COLETADO" ("Preco", "UnidadeMedida", "DataColeta", "PostoCNPJ", "CombustivelID")
VALUES (6.590, 'R$ / litro', '2022-09-12', '4763356000138',
        (SELECT "ID_Combustivel" FROM public."COMBUSTIVEL" WHERE "Nome" = 'DIESEL S10'))
ON CONFLICT DO NOTHING;


INSERT INTO public."PRECO_COLETADO" ("Preco", "UnidadeMedida", "DataColeta", "PostoCNPJ", "CombustivelID")
VALUES (6.270, 'R$ / litro', '2022-10-24', '4763356000138',
        (SELECT "ID_Combustivel" FROM public."COMBUSTIVEL" WHERE "Nome" = 'DIESEL S10'))
ON CONFLICT DO NOTHING;


INSERT INTO public."PRECO_COLETADO" ("Preco", "UnidadeMedida", "DataColeta", "PostoCNPJ", "CombustivelID")
VALUES (6.270, 'R$ / litro', '2022-10-31', '4763356000138',
        (SELECT "ID_Combustivel" FROM public."COMBUSTIVEL" WHERE "Nome" = 'DIESEL S10'))
ON CONFLICT DO NOTHING;


INSERT INTO public."PRECO_COLETADO" ("Preco", "UnidadeMedida", "DataColeta", "PostoCNPJ", "CombustivelID")
VALUES (6.250, 'R$ / litro', '2022-11-14', '4763356000138',
        (SELECT "ID_Combustivel" FROM public."COMBUSTIVEL" WHERE "Nome" = 'DIESEL S10'))
ON CONFLICT DO NOTHING;


INSERT INTO public."PRECO_COLETADO" ("Preco", "UnidadeMedida", "DataColeta", "PostoCNPJ", "CombustivelID")
VALUES (6.250, 'R$ / litro', '2022-11-22', '4763356000138',
        (SELECT "ID_Combustivel" FROM public."COMBUSTIVEL" WHERE "Nome" = 'DIESEL S10'))
ON CONFLICT DO NOTHING;


INSERT INTO public."PRECO_COLETADO" ("Preco", "UnidadeMedida", "DataColeta", "PostoCNPJ", "CombustivelID")
VALUES (6.220, 'R$ / litro', '2022-12-05', '4763356000138',
        (SELECT "ID_Combustivel" FROM public."COMBUSTIVEL" WHERE "Nome" = 'DIESEL S10'))
ON CONFLICT DO NOTHING;


INSERT INTO public."PRECO_COLETADO" ("Preco", "UnidadeMedida", "DataColeta", "PostoCNPJ", "CombustivelID")
VALUES (6.220, 'R$ / litro', '2022-12-12', '4763356000138',
        (SELECT "ID_Combustivel" FROM public."COMBUSTIVEL" WHERE "Nome" = 'DIESEL S10'))
ON CONFLICT DO NOTHING;


INSERT INTO public."PRECO_COLETADO" ("Preco", "UnidadeMedida", "DataColeta", "PostoCNPJ", "CombustivelID")
VALUES (5.990, 'R$ / litro', '2022-12-22', '4763356000138',
        (SELECT "ID_Combustivel" FROM public."COMBUSTIVEL" WHERE "Nome" = 'DIESEL S10'))
ON CONFLICT DO NOTHING;


INSERT INTO public."PRECO_COLETADO" ("Preco", "UnidadeMedida", "DataColeta", "PostoCNPJ", "CombustivelID")
VALUES (5.990, 'R$ / litro', '2022-12-26', '4763356000138',
        (SELECT "ID_Combustivel" FROM public."COMBUSTIVEL" WHERE "Nome" = 'DIESEL S10'))
ON CONFLICT DO NOTHING;


INSERT INTO public."PRECO_COLETADO" ("Preco", "UnidadeMedida", "DataColeta", "PostoCNPJ", "CombustivelID")
VALUES (5.990, 'R$ / litro', '2023-01-03', '4763356000138',
        (SELECT "ID_Combustivel" FROM public."COMBUSTIVEL" WHERE "Nome" = 'DIESEL S10'))
ON CONFLICT DO NOTHING;


INSERT INTO public."PRECO_COLETADO" ("Preco", "UnidadeMedida", "DataColeta", "PostoCNPJ", "CombustivelID")
VALUES (5.940, 'R$ / litro', '2023-01-09', '4763356000138',
        (SELECT "ID_Combustivel" FROM public."COMBUSTIVEL" WHERE "Nome" = 'DIESEL S10'))
ON CONFLICT DO NOTHING;


INSERT INTO public."PRECO_COLETADO" ("Preco", "UnidadeMedida", "DataColeta", "PostoCNPJ", "CombustivelID")
VALUES (5.970, 'R$ / litro', '2023-01-16', '4763356000138',
        (SELECT "ID_Combustivel" FROM public."COMBUSTIVEL" WHERE "Nome" = 'DIESEL S10'))
ON CONFLICT DO NOTHING;


INSERT INTO public."PRECO_COLETADO" ("Preco", "UnidadeMedida", "DataColeta", "PostoCNPJ", "CombustivelID")
VALUES (5.970, 'R$ / litro', '2023-01-23', '4763356000138',
        (SELECT "ID_Combustivel" FROM public."COMBUSTIVEL" WHERE "Nome" = 'DIESEL S10'))
ON CONFLICT DO NOTHING;


INSERT INTO public."PRECO_COLETADO" ("Preco", "UnidadeMedida", "DataColeta", "PostoCNPJ", "CombustivelID")
VALUES (5.970, 'R$ / litro', '2023-01-30', '4763356000138',
        (SELECT "ID_Combustivel" FROM public."COMBUSTIVEL" WHERE "Nome" = 'DIESEL S10'))
ON CONFLICT DO NOTHING;


INSERT INTO public."PRECO_COLETADO" ("Preco", "UnidadeMedida", "DataColeta", "PostoCNPJ", "CombustivelID")
VALUES (5.950, 'R$ / litro', '2023-02-06', '4763356000138',
        (SELECT "ID_Combustivel" FROM public."COMBUSTIVEL" WHERE "Nome" = 'DIESEL S10'))
ON CONFLICT DO NOTHING;


INSERT INTO public."PRECO_COLETADO" ("Preco", "UnidadeMedida", "DataColeta", "PostoCNPJ", "CombustivelID")
VALUES (5.920, 'R$ / litro', '2023-02-13', '4763356000138',
        (SELECT "ID_Combustivel" FROM public."COMBUSTIVEL" WHERE "Nome" = 'DIESEL S10'))
ON CONFLICT DO NOTHING;


INSERT INTO public."PRECO_COLETADO" ("Preco", "UnidadeMedida", "DataColeta", "PostoCNPJ", "CombustivelID")
VALUES (5.670, 'R$ / litro', '2023-02-27', '4763356000138',
        (SELECT "ID_Combustivel" FROM public."COMBUSTIVEL" WHERE "Nome" = 'DIESEL S10'))
ON CONFLICT DO NOTHING;


INSERT INTO public."PRECO_COLETADO" ("Preco", "UnidadeMedida", "DataColeta", "PostoCNPJ", "CombustivelID")
VALUES (5.670, 'R$ / litro', '2023-03-06', '4763356000138',
        (SELECT "ID_Combustivel" FROM public."COMBUSTIVEL" WHERE "Nome" = 'DIESEL S10'))
ON CONFLICT DO NOTHING;


INSERT INTO public."PRECO_COLETADO" ("Preco", "UnidadeMedida", "DataColeta", "PostoCNPJ", "CombustivelID")
VALUES (5.670, 'R$ / litro', '2023-03-16', '4763356000138',
        (SELECT "ID_Combustivel" FROM public."COMBUSTIVEL" WHERE "Nome" = 'DIESEL S10'))
ON CONFLICT DO NOTHING;


INSERT INTO public."PRECO_COLETADO" ("Preco", "UnidadeMedida", "DataColeta", "PostoCNPJ", "CombustivelID")
VALUES (5.570, 'R$ / litro', '2023-03-27', '4763356000138',
        (SELECT "ID_Combustivel" FROM public."COMBUSTIVEL" WHERE "Nome" = 'DIESEL S10'))
ON CONFLICT DO NOTHING;


INSERT INTO public."PRECO_COLETADO" ("Preco", "UnidadeMedida", "DataColeta", "PostoCNPJ", "CombustivelID")
VALUES (5.490, 'R$ / litro', '2023-04-04', '4763356000138',
        (SELECT "ID_Combustivel" FROM public."COMBUSTIVEL" WHERE "Nome" = 'DIESEL S10'))
ON CONFLICT DO NOTHING;


INSERT INTO public."PRECO_COLETADO" ("Preco", "UnidadeMedida", "DataColeta", "PostoCNPJ", "CombustivelID")
VALUES (5.490, 'R$ / litro', '2023-04-17', '4763356000138',
        (SELECT "ID_Combustivel" FROM public."COMBUSTIVEL" WHERE "Nome" = 'DIESEL S10'))
ON CONFLICT DO NOTHING;


INSERT INTO public."PRECO_COLETADO" ("Preco", "UnidadeMedida", "DataColeta", "PostoCNPJ", "CombustivelID")
VALUES (5.490, 'R$ / litro', '2023-04-24', '4763356000138',
        (SELECT "ID_Combustivel" FROM public."COMBUSTIVEL" WHERE "Nome" = 'DIESEL S10'))
ON CONFLICT DO NOTHING;


INSERT INTO public."PRECO_COLETADO" ("Preco", "UnidadeMedida", "DataColeta", "PostoCNPJ", "CombustivelID")
VALUES (5.490, 'R$ / litro', '2023-05-03', '4763356000138',
        (SELECT "ID_Combustivel" FROM public."COMBUSTIVEL" WHERE "Nome" = 'DIESEL S10'))
ON CONFLICT DO NOTHING;


INSERT INTO public."PRECO_COLETADO" ("Preco", "UnidadeMedida", "DataColeta", "PostoCNPJ", "CombustivelID")
VALUES (5.490, 'R$ / litro', '2023-05-09', '4763356000138',
        (SELECT "ID_Combustivel" FROM public."COMBUSTIVEL" WHERE "Nome" = 'DIESEL S10'))
ON CONFLICT DO NOTHING;


INSERT INTO public."PRECO_COLETADO" ("Preco", "UnidadeMedida", "DataColeta", "PostoCNPJ", "CombustivelID")
VALUES (5.490, 'R$ / litro', '2023-05-15', '4763356000138',
        (SELECT "ID_Combustivel" FROM public."COMBUSTIVEL" WHERE "Nome" = 'DIESEL S10'))
ON CONFLICT DO NOTHING;


INSERT INTO public."PRECO_COLETADO" ("Preco", "UnidadeMedida", "DataColeta", "PostoCNPJ", "CombustivelID")
VALUES (5.490, 'R$ / litro', '2023-05-22', '4763356000138',
        (SELECT "ID_Combustivel" FROM public."COMBUSTIVEL" WHERE "Nome" = 'DIESEL S10'))
ON CONFLICT DO NOTHING;


INSERT INTO public."PRECO_COLETADO" ("Preco", "UnidadeMedida", "DataColeta", "PostoCNPJ", "CombustivelID")
VALUES (4.970, 'R$ / litro', '2023-05-29', '4763356000138',
        (SELECT "ID_Combustivel" FROM public."COMBUSTIVEL" WHERE "Nome" = 'DIESEL S10'))
ON CONFLICT DO NOTHING;


INSERT INTO public."PRECO_COLETADO" ("Preco", "UnidadeMedida", "DataColeta", "PostoCNPJ", "CombustivelID")
VALUES (4.970, 'R$ / litro', '2023-06-05', '4763356000138',
        (SELECT "ID_Combustivel" FROM public."COMBUSTIVEL" WHERE "Nome" = 'DIESEL S10'))
ON CONFLICT DO NOTHING;


INSERT INTO public."PRECO_COLETADO" ("Preco", "UnidadeMedida", "DataColeta", "PostoCNPJ", "CombustivelID")
VALUES (4.970, 'R$ / litro', '2023-06-13', '4763356000138',
        (SELECT "ID_Combustivel" FROM public."COMBUSTIVEL" WHERE "Nome" = 'DIESEL S10'))
ON CONFLICT DO NOTHING;


INSERT INTO public."PRECO_COLETADO" ("Preco", "UnidadeMedida", "DataColeta", "PostoCNPJ", "CombustivelID")
VALUES (4.970, 'R$ / litro', '2023-06-20', '4763356000138',
        (SELECT "ID_Combustivel" FROM public."COMBUSTIVEL" WHERE "Nome" = 'DIESEL S10'))
ON CONFLICT DO NOTHING;


INSERT INTO public."PRECO_COLETADO" ("Preco", "UnidadeMedida", "DataColeta", "PostoCNPJ", "CombustivelID")
VALUES (4.890, 'R$ / litro', '2023-06-27', '4763356000138',
        (SELECT "ID_Combustivel" FROM public."COMBUSTIVEL" WHERE "Nome" = 'DIESEL S10'))
ON CONFLICT DO NOTHING;


INSERT INTO public."PRECO_COLETADO" ("Preco", "UnidadeMedida", "DataColeta", "PostoCNPJ", "CombustivelID")
VALUES (4.890, 'R$ / litro', '2023-07-04', '4763356000138',
        (SELECT "ID_Combustivel" FROM public."COMBUSTIVEL" WHERE "Nome" = 'DIESEL S10'))
ON CONFLICT DO NOTHING;


INSERT INTO public."PRECO_COLETADO" ("Preco", "UnidadeMedida", "DataColeta", "PostoCNPJ", "CombustivelID")
VALUES (4.890, 'R$ / litro', '2023-07-10', '4763356000138',
        (SELECT "ID_Combustivel" FROM public."COMBUSTIVEL" WHERE "Nome" = 'DIESEL S10'))
ON CONFLICT DO NOTHING;


INSERT INTO public."PRECO_COLETADO" ("Preco", "UnidadeMedida", "DataColeta", "PostoCNPJ", "CombustivelID")
VALUES (4.740, 'R$ / litro', '2023-07-31', '4763356000138',
        (SELECT "ID_Combustivel" FROM public."COMBUSTIVEL" WHERE "Nome" = 'DIESEL S10'))
ON CONFLICT DO NOTHING;


INSERT INTO public."PRECO_COLETADO" ("Preco", "UnidadeMedida", "DataColeta", "PostoCNPJ", "CombustivelID")
VALUES (4.890, 'R$ / litro', '2023-08-15', '4763356000138',
        (SELECT "ID_Combustivel" FROM public."COMBUSTIVEL" WHERE "Nome" = 'DIESEL S10'))
ON CONFLICT DO NOTHING;


INSERT INTO public."PRECO_COLETADO" ("Preco", "UnidadeMedida", "DataColeta", "PostoCNPJ", "CombustivelID")
VALUES (5.570, 'R$ / litro', '2023-08-21', '4763356000138',
        (SELECT "ID_Combustivel" FROM public."COMBUSTIVEL" WHERE "Nome" = 'DIESEL S10'))
ON CONFLICT DO NOTHING;


INSERT INTO public."PRECO_COLETADO" ("Preco", "UnidadeMedida", "DataColeta", "PostoCNPJ", "CombustivelID")
VALUES (5.690, 'R$ / litro', '2023-08-30', '4763356000138',
        (SELECT "ID_Combustivel" FROM public."COMBUSTIVEL" WHERE "Nome" = 'DIESEL S10'))
ON CONFLICT DO NOTHING;


INSERT INTO public."PRECO_COLETADO" ("Preco", "UnidadeMedida", "DataColeta", "PostoCNPJ", "CombustivelID")
VALUES (5.790, 'R$ / litro', '2023-09-07', '4763356000138',
        (SELECT "ID_Combustivel" FROM public."COMBUSTIVEL" WHERE "Nome" = 'DIESEL S10'))
ON CONFLICT DO NOTHING;


INSERT INTO public."COMBUSTIVEL" ("Nome")
VALUES ('DIESEL S500')
ON CONFLICT ("Nome") DO NOTHING;


INSERT INTO public."PRECO_COLETADO" ("Preco", "UnidadeMedida", "DataColeta", "PostoCNPJ", "CombustivelID")
VALUES (7.090, 'R$ / litro', '2022-08-03', '4763356000138',
        (SELECT "ID_Combustivel" FROM public."COMBUSTIVEL" WHERE "Nome" = 'DIESEL S500'))
ON CONFLICT DO NOTHING;


INSERT INTO public."PRECO_COLETADO" ("Preco", "UnidadeMedida", "DataColeta", "PostoCNPJ", "CombustivelID")
VALUES (7.090, 'R$ / litro', '2022-08-08', '4763356000138',
        (SELECT "ID_Combustivel" FROM public."COMBUSTIVEL" WHERE "Nome" = 'DIESEL S500'))
ON CONFLICT DO NOTHING;


INSERT INTO public."PRECO_COLETADO" ("Preco", "UnidadeMedida", "DataColeta", "PostoCNPJ", "CombustivelID")
VALUES (6.930, 'R$ / litro', '2022-08-15', '4763356000138',
        (SELECT "ID_Combustivel" FROM public."COMBUSTIVEL" WHERE "Nome" = 'DIESEL S500'))
ON CONFLICT DO NOTHING;


INSERT INTO public."PRECO_COLETADO" ("Preco", "UnidadeMedida", "DataColeta", "PostoCNPJ", "CombustivelID")
VALUES (6.490, 'R$ / litro', '2022-09-01', '4763356000138',
        (SELECT "ID_Combustivel" FROM public."COMBUSTIVEL" WHERE "Nome" = 'DIESEL S500'))
ON CONFLICT DO NOTHING;


INSERT INTO public."PRECO_COLETADO" ("Preco", "UnidadeMedida", "DataColeta", "PostoCNPJ", "CombustivelID")
VALUES (6.490, 'R$ / litro', '2022-09-08', '4763356000138',
        (SELECT "ID_Combustivel" FROM public."COMBUSTIVEL" WHERE "Nome" = 'DIESEL S500'))
ON CONFLICT DO NOTHING;


INSERT INTO public."PRECO_COLETADO" ("Preco", "UnidadeMedida", "DataColeta", "PostoCNPJ", "CombustivelID")
VALUES (6.490, 'R$ / litro', '2022-09-12', '4763356000138',
        (SELECT "ID_Combustivel" FROM public."COMBUSTIVEL" WHERE "Nome" = 'DIESEL S500'))
ON CONFLICT DO NOTHING;


INSERT INTO public."PRECO_COLETADO" ("Preco", "UnidadeMedida", "DataColeta", "PostoCNPJ", "CombustivelID")
VALUES (6.190, 'R$ / litro', '2022-10-24', '4763356000138',
        (SELECT "ID_Combustivel" FROM public."COMBUSTIVEL" WHERE "Nome" = 'DIESEL S500'))
ON CONFLICT DO NOTHING;


INSERT INTO public."PRECO_COLETADO" ("Preco", "UnidadeMedida", "DataColeta", "PostoCNPJ", "CombustivelID")
VALUES (6.190, 'R$ / litro', '2022-10-31', '4763356000138',
        (SELECT "ID_Combustivel" FROM public."COMBUSTIVEL" WHERE "Nome" = 'DIESEL S500'))
ON CONFLICT DO NOTHING;


INSERT INTO public."PRECO_COLETADO" ("Preco", "UnidadeMedida", "DataColeta", "PostoCNPJ", "CombustivelID")
VALUES (6.190, 'R$ / litro', '2022-11-14', '4763356000138',
        (SELECT "ID_Combustivel" FROM public."COMBUSTIVEL" WHERE "Nome" = 'DIESEL S500'))
ON CONFLICT DO NOTHING;


INSERT INTO public."PRECO_COLETADO" ("Preco", "UnidadeMedida", "DataColeta", "PostoCNPJ", "CombustivelID")
VALUES (6.180, 'R$ / litro', '2022-11-22', '4763356000138',
        (SELECT "ID_Combustivel" FROM public."COMBUSTIVEL" WHERE "Nome" = 'DIESEL S500'))
ON CONFLICT DO NOTHING;


INSERT INTO public."PRECO_COLETADO" ("Preco", "UnidadeMedida", "DataColeta", "PostoCNPJ", "CombustivelID")
VALUES (6.150, 'R$ / litro', '2022-12-05', '4763356000138',
        (SELECT "ID_Combustivel" FROM public."COMBUSTIVEL" WHERE "Nome" = 'DIESEL S500'))
ON CONFLICT DO NOTHING;


INSERT INTO public."PRECO_COLETADO" ("Preco", "UnidadeMedida", "DataColeta", "PostoCNPJ", "CombustivelID")
VALUES (6.150, 'R$ / litro', '2022-12-12', '4763356000138',
        (SELECT "ID_Combustivel" FROM public."COMBUSTIVEL" WHERE "Nome" = 'DIESEL S500'))
ON CONFLICT DO NOTHING;


INSERT INTO public."PRECO_COLETADO" ("Preco", "UnidadeMedida", "DataColeta", "PostoCNPJ", "CombustivelID")
VALUES (5.920, 'R$ / litro', '2022-12-22', '4763356000138',
        (SELECT "ID_Combustivel" FROM public."COMBUSTIVEL" WHERE "Nome" = 'DIESEL S500'))
ON CONFLICT DO NOTHING;


INSERT INTO public."PRECO_COLETADO" ("Preco", "UnidadeMedida", "DataColeta", "PostoCNPJ", "CombustivelID")
VALUES (5.920, 'R$ / litro', '2022-12-26', '4763356000138',
        (SELECT "ID_Combustivel" FROM public."COMBUSTIVEL" WHERE "Nome" = 'DIESEL S500'))
ON CONFLICT DO NOTHING;


INSERT INTO public."PRECO_COLETADO" ("Preco", "UnidadeMedida", "DataColeta", "PostoCNPJ", "CombustivelID")
VALUES (5.920, 'R$ / litro', '2023-01-03', '4763356000138',
        (SELECT "ID_Combustivel" FROM public."COMBUSTIVEL" WHERE "Nome" = 'DIESEL S500'))
ON CONFLICT DO NOTHING;


INSERT INTO public."PRECO_COLETADO" ("Preco", "UnidadeMedida", "DataColeta", "PostoCNPJ", "CombustivelID")
VALUES (5.870, 'R$ / litro', '2023-01-09', '4763356000138',
        (SELECT "ID_Combustivel" FROM public."COMBUSTIVEL" WHERE "Nome" = 'DIESEL S500'))
ON CONFLICT DO NOTHING;


INSERT INTO public."PRECO_COLETADO" ("Preco", "UnidadeMedida", "DataColeta", "PostoCNPJ", "CombustivelID")
VALUES (5.890, 'R$ / litro', '2023-01-16', '4763356000138',
        (SELECT "ID_Combustivel" FROM public."COMBUSTIVEL" WHERE "Nome" = 'DIESEL S500'))
ON CONFLICT DO NOTHING;


INSERT INTO public."PRECO_COLETADO" ("Preco", "UnidadeMedida", "DataColeta", "PostoCNPJ", "CombustivelID")
VALUES (5.890, 'R$ / litro', '2023-01-23', '4763356000138',
        (SELECT "ID_Combustivel" FROM public."COMBUSTIVEL" WHERE "Nome" = 'DIESEL S500'))
ON CONFLICT DO NOTHING;


INSERT INTO public."PRECO_COLETADO" ("Preco", "UnidadeMedida", "DataColeta", "PostoCNPJ", "CombustivelID")
VALUES (5.890, 'R$ / litro', '2023-01-30', '4763356000138',
        (SELECT "ID_Combustivel" FROM public."COMBUSTIVEL" WHERE "Nome" = 'DIESEL S500'))
ON CONFLICT DO NOTHING;


INSERT INTO public."PRECO_COLETADO" ("Preco", "UnidadeMedida", "DataColeta", "PostoCNPJ", "CombustivelID")
VALUES (5.890, 'R$ / litro', '2023-02-06', '4763356000138',
        (SELECT "ID_Combustivel" FROM public."COMBUSTIVEL" WHERE "Nome" = 'DIESEL S500'))
ON CONFLICT DO NOTHING;


INSERT INTO public."PRECO_COLETADO" ("Preco", "UnidadeMedida", "DataColeta", "PostoCNPJ", "CombustivelID")
VALUES (5.720, 'R$ / litro', '2023-02-13', '4763356000138',
        (SELECT "ID_Combustivel" FROM public."COMBUSTIVEL" WHERE "Nome" = 'DIESEL S500'))
ON CONFLICT DO NOTHING;


INSERT INTO public."PRECO_COLETADO" ("Preco", "UnidadeMedida", "DataColeta", "PostoCNPJ", "CombustivelID")
VALUES (5.590, 'R$ / litro', '2023-02-27', '4763356000138',
        (SELECT "ID_Combustivel" FROM public."COMBUSTIVEL" WHERE "Nome" = 'DIESEL S500'))
ON CONFLICT DO NOTHING;


INSERT INTO public."PRECO_COLETADO" ("Preco", "UnidadeMedida", "DataColeta", "PostoCNPJ", "CombustivelID")
VALUES (5.590, 'R$ / litro', '2023-03-06', '4763356000138',
        (SELECT "ID_Combustivel" FROM public."COMBUSTIVEL" WHERE "Nome" = 'DIESEL S500'))
ON CONFLICT DO NOTHING;


INSERT INTO public."PRECO_COLETADO" ("Preco", "UnidadeMedida", "DataColeta", "PostoCNPJ", "CombustivelID")
VALUES (5.590, 'R$ / litro', '2023-03-16', '4763356000138',
        (SELECT "ID_Combustivel" FROM public."COMBUSTIVEL" WHERE "Nome" = 'DIESEL S500'))
ON CONFLICT DO NOTHING;


INSERT INTO public."PRECO_COLETADO" ("Preco", "UnidadeMedida", "DataColeta", "PostoCNPJ", "CombustivelID")
VALUES (5.470, 'R$ / litro', '2023-03-27', '4763356000138',
        (SELECT "ID_Combustivel" FROM public."COMBUSTIVEL" WHERE "Nome" = 'DIESEL S500'))
ON CONFLICT DO NOTHING;


INSERT INTO public."PRECO_COLETADO" ("Preco", "UnidadeMedida", "DataColeta", "PostoCNPJ", "CombustivelID")
VALUES (5.470, 'R$ / litro', '2023-04-04', '4763356000138',
        (SELECT "ID_Combustivel" FROM public."COMBUSTIVEL" WHERE "Nome" = 'DIESEL S500'))
ON CONFLICT DO NOTHING;


INSERT INTO public."PRECO_COLETADO" ("Preco", "UnidadeMedida", "DataColeta", "PostoCNPJ", "CombustivelID")
VALUES (5.440, 'R$ / litro', '2023-04-17', '4763356000138',
        (SELECT "ID_Combustivel" FROM public."COMBUSTIVEL" WHERE "Nome" = 'DIESEL S500'))
ON CONFLICT DO NOTHING;


INSERT INTO public."PRECO_COLETADO" ("Preco", "UnidadeMedida", "DataColeta", "PostoCNPJ", "CombustivelID")
VALUES (5.440, 'R$ / litro', '2023-04-24', '4763356000138',
        (SELECT "ID_Combustivel" FROM public."COMBUSTIVEL" WHERE "Nome" = 'DIESEL S500'))
ON CONFLICT DO NOTHING;


INSERT INTO public."PRECO_COLETADO" ("Preco", "UnidadeMedida", "DataColeta", "PostoCNPJ", "CombustivelID")
VALUES (5.440, 'R$ / litro', '2023-05-03', '4763356000138',
        (SELECT "ID_Combustivel" FROM public."COMBUSTIVEL" WHERE "Nome" = 'DIESEL S500'))
ON CONFLICT DO NOTHING;


INSERT INTO public."PRECO_COLETADO" ("Preco", "UnidadeMedida", "DataColeta", "PostoCNPJ", "CombustivelID")
VALUES (5.440, 'R$ / litro', '2023-05-09', '4763356000138',
        (SELECT "ID_Combustivel" FROM public."COMBUSTIVEL" WHERE "Nome" = 'DIESEL S500'))
ON CONFLICT DO NOTHING;


INSERT INTO public."PRECO_COLETADO" ("Preco", "UnidadeMedida", "DataColeta", "PostoCNPJ", "CombustivelID")
VALUES (5.440, 'R$ / litro', '2023-05-15', '4763356000138',
        (SELECT "ID_Combustivel" FROM public."COMBUSTIVEL" WHERE "Nome" = 'DIESEL S500'))
ON CONFLICT DO NOTHING;


INSERT INTO public."PRECO_COLETADO" ("Preco", "UnidadeMedida", "DataColeta", "PostoCNPJ", "CombustivelID")
VALUES (5.440, 'R$ / litro', '2023-05-22', '4763356000138',
        (SELECT "ID_Combustivel" FROM public."COMBUSTIVEL" WHERE "Nome" = 'DIESEL S500'))
ON CONFLICT DO NOTHING;


INSERT INTO public."PRECO_COLETADO" ("Preco", "UnidadeMedida", "DataColeta", "PostoCNPJ", "CombustivelID")
VALUES (4.920, 'R$ / litro', '2023-05-29', '4763356000138',
        (SELECT "ID_Combustivel" FROM public."COMBUSTIVEL" WHERE "Nome" = 'DIESEL S500'))
ON CONFLICT DO NOTHING;


INSERT INTO public."PRECO_COLETADO" ("Preco", "UnidadeMedida", "DataColeta", "PostoCNPJ", "CombustivelID")
VALUES (4.920, 'R$ / litro', '2023-06-05', '4763356000138',
        (SELECT "ID_Combustivel" FROM public."COMBUSTIVEL" WHERE "Nome" = 'DIESEL S500'))
ON CONFLICT DO NOTHING;


INSERT INTO public."PRECO_COLETADO" ("Preco", "UnidadeMedida", "DataColeta", "PostoCNPJ", "CombustivelID")
VALUES (4.920, 'R$ / litro', '2023-06-13', '4763356000138',
        (SELECT "ID_Combustivel" FROM public."COMBUSTIVEL" WHERE "Nome" = 'DIESEL S500'))
ON CONFLICT DO NOTHING;


INSERT INTO public."PRECO_COLETADO" ("Preco", "UnidadeMedida", "DataColeta", "PostoCNPJ", "CombustivelID")
VALUES (4.920, 'R$ / litro', '2023-06-20', '4763356000138',
        (SELECT "ID_Combustivel" FROM public."COMBUSTIVEL" WHERE "Nome" = 'DIESEL S500'))
ON CONFLICT DO NOTHING;


INSERT INTO public."PRECO_COLETADO" ("Preco", "UnidadeMedida", "DataColeta", "PostoCNPJ", "CombustivelID")
VALUES (4.820, 'R$ / litro', '2023-06-27', '4763356000138',
        (SELECT "ID_Combustivel" FROM public."COMBUSTIVEL" WHERE "Nome" = 'DIESEL S500'))
ON CONFLICT DO NOTHING;


INSERT INTO public."PRECO_COLETADO" ("Preco", "UnidadeMedida", "DataColeta", "PostoCNPJ", "CombustivelID")
VALUES (4.820, 'R$ / litro', '2023-07-04', '4763356000138',
        (SELECT "ID_Combustivel" FROM public."COMBUSTIVEL" WHERE "Nome" = 'DIESEL S500'))
ON CONFLICT DO NOTHING;


INSERT INTO public."PRECO_COLETADO" ("Preco", "UnidadeMedida", "DataColeta", "PostoCNPJ", "CombustivelID")
VALUES (4.820, 'R$ / litro', '2023-07-10', '4763356000138',
        (SELECT "ID_Combustivel" FROM public."COMBUSTIVEL" WHERE "Nome" = 'DIESEL S500'))
ON CONFLICT DO NOTHING;


INSERT INTO public."PRECO_COLETADO" ("Preco", "UnidadeMedida", "DataColeta", "PostoCNPJ", "CombustivelID")
VALUES (4.720, 'R$ / litro', '2023-07-24', '4763356000138',
        (SELECT "ID_Combustivel" FROM public."COMBUSTIVEL" WHERE "Nome" = 'DIESEL S500'))
ON CONFLICT DO NOTHING;


INSERT INTO public."PRECO_COLETADO" ("Preco", "UnidadeMedida", "DataColeta", "PostoCNPJ", "CombustivelID")
VALUES (4.690, 'R$ / litro', '2023-07-31', '4763356000138',
        (SELECT "ID_Combustivel" FROM public."COMBUSTIVEL" WHERE "Nome" = 'DIESEL S500'))
ON CONFLICT DO NOTHING;


INSERT INTO public."PRECO_COLETADO" ("Preco", "UnidadeMedida", "DataColeta", "PostoCNPJ", "CombustivelID")
VALUES (4.690, 'R$ / litro', '2023-08-07', '4763356000138',
        (SELECT "ID_Combustivel" FROM public."COMBUSTIVEL" WHERE "Nome" = 'DIESEL S500'))
ON CONFLICT DO NOTHING;


INSERT INTO public."PRECO_COLETADO" ("Preco", "UnidadeMedida", "DataColeta", "PostoCNPJ", "CombustivelID")
VALUES (4.820, 'R$ / litro', '2023-08-15', '4763356000138',
        (SELECT "ID_Combustivel" FROM public."COMBUSTIVEL" WHERE "Nome" = 'DIESEL S500'))
ON CONFLICT DO NOTHING;


INSERT INTO public."PRECO_COLETADO" ("Preco", "UnidadeMedida", "DataColeta", "PostoCNPJ", "CombustivelID")
VALUES (5.470, 'R$ / litro', '2023-08-21', '4763356000138',
        (SELECT "ID_Combustivel" FROM public."COMBUSTIVEL" WHERE "Nome" = 'DIESEL S500'))
ON CONFLICT DO NOTHING;


INSERT INTO public."PRECO_COLETADO" ("Preco", "UnidadeMedida", "DataColeta", "PostoCNPJ", "CombustivelID")
VALUES (5.630, 'R$ / litro', '2023-08-30', '4763356000138',
        (SELECT "ID_Combustivel" FROM public."COMBUSTIVEL" WHERE "Nome" = 'DIESEL S500'))
ON CONFLICT DO NOTHING;


INSERT INTO public."PRECO_COLETADO" ("Preco", "UnidadeMedida", "DataColeta", "PostoCNPJ", "CombustivelID")
VALUES (5.720, 'R$ / litro', '2023-09-07', '4763356000138',
        (SELECT "ID_Combustivel" FROM public."COMBUSTIVEL" WHERE "Nome" = 'DIESEL S500'))
ON CONFLICT DO NOTHING;


INSERT INTO public."COMBUSTIVEL" ("Nome")
VALUES ('GASOLINA ADITIVADA')
ON CONFLICT ("Nome") DO NOTHING;


INSERT INTO public."PRECO_COLETADO" ("Preco", "UnidadeMedida", "DataColeta", "PostoCNPJ", "CombustivelID")
VALUES (5.630, 'R$ / litro', '2022-08-03', '4763356000138',
        (SELECT "ID_Combustivel" FROM public."COMBUSTIVEL" WHERE "Nome" = 'GASOLINA ADITIVADA'))
ON CONFLICT DO NOTHING;


INSERT INTO public."PRECO_COLETADO" ("Preco", "UnidadeMedida", "DataColeta", "PostoCNPJ", "CombustivelID")
VALUES (5.550, 'R$ / litro', '2022-08-08', '4763356000138',
        (SELECT "ID_Combustivel" FROM public."COMBUSTIVEL" WHERE "Nome" = 'GASOLINA ADITIVADA'))
ON CONFLICT DO NOTHING;


INSERT INTO public."PRECO_COLETADO" ("Preco", "UnidadeMedida", "DataColeta", "PostoCNPJ", "CombustivelID")
VALUES (5.450, 'R$ / litro', '2022-08-15', '4763356000138',
        (SELECT "ID_Combustivel" FROM public."COMBUSTIVEL" WHERE "Nome" = 'GASOLINA ADITIVADA'))
ON CONFLICT DO NOTHING;


INSERT INTO public."PRECO_COLETADO" ("Preco", "UnidadeMedida", "DataColeta", "PostoCNPJ", "CombustivelID")
VALUES (5.220, 'R$ / litro', '2022-09-01', '4763356000138',
        (SELECT "ID_Combustivel" FROM public."COMBUSTIVEL" WHERE "Nome" = 'GASOLINA ADITIVADA'))
ON CONFLICT DO NOTHING;


INSERT INTO public."PRECO_COLETADO" ("Preco", "UnidadeMedida", "DataColeta", "PostoCNPJ", "CombustivelID")
VALUES (5.010, 'R$ / litro', '2022-09-08', '4763356000138',
        (SELECT "ID_Combustivel" FROM public."COMBUSTIVEL" WHERE "Nome" = 'GASOLINA ADITIVADA'))
ON CONFLICT DO NOTHING;


INSERT INTO public."PRECO_COLETADO" ("Preco", "UnidadeMedida", "DataColeta", "PostoCNPJ", "CombustivelID")
VALUES (5.010, 'R$ / litro', '2022-09-12', '4763356000138',
        (SELECT "ID_Combustivel" FROM public."COMBUSTIVEL" WHERE "Nome" = 'GASOLINA ADITIVADA'))
ON CONFLICT DO NOTHING;


INSERT INTO public."PRECO_COLETADO" ("Preco", "UnidadeMedida", "DataColeta", "PostoCNPJ", "CombustivelID")
VALUES (4.750, 'R$ / litro', '2022-10-24', '4763356000138',
        (SELECT "ID_Combustivel" FROM public."COMBUSTIVEL" WHERE "Nome" = 'GASOLINA ADITIVADA'))
ON CONFLICT DO NOTHING;


INSERT INTO public."PRECO_COLETADO" ("Preco", "UnidadeMedida", "DataColeta", "PostoCNPJ", "CombustivelID")
VALUES (4.750, 'R$ / litro', '2022-10-31', '4763356000138',
        (SELECT "ID_Combustivel" FROM public."COMBUSTIVEL" WHERE "Nome" = 'GASOLINA ADITIVADA'))
ON CONFLICT DO NOTHING;


INSERT INTO public."PRECO_COLETADO" ("Preco", "UnidadeMedida", "DataColeta", "PostoCNPJ", "CombustivelID")
VALUES (5.030, 'R$ / litro', '2022-11-14', '4763356000138',
        (SELECT "ID_Combustivel" FROM public."COMBUSTIVEL" WHERE "Nome" = 'GASOLINA ADITIVADA'))
ON CONFLICT DO NOTHING;


INSERT INTO public."PRECO_COLETADO" ("Preco", "UnidadeMedida", "DataColeta", "PostoCNPJ", "CombustivelID")
VALUES (5.030, 'R$ / litro', '2022-11-22', '4763356000138',
        (SELECT "ID_Combustivel" FROM public."COMBUSTIVEL" WHERE "Nome" = 'GASOLINA ADITIVADA'))
ON CONFLICT DO NOTHING;


INSERT INTO public."PRECO_COLETADO" ("Preco", "UnidadeMedida", "DataColeta", "PostoCNPJ", "CombustivelID")
VALUES (5.030, 'R$ / litro', '2022-12-05', '4763356000138',
        (SELECT "ID_Combustivel" FROM public."COMBUSTIVEL" WHERE "Nome" = 'GASOLINA ADITIVADA'))
ON CONFLICT DO NOTHING;


INSERT INTO public."PRECO_COLETADO" ("Preco", "UnidadeMedida", "DataColeta", "PostoCNPJ", "CombustivelID")
VALUES (4.990, 'R$ / litro', '2022-12-12', '4763356000138',
        (SELECT "ID_Combustivel" FROM public."COMBUSTIVEL" WHERE "Nome" = 'GASOLINA ADITIVADA'))
ON CONFLICT DO NOTHING;


INSERT INTO public."PRECO_COLETADO" ("Preco", "UnidadeMedida", "DataColeta", "PostoCNPJ", "CombustivelID")
VALUES (4.950, 'R$ / litro', '2022-12-22', '4763356000138',
        (SELECT "ID_Combustivel" FROM public."COMBUSTIVEL" WHERE "Nome" = 'GASOLINA ADITIVADA'))
ON CONFLICT DO NOTHING;


INSERT INTO public."PRECO_COLETADO" ("Preco", "UnidadeMedida", "DataColeta", "PostoCNPJ", "CombustivelID")
VALUES (4.950, 'R$ / litro', '2022-12-26', '4763356000138',
        (SELECT "ID_Combustivel" FROM public."COMBUSTIVEL" WHERE "Nome" = 'GASOLINA ADITIVADA'))
ON CONFLICT DO NOTHING;


INSERT INTO public."PRECO_COLETADO" ("Preco", "UnidadeMedida", "DataColeta", "PostoCNPJ", "CombustivelID")
VALUES (4.950, 'R$ / litro', '2023-01-03', '4763356000138',
        (SELECT "ID_Combustivel" FROM public."COMBUSTIVEL" WHERE "Nome" = 'GASOLINA ADITIVADA'))
ON CONFLICT DO NOTHING;


INSERT INTO public."PRECO_COLETADO" ("Preco", "UnidadeMedida", "DataColeta", "PostoCNPJ", "CombustivelID")
VALUES (4.950, 'R$ / litro', '2023-01-09', '4763356000138',
        (SELECT "ID_Combustivel" FROM public."COMBUSTIVEL" WHERE "Nome" = 'GASOLINA ADITIVADA'))
ON CONFLICT DO NOTHING;


INSERT INTO public."PRECO_COLETADO" ("Preco", "UnidadeMedida", "DataColeta", "PostoCNPJ", "CombustivelID")
VALUES (4.950, 'R$ / litro', '2023-01-16', '4763356000138',
        (SELECT "ID_Combustivel" FROM public."COMBUSTIVEL" WHERE "Nome" = 'GASOLINA ADITIVADA'))
ON CONFLICT DO NOTHING;


INSERT INTO public."PRECO_COLETADO" ("Preco", "UnidadeMedida", "DataColeta", "PostoCNPJ", "CombustivelID")
VALUES (4.890, 'R$ / litro', '2023-01-23', '4763356000138',
        (SELECT "ID_Combustivel" FROM public."COMBUSTIVEL" WHERE "Nome" = 'GASOLINA ADITIVADA'))
ON CONFLICT DO NOTHING;


INSERT INTO public."PRECO_COLETADO" ("Preco", "UnidadeMedida", "DataColeta", "PostoCNPJ", "CombustivelID")
VALUES (5.090, 'R$ / litro', '2023-01-30', '4763356000138',
        (SELECT "ID_Combustivel" FROM public."COMBUSTIVEL" WHERE "Nome" = 'GASOLINA ADITIVADA'))
ON CONFLICT DO NOTHING;


INSERT INTO public."PRECO_COLETADO" ("Preco", "UnidadeMedida", "DataColeta", "PostoCNPJ", "CombustivelID")
VALUES (4.990, 'R$ / litro', '2023-02-06', '4763356000138',
        (SELECT "ID_Combustivel" FROM public."COMBUSTIVEL" WHERE "Nome" = 'GASOLINA ADITIVADA'))
ON CONFLICT DO NOTHING;


INSERT INTO public."PRECO_COLETADO" ("Preco", "UnidadeMedida", "DataColeta", "PostoCNPJ", "CombustivelID")
VALUES (4.990, 'R$ / litro', '2023-02-13', '4763356000138',
        (SELECT "ID_Combustivel" FROM public."COMBUSTIVEL" WHERE "Nome" = 'GASOLINA ADITIVADA'))
ON CONFLICT DO NOTHING;


INSERT INTO public."PRECO_COLETADO" ("Preco", "UnidadeMedida", "DataColeta", "PostoCNPJ", "CombustivelID")
VALUES (5.070, 'R$ / litro', '2023-02-27', '4763356000138',
        (SELECT "ID_Combustivel" FROM public."COMBUSTIVEL" WHERE "Nome" = 'GASOLINA ADITIVADA'))
ON CONFLICT DO NOTHING;


INSERT INTO public."PRECO_COLETADO" ("Preco", "UnidadeMedida", "DataColeta", "PostoCNPJ", "CombustivelID")
VALUES (5.550, 'R$ / litro', '2023-03-06', '4763356000138',
        (SELECT "ID_Combustivel" FROM public."COMBUSTIVEL" WHERE "Nome" = 'GASOLINA ADITIVADA'))
ON CONFLICT DO NOTHING;


INSERT INTO public."PRECO_COLETADO" ("Preco", "UnidadeMedida", "DataColeta", "PostoCNPJ", "CombustivelID")
VALUES (5.520, 'R$ / litro', '2023-03-16', '4763356000138',
        (SELECT "ID_Combustivel" FROM public."COMBUSTIVEL" WHERE "Nome" = 'GASOLINA ADITIVADA'))
ON CONFLICT DO NOTHING;


INSERT INTO public."PRECO_COLETADO" ("Preco", "UnidadeMedida", "DataColeta", "PostoCNPJ", "CombustivelID")
VALUES (5.430, 'R$ / litro', '2023-03-27', '4763356000138',
        (SELECT "ID_Combustivel" FROM public."COMBUSTIVEL" WHERE "Nome" = 'GASOLINA ADITIVADA'))
ON CONFLICT DO NOTHING;


INSERT INTO public."PRECO_COLETADO" ("Preco", "UnidadeMedida", "DataColeta", "PostoCNPJ", "CombustivelID")
VALUES (5.390, 'R$ / litro', '2023-04-04', '4763356000138',
        (SELECT "ID_Combustivel" FROM public."COMBUSTIVEL" WHERE "Nome" = 'GASOLINA ADITIVADA'))
ON CONFLICT DO NOTHING;


INSERT INTO public."PRECO_COLETADO" ("Preco", "UnidadeMedida", "DataColeta", "PostoCNPJ", "CombustivelID")
VALUES (5.390, 'R$ / litro', '2023-04-17', '4763356000138',
        (SELECT "ID_Combustivel" FROM public."COMBUSTIVEL" WHERE "Nome" = 'GASOLINA ADITIVADA'))
ON CONFLICT DO NOTHING;


INSERT INTO public."PRECO_COLETADO" ("Preco", "UnidadeMedida", "DataColeta", "PostoCNPJ", "CombustivelID")
VALUES (5.390, 'R$ / litro', '2023-04-24', '4763356000138',
        (SELECT "ID_Combustivel" FROM public."COMBUSTIVEL" WHERE "Nome" = 'GASOLINA ADITIVADA'))
ON CONFLICT DO NOTHING;


INSERT INTO public."PRECO_COLETADO" ("Preco", "UnidadeMedida", "DataColeta", "PostoCNPJ", "CombustivelID")
VALUES (5.390, 'R$ / litro', '2023-05-03', '4763356000138',
        (SELECT "ID_Combustivel" FROM public."COMBUSTIVEL" WHERE "Nome" = 'GASOLINA ADITIVADA'))
ON CONFLICT DO NOTHING;


INSERT INTO public."PRECO_COLETADO" ("Preco", "UnidadeMedida", "DataColeta", "PostoCNPJ", "CombustivelID")
VALUES (5.350, 'R$ / litro', '2023-05-09', '4763356000138',
        (SELECT "ID_Combustivel" FROM public."COMBUSTIVEL" WHERE "Nome" = 'GASOLINA ADITIVADA'))
ON CONFLICT DO NOTHING;


INSERT INTO public."PRECO_COLETADO" ("Preco", "UnidadeMedida", "DataColeta", "PostoCNPJ", "CombustivelID")
VALUES (5.350, 'R$ / litro', '2023-05-15', '4763356000138',
        (SELECT "ID_Combustivel" FROM public."COMBUSTIVEL" WHERE "Nome" = 'GASOLINA ADITIVADA'))
ON CONFLICT DO NOTHING;


INSERT INTO public."PRECO_COLETADO" ("Preco", "UnidadeMedida", "DataColeta", "PostoCNPJ", "CombustivelID")
VALUES (5.150, 'R$ / litro', '2023-05-22', '4763356000138',
        (SELECT "ID_Combustivel" FROM public."COMBUSTIVEL" WHERE "Nome" = 'GASOLINA ADITIVADA'))
ON CONFLICT DO NOTHING;


INSERT INTO public."PRECO_COLETADO" ("Preco", "UnidadeMedida", "DataColeta", "PostoCNPJ", "CombustivelID")
VALUES (5.120, 'R$ / litro', '2023-05-29', '4763356000138',
        (SELECT "ID_Combustivel" FROM public."COMBUSTIVEL" WHERE "Nome" = 'GASOLINA ADITIVADA'))
ON CONFLICT DO NOTHING;


INSERT INTO public."PRECO_COLETADO" ("Preco", "UnidadeMedida", "DataColeta", "PostoCNPJ", "CombustivelID")
VALUES (5.570, 'R$ / litro', '2023-06-05', '4763356000138',
        (SELECT "ID_Combustivel" FROM public."COMBUSTIVEL" WHERE "Nome" = 'GASOLINA ADITIVADA'))
ON CONFLICT DO NOTHING;


INSERT INTO public."PRECO_COLETADO" ("Preco", "UnidadeMedida", "DataColeta", "PostoCNPJ", "CombustivelID")
VALUES (5.470, 'R$ / litro', '2023-06-13', '4763356000138',
        (SELECT "ID_Combustivel" FROM public."COMBUSTIVEL" WHERE "Nome" = 'GASOLINA ADITIVADA'))
ON CONFLICT DO NOTHING;


INSERT INTO public."PRECO_COLETADO" ("Preco", "UnidadeMedida", "DataColeta", "PostoCNPJ", "CombustivelID")
VALUES (5.390, 'R$ / litro', '2023-06-20', '4763356000138',
        (SELECT "ID_Combustivel" FROM public."COMBUSTIVEL" WHERE "Nome" = 'GASOLINA ADITIVADA'))
ON CONFLICT DO NOTHING;


INSERT INTO public."PRECO_COLETADO" ("Preco", "UnidadeMedida", "DataColeta", "PostoCNPJ", "CombustivelID")
VALUES (5.250, 'R$ / litro', '2023-06-27', '4763356000138',
        (SELECT "ID_Combustivel" FROM public."COMBUSTIVEL" WHERE "Nome" = 'GASOLINA ADITIVADA'))
ON CONFLICT DO NOTHING;


INSERT INTO public."PRECO_COLETADO" ("Preco", "UnidadeMedida", "DataColeta", "PostoCNPJ", "CombustivelID")
VALUES (5.890, 'R$ / litro', '2023-07-04', '4763356000138',
        (SELECT "ID_Combustivel" FROM public."COMBUSTIVEL" WHERE "Nome" = 'GASOLINA ADITIVADA'))
ON CONFLICT DO NOTHING;


INSERT INTO public."PRECO_COLETADO" ("Preco", "UnidadeMedida", "DataColeta", "PostoCNPJ", "CombustivelID")
VALUES (5.770, 'R$ / litro', '2023-07-10', '4763356000138',
        (SELECT "ID_Combustivel" FROM public."COMBUSTIVEL" WHERE "Nome" = 'GASOLINA ADITIVADA'))
ON CONFLICT DO NOTHING;


INSERT INTO public."PRECO_COLETADO" ("Preco", "UnidadeMedida", "DataColeta", "PostoCNPJ", "CombustivelID")
VALUES (5.520, 'R$ / litro', '2023-07-24', '4763356000138',
        (SELECT "ID_Combustivel" FROM public."COMBUSTIVEL" WHERE "Nome" = 'GASOLINA ADITIVADA'))
ON CONFLICT DO NOTHING;


INSERT INTO public."PRECO_COLETADO" ("Preco", "UnidadeMedida", "DataColeta", "PostoCNPJ", "CombustivelID")
VALUES (5.390, 'R$ / litro', '2023-07-31', '4763356000138',
        (SELECT "ID_Combustivel" FROM public."COMBUSTIVEL" WHERE "Nome" = 'GASOLINA ADITIVADA'))
ON CONFLICT DO NOTHING;


INSERT INTO public."PRECO_COLETADO" ("Preco", "UnidadeMedida", "DataColeta", "PostoCNPJ", "CombustivelID")
VALUES (5.370, 'R$ / litro', '2023-08-07', '4763356000138',
        (SELECT "ID_Combustivel" FROM public."COMBUSTIVEL" WHERE "Nome" = 'GASOLINA ADITIVADA'))
ON CONFLICT DO NOTHING;


INSERT INTO public."PRECO_COLETADO" ("Preco", "UnidadeMedida", "DataColeta", "PostoCNPJ", "CombustivelID")
VALUES (5.320, 'R$ / litro', '2023-08-15', '4763356000138',
        (SELECT "ID_Combustivel" FROM public."COMBUSTIVEL" WHERE "Nome" = 'GASOLINA ADITIVADA'))
ON CONFLICT DO NOTHING;


INSERT INTO public."PRECO_COLETADO" ("Preco", "UnidadeMedida", "DataColeta", "PostoCNPJ", "CombustivelID")
VALUES (5.590, 'R$ / litro', '2023-08-21', '4763356000138',
        (SELECT "ID_Combustivel" FROM public."COMBUSTIVEL" WHERE "Nome" = 'GASOLINA ADITIVADA'))
ON CONFLICT DO NOTHING;


INSERT INTO public."PRECO_COLETADO" ("Preco", "UnidadeMedida", "DataColeta", "PostoCNPJ", "CombustivelID")
VALUES (5.490, 'R$ / litro', '2023-08-30', '4763356000138',
        (SELECT "ID_Combustivel" FROM public."COMBUSTIVEL" WHERE "Nome" = 'GASOLINA ADITIVADA'))
ON CONFLICT DO NOTHING;


INSERT INTO public."PRECO_COLETADO" ("Preco", "UnidadeMedida", "DataColeta", "PostoCNPJ", "CombustivelID")
VALUES (5.490, 'R$ / litro', '2023-09-07', '4763356000138',
        (SELECT "ID_Combustivel" FROM public."COMBUSTIVEL" WHERE "Nome" = 'GASOLINA ADITIVADA'))
ON CONFLICT DO NOTHING;


INSERT INTO public."COMBUSTIVEL" ("Nome")
VALUES ('GASOLINA COMUM')
ON CONFLICT ("Nome") DO NOTHING;


INSERT INTO public."PRECO_COLETADO" ("Preco", "UnidadeMedida", "DataColeta", "PostoCNPJ", "CombustivelID")
VALUES (5.560, 'R$ / litro', '2022-08-03', '4763356000138',
        (SELECT "ID_Combustivel" FROM public."COMBUSTIVEL" WHERE "Nome" = 'GASOLINA COMUM'))
ON CONFLICT DO NOTHING;


INSERT INTO public."PRECO_COLETADO" ("Preco", "UnidadeMedida", "DataColeta", "PostoCNPJ", "CombustivelID")
VALUES (5.480, 'R$ / litro', '2022-08-08', '4763356000138',
        (SELECT "ID_Combustivel" FROM public."COMBUSTIVEL" WHERE "Nome" = 'GASOLINA COMUM'))
ON CONFLICT DO NOTHING;


INSERT INTO public."PRECO_COLETADO" ("Preco", "UnidadeMedida", "DataColeta", "PostoCNPJ", "CombustivelID")
VALUES (5.380, 'R$ / litro', '2022-08-15', '4763356000138',
        (SELECT "ID_Combustivel" FROM public."COMBUSTIVEL" WHERE "Nome" = 'GASOLINA COMUM'))
ON CONFLICT DO NOTHING;


INSERT INTO public."PRECO_COLETADO" ("Preco", "UnidadeMedida", "DataColeta", "PostoCNPJ", "CombustivelID")
VALUES (5.150, 'R$ / litro', '2022-09-01', '4763356000138',
        (SELECT "ID_Combustivel" FROM public."COMBUSTIVEL" WHERE "Nome" = 'GASOLINA COMUM'))
ON CONFLICT DO NOTHING;


INSERT INTO public."PRECO_COLETADO" ("Preco", "UnidadeMedida", "DataColeta", "PostoCNPJ", "CombustivelID")
VALUES (4.950, 'R$ / litro', '2022-09-08', '4763356000138',
        (SELECT "ID_Combustivel" FROM public."COMBUSTIVEL" WHERE "Nome" = 'GASOLINA COMUM'))
ON CONFLICT DO NOTHING;


INSERT INTO public."PRECO_COLETADO" ("Preco", "UnidadeMedida", "DataColeta", "PostoCNPJ", "CombustivelID")
VALUES (4.950, 'R$ / litro', '2022-09-12', '4763356000138',
        (SELECT "ID_Combustivel" FROM public."COMBUSTIVEL" WHERE "Nome" = 'GASOLINA COMUM'))
ON CONFLICT DO NOTHING;


INSERT INTO public."PRECO_COLETADO" ("Preco", "UnidadeMedida", "DataColeta", "PostoCNPJ", "CombustivelID")
VALUES (4.690, 'R$ / litro', '2022-10-24', '4763356000138',
        (SELECT "ID_Combustivel" FROM public."COMBUSTIVEL" WHERE "Nome" = 'GASOLINA COMUM'))
ON CONFLICT DO NOTHING;


INSERT INTO public."PRECO_COLETADO" ("Preco", "UnidadeMedida", "DataColeta", "PostoCNPJ", "CombustivelID")
VALUES (4.690, 'R$ / litro', '2022-10-31', '4763356000138',
        (SELECT "ID_Combustivel" FROM public."COMBUSTIVEL" WHERE "Nome" = 'GASOLINA COMUM'))
ON CONFLICT DO NOTHING;


INSERT INTO public."PRECO_COLETADO" ("Preco", "UnidadeMedida", "DataColeta", "PostoCNPJ", "CombustivelID")
VALUES (4.970, 'R$ / litro', '2022-11-14', '4763356000138',
        (SELECT "ID_Combustivel" FROM public."COMBUSTIVEL" WHERE "Nome" = 'GASOLINA COMUM'))
ON CONFLICT DO NOTHING;


INSERT INTO public."PRECO_COLETADO" ("Preco", "UnidadeMedida", "DataColeta", "PostoCNPJ", "CombustivelID")
VALUES (4.970, 'R$ / litro', '2022-11-22', '4763356000138',
        (SELECT "ID_Combustivel" FROM public."COMBUSTIVEL" WHERE "Nome" = 'GASOLINA COMUM'))
ON CONFLICT DO NOTHING;


INSERT INTO public."PRECO_COLETADO" ("Preco", "UnidadeMedida", "DataColeta", "PostoCNPJ", "CombustivelID")
VALUES (4.970, 'R$ / litro', '2022-12-05', '4763356000138',
        (SELECT "ID_Combustivel" FROM public."COMBUSTIVEL" WHERE "Nome" = 'GASOLINA COMUM'))
ON CONFLICT DO NOTHING;


INSERT INTO public."PRECO_COLETADO" ("Preco", "UnidadeMedida", "DataColeta", "PostoCNPJ", "CombustivelID")
VALUES (4.920, 'R$ / litro', '2022-12-12', '4763356000138',
        (SELECT "ID_Combustivel" FROM public."COMBUSTIVEL" WHERE "Nome" = 'GASOLINA COMUM'))
ON CONFLICT DO NOTHING;


INSERT INTO public."PRECO_COLETADO" ("Preco", "UnidadeMedida", "DataColeta", "PostoCNPJ", "CombustivelID")
VALUES (4.840, 'R$ / litro', '2022-12-22', '4763356000138',
        (SELECT "ID_Combustivel" FROM public."COMBUSTIVEL" WHERE "Nome" = 'GASOLINA COMUM'))
ON CONFLICT DO NOTHING;


INSERT INTO public."PRECO_COLETADO" ("Preco", "UnidadeMedida", "DataColeta", "PostoCNPJ", "CombustivelID")
VALUES (4.840, 'R$ / litro', '2022-12-26', '4763356000138',
        (SELECT "ID_Combustivel" FROM public."COMBUSTIVEL" WHERE "Nome" = 'GASOLINA COMUM'))
ON CONFLICT DO NOTHING;


INSERT INTO public."PRECO_COLETADO" ("Preco", "UnidadeMedida", "DataColeta", "PostoCNPJ", "CombustivelID")
VALUES (4.840, 'R$ / litro', '2023-01-03', '4763356000138',
        (SELECT "ID_Combustivel" FROM public."COMBUSTIVEL" WHERE "Nome" = 'GASOLINA COMUM'))
ON CONFLICT DO NOTHING;


INSERT INTO public."PRECO_COLETADO" ("Preco", "UnidadeMedida", "DataColeta", "PostoCNPJ", "CombustivelID")
VALUES (4.840, 'R$ / litro', '2023-01-09', '4763356000138',
        (SELECT "ID_Combustivel" FROM public."COMBUSTIVEL" WHERE "Nome" = 'GASOLINA COMUM'))
ON CONFLICT DO NOTHING;


INSERT INTO public."PRECO_COLETADO" ("Preco", "UnidadeMedida", "DataColeta", "PostoCNPJ", "CombustivelID")
VALUES (4.850, 'R$ / litro', '2023-01-16', '4763356000138',
        (SELECT "ID_Combustivel" FROM public."COMBUSTIVEL" WHERE "Nome" = 'GASOLINA COMUM'))
ON CONFLICT DO NOTHING;


INSERT INTO public."PRECO_COLETADO" ("Preco", "UnidadeMedida", "DataColeta", "PostoCNPJ", "CombustivelID")
VALUES (4.850, 'R$ / litro', '2023-01-23', '4763356000138',
        (SELECT "ID_Combustivel" FROM public."COMBUSTIVEL" WHERE "Nome" = 'GASOLINA COMUM'))
ON CONFLICT DO NOTHING;


INSERT INTO public."PRECO_COLETADO" ("Preco", "UnidadeMedida", "DataColeta", "PostoCNPJ", "CombustivelID")
VALUES (5.020, 'R$ / litro', '2023-01-30', '4763356000138',
        (SELECT "ID_Combustivel" FROM public."COMBUSTIVEL" WHERE "Nome" = 'GASOLINA COMUM'))
ON CONFLICT DO NOTHING;


INSERT INTO public."PRECO_COLETADO" ("Preco", "UnidadeMedida", "DataColeta", "PostoCNPJ", "CombustivelID")
VALUES (4.940, 'R$ / litro', '2023-02-06', '4763356000138',
        (SELECT "ID_Combustivel" FROM public."COMBUSTIVEL" WHERE "Nome" = 'GASOLINA COMUM'))
ON CONFLICT DO NOTHING;


INSERT INTO public."PRECO_COLETADO" ("Preco", "UnidadeMedida", "DataColeta", "PostoCNPJ", "CombustivelID")
VALUES (4.940, 'R$ / litro', '2023-02-13', '4763356000138',
        (SELECT "ID_Combustivel" FROM public."COMBUSTIVEL" WHERE "Nome" = 'GASOLINA COMUM'))
ON CONFLICT DO NOTHING;


INSERT INTO public."PRECO_COLETADO" ("Preco", "UnidadeMedida", "DataColeta", "PostoCNPJ", "CombustivelID")
VALUES (4.990, 'R$ / litro', '2023-02-27', '4763356000138',
        (SELECT "ID_Combustivel" FROM public."COMBUSTIVEL" WHERE "Nome" = 'GASOLINA COMUM'))
ON CONFLICT DO NOTHING;


INSERT INTO public."PRECO_COLETADO" ("Preco", "UnidadeMedida", "DataColeta", "PostoCNPJ", "CombustivelID")
VALUES (5.470, 'R$ / litro', '2023-03-06', '4763356000138',
        (SELECT "ID_Combustivel" FROM public."COMBUSTIVEL" WHERE "Nome" = 'GASOLINA COMUM'))
ON CONFLICT DO NOTHING;


INSERT INTO public."PRECO_COLETADO" ("Preco", "UnidadeMedida", "DataColeta", "PostoCNPJ", "CombustivelID")
VALUES (5.450, 'R$ / litro', '2023-03-16', '4763356000138',
        (SELECT "ID_Combustivel" FROM public."COMBUSTIVEL" WHERE "Nome" = 'GASOLINA COMUM'))
ON CONFLICT DO NOTHING;


INSERT INTO public."PRECO_COLETADO" ("Preco", "UnidadeMedida", "DataColeta", "PostoCNPJ", "CombustivelID")
VALUES (5.330, 'R$ / litro', '2023-03-27', '4763356000138',
        (SELECT "ID_Combustivel" FROM public."COMBUSTIVEL" WHERE "Nome" = 'GASOLINA COMUM'))
ON CONFLICT DO NOTHING;


INSERT INTO public."PRECO_COLETADO" ("Preco", "UnidadeMedida", "DataColeta", "PostoCNPJ", "CombustivelID")
VALUES (5.290, 'R$ / litro', '2023-04-04', '4763356000138',
        (SELECT "ID_Combustivel" FROM public."COMBUSTIVEL" WHERE "Nome" = 'GASOLINA COMUM'))
ON CONFLICT DO NOTHING;


INSERT INTO public."PRECO_COLETADO" ("Preco", "UnidadeMedida", "DataColeta", "PostoCNPJ", "CombustivelID")
VALUES (5.290, 'R$ / litro', '2023-04-17', '4763356000138',
        (SELECT "ID_Combustivel" FROM public."COMBUSTIVEL" WHERE "Nome" = 'GASOLINA COMUM'))
ON CONFLICT DO NOTHING;


INSERT INTO public."PRECO_COLETADO" ("Preco", "UnidadeMedida", "DataColeta", "PostoCNPJ", "CombustivelID")
VALUES (5.290, 'R$ / litro', '2023-04-24', '4763356000138',
        (SELECT "ID_Combustivel" FROM public."COMBUSTIVEL" WHERE "Nome" = 'GASOLINA COMUM'))
ON CONFLICT DO NOTHING;


INSERT INTO public."PRECO_COLETADO" ("Preco", "UnidadeMedida", "DataColeta", "PostoCNPJ", "CombustivelID")
VALUES (5.290, 'R$ / litro', '2023-05-03', '4763356000138',
        (SELECT "ID_Combustivel" FROM public."COMBUSTIVEL" WHERE "Nome" = 'GASOLINA COMUM'))
ON CONFLICT DO NOTHING;


INSERT INTO public."PRECO_COLETADO" ("Preco", "UnidadeMedida", "DataColeta", "PostoCNPJ", "CombustivelID")
VALUES (5.250, 'R$ / litro', '2023-05-09', '4763356000138',
        (SELECT "ID_Combustivel" FROM public."COMBUSTIVEL" WHERE "Nome" = 'GASOLINA COMUM'))
ON CONFLICT DO NOTHING;


INSERT INTO public."PRECO_COLETADO" ("Preco", "UnidadeMedida", "DataColeta", "PostoCNPJ", "CombustivelID")
VALUES (5.250, 'R$ / litro', '2023-05-15', '4763356000138',
        (SELECT "ID_Combustivel" FROM public."COMBUSTIVEL" WHERE "Nome" = 'GASOLINA COMUM'))
ON CONFLICT DO NOTHING;


INSERT INTO public."PRECO_COLETADO" ("Preco", "UnidadeMedida", "DataColeta", "PostoCNPJ", "CombustivelID")
VALUES (5.050, 'R$ / litro', '2023-05-22', '4763356000138',
        (SELECT "ID_Combustivel" FROM public."COMBUSTIVEL" WHERE "Nome" = 'GASOLINA COMUM'))
ON CONFLICT DO NOTHING;


INSERT INTO public."PRECO_COLETADO" ("Preco", "UnidadeMedida", "DataColeta", "PostoCNPJ", "CombustivelID")
VALUES (5.020, 'R$ / litro', '2023-05-29', '4763356000138',
        (SELECT "ID_Combustivel" FROM public."COMBUSTIVEL" WHERE "Nome" = 'GASOLINA COMUM'))
ON CONFLICT DO NOTHING;


INSERT INTO public."PRECO_COLETADO" ("Preco", "UnidadeMedida", "DataColeta", "PostoCNPJ", "CombustivelID")
VALUES (5.470, 'R$ / litro', '2023-06-05', '4763356000138',
        (SELECT "ID_Combustivel" FROM public."COMBUSTIVEL" WHERE "Nome" = 'GASOLINA COMUM'))
ON CONFLICT DO NOTHING;


INSERT INTO public."PRECO_COLETADO" ("Preco", "UnidadeMedida", "DataColeta", "PostoCNPJ", "CombustivelID")
VALUES (5.370, 'R$ / litro', '2023-06-13', '4763356000138',
        (SELECT "ID_Combustivel" FROM public."COMBUSTIVEL" WHERE "Nome" = 'GASOLINA COMUM'))
ON CONFLICT DO NOTHING;


INSERT INTO public."PRECO_COLETADO" ("Preco", "UnidadeMedida", "DataColeta", "PostoCNPJ", "CombustivelID")
VALUES (5.290, 'R$ / litro', '2023-06-20', '4763356000138',
        (SELECT "ID_Combustivel" FROM public."COMBUSTIVEL" WHERE "Nome" = 'GASOLINA COMUM'))
ON CONFLICT DO NOTHING;


INSERT INTO public."PRECO_COLETADO" ("Preco", "UnidadeMedida", "DataColeta", "PostoCNPJ", "CombustivelID")
VALUES (5.150, 'R$ / litro', '2023-06-27', '4763356000138',
        (SELECT "ID_Combustivel" FROM public."COMBUSTIVEL" WHERE "Nome" = 'GASOLINA COMUM'))
ON CONFLICT DO NOTHING;


INSERT INTO public."PRECO_COLETADO" ("Preco", "UnidadeMedida", "DataColeta", "PostoCNPJ", "CombustivelID")
VALUES (5.790, 'R$ / litro', '2023-07-04', '4763356000138',
        (SELECT "ID_Combustivel" FROM public."COMBUSTIVEL" WHERE "Nome" = 'GASOLINA COMUM'))
ON CONFLICT DO NOTHING;


INSERT INTO public."PRECO_COLETADO" ("Preco", "UnidadeMedida", "DataColeta", "PostoCNPJ", "CombustivelID")
VALUES (5.670, 'R$ / litro', '2023-07-10', '4763356000138',
        (SELECT "ID_Combustivel" FROM public."COMBUSTIVEL" WHERE "Nome" = 'GASOLINA COMUM'))
ON CONFLICT DO NOTHING;


INSERT INTO public."PRECO_COLETADO" ("Preco", "UnidadeMedida", "DataColeta", "PostoCNPJ", "CombustivelID")
VALUES (5.420, 'R$ / litro', '2023-07-24', '4763356000138',
        (SELECT "ID_Combustivel" FROM public."COMBUSTIVEL" WHERE "Nome" = 'GASOLINA COMUM'))
ON CONFLICT DO NOTHING;


INSERT INTO public."PRECO_COLETADO" ("Preco", "UnidadeMedida", "DataColeta", "PostoCNPJ", "CombustivelID")
VALUES (5.320, 'R$ / litro', '2023-07-31', '4763356000138',
        (SELECT "ID_Combustivel" FROM public."COMBUSTIVEL" WHERE "Nome" = 'GASOLINA COMUM'))
ON CONFLICT DO NOTHING;


INSERT INTO public."PRECO_COLETADO" ("Preco", "UnidadeMedida", "DataColeta", "PostoCNPJ", "CombustivelID")
VALUES (5.270, 'R$ / litro', '2023-08-07', '4763356000138',
        (SELECT "ID_Combustivel" FROM public."COMBUSTIVEL" WHERE "Nome" = 'GASOLINA COMUM'))
ON CONFLICT DO NOTHING;


INSERT INTO public."PRECO_COLETADO" ("Preco", "UnidadeMedida", "DataColeta", "PostoCNPJ", "CombustivelID")
VALUES (5.220, 'R$ / litro', '2023-08-15', '4763356000138',
        (SELECT "ID_Combustivel" FROM public."COMBUSTIVEL" WHERE "Nome" = 'GASOLINA COMUM'))
ON CONFLICT DO NOTHING;


INSERT INTO public."PRECO_COLETADO" ("Preco", "UnidadeMedida", "DataColeta", "PostoCNPJ", "CombustivelID")
VALUES (5.490, 'R$ / litro', '2023-08-21', '4763356000138',
        (SELECT "ID_Combustivel" FROM public."COMBUSTIVEL" WHERE "Nome" = 'GASOLINA COMUM'))
ON CONFLICT DO NOTHING;


INSERT INTO public."PRECO_COLETADO" ("Preco", "UnidadeMedida", "DataColeta", "PostoCNPJ", "CombustivelID")
VALUES (5.390, 'R$ / litro', '2023-08-30', '4763356000138',
        (SELECT "ID_Combustivel" FROM public."COMBUSTIVEL" WHERE "Nome" = 'GASOLINA COMUM'))
ON CONFLICT DO NOTHING;


INSERT INTO public."PRECO_COLETADO" ("Preco", "UnidadeMedida", "DataColeta", "PostoCNPJ", "CombustivelID")
VALUES (5.390, 'R$ / litro', '2023-09-07', '4763356000138',
        (SELECT "ID_Combustivel" FROM public."COMBUSTIVEL" WHERE "Nome" = 'GASOLINA COMUM'))
ON CONFLICT DO NOTHING;


INSERT INTO public."POSTO" ("CNPJ", "RazaoSocial", "NomeFantasia", "Bandeira", "Logradouro", "Numero", "Bairro", "Cidade", "Estado", "CEP")
VALUES ('1496517000186', 'POSTO PERIM LTDA', 'POSTO PERIM LTDA', 'VIBRA ENERGIA', 'RUA SANTA LEOPOLDINA', '1650', 'ITAPARICA', 'VILA VELHA', 'ESPIRITO SANTO', '29102040')
ON CONFLICT ("CNPJ") DO NOTHING;


INSERT INTO public."COMBUSTIVEL" ("Nome")
VALUES ('ETANOL')
ON CONFLICT ("Nome") DO NOTHING;


INSERT INTO public."PRECO_COLETADO" ("Preco", "UnidadeMedida", "DataColeta", "PostoCNPJ", "CombustivelID")
VALUES (4.380, 'R$ / litro', '2022-10-24', '1496517000186',
        (SELECT "ID_Combustivel" FROM public."COMBUSTIVEL" WHERE "Nome" = 'ETANOL'))
ON CONFLICT DO NOTHING;


INSERT INTO public."PRECO_COLETADO" ("Preco", "UnidadeMedida", "DataColeta", "PostoCNPJ", "CombustivelID")
VALUES (4.380, 'R$ / litro', '2022-10-31', '1496517000186',
        (SELECT "ID_Combustivel" FROM public."COMBUSTIVEL" WHERE "Nome" = 'ETANOL'))
ON CONFLICT DO NOTHING;


INSERT INTO public."PRECO_COLETADO" ("Preco", "UnidadeMedida", "DataColeta", "PostoCNPJ", "CombustivelID")
VALUES (4.690, 'R$ / litro', '2022-11-14', '1496517000186',
        (SELECT "ID_Combustivel" FROM public."COMBUSTIVEL" WHERE "Nome" = 'ETANOL'))
ON CONFLICT DO NOTHING;


INSERT INTO public."PRECO_COLETADO" ("Preco", "UnidadeMedida", "DataColeta", "PostoCNPJ", "CombustivelID")
VALUES (4.690, 'R$ / litro', '2022-11-22', '1496517000186',
        (SELECT "ID_Combustivel" FROM public."COMBUSTIVEL" WHERE "Nome" = 'ETANOL'))
ON CONFLICT DO NOTHING;


INSERT INTO public."PRECO_COLETADO" ("Preco", "UnidadeMedida", "DataColeta", "PostoCNPJ", "CombustivelID")
VALUES (4.690, 'R$ / litro', '2022-12-05', '1496517000186',
        (SELECT "ID_Combustivel" FROM public."COMBUSTIVEL" WHERE "Nome" = 'ETANOL'))
ON CONFLICT DO NOTHING;


INSERT INTO public."PRECO_COLETADO" ("Preco", "UnidadeMedida", "DataColeta", "PostoCNPJ", "CombustivelID")
VALUES (4.690, 'R$ / litro', '2022-12-12', '1496517000186',
        (SELECT "ID_Combustivel" FROM public."COMBUSTIVEL" WHERE "Nome" = 'ETANOL'))
ON CONFLICT DO NOTHING;


INSERT INTO public."PRECO_COLETADO" ("Preco", "UnidadeMedida", "DataColeta", "PostoCNPJ", "CombustivelID")
VALUES (4.690, 'R$ / litro', '2022-12-22', '1496517000186',
        (SELECT "ID_Combustivel" FROM public."COMBUSTIVEL" WHERE "Nome" = 'ETANOL'))
ON CONFLICT DO NOTHING;


INSERT INTO public."PRECO_COLETADO" ("Preco", "UnidadeMedida", "DataColeta", "PostoCNPJ", "CombustivelID")
VALUES (4.690, 'R$ / litro', '2022-12-26', '1496517000186',
        (SELECT "ID_Combustivel" FROM public."COMBUSTIVEL" WHERE "Nome" = 'ETANOL'))
ON CONFLICT DO NOTHING;


INSERT INTO public."PRECO_COLETADO" ("Preco", "UnidadeMedida", "DataColeta", "PostoCNPJ", "CombustivelID")
VALUES (4.990, 'R$ / litro', '2023-01-02', '1496517000186',
        (SELECT "ID_Combustivel" FROM public."COMBUSTIVEL" WHERE "Nome" = 'ETANOL'))
ON CONFLICT DO NOTHING;


INSERT INTO public."PRECO_COLETADO" ("Preco", "UnidadeMedida", "DataColeta", "PostoCNPJ", "CombustivelID")
VALUES (4.990, 'R$ / litro', '2023-01-09', '1496517000186',
        (SELECT "ID_Combustivel" FROM public."COMBUSTIVEL" WHERE "Nome" = 'ETANOL'))
ON CONFLICT DO NOTHING;


INSERT INTO public."PRECO_COLETADO" ("Preco", "UnidadeMedida", "DataColeta", "PostoCNPJ", "CombustivelID")
VALUES (4.990, 'R$ / litro', '2023-01-16', '1496517000186',
        (SELECT "ID_Combustivel" FROM public."COMBUSTIVEL" WHERE "Nome" = 'ETANOL'))
ON CONFLICT DO NOTHING;


INSERT INTO public."PRECO_COLETADO" ("Preco", "UnidadeMedida", "DataColeta", "PostoCNPJ", "CombustivelID")
VALUES (4.590, 'R$ / litro', '2023-01-23', '1496517000186',
        (SELECT "ID_Combustivel" FROM public."COMBUSTIVEL" WHERE "Nome" = 'ETANOL'))
ON CONFLICT DO NOTHING;


INSERT INTO public."PRECO_COLETADO" ("Preco", "UnidadeMedida", "DataColeta", "PostoCNPJ", "CombustivelID")
VALUES (4.690, 'R$ / litro', '2023-01-30', '1496517000186',
        (SELECT "ID_Combustivel" FROM public."COMBUSTIVEL" WHERE "Nome" = 'ETANOL'))
ON CONFLICT DO NOTHING;


INSERT INTO public."PRECO_COLETADO" ("Preco", "UnidadeMedida", "DataColeta", "PostoCNPJ", "CombustivelID")
VALUES (4.690, 'R$ / litro', '2023-02-06', '1496517000186',
        (SELECT "ID_Combustivel" FROM public."COMBUSTIVEL" WHERE "Nome" = 'ETANOL'))
ON CONFLICT DO NOTHING;


INSERT INTO public."PRECO_COLETADO" ("Preco", "UnidadeMedida", "DataColeta", "PostoCNPJ", "CombustivelID")
VALUES (4.690, 'R$ / litro', '2023-02-13', '1496517000186',
        (SELECT "ID_Combustivel" FROM public."COMBUSTIVEL" WHERE "Nome" = 'ETANOL'))
ON CONFLICT DO NOTHING;


INSERT INTO public."PRECO_COLETADO" ("Preco", "UnidadeMedida", "DataColeta", "PostoCNPJ", "CombustivelID")
VALUES (4.690, 'R$ / litro', '2023-02-20', '1496517000186',
        (SELECT "ID_Combustivel" FROM public."COMBUSTIVEL" WHERE "Nome" = 'ETANOL'))
ON CONFLICT DO NOTHING;


INSERT INTO public."PRECO_COLETADO" ("Preco", "UnidadeMedida", "DataColeta", "PostoCNPJ", "CombustivelID")
VALUES (4.690, 'R$ / litro', '2023-02-27', '1496517000186',
        (SELECT "ID_Combustivel" FROM public."COMBUSTIVEL" WHERE "Nome" = 'ETANOL'))
ON CONFLICT DO NOTHING;


INSERT INTO public."PRECO_COLETADO" ("Preco", "UnidadeMedida", "DataColeta", "PostoCNPJ", "CombustivelID")
VALUES (4.880, 'R$ / litro', '2023-03-06', '1496517000186',
        (SELECT "ID_Combustivel" FROM public."COMBUSTIVEL" WHERE "Nome" = 'ETANOL'))
ON CONFLICT DO NOTHING;


INSERT INTO public."PRECO_COLETADO" ("Preco", "UnidadeMedida", "DataColeta", "PostoCNPJ", "CombustivelID")
VALUES (4.880, 'R$ / litro', '2023-03-16', '1496517000186',
        (SELECT "ID_Combustivel" FROM public."COMBUSTIVEL" WHERE "Nome" = 'ETANOL'))
ON CONFLICT DO NOTHING;


INSERT INTO public."PRECO_COLETADO" ("Preco", "UnidadeMedida", "DataColeta", "PostoCNPJ", "CombustivelID")
VALUES (4.880, 'R$ / litro', '2023-03-21', '1496517000186',
        (SELECT "ID_Combustivel" FROM public."COMBUSTIVEL" WHERE "Nome" = 'ETANOL'))
ON CONFLICT DO NOTHING;


INSERT INTO public."PRECO_COLETADO" ("Preco", "UnidadeMedida", "DataColeta", "PostoCNPJ", "CombustivelID")
VALUES (4.590, 'R$ / litro', '2023-03-27', '1496517000186',
        (SELECT "ID_Combustivel" FROM public."COMBUSTIVEL" WHERE "Nome" = 'ETANOL'))
ON CONFLICT DO NOTHING;


INSERT INTO public."PRECO_COLETADO" ("Preco", "UnidadeMedida", "DataColeta", "PostoCNPJ", "CombustivelID")
VALUES (4.590, 'R$ / litro', '2023-04-04', '1496517000186',
        (SELECT "ID_Combustivel" FROM public."COMBUSTIVEL" WHERE "Nome" = 'ETANOL'))
ON CONFLICT DO NOTHING;


INSERT INTO public."PRECO_COLETADO" ("Preco", "UnidadeMedida", "DataColeta", "PostoCNPJ", "CombustivelID")
VALUES (4.590, 'R$ / litro', '2023-04-10', '1496517000186',
        (SELECT "ID_Combustivel" FROM public."COMBUSTIVEL" WHERE "Nome" = 'ETANOL'))
ON CONFLICT DO NOTHING;


INSERT INTO public."PRECO_COLETADO" ("Preco", "UnidadeMedida", "DataColeta", "PostoCNPJ", "CombustivelID")
VALUES (4.690, 'R$ / litro', '2023-04-17', '1496517000186',
        (SELECT "ID_Combustivel" FROM public."COMBUSTIVEL" WHERE "Nome" = 'ETANOL'))
ON CONFLICT DO NOTHING;


INSERT INTO public."PRECO_COLETADO" ("Preco", "UnidadeMedida", "DataColeta", "PostoCNPJ", "CombustivelID")
VALUES (4.690, 'R$ / litro', '2023-04-24', '1496517000186',
        (SELECT "ID_Combustivel" FROM public."COMBUSTIVEL" WHERE "Nome" = 'ETANOL'))
ON CONFLICT DO NOTHING;


INSERT INTO public."PRECO_COLETADO" ("Preco", "UnidadeMedida", "DataColeta", "PostoCNPJ", "CombustivelID")
VALUES (4.990, 'R$ / litro', '2023-05-02', '1496517000186',
        (SELECT "ID_Combustivel" FROM public."COMBUSTIVEL" WHERE "Nome" = 'ETANOL'))
ON CONFLICT DO NOTHING;


INSERT INTO public."PRECO_COLETADO" ("Preco", "UnidadeMedida", "DataColeta", "PostoCNPJ", "CombustivelID")
VALUES (4.990, 'R$ / litro', '2023-05-09', '1496517000186',
        (SELECT "ID_Combustivel" FROM public."COMBUSTIVEL" WHERE "Nome" = 'ETANOL'))
ON CONFLICT DO NOTHING;


INSERT INTO public."PRECO_COLETADO" ("Preco", "UnidadeMedida", "DataColeta", "PostoCNPJ", "CombustivelID")
VALUES (4.990, 'R$ / litro', '2023-05-15', '1496517000186',
        (SELECT "ID_Combustivel" FROM public."COMBUSTIVEL" WHERE "Nome" = 'ETANOL'))
ON CONFLICT DO NOTHING;


INSERT INTO public."PRECO_COLETADO" ("Preco", "UnidadeMedida", "DataColeta", "PostoCNPJ", "CombustivelID")
VALUES (4.690, 'R$ / litro', '2023-05-22', '1496517000186',
        (SELECT "ID_Combustivel" FROM public."COMBUSTIVEL" WHERE "Nome" = 'ETANOL'))
ON CONFLICT DO NOTHING;


INSERT INTO public."PRECO_COLETADO" ("Preco", "UnidadeMedida", "DataColeta", "PostoCNPJ", "CombustivelID")
VALUES (4.690, 'R$ / litro', '2023-05-29', '1496517000186',
        (SELECT "ID_Combustivel" FROM public."COMBUSTIVEL" WHERE "Nome" = 'ETANOL'))
ON CONFLICT DO NOTHING;


INSERT INTO public."PRECO_COLETADO" ("Preco", "UnidadeMedida", "DataColeta", "PostoCNPJ", "CombustivelID")
VALUES (4.690, 'R$ / litro', '2023-06-05', '1496517000186',
        (SELECT "ID_Combustivel" FROM public."COMBUSTIVEL" WHERE "Nome" = 'ETANOL'))
ON CONFLICT DO NOTHING;


INSERT INTO public."PRECO_COLETADO" ("Preco", "UnidadeMedida", "DataColeta", "PostoCNPJ", "CombustivelID")
VALUES (4.690, 'R$ / litro', '2023-06-13', '1496517000186',
        (SELECT "ID_Combustivel" FROM public."COMBUSTIVEL" WHERE "Nome" = 'ETANOL'))
ON CONFLICT DO NOTHING;


INSERT INTO public."PRECO_COLETADO" ("Preco", "UnidadeMedida", "DataColeta", "PostoCNPJ", "CombustivelID")
VALUES (4.690, 'R$ / litro', '2023-06-20', '1496517000186',
        (SELECT "ID_Combustivel" FROM public."COMBUSTIVEL" WHERE "Nome" = 'ETANOL'))
ON CONFLICT DO NOTHING;


INSERT INTO public."PRECO_COLETADO" ("Preco", "UnidadeMedida", "DataColeta", "PostoCNPJ", "CombustivelID")
VALUES (4.690, 'R$ / litro', '2023-06-27', '1496517000186',
        (SELECT "ID_Combustivel" FROM public."COMBUSTIVEL" WHERE "Nome" = 'ETANOL'))
ON CONFLICT DO NOTHING;


INSERT INTO public."PRECO_COLETADO" ("Preco", "UnidadeMedida", "DataColeta", "PostoCNPJ", "CombustivelID")
VALUES (4.790, 'R$ / litro', '2023-07-04', '1496517000186',
        (SELECT "ID_Combustivel" FROM public."COMBUSTIVEL" WHERE "Nome" = 'ETANOL'))
ON CONFLICT DO NOTHING;


INSERT INTO public."PRECO_COLETADO" ("Preco", "UnidadeMedida", "DataColeta", "PostoCNPJ", "CombustivelID")
VALUES (4.790, 'R$ / litro', '2023-07-10', '1496517000186',
        (SELECT "ID_Combustivel" FROM public."COMBUSTIVEL" WHERE "Nome" = 'ETANOL'))
ON CONFLICT DO NOTHING;


INSERT INTO public."PRECO_COLETADO" ("Preco", "UnidadeMedida", "DataColeta", "PostoCNPJ", "CombustivelID")
VALUES (4.490, 'R$ / litro', '2023-07-17', '1496517000186',
        (SELECT "ID_Combustivel" FROM public."COMBUSTIVEL" WHERE "Nome" = 'ETANOL'))
ON CONFLICT DO NOTHING;


INSERT INTO public."PRECO_COLETADO" ("Preco", "UnidadeMedida", "DataColeta", "PostoCNPJ", "CombustivelID")
VALUES (4.490, 'R$ / litro', '2023-07-24', '1496517000186',
        (SELECT "ID_Combustivel" FROM public."COMBUSTIVEL" WHERE "Nome" = 'ETANOL'))
ON CONFLICT DO NOTHING;


INSERT INTO public."PRECO_COLETADO" ("Preco", "UnidadeMedida", "DataColeta", "PostoCNPJ", "CombustivelID")
VALUES (4.490, 'R$ / litro', '2023-07-31', '1496517000186',
        (SELECT "ID_Combustivel" FROM public."COMBUSTIVEL" WHERE "Nome" = 'ETANOL'))
ON CONFLICT DO NOTHING;


INSERT INTO public."PRECO_COLETADO" ("Preco", "UnidadeMedida", "DataColeta", "PostoCNPJ", "CombustivelID")
VALUES (4.490, 'R$ / litro', '2023-08-15', '1496517000186',
        (SELECT "ID_Combustivel" FROM public."COMBUSTIVEL" WHERE "Nome" = 'ETANOL'))
ON CONFLICT DO NOTHING;


INSERT INTO public."PRECO_COLETADO" ("Preco", "UnidadeMedida", "DataColeta", "PostoCNPJ", "CombustivelID")
VALUES (4.490, 'R$ / litro', '2023-08-22', '1496517000186',
        (SELECT "ID_Combustivel" FROM public."COMBUSTIVEL" WHERE "Nome" = 'ETANOL'))
ON CONFLICT DO NOTHING;


INSERT INTO public."PRECO_COLETADO" ("Preco", "UnidadeMedida", "DataColeta", "PostoCNPJ", "CombustivelID")
VALUES (4.490, 'R$ / litro', '2023-08-30', '1496517000186',
        (SELECT "ID_Combustivel" FROM public."COMBUSTIVEL" WHERE "Nome" = 'ETANOL'))
ON CONFLICT DO NOTHING;


INSERT INTO public."PRECO_COLETADO" ("Preco", "UnidadeMedida", "DataColeta", "PostoCNPJ", "CombustivelID")
VALUES (4.490, 'R$ / litro', '2023-09-07', '1496517000186',
        (SELECT "ID_Combustivel" FROM public."COMBUSTIVEL" WHERE "Nome" = 'ETANOL'))
ON CONFLICT DO NOTHING;


INSERT INTO public."PRECO_COLETADO" ("Preco", "UnidadeMedida", "DataColeta", "PostoCNPJ", "CombustivelID")
VALUES (4.490, 'R$ / litro', '2023-09-12', '1496517000186',
        (SELECT "ID_Combustivel" FROM public."COMBUSTIVEL" WHERE "Nome" = 'ETANOL'))
ON CONFLICT DO NOTHING;


INSERT INTO public."PRECO_COLETADO" ("Preco", "UnidadeMedida", "DataColeta", "PostoCNPJ", "CombustivelID")
VALUES (4.490, 'R$ / litro', '2023-09-19', '1496517000186',
        (SELECT "ID_Combustivel" FROM public."COMBUSTIVEL" WHERE "Nome" = 'ETANOL'))
ON CONFLICT DO NOTHING;


INSERT INTO public."PRECO_COLETADO" ("Preco", "UnidadeMedida", "DataColeta", "PostoCNPJ", "CombustivelID")
VALUES (4.490, 'R$ / litro', '2023-09-26', '1496517000186',
        (SELECT "ID_Combustivel" FROM public."COMBUSTIVEL" WHERE "Nome" = 'ETANOL'))
ON CONFLICT DO NOTHING;


INSERT INTO public."PRECO_COLETADO" ("Preco", "UnidadeMedida", "DataColeta", "PostoCNPJ", "CombustivelID")
VALUES (4.490, 'R$ / litro', '2023-10-03', '1496517000186',
        (SELECT "ID_Combustivel" FROM public."COMBUSTIVEL" WHERE "Nome" = 'ETANOL'))
ON CONFLICT DO NOTHING;


INSERT INTO public."PRECO_COLETADO" ("Preco", "UnidadeMedida", "DataColeta", "PostoCNPJ", "CombustivelID")
VALUES (4.490, 'R$ / litro', '2023-10-10', '1496517000186',
        (SELECT "ID_Combustivel" FROM public."COMBUSTIVEL" WHERE "Nome" = 'ETANOL'))
ON CONFLICT DO NOTHING;


INSERT INTO public."PRECO_COLETADO" ("Preco", "UnidadeMedida", "DataColeta", "PostoCNPJ", "CombustivelID")
VALUES (4.490, 'R$ / litro', '2023-10-16', '1496517000186',
        (SELECT "ID_Combustivel" FROM public."COMBUSTIVEL" WHERE "Nome" = 'ETANOL'))
ON CONFLICT DO NOTHING;


INSERT INTO public."PRECO_COLETADO" ("Preco", "UnidadeMedida", "DataColeta", "PostoCNPJ", "CombustivelID")
VALUES (4.490, 'R$ / litro', '2023-10-24', '1496517000186',
        (SELECT "ID_Combustivel" FROM public."COMBUSTIVEL" WHERE "Nome" = 'ETANOL'))
ON CONFLICT DO NOTHING;


INSERT INTO public."PRECO_COLETADO" ("Preco", "UnidadeMedida", "DataColeta", "PostoCNPJ", "CombustivelID")
VALUES (4.490, 'R$ / litro', '2023-10-31', '1496517000186',
        (SELECT "ID_Combustivel" FROM public."COMBUSTIVEL" WHERE "Nome" = 'ETANOL'))
ON CONFLICT DO NOTHING;


INSERT INTO public."PRECO_COLETADO" ("Preco", "UnidadeMedida", "DataColeta", "PostoCNPJ", "CombustivelID")
VALUES (4.490, 'R$ / litro', '2023-11-07', '1496517000186',
        (SELECT "ID_Combustivel" FROM public."COMBUSTIVEL" WHERE "Nome" = 'ETANOL'))
ON CONFLICT DO NOTHING;


INSERT INTO public."PRECO_COLETADO" ("Preco", "UnidadeMedida", "DataColeta", "PostoCNPJ", "CombustivelID")
VALUES (4.490, 'R$ / litro', '2023-11-14', '1496517000186',
        (SELECT "ID_Combustivel" FROM public."COMBUSTIVEL" WHERE "Nome" = 'ETANOL'))
ON CONFLICT DO NOTHING;


INSERT INTO public."PRECO_COLETADO" ("Preco", "UnidadeMedida", "DataColeta", "PostoCNPJ", "CombustivelID")
VALUES (4.490, 'R$ / litro', '2023-11-21', '1496517000186',
        (SELECT "ID_Combustivel" FROM public."COMBUSTIVEL" WHERE "Nome" = 'ETANOL'))
ON CONFLICT DO NOTHING;


INSERT INTO public."PRECO_COLETADO" ("Preco", "UnidadeMedida", "DataColeta", "PostoCNPJ", "CombustivelID")
VALUES (4.490, 'R$ / litro', '2023-11-28', '1496517000186',
        (SELECT "ID_Combustivel" FROM public."COMBUSTIVEL" WHERE "Nome" = 'ETANOL'))
ON CONFLICT DO NOTHING;


INSERT INTO public."PRECO_COLETADO" ("Preco", "UnidadeMedida", "DataColeta", "PostoCNPJ", "CombustivelID")
VALUES (4.490, 'R$ / litro', '2023-12-06', '1496517000186',
        (SELECT "ID_Combustivel" FROM public."COMBUSTIVEL" WHERE "Nome" = 'ETANOL'))
ON CONFLICT DO NOTHING;


INSERT INTO public."PRECO_COLETADO" ("Preco", "UnidadeMedida", "DataColeta", "PostoCNPJ", "CombustivelID")
VALUES (4.490, 'R$ / litro', '2023-12-13', '1496517000186',
        (SELECT "ID_Combustivel" FROM public."COMBUSTIVEL" WHERE "Nome" = 'ETANOL'))
ON CONFLICT DO NOTHING;


INSERT INTO public."PRECO_COLETADO" ("Preco", "UnidadeMedida", "DataColeta", "PostoCNPJ", "CombustivelID")
VALUES (4.490, 'R$ / litro', '2023-12-20', '1496517000186',
        (SELECT "ID_Combustivel" FROM public."COMBUSTIVEL" WHERE "Nome" = 'ETANOL'))
ON CONFLICT DO NOTHING;


INSERT INTO public."PRECO_COLETADO" ("Preco", "UnidadeMedida", "DataColeta", "PostoCNPJ", "CombustivelID")
VALUES (4.490, 'R$ / litro', '2024-01-08', '1496517000186',
        (SELECT "ID_Combustivel" FROM public."COMBUSTIVEL" WHERE "Nome" = 'ETANOL'))
ON CONFLICT DO NOTHING;


INSERT INTO public."PRECO_COLETADO" ("Preco", "UnidadeMedida", "DataColeta", "PostoCNPJ", "CombustivelID")
VALUES (4.490, 'R$ / litro', '2024-01-22', '1496517000186',
        (SELECT "ID_Combustivel" FROM public."COMBUSTIVEL" WHERE "Nome" = 'ETANOL'))
ON CONFLICT DO NOTHING;


INSERT INTO public."PRECO_COLETADO" ("Preco", "UnidadeMedida", "DataColeta", "PostoCNPJ", "CombustivelID")
VALUES (4.490, 'R$ / litro', '2024-02-05', '1496517000186',
        (SELECT "ID_Combustivel" FROM public."COMBUSTIVEL" WHERE "Nome" = 'ETANOL'))
ON CONFLICT DO NOTHING;


INSERT INTO public."PRECO_COLETADO" ("Preco", "UnidadeMedida", "DataColeta", "PostoCNPJ", "CombustivelID")
VALUES (4.490, 'R$ / litro', '2024-02-12', '1496517000186',
        (SELECT "ID_Combustivel" FROM public."COMBUSTIVEL" WHERE "Nome" = 'ETANOL'))
ON CONFLICT DO NOTHING;


INSERT INTO public."PRECO_COLETADO" ("Preco", "UnidadeMedida", "DataColeta", "PostoCNPJ", "CombustivelID")
VALUES (4.490, 'R$ / litro', '2024-02-19', '1496517000186',
        (SELECT "ID_Combustivel" FROM public."COMBUSTIVEL" WHERE "Nome" = 'ETANOL'))
ON CONFLICT DO NOTHING;


INSERT INTO public."PRECO_COLETADO" ("Preco", "UnidadeMedida", "DataColeta", "PostoCNPJ", "CombustivelID")
VALUES (4.490, 'R$ / litro', '2024-02-26', '1496517000186',
        (SELECT "ID_Combustivel" FROM public."COMBUSTIVEL" WHERE "Nome" = 'ETANOL'))
ON CONFLICT DO NOTHING;


INSERT INTO public."PRECO_COLETADO" ("Preco", "UnidadeMedida", "DataColeta", "PostoCNPJ", "CombustivelID")
VALUES (4.490, 'R$ / litro', '2024-03-04', '1496517000186',
        (SELECT "ID_Combustivel" FROM public."COMBUSTIVEL" WHERE "Nome" = 'ETANOL'))
ON CONFLICT DO NOTHING;


INSERT INTO public."PRECO_COLETADO" ("Preco", "UnidadeMedida", "DataColeta", "PostoCNPJ", "CombustivelID")
VALUES (4.490, 'R$ / litro', '2024-03-11', '1496517000186',
        (SELECT "ID_Combustivel" FROM public."COMBUSTIVEL" WHERE "Nome" = 'ETANOL'))
ON CONFLICT DO NOTHING;


INSERT INTO public."PRECO_COLETADO" ("Preco", "UnidadeMedida", "DataColeta", "PostoCNPJ", "CombustivelID")
VALUES (4.490, 'R$ / litro', '2024-03-25', '1496517000186',
        (SELECT "ID_Combustivel" FROM public."COMBUSTIVEL" WHERE "Nome" = 'ETANOL'))
ON CONFLICT DO NOTHING;


INSERT INTO public."PRECO_COLETADO" ("Preco", "UnidadeMedida", "DataColeta", "PostoCNPJ", "CombustivelID")
VALUES (4.490, 'R$ / litro', '2024-04-02', '1496517000186',
        (SELECT "ID_Combustivel" FROM public."COMBUSTIVEL" WHERE "Nome" = 'ETANOL'))
ON CONFLICT DO NOTHING;


INSERT INTO public."PRECO_COLETADO" ("Preco", "UnidadeMedida", "DataColeta", "PostoCNPJ", "CombustivelID")
VALUES (4.490, 'R$ / litro', '2024-04-08', '1496517000186',
        (SELECT "ID_Combustivel" FROM public."COMBUSTIVEL" WHERE "Nome" = 'ETANOL'))
ON CONFLICT DO NOTHING;


INSERT INTO public."PRECO_COLETADO" ("Preco", "UnidadeMedida", "DataColeta", "PostoCNPJ", "CombustivelID")
VALUES (4.490, 'R$ / litro', '2024-04-15', '1496517000186',
        (SELECT "ID_Combustivel" FROM public."COMBUSTIVEL" WHERE "Nome" = 'ETANOL'))
ON CONFLICT DO NOTHING;


INSERT INTO public."PRECO_COLETADO" ("Preco", "UnidadeMedida", "DataColeta", "PostoCNPJ", "CombustivelID")
VALUES (4.490, 'R$ / litro', '2024-04-22', '1496517000186',
        (SELECT "ID_Combustivel" FROM public."COMBUSTIVEL" WHERE "Nome" = 'ETANOL'))
ON CONFLICT DO NOTHING;


INSERT INTO public."PRECO_COLETADO" ("Preco", "UnidadeMedida", "DataColeta", "PostoCNPJ", "CombustivelID")
VALUES (4.490, 'R$ / litro', '2024-04-29', '1496517000186',
        (SELECT "ID_Combustivel" FROM public."COMBUSTIVEL" WHERE "Nome" = 'ETANOL'))
ON CONFLICT DO NOTHING;


INSERT INTO public."PRECO_COLETADO" ("Preco", "UnidadeMedida", "DataColeta", "PostoCNPJ", "CombustivelID")
VALUES (4.490, 'R$ / litro', '2024-05-06', '1496517000186',
        (SELECT "ID_Combustivel" FROM public."COMBUSTIVEL" WHERE "Nome" = 'ETANOL'))
ON CONFLICT DO NOTHING;


INSERT INTO public."PRECO_COLETADO" ("Preco", "UnidadeMedida", "DataColeta", "PostoCNPJ", "CombustivelID")
VALUES (4.490, 'R$ / litro', '2024-05-14', '1496517000186',
        (SELECT "ID_Combustivel" FROM public."COMBUSTIVEL" WHERE "Nome" = 'ETANOL'))
ON CONFLICT DO NOTHING;


INSERT INTO public."PRECO_COLETADO" ("Preco", "UnidadeMedida", "DataColeta", "PostoCNPJ", "CombustivelID")
VALUES (4.490, 'R$ / litro', '2024-05-20', '1496517000186',
        (SELECT "ID_Combustivel" FROM public."COMBUSTIVEL" WHERE "Nome" = 'ETANOL'))
ON CONFLICT DO NOTHING;


INSERT INTO public."PRECO_COLETADO" ("Preco", "UnidadeMedida", "DataColeta", "PostoCNPJ", "CombustivelID")
VALUES (4.490, 'R$ / litro', '2024-05-27', '1496517000186',
        (SELECT "ID_Combustivel" FROM public."COMBUSTIVEL" WHERE "Nome" = 'ETANOL'))
ON CONFLICT DO NOTHING;


INSERT INTO public."PRECO_COLETADO" ("Preco", "UnidadeMedida", "DataColeta", "PostoCNPJ", "CombustivelID")
VALUES (4.490, 'R$ / litro', '2024-06-10', '1496517000186',
        (SELECT "ID_Combustivel" FROM public."COMBUSTIVEL" WHERE "Nome" = 'ETANOL'))
ON CONFLICT DO NOTHING;


INSERT INTO public."PRECO_COLETADO" ("Preco", "UnidadeMedida", "DataColeta", "PostoCNPJ", "CombustivelID")
VALUES (4.490, 'R$ / litro', '2024-06-17', '1496517000186',
        (SELECT "ID_Combustivel" FROM public."COMBUSTIVEL" WHERE "Nome" = 'ETANOL'))
ON CONFLICT DO NOTHING;


INSERT INTO public."PRECO_COLETADO" ("Preco", "UnidadeMedida", "DataColeta", "PostoCNPJ", "CombustivelID")
VALUES (4.490, 'R$ / litro', '2024-06-24', '1496517000186',
        (SELECT "ID_Combustivel" FROM public."COMBUSTIVEL" WHERE "Nome" = 'ETANOL'))
ON CONFLICT DO NOTHING;


INSERT INTO public."PRECO_COLETADO" ("Preco", "UnidadeMedida", "DataColeta", "PostoCNPJ", "CombustivelID")
VALUES (4.690, 'R$ / litro', '2024-07-01', '1496517000186',
        (SELECT "ID_Combustivel" FROM public."COMBUSTIVEL" WHERE "Nome" = 'ETANOL'))
ON CONFLICT DO NOTHING;


INSERT INTO public."PRECO_COLETADO" ("Preco", "UnidadeMedida", "DataColeta", "PostoCNPJ", "CombustivelID")
VALUES (4.690, 'R$ / litro', '2024-07-09', '1496517000186',
        (SELECT "ID_Combustivel" FROM public."COMBUSTIVEL" WHERE "Nome" = 'ETANOL'))
ON CONFLICT DO NOTHING;


INSERT INTO public."PRECO_COLETADO" ("Preco", "UnidadeMedida", "DataColeta", "PostoCNPJ", "CombustivelID")
VALUES (4.990, 'R$ / litro', '2024-07-16', '1496517000186',
        (SELECT "ID_Combustivel" FROM public."COMBUSTIVEL" WHERE "Nome" = 'ETANOL'))
ON CONFLICT DO NOTHING;


INSERT INTO public."PRECO_COLETADO" ("Preco", "UnidadeMedida", "DataColeta", "PostoCNPJ", "CombustivelID")
VALUES (4.990, 'R$ / litro', '2024-07-22', '1496517000186',
        (SELECT "ID_Combustivel" FROM public."COMBUSTIVEL" WHERE "Nome" = 'ETANOL'))
ON CONFLICT DO NOTHING;


INSERT INTO public."PRECO_COLETADO" ("Preco", "UnidadeMedida", "DataColeta", "PostoCNPJ", "CombustivelID")
VALUES (4.990, 'R$ / litro', '2024-07-29', '1496517000186',
        (SELECT "ID_Combustivel" FROM public."COMBUSTIVEL" WHERE "Nome" = 'ETANOL'))
ON CONFLICT DO NOTHING;


INSERT INTO public."PRECO_COLETADO" ("Preco", "UnidadeMedida", "DataColeta", "PostoCNPJ", "CombustivelID")
VALUES (4.990, 'R$ / litro', '2024-08-05', '1496517000186',
        (SELECT "ID_Combustivel" FROM public."COMBUSTIVEL" WHERE "Nome" = 'ETANOL'))
ON CONFLICT DO NOTHING;


INSERT INTO public."PRECO_COLETADO" ("Preco", "UnidadeMedida", "DataColeta", "PostoCNPJ", "CombustivelID")
VALUES (4.990, 'R$ / litro', '2024-08-12', '1496517000186',
        (SELECT "ID_Combustivel" FROM public."COMBUSTIVEL" WHERE "Nome" = 'ETANOL'))
ON CONFLICT DO NOTHING;


INSERT INTO public."PRECO_COLETADO" ("Preco", "UnidadeMedida", "DataColeta", "PostoCNPJ", "CombustivelID")
VALUES (4.990, 'R$ / litro', '2024-08-20', '1496517000186',
        (SELECT "ID_Combustivel" FROM public."COMBUSTIVEL" WHERE "Nome" = 'ETANOL'))
ON CONFLICT DO NOTHING;


INSERT INTO public."PRECO_COLETADO" ("Preco", "UnidadeMedida", "DataColeta", "PostoCNPJ", "CombustivelID")
VALUES (4.990, 'R$ / litro', '2024-08-26', '1496517000186',
        (SELECT "ID_Combustivel" FROM public."COMBUSTIVEL" WHERE "Nome" = 'ETANOL'))
ON CONFLICT DO NOTHING;


INSERT INTO public."PRECO_COLETADO" ("Preco", "UnidadeMedida", "DataColeta", "PostoCNPJ", "CombustivelID")
VALUES (4.990, 'R$ / litro', '2024-09-02', '1496517000186',
        (SELECT "ID_Combustivel" FROM public."COMBUSTIVEL" WHERE "Nome" = 'ETANOL'))
ON CONFLICT DO NOTHING;


INSERT INTO public."COMBUSTIVEL" ("Nome")
VALUES ('DIESEL S10')
ON CONFLICT ("Nome") DO NOTHING;


INSERT INTO public."PRECO_COLETADO" ("Preco", "UnidadeMedida", "DataColeta", "PostoCNPJ", "CombustivelID")
VALUES (6.590, 'R$ / litro', '2022-10-24', '1496517000186',
        (SELECT "ID_Combustivel" FROM public."COMBUSTIVEL" WHERE "Nome" = 'DIESEL S10'))
ON CONFLICT DO NOTHING;


INSERT INTO public."PRECO_COLETADO" ("Preco", "UnidadeMedida", "DataColeta", "PostoCNPJ", "CombustivelID")
VALUES (6.590, 'R$ / litro', '2022-10-31', '1496517000186',
        (SELECT "ID_Combustivel" FROM public."COMBUSTIVEL" WHERE "Nome" = 'DIESEL S10'))
ON CONFLICT DO NOTHING;


INSERT INTO public."PRECO_COLETADO" ("Preco", "UnidadeMedida", "DataColeta", "PostoCNPJ", "CombustivelID")
VALUES (6.690, 'R$ / litro', '2022-11-14', '1496517000186',
        (SELECT "ID_Combustivel" FROM public."COMBUSTIVEL" WHERE "Nome" = 'DIESEL S10'))
ON CONFLICT DO NOTHING;


INSERT INTO public."PRECO_COLETADO" ("Preco", "UnidadeMedida", "DataColeta", "PostoCNPJ", "CombustivelID")
VALUES (6.690, 'R$ / litro', '2022-11-22', '1496517000186',
        (SELECT "ID_Combustivel" FROM public."COMBUSTIVEL" WHERE "Nome" = 'DIESEL S10'))
ON CONFLICT DO NOTHING;


INSERT INTO public."PRECO_COLETADO" ("Preco", "UnidadeMedida", "DataColeta", "PostoCNPJ", "CombustivelID")
VALUES (6.690, 'R$ / litro', '2022-12-05', '1496517000186',
        (SELECT "ID_Combustivel" FROM public."COMBUSTIVEL" WHERE "Nome" = 'DIESEL S10'))
ON CONFLICT DO NOTHING;


INSERT INTO public."PRECO_COLETADO" ("Preco", "UnidadeMedida", "DataColeta", "PostoCNPJ", "CombustivelID")
VALUES (6.690, 'R$ / litro', '2022-12-12', '1496517000186',
        (SELECT "ID_Combustivel" FROM public."COMBUSTIVEL" WHERE "Nome" = 'DIESEL S10'))
ON CONFLICT DO NOTHING;


INSERT INTO public."PRECO_COLETADO" ("Preco", "UnidadeMedida", "DataColeta", "PostoCNPJ", "CombustivelID")
VALUES (6.690, 'R$ / litro', '2022-12-22', '1496517000186',
        (SELECT "ID_Combustivel" FROM public."COMBUSTIVEL" WHERE "Nome" = 'DIESEL S10'))
ON CONFLICT DO NOTHING;


INSERT INTO public."PRECO_COLETADO" ("Preco", "UnidadeMedida", "DataColeta", "PostoCNPJ", "CombustivelID")
VALUES (6.690, 'R$ / litro', '2022-12-26', '1496517000186',
        (SELECT "ID_Combustivel" FROM public."COMBUSTIVEL" WHERE "Nome" = 'DIESEL S10'))
ON CONFLICT DO NOTHING;


INSERT INTO public."PRECO_COLETADO" ("Preco", "UnidadeMedida", "DataColeta", "PostoCNPJ", "CombustivelID")
VALUES (6.690, 'R$ / litro', '2023-01-02', '1496517000186',
        (SELECT "ID_Combustivel" FROM public."COMBUSTIVEL" WHERE "Nome" = 'DIESEL S10'))
ON CONFLICT DO NOTHING;


INSERT INTO public."PRECO_COLETADO" ("Preco", "UnidadeMedida", "DataColeta", "PostoCNPJ", "CombustivelID")
VALUES (6.690, 'R$ / litro', '2023-01-09', '1496517000186',
        (SELECT "ID_Combustivel" FROM public."COMBUSTIVEL" WHERE "Nome" = 'DIESEL S10'))
ON CONFLICT DO NOTHING;


INSERT INTO public."PRECO_COLETADO" ("Preco", "UnidadeMedida", "DataColeta", "PostoCNPJ", "CombustivelID")
VALUES (6.490, 'R$ / litro', '2023-01-16', '1496517000186',
        (SELECT "ID_Combustivel" FROM public."COMBUSTIVEL" WHERE "Nome" = 'DIESEL S10'))
ON CONFLICT DO NOTHING;


INSERT INTO public."PRECO_COLETADO" ("Preco", "UnidadeMedida", "DataColeta", "PostoCNPJ", "CombustivelID")
VALUES (6.490, 'R$ / litro', '2023-01-23', '1496517000186',
        (SELECT "ID_Combustivel" FROM public."COMBUSTIVEL" WHERE "Nome" = 'DIESEL S10'))
ON CONFLICT DO NOTHING;


INSERT INTO public."PRECO_COLETADO" ("Preco", "UnidadeMedida", "DataColeta", "PostoCNPJ", "CombustivelID")
VALUES (6.290, 'R$ / litro', '2023-01-30', '1496517000186',
        (SELECT "ID_Combustivel" FROM public."COMBUSTIVEL" WHERE "Nome" = 'DIESEL S10'))
ON CONFLICT DO NOTHING;


INSERT INTO public."PRECO_COLETADO" ("Preco", "UnidadeMedida", "DataColeta", "PostoCNPJ", "CombustivelID")
VALUES (6.290, 'R$ / litro', '2023-02-06', '1496517000186',
        (SELECT "ID_Combustivel" FROM public."COMBUSTIVEL" WHERE "Nome" = 'DIESEL S10'))
ON CONFLICT DO NOTHING;


INSERT INTO public."PRECO_COLETADO" ("Preco", "UnidadeMedida", "DataColeta", "PostoCNPJ", "CombustivelID")
VALUES (6.290, 'R$ / litro', '2023-02-13', '1496517000186',
        (SELECT "ID_Combustivel" FROM public."COMBUSTIVEL" WHERE "Nome" = 'DIESEL S10'))
ON CONFLICT DO NOTHING;


INSERT INTO public."PRECO_COLETADO" ("Preco", "UnidadeMedida", "DataColeta", "PostoCNPJ", "CombustivelID")
VALUES (6.290, 'R$ / litro', '2023-02-20', '1496517000186',
        (SELECT "ID_Combustivel" FROM public."COMBUSTIVEL" WHERE "Nome" = 'DIESEL S10'))
ON CONFLICT DO NOTHING;


INSERT INTO public."PRECO_COLETADO" ("Preco", "UnidadeMedida", "DataColeta", "PostoCNPJ", "CombustivelID")
VALUES (5.890, 'R$ / litro', '2023-02-27', '1496517000186',
        (SELECT "ID_Combustivel" FROM public."COMBUSTIVEL" WHERE "Nome" = 'DIESEL S10'))
ON CONFLICT DO NOTHING;


INSERT INTO public."PRECO_COLETADO" ("Preco", "UnidadeMedida", "DataColeta", "PostoCNPJ", "CombustivelID")
VALUES (5.890, 'R$ / litro', '2023-03-06', '1496517000186',
        (SELECT "ID_Combustivel" FROM public."COMBUSTIVEL" WHERE "Nome" = 'DIESEL S10'))
ON CONFLICT DO NOTHING;


INSERT INTO public."PRECO_COLETADO" ("Preco", "UnidadeMedida", "DataColeta", "PostoCNPJ", "CombustivelID")
VALUES (5.890, 'R$ / litro', '2023-03-16', '1496517000186',
        (SELECT "ID_Combustivel" FROM public."COMBUSTIVEL" WHERE "Nome" = 'DIESEL S10'))
ON CONFLICT DO NOTHING;


INSERT INTO public."PRECO_COLETADO" ("Preco", "UnidadeMedida", "DataColeta", "PostoCNPJ", "CombustivelID")
VALUES (5.890, 'R$ / litro', '2023-03-21', '1496517000186',
        (SELECT "ID_Combustivel" FROM public."COMBUSTIVEL" WHERE "Nome" = 'DIESEL S10'))
ON CONFLICT DO NOTHING;


INSERT INTO public."PRECO_COLETADO" ("Preco", "UnidadeMedida", "DataColeta", "PostoCNPJ", "CombustivelID")
VALUES (5.690, 'R$ / litro', '2023-03-27', '1496517000186',
        (SELECT "ID_Combustivel" FROM public."COMBUSTIVEL" WHERE "Nome" = 'DIESEL S10'))
ON CONFLICT DO NOTHING;


INSERT INTO public."PRECO_COLETADO" ("Preco", "UnidadeMedida", "DataColeta", "PostoCNPJ", "CombustivelID")
VALUES (5.690, 'R$ / litro', '2023-04-04', '1496517000186',
        (SELECT "ID_Combustivel" FROM public."COMBUSTIVEL" WHERE "Nome" = 'DIESEL S10'))
ON CONFLICT DO NOTHING;


INSERT INTO public."PRECO_COLETADO" ("Preco", "UnidadeMedida", "DataColeta", "PostoCNPJ", "CombustivelID")
VALUES (5.790, 'R$ / litro', '2023-04-10', '1496517000186',
        (SELECT "ID_Combustivel" FROM public."COMBUSTIVEL" WHERE "Nome" = 'DIESEL S10'))
ON CONFLICT DO NOTHING;


INSERT INTO public."PRECO_COLETADO" ("Preco", "UnidadeMedida", "DataColeta", "PostoCNPJ", "CombustivelID")
VALUES (5.790, 'R$ / litro', '2023-04-17', '1496517000186',
        (SELECT "ID_Combustivel" FROM public."COMBUSTIVEL" WHERE "Nome" = 'DIESEL S10'))
ON CONFLICT DO NOTHING;


INSERT INTO public."PRECO_COLETADO" ("Preco", "UnidadeMedida", "DataColeta", "PostoCNPJ", "CombustivelID")
VALUES (5.790, 'R$ / litro', '2023-04-24', '1496517000186',
        (SELECT "ID_Combustivel" FROM public."COMBUSTIVEL" WHERE "Nome" = 'DIESEL S10'))
ON CONFLICT DO NOTHING;


INSERT INTO public."PRECO_COLETADO" ("Preco", "UnidadeMedida", "DataColeta", "PostoCNPJ", "CombustivelID")
VALUES (5.790, 'R$ / litro', '2023-05-02', '1496517000186',
        (SELECT "ID_Combustivel" FROM public."COMBUSTIVEL" WHERE "Nome" = 'DIESEL S10'))
ON CONFLICT DO NOTHING;


INSERT INTO public."PRECO_COLETADO" ("Preco", "UnidadeMedida", "DataColeta", "PostoCNPJ", "CombustivelID")
VALUES (5.590, 'R$ / litro', '2023-05-09', '1496517000186',
        (SELECT "ID_Combustivel" FROM public."COMBUSTIVEL" WHERE "Nome" = 'DIESEL S10'))
ON CONFLICT DO NOTHING;


INSERT INTO public."PRECO_COLETADO" ("Preco", "UnidadeMedida", "DataColeta", "PostoCNPJ", "CombustivelID")
VALUES (5.590, 'R$ / litro', '2023-05-15', '1496517000186',
        (SELECT "ID_Combustivel" FROM public."COMBUSTIVEL" WHERE "Nome" = 'DIESEL S10'))
ON CONFLICT DO NOTHING;


INSERT INTO public."PRECO_COLETADO" ("Preco", "UnidadeMedida", "DataColeta", "PostoCNPJ", "CombustivelID")
VALUES (5.290, 'R$ / litro', '2023-05-22', '1496517000186',
        (SELECT "ID_Combustivel" FROM public."COMBUSTIVEL" WHERE "Nome" = 'DIESEL S10'))
ON CONFLICT DO NOTHING;


INSERT INTO public."PRECO_COLETADO" ("Preco", "UnidadeMedida", "DataColeta", "PostoCNPJ", "CombustivelID")
VALUES (5.290, 'R$ / litro', '2023-05-29', '1496517000186',
        (SELECT "ID_Combustivel" FROM public."COMBUSTIVEL" WHERE "Nome" = 'DIESEL S10'))
ON CONFLICT DO NOTHING;


INSERT INTO public."PRECO_COLETADO" ("Preco", "UnidadeMedida", "DataColeta", "PostoCNPJ", "CombustivelID")
VALUES (5.290, 'R$ / litro', '2023-06-05', '1496517000186',
        (SELECT "ID_Combustivel" FROM public."COMBUSTIVEL" WHERE "Nome" = 'DIESEL S10'))
ON CONFLICT DO NOTHING;


INSERT INTO public."PRECO_COLETADO" ("Preco", "UnidadeMedida", "DataColeta", "PostoCNPJ", "CombustivelID")
VALUES (5.290, 'R$ / litro', '2023-06-13', '1496517000186',
        (SELECT "ID_Combustivel" FROM public."COMBUSTIVEL" WHERE "Nome" = 'DIESEL S10'))
ON CONFLICT DO NOTHING;


INSERT INTO public."PRECO_COLETADO" ("Preco", "UnidadeMedida", "DataColeta", "PostoCNPJ", "CombustivelID")
VALUES (5.290, 'R$ / litro', '2023-06-20', '1496517000186',
        (SELECT "ID_Combustivel" FROM public."COMBUSTIVEL" WHERE "Nome" = 'DIESEL S10'))
ON CONFLICT DO NOTHING;


INSERT INTO public."PRECO_COLETADO" ("Preco", "UnidadeMedida", "DataColeta", "PostoCNPJ", "CombustivelID")
VALUES (5.290, 'R$ / litro', '2023-06-27', '1496517000186',
        (SELECT "ID_Combustivel" FROM public."COMBUSTIVEL" WHERE "Nome" = 'DIESEL S10'))
ON CONFLICT DO NOTHING;


INSERT INTO public."PRECO_COLETADO" ("Preco", "UnidadeMedida", "DataColeta", "PostoCNPJ", "CombustivelID")
VALUES (5.290, 'R$ / litro', '2023-07-04', '1496517000186',
        (SELECT "ID_Combustivel" FROM public."COMBUSTIVEL" WHERE "Nome" = 'DIESEL S10'))
ON CONFLICT DO NOTHING;


INSERT INTO public."PRECO_COLETADO" ("Preco", "UnidadeMedida", "DataColeta", "PostoCNPJ", "CombustivelID")
VALUES (5.090, 'R$ / litro', '2023-07-10', '1496517000186',
        (SELECT "ID_Combustivel" FROM public."COMBUSTIVEL" WHERE "Nome" = 'DIESEL S10'))
ON CONFLICT DO NOTHING;


INSERT INTO public."PRECO_COLETADO" ("Preco", "UnidadeMedida", "DataColeta", "PostoCNPJ", "CombustivelID")
VALUES (5.090, 'R$ / litro', '2023-07-17', '1496517000186',
        (SELECT "ID_Combustivel" FROM public."COMBUSTIVEL" WHERE "Nome" = 'DIESEL S10'))
ON CONFLICT DO NOTHING;


INSERT INTO public."PRECO_COLETADO" ("Preco", "UnidadeMedida", "DataColeta", "PostoCNPJ", "CombustivelID")
VALUES (5.090, 'R$ / litro', '2023-07-24', '1496517000186',
        (SELECT "ID_Combustivel" FROM public."COMBUSTIVEL" WHERE "Nome" = 'DIESEL S10'))
ON CONFLICT DO NOTHING;


INSERT INTO public."PRECO_COLETADO" ("Preco", "UnidadeMedida", "DataColeta", "PostoCNPJ", "CombustivelID")
VALUES (5.090, 'R$ / litro', '2023-07-31', '1496517000186',
        (SELECT "ID_Combustivel" FROM public."COMBUSTIVEL" WHERE "Nome" = 'DIESEL S10'))
ON CONFLICT DO NOTHING;


INSERT INTO public."PRECO_COLETADO" ("Preco", "UnidadeMedida", "DataColeta", "PostoCNPJ", "CombustivelID")
VALUES (5.090, 'R$ / litro', '2023-08-15', '1496517000186',
        (SELECT "ID_Combustivel" FROM public."COMBUSTIVEL" WHERE "Nome" = 'DIESEL S10'))
ON CONFLICT DO NOTHING;


INSERT INTO public."PRECO_COLETADO" ("Preco", "UnidadeMedida", "DataColeta", "PostoCNPJ", "CombustivelID")
VALUES (6.290, 'R$ / litro', '2023-08-22', '1496517000186',
        (SELECT "ID_Combustivel" FROM public."COMBUSTIVEL" WHERE "Nome" = 'DIESEL S10'))
ON CONFLICT DO NOTHING;


INSERT INTO public."PRECO_COLETADO" ("Preco", "UnidadeMedida", "DataColeta", "PostoCNPJ", "CombustivelID")
VALUES (6.290, 'R$ / litro', '2023-08-30', '1496517000186',
        (SELECT "ID_Combustivel" FROM public."COMBUSTIVEL" WHERE "Nome" = 'DIESEL S10'))
ON CONFLICT DO NOTHING;


INSERT INTO public."PRECO_COLETADO" ("Preco", "UnidadeMedida", "DataColeta", "PostoCNPJ", "CombustivelID")
VALUES (6.090, 'R$ / litro', '2023-09-07', '1496517000186',
        (SELECT "ID_Combustivel" FROM public."COMBUSTIVEL" WHERE "Nome" = 'DIESEL S10'))
ON CONFLICT DO NOTHING;


INSERT INTO public."PRECO_COLETADO" ("Preco", "UnidadeMedida", "DataColeta", "PostoCNPJ", "CombustivelID")
VALUES (6.390, 'R$ / litro', '2023-09-12', '1496517000186',
        (SELECT "ID_Combustivel" FROM public."COMBUSTIVEL" WHERE "Nome" = 'DIESEL S10'))
ON CONFLICT DO NOTHING;


INSERT INTO public."PRECO_COLETADO" ("Preco", "UnidadeMedida", "DataColeta", "PostoCNPJ", "CombustivelID")
VALUES (6.290, 'R$ / litro', '2023-09-19', '1496517000186',
        (SELECT "ID_Combustivel" FROM public."COMBUSTIVEL" WHERE "Nome" = 'DIESEL S10'))
ON CONFLICT DO NOTHING;


INSERT INTO public."PRECO_COLETADO" ("Preco", "UnidadeMedida", "DataColeta", "PostoCNPJ", "CombustivelID")
VALUES (6.290, 'R$ / litro', '2023-09-26', '1496517000186',
        (SELECT "ID_Combustivel" FROM public."COMBUSTIVEL" WHERE "Nome" = 'DIESEL S10'))
ON CONFLICT DO NOTHING;


INSERT INTO public."PRECO_COLETADO" ("Preco", "UnidadeMedida", "DataColeta", "PostoCNPJ", "CombustivelID")
VALUES (6.290, 'R$ / litro', '2023-10-03', '1496517000186',
        (SELECT "ID_Combustivel" FROM public."COMBUSTIVEL" WHERE "Nome" = 'DIESEL S10'))
ON CONFLICT DO NOTHING;


INSERT INTO public."PRECO_COLETADO" ("Preco", "UnidadeMedida", "DataColeta", "PostoCNPJ", "CombustivelID")
VALUES (6.290, 'R$ / litro', '2023-10-10', '1496517000186',
        (SELECT "ID_Combustivel" FROM public."COMBUSTIVEL" WHERE "Nome" = 'DIESEL S10'))
ON CONFLICT DO NOTHING;


INSERT INTO public."PRECO_COLETADO" ("Preco", "UnidadeMedida", "DataColeta", "PostoCNPJ", "CombustivelID")
VALUES (6.290, 'R$ / litro', '2023-10-16', '1496517000186',
        (SELECT "ID_Combustivel" FROM public."COMBUSTIVEL" WHERE "Nome" = 'DIESEL S10'))
ON CONFLICT DO NOTHING;


INSERT INTO public."PRECO_COLETADO" ("Preco", "UnidadeMedida", "DataColeta", "PostoCNPJ", "CombustivelID")
VALUES (6.290, 'R$ / litro', '2023-10-24', '1496517000186',
        (SELECT "ID_Combustivel" FROM public."COMBUSTIVEL" WHERE "Nome" = 'DIESEL S10'))
ON CONFLICT DO NOTHING;


INSERT INTO public."PRECO_COLETADO" ("Preco", "UnidadeMedida", "DataColeta", "PostoCNPJ", "CombustivelID")
VALUES (6.290, 'R$ / litro', '2023-10-31', '1496517000186',
        (SELECT "ID_Combustivel" FROM public."COMBUSTIVEL" WHERE "Nome" = 'DIESEL S10'))
ON CONFLICT DO NOTHING;


INSERT INTO public."PRECO_COLETADO" ("Preco", "UnidadeMedida", "DataColeta", "PostoCNPJ", "CombustivelID")
VALUES (6.290, 'R$ / litro', '2023-11-07', '1496517000186',
        (SELECT "ID_Combustivel" FROM public."COMBUSTIVEL" WHERE "Nome" = 'DIESEL S10'))
ON CONFLICT DO NOTHING;


INSERT INTO public."PRECO_COLETADO" ("Preco", "UnidadeMedida", "DataColeta", "PostoCNPJ", "CombustivelID")
VALUES (6.290, 'R$ / litro', '2023-11-14', '1496517000186',
        (SELECT "ID_Combustivel" FROM public."COMBUSTIVEL" WHERE "Nome" = 'DIESEL S10'))
ON CONFLICT DO NOTHING;


INSERT INTO public."PRECO_COLETADO" ("Preco", "UnidadeMedida", "DataColeta", "PostoCNPJ", "CombustivelID")
VALUES (6.290, 'R$ / litro', '2023-11-21', '1496517000186',
        (SELECT "ID_Combustivel" FROM public."COMBUSTIVEL" WHERE "Nome" = 'DIESEL S10'))
ON CONFLICT DO NOTHING;


INSERT INTO public."PRECO_COLETADO" ("Preco", "UnidadeMedida", "DataColeta", "PostoCNPJ", "CombustivelID")
VALUES (6.290, 'R$ / litro', '2023-11-28', '1496517000186',
        (SELECT "ID_Combustivel" FROM public."COMBUSTIVEL" WHERE "Nome" = 'DIESEL S10'))
ON CONFLICT DO NOTHING;


INSERT INTO public."PRECO_COLETADO" ("Preco", "UnidadeMedida", "DataColeta", "PostoCNPJ", "CombustivelID")
VALUES (6.290, 'R$ / litro', '2023-12-06', '1496517000186',
        (SELECT "ID_Combustivel" FROM public."COMBUSTIVEL" WHERE "Nome" = 'DIESEL S10'))
ON CONFLICT DO NOTHING;


INSERT INTO public."PRECO_COLETADO" ("Preco", "UnidadeMedida", "DataColeta", "PostoCNPJ", "CombustivelID")
VALUES (6.290, 'R$ / litro', '2023-12-13', '1496517000186',
        (SELECT "ID_Combustivel" FROM public."COMBUSTIVEL" WHERE "Nome" = 'DIESEL S10'))
ON CONFLICT DO NOTHING;


INSERT INTO public."PRECO_COLETADO" ("Preco", "UnidadeMedida", "DataColeta", "PostoCNPJ", "CombustivelID")
VALUES (6.290, 'R$ / litro', '2023-12-20', '1496517000186',
        (SELECT "ID_Combustivel" FROM public."COMBUSTIVEL" WHERE "Nome" = 'DIESEL S10'))
ON CONFLICT DO NOTHING;


INSERT INTO public."PRECO_COLETADO" ("Preco", "UnidadeMedida", "DataColeta", "PostoCNPJ", "CombustivelID")
VALUES (5.790, 'R$ / litro', '2024-01-08', '1496517000186',
        (SELECT "ID_Combustivel" FROM public."COMBUSTIVEL" WHERE "Nome" = 'DIESEL S10'))
ON CONFLICT DO NOTHING;


INSERT INTO public."PRECO_COLETADO" ("Preco", "UnidadeMedida", "DataColeta", "PostoCNPJ", "CombustivelID")
VALUES (6.190, 'R$ / litro', '2024-01-22', '1496517000186',
        (SELECT "ID_Combustivel" FROM public."COMBUSTIVEL" WHERE "Nome" = 'DIESEL S10'))
ON CONFLICT DO NOTHING;


INSERT INTO public."PRECO_COLETADO" ("Preco", "UnidadeMedida", "DataColeta", "PostoCNPJ", "CombustivelID")
VALUES (6.290, 'R$ / litro', '2024-02-05', '1496517000186',
        (SELECT "ID_Combustivel" FROM public."COMBUSTIVEL" WHERE "Nome" = 'DIESEL S10'))
ON CONFLICT DO NOTHING;


INSERT INTO public."PRECO_COLETADO" ("Preco", "UnidadeMedida", "DataColeta", "PostoCNPJ", "CombustivelID")
VALUES (6.290, 'R$ / litro', '2024-02-12', '1496517000186',
        (SELECT "ID_Combustivel" FROM public."COMBUSTIVEL" WHERE "Nome" = 'DIESEL S10'))
ON CONFLICT DO NOTHING;


INSERT INTO public."PRECO_COLETADO" ("Preco", "UnidadeMedida", "DataColeta", "PostoCNPJ", "CombustivelID")
VALUES (6.290, 'R$ / litro', '2024-02-19', '1496517000186',
        (SELECT "ID_Combustivel" FROM public."COMBUSTIVEL" WHERE "Nome" = 'DIESEL S10'))
ON CONFLICT DO NOTHING;


INSERT INTO public."PRECO_COLETADO" ("Preco", "UnidadeMedida", "DataColeta", "PostoCNPJ", "CombustivelID")
VALUES (6.290, 'R$ / litro', '2024-02-26', '1496517000186',
        (SELECT "ID_Combustivel" FROM public."COMBUSTIVEL" WHERE "Nome" = 'DIESEL S10'))
ON CONFLICT DO NOTHING;


INSERT INTO public."PRECO_COLETADO" ("Preco", "UnidadeMedida", "DataColeta", "PostoCNPJ", "CombustivelID")
VALUES (6.290, 'R$ / litro', '2024-03-04', '1496517000186',
        (SELECT "ID_Combustivel" FROM public."COMBUSTIVEL" WHERE "Nome" = 'DIESEL S10'))
ON CONFLICT DO NOTHING;


INSERT INTO public."PRECO_COLETADO" ("Preco", "UnidadeMedida", "DataColeta", "PostoCNPJ", "CombustivelID")
VALUES (6.290, 'R$ / litro', '2024-03-11', '1496517000186',
        (SELECT "ID_Combustivel" FROM public."COMBUSTIVEL" WHERE "Nome" = 'DIESEL S10'))
ON CONFLICT DO NOTHING;


INSERT INTO public."PRECO_COLETADO" ("Preco", "UnidadeMedida", "DataColeta", "PostoCNPJ", "CombustivelID")
VALUES (6.290, 'R$ / litro', '2024-03-18', '1496517000186',
        (SELECT "ID_Combustivel" FROM public."COMBUSTIVEL" WHERE "Nome" = 'DIESEL S10'))
ON CONFLICT DO NOTHING;


INSERT INTO public."PRECO_COLETADO" ("Preco", "UnidadeMedida", "DataColeta", "PostoCNPJ", "CombustivelID")
VALUES (6.290, 'R$ / litro', '2024-03-25', '1496517000186',
        (SELECT "ID_Combustivel" FROM public."COMBUSTIVEL" WHERE "Nome" = 'DIESEL S10'))
ON CONFLICT DO NOTHING;


INSERT INTO public."PRECO_COLETADO" ("Preco", "UnidadeMedida", "DataColeta", "PostoCNPJ", "CombustivelID")
VALUES (6.290, 'R$ / litro', '2024-04-02', '1496517000186',
        (SELECT "ID_Combustivel" FROM public."COMBUSTIVEL" WHERE "Nome" = 'DIESEL S10'))
ON CONFLICT DO NOTHING;


INSERT INTO public."PRECO_COLETADO" ("Preco", "UnidadeMedida", "DataColeta", "PostoCNPJ", "CombustivelID")
VALUES (6.290, 'R$ / litro', '2024-04-08', '1496517000186',
        (SELECT "ID_Combustivel" FROM public."COMBUSTIVEL" WHERE "Nome" = 'DIESEL S10'))
ON CONFLICT DO NOTHING;


INSERT INTO public."PRECO_COLETADO" ("Preco", "UnidadeMedida", "DataColeta", "PostoCNPJ", "CombustivelID")
VALUES (6.290, 'R$ / litro', '2024-04-15', '1496517000186',
        (SELECT "ID_Combustivel" FROM public."COMBUSTIVEL" WHERE "Nome" = 'DIESEL S10'))
ON CONFLICT DO NOTHING;


INSERT INTO public."PRECO_COLETADO" ("Preco", "UnidadeMedida", "DataColeta", "PostoCNPJ", "CombustivelID")
VALUES (6.290, 'R$ / litro', '2024-04-22', '1496517000186',
        (SELECT "ID_Combustivel" FROM public."COMBUSTIVEL" WHERE "Nome" = 'DIESEL S10'))
ON CONFLICT DO NOTHING;


INSERT INTO public."PRECO_COLETADO" ("Preco", "UnidadeMedida", "DataColeta", "PostoCNPJ", "CombustivelID")
VALUES (6.290, 'R$ / litro', '2024-04-29', '1496517000186',
        (SELECT "ID_Combustivel" FROM public."COMBUSTIVEL" WHERE "Nome" = 'DIESEL S10'))
ON CONFLICT DO NOTHING;


INSERT INTO public."PRECO_COLETADO" ("Preco", "UnidadeMedida", "DataColeta", "PostoCNPJ", "CombustivelID")
VALUES (6.290, 'R$ / litro', '2024-05-06', '1496517000186',
        (SELECT "ID_Combustivel" FROM public."COMBUSTIVEL" WHERE "Nome" = 'DIESEL S10'))
ON CONFLICT DO NOTHING;


INSERT INTO public."PRECO_COLETADO" ("Preco", "UnidadeMedida", "DataColeta", "PostoCNPJ", "CombustivelID")
VALUES (6.290, 'R$ / litro', '2024-05-14', '1496517000186',
        (SELECT "ID_Combustivel" FROM public."COMBUSTIVEL" WHERE "Nome" = 'DIESEL S10'))
ON CONFLICT DO NOTHING;


INSERT INTO public."PRECO_COLETADO" ("Preco", "UnidadeMedida", "DataColeta", "PostoCNPJ", "CombustivelID")
VALUES (6.290, 'R$ / litro', '2024-05-20', '1496517000186',
        (SELECT "ID_Combustivel" FROM public."COMBUSTIVEL" WHERE "Nome" = 'DIESEL S10'))
ON CONFLICT DO NOTHING;


INSERT INTO public."PRECO_COLETADO" ("Preco", "UnidadeMedida", "DataColeta", "PostoCNPJ", "CombustivelID")
VALUES (6.290, 'R$ / litro', '2024-05-27', '1496517000186',
        (SELECT "ID_Combustivel" FROM public."COMBUSTIVEL" WHERE "Nome" = 'DIESEL S10'))
ON CONFLICT DO NOTHING;


INSERT INTO public."PRECO_COLETADO" ("Preco", "UnidadeMedida", "DataColeta", "PostoCNPJ", "CombustivelID")
VALUES (6.290, 'R$ / litro', '2024-06-10', '1496517000186',
        (SELECT "ID_Combustivel" FROM public."COMBUSTIVEL" WHERE "Nome" = 'DIESEL S10'))
ON CONFLICT DO NOTHING;


INSERT INTO public."PRECO_COLETADO" ("Preco", "UnidadeMedida", "DataColeta", "PostoCNPJ", "CombustivelID")
VALUES (6.290, 'R$ / litro', '2024-06-17', '1496517000186',
        (SELECT "ID_Combustivel" FROM public."COMBUSTIVEL" WHERE "Nome" = 'DIESEL S10'))
ON CONFLICT DO NOTHING;


INSERT INTO public."PRECO_COLETADO" ("Preco", "UnidadeMedida", "DataColeta", "PostoCNPJ", "CombustivelID")
VALUES (6.290, 'R$ / litro', '2024-06-24', '1496517000186',
        (SELECT "ID_Combustivel" FROM public."COMBUSTIVEL" WHERE "Nome" = 'DIESEL S10'))
ON CONFLICT DO NOTHING;


INSERT INTO public."PRECO_COLETADO" ("Preco", "UnidadeMedida", "DataColeta", "PostoCNPJ", "CombustivelID")
VALUES (6.290, 'R$ / litro', '2024-07-01', '1496517000186',
        (SELECT "ID_Combustivel" FROM public."COMBUSTIVEL" WHERE "Nome" = 'DIESEL S10'))
ON CONFLICT DO NOTHING;


INSERT INTO public."PRECO_COLETADO" ("Preco", "UnidadeMedida", "DataColeta", "PostoCNPJ", "CombustivelID")
VALUES (6.290, 'R$ / litro', '2024-07-09', '1496517000186',
        (SELECT "ID_Combustivel" FROM public."COMBUSTIVEL" WHERE "Nome" = 'DIESEL S10'))
ON CONFLICT DO NOTHING;


INSERT INTO public."PRECO_COLETADO" ("Preco", "UnidadeMedida", "DataColeta", "PostoCNPJ", "CombustivelID")
VALUES (6.290, 'R$ / litro', '2024-07-16', '1496517000186',
        (SELECT "ID_Combustivel" FROM public."COMBUSTIVEL" WHERE "Nome" = 'DIESEL S10'))
ON CONFLICT DO NOTHING;


INSERT INTO public."PRECO_COLETADO" ("Preco", "UnidadeMedida", "DataColeta", "PostoCNPJ", "CombustivelID")
VALUES (6.290, 'R$ / litro', '2024-07-22', '1496517000186',
        (SELECT "ID_Combustivel" FROM public."COMBUSTIVEL" WHERE "Nome" = 'DIESEL S10'))
ON CONFLICT DO NOTHING;


INSERT INTO public."PRECO_COLETADO" ("Preco", "UnidadeMedida", "DataColeta", "PostoCNPJ", "CombustivelID")
VALUES (6.290, 'R$ / litro', '2024-07-29', '1496517000186',
        (SELECT "ID_Combustivel" FROM public."COMBUSTIVEL" WHERE "Nome" = 'DIESEL S10'))
ON CONFLICT DO NOTHING;


INSERT INTO public."PRECO_COLETADO" ("Preco", "UnidadeMedida", "DataColeta", "PostoCNPJ", "CombustivelID")
VALUES (6.290, 'R$ / litro', '2024-08-05', '1496517000186',
        (SELECT "ID_Combustivel" FROM public."COMBUSTIVEL" WHERE "Nome" = 'DIESEL S10'))
ON CONFLICT DO NOTHING;


INSERT INTO public."PRECO_COLETADO" ("Preco", "UnidadeMedida", "DataColeta", "PostoCNPJ", "CombustivelID")
VALUES (6.290, 'R$ / litro', '2024-08-12', '1496517000186',
        (SELECT "ID_Combustivel" FROM public."COMBUSTIVEL" WHERE "Nome" = 'DIESEL S10'))
ON CONFLICT DO NOTHING;


INSERT INTO public."PRECO_COLETADO" ("Preco", "UnidadeMedida", "DataColeta", "PostoCNPJ", "CombustivelID")
VALUES (6.290, 'R$ / litro', '2024-08-20', '1496517000186',
        (SELECT "ID_Combustivel" FROM public."COMBUSTIVEL" WHERE "Nome" = 'DIESEL S10'))
ON CONFLICT DO NOTHING;


INSERT INTO public."PRECO_COLETADO" ("Preco", "UnidadeMedida", "DataColeta", "PostoCNPJ", "CombustivelID")
VALUES (6.290, 'R$ / litro', '2024-08-26', '1496517000186',
        (SELECT "ID_Combustivel" FROM public."COMBUSTIVEL" WHERE "Nome" = 'DIESEL S10'))
ON CONFLICT DO NOTHING;


INSERT INTO public."PRECO_COLETADO" ("Preco", "UnidadeMedida", "DataColeta", "PostoCNPJ", "CombustivelID")
VALUES (6.290, 'R$ / litro', '2024-09-02', '1496517000186',
        (SELECT "ID_Combustivel" FROM public."COMBUSTIVEL" WHERE "Nome" = 'DIESEL S10'))
ON CONFLICT DO NOTHING;


INSERT INTO public."COMBUSTIVEL" ("Nome")
VALUES ('GASOLINA ADITIVADA')
ON CONFLICT ("Nome") DO NOTHING;


INSERT INTO public."PRECO_COLETADO" ("Preco", "UnidadeMedida", "DataColeta", "PostoCNPJ", "CombustivelID")
VALUES (5.190, 'R$ / litro', '2022-10-24', '1496517000186',
        (SELECT "ID_Combustivel" FROM public."COMBUSTIVEL" WHERE "Nome" = 'GASOLINA ADITIVADA'))
ON CONFLICT DO NOTHING;


INSERT INTO public."PRECO_COLETADO" ("Preco", "UnidadeMedida", "DataColeta", "PostoCNPJ", "CombustivelID")
VALUES (5.190, 'R$ / litro', '2022-10-31', '1496517000186',
        (SELECT "ID_Combustivel" FROM public."COMBUSTIVEL" WHERE "Nome" = 'GASOLINA ADITIVADA'))
ON CONFLICT DO NOTHING;


INSERT INTO public."PRECO_COLETADO" ("Preco", "UnidadeMedida", "DataColeta", "PostoCNPJ", "CombustivelID")
VALUES (5.290, 'R$ / litro', '2022-11-14', '1496517000186',
        (SELECT "ID_Combustivel" FROM public."COMBUSTIVEL" WHERE "Nome" = 'GASOLINA ADITIVADA'))
ON CONFLICT DO NOTHING;


INSERT INTO public."PRECO_COLETADO" ("Preco", "UnidadeMedida", "DataColeta", "PostoCNPJ", "CombustivelID")
VALUES (5.290, 'R$ / litro', '2022-11-22', '1496517000186',
        (SELECT "ID_Combustivel" FROM public."COMBUSTIVEL" WHERE "Nome" = 'GASOLINA ADITIVADA'))
ON CONFLICT DO NOTHING;


INSERT INTO public."PRECO_COLETADO" ("Preco", "UnidadeMedida", "DataColeta", "PostoCNPJ", "CombustivelID")
VALUES (5.290, 'R$ / litro', '2022-12-05', '1496517000186',
        (SELECT "ID_Combustivel" FROM public."COMBUSTIVEL" WHERE "Nome" = 'GASOLINA ADITIVADA'))
ON CONFLICT DO NOTHING;


INSERT INTO public."PRECO_COLETADO" ("Preco", "UnidadeMedida", "DataColeta", "PostoCNPJ", "CombustivelID")
VALUES (5.290, 'R$ / litro', '2022-12-12', '1496517000186',
        (SELECT "ID_Combustivel" FROM public."COMBUSTIVEL" WHERE "Nome" = 'GASOLINA ADITIVADA'))
ON CONFLICT DO NOTHING;


INSERT INTO public."PRECO_COLETADO" ("Preco", "UnidadeMedida", "DataColeta", "PostoCNPJ", "CombustivelID")
VALUES (5.290, 'R$ / litro', '2022-12-22', '1496517000186',
        (SELECT "ID_Combustivel" FROM public."COMBUSTIVEL" WHERE "Nome" = 'GASOLINA ADITIVADA'))
ON CONFLICT DO NOTHING;


INSERT INTO public."PRECO_COLETADO" ("Preco", "UnidadeMedida", "DataColeta", "PostoCNPJ", "CombustivelID")
VALUES (5.290, 'R$ / litro', '2022-12-26', '1496517000186',
        (SELECT "ID_Combustivel" FROM public."COMBUSTIVEL" WHERE "Nome" = 'GASOLINA ADITIVADA'))
ON CONFLICT DO NOTHING;


INSERT INTO public."PRECO_COLETADO" ("Preco", "UnidadeMedida", "DataColeta", "PostoCNPJ", "CombustivelID")
VALUES (6.190, 'R$ / litro', '2023-01-02', '1496517000186',
        (SELECT "ID_Combustivel" FROM public."COMBUSTIVEL" WHERE "Nome" = 'GASOLINA ADITIVADA'))
ON CONFLICT DO NOTHING;


INSERT INTO public."PRECO_COLETADO" ("Preco", "UnidadeMedida", "DataColeta", "PostoCNPJ", "CombustivelID")
VALUES (5.390, 'R$ / litro', '2023-01-09', '1496517000186',
        (SELECT "ID_Combustivel" FROM public."COMBUSTIVEL" WHERE "Nome" = 'GASOLINA ADITIVADA'))
ON CONFLICT DO NOTHING;


INSERT INTO public."PRECO_COLETADO" ("Preco", "UnidadeMedida", "DataColeta", "PostoCNPJ", "CombustivelID")
VALUES (5.390, 'R$ / litro', '2023-01-16', '1496517000186',
        (SELECT "ID_Combustivel" FROM public."COMBUSTIVEL" WHERE "Nome" = 'GASOLINA ADITIVADA'))
ON CONFLICT DO NOTHING;


INSERT INTO public."PRECO_COLETADO" ("Preco", "UnidadeMedida", "DataColeta", "PostoCNPJ", "CombustivelID")
VALUES (5.290, 'R$ / litro', '2023-01-23', '1496517000186',
        (SELECT "ID_Combustivel" FROM public."COMBUSTIVEL" WHERE "Nome" = 'GASOLINA ADITIVADA'))
ON CONFLICT DO NOTHING;


INSERT INTO public."PRECO_COLETADO" ("Preco", "UnidadeMedida", "DataColeta", "PostoCNPJ", "CombustivelID")
VALUES (5.490, 'R$ / litro', '2023-01-30', '1496517000186',
        (SELECT "ID_Combustivel" FROM public."COMBUSTIVEL" WHERE "Nome" = 'GASOLINA ADITIVADA'))
ON CONFLICT DO NOTHING;


INSERT INTO public."PRECO_COLETADO" ("Preco", "UnidadeMedida", "DataColeta", "PostoCNPJ", "CombustivelID")
VALUES (5.290, 'R$ / litro', '2023-02-06', '1496517000186',
        (SELECT "ID_Combustivel" FROM public."COMBUSTIVEL" WHERE "Nome" = 'GASOLINA ADITIVADA'))
ON CONFLICT DO NOTHING;


INSERT INTO public."PRECO_COLETADO" ("Preco", "UnidadeMedida", "DataColeta", "PostoCNPJ", "CombustivelID")
VALUES (5.290, 'R$ / litro', '2023-02-13', '1496517000186',
        (SELECT "ID_Combustivel" FROM public."COMBUSTIVEL" WHERE "Nome" = 'GASOLINA ADITIVADA'))
ON CONFLICT DO NOTHING;


INSERT INTO public."PRECO_COLETADO" ("Preco", "UnidadeMedida", "DataColeta", "PostoCNPJ", "CombustivelID")
VALUES (5.290, 'R$ / litro', '2023-02-20', '1496517000186',
        (SELECT "ID_Combustivel" FROM public."COMBUSTIVEL" WHERE "Nome" = 'GASOLINA ADITIVADA'))
ON CONFLICT DO NOTHING;


INSERT INTO public."PRECO_COLETADO" ("Preco", "UnidadeMedida", "DataColeta", "PostoCNPJ", "CombustivelID")
VALUES (5.290, 'R$ / litro', '2023-02-27', '1496517000186',
        (SELECT "ID_Combustivel" FROM public."COMBUSTIVEL" WHERE "Nome" = 'GASOLINA ADITIVADA'))
ON CONFLICT DO NOTHING;


INSERT INTO public."PRECO_COLETADO" ("Preco", "UnidadeMedida", "DataColeta", "PostoCNPJ", "CombustivelID")
VALUES (5.990, 'R$ / litro', '2023-03-06', '1496517000186',
        (SELECT "ID_Combustivel" FROM public."COMBUSTIVEL" WHERE "Nome" = 'GASOLINA ADITIVADA'))
ON CONFLICT DO NOTHING;


INSERT INTO public."PRECO_COLETADO" ("Preco", "UnidadeMedida", "DataColeta", "PostoCNPJ", "CombustivelID")
VALUES (5.690, 'R$ / litro', '2023-03-16', '1496517000186',
        (SELECT "ID_Combustivel" FROM public."COMBUSTIVEL" WHERE "Nome" = 'GASOLINA ADITIVADA'))
ON CONFLICT DO NOTHING;


INSERT INTO public."PRECO_COLETADO" ("Preco", "UnidadeMedida", "DataColeta", "PostoCNPJ", "CombustivelID")
VALUES (5.690, 'R$ / litro', '2023-03-21', '1496517000186',
        (SELECT "ID_Combustivel" FROM public."COMBUSTIVEL" WHERE "Nome" = 'GASOLINA ADITIVADA'))
ON CONFLICT DO NOTHING;


INSERT INTO public."PRECO_COLETADO" ("Preco", "UnidadeMedida", "DataColeta", "PostoCNPJ", "CombustivelID")
VALUES (5.590, 'R$ / litro', '2023-03-27', '1496517000186',
        (SELECT "ID_Combustivel" FROM public."COMBUSTIVEL" WHERE "Nome" = 'GASOLINA ADITIVADA'))
ON CONFLICT DO NOTHING;


INSERT INTO public."PRECO_COLETADO" ("Preco", "UnidadeMedida", "DataColeta", "PostoCNPJ", "CombustivelID")
VALUES (5.590, 'R$ / litro', '2023-04-04', '1496517000186',
        (SELECT "ID_Combustivel" FROM public."COMBUSTIVEL" WHERE "Nome" = 'GASOLINA ADITIVADA'))
ON CONFLICT DO NOTHING;


INSERT INTO public."PRECO_COLETADO" ("Preco", "UnidadeMedida", "DataColeta", "PostoCNPJ", "CombustivelID")
VALUES (5.690, 'R$ / litro', '2023-04-10', '1496517000186',
        (SELECT "ID_Combustivel" FROM public."COMBUSTIVEL" WHERE "Nome" = 'GASOLINA ADITIVADA'))
ON CONFLICT DO NOTHING;


INSERT INTO public."PRECO_COLETADO" ("Preco", "UnidadeMedida", "DataColeta", "PostoCNPJ", "CombustivelID")
VALUES (5.790, 'R$ / litro', '2023-04-17', '1496517000186',
        (SELECT "ID_Combustivel" FROM public."COMBUSTIVEL" WHERE "Nome" = 'GASOLINA ADITIVADA'))
ON CONFLICT DO NOTHING;


INSERT INTO public."PRECO_COLETADO" ("Preco", "UnidadeMedida", "DataColeta", "PostoCNPJ", "CombustivelID")
VALUES (5.790, 'R$ / litro', '2023-04-24', '1496517000186',
        (SELECT "ID_Combustivel" FROM public."COMBUSTIVEL" WHERE "Nome" = 'GASOLINA ADITIVADA'))
ON CONFLICT DO NOTHING;


INSERT INTO public."PRECO_COLETADO" ("Preco", "UnidadeMedida", "DataColeta", "PostoCNPJ", "CombustivelID")
VALUES (5.790, 'R$ / litro', '2023-05-02', '1496517000186',
        (SELECT "ID_Combustivel" FROM public."COMBUSTIVEL" WHERE "Nome" = 'GASOLINA ADITIVADA'))
ON CONFLICT DO NOTHING;


INSERT INTO public."PRECO_COLETADO" ("Preco", "UnidadeMedida", "DataColeta", "PostoCNPJ", "CombustivelID")
VALUES (5.690, 'R$ / litro', '2023-05-09', '1496517000186',
        (SELECT "ID_Combustivel" FROM public."COMBUSTIVEL" WHERE "Nome" = 'GASOLINA ADITIVADA'))
ON CONFLICT DO NOTHING;


INSERT INTO public."PRECO_COLETADO" ("Preco", "UnidadeMedida", "DataColeta", "PostoCNPJ", "CombustivelID")
VALUES (5.690, 'R$ / litro', '2023-05-15', '1496517000186',
        (SELECT "ID_Combustivel" FROM public."COMBUSTIVEL" WHERE "Nome" = 'GASOLINA ADITIVADA'))
ON CONFLICT DO NOTHING;


INSERT INTO public."PRECO_COLETADO" ("Preco", "UnidadeMedida", "DataColeta", "PostoCNPJ", "CombustivelID")
VALUES (5.390, 'R$ / litro', '2023-05-22', '1496517000186',
        (SELECT "ID_Combustivel" FROM public."COMBUSTIVEL" WHERE "Nome" = 'GASOLINA ADITIVADA'))
ON CONFLICT DO NOTHING;


INSERT INTO public."PRECO_COLETADO" ("Preco", "UnidadeMedida", "DataColeta", "PostoCNPJ", "CombustivelID")
VALUES (5.390, 'R$ / litro', '2023-05-29', '1496517000186',
        (SELECT "ID_Combustivel" FROM public."COMBUSTIVEL" WHERE "Nome" = 'GASOLINA ADITIVADA'))
ON CONFLICT DO NOTHING;


INSERT INTO public."PRECO_COLETADO" ("Preco", "UnidadeMedida", "DataColeta", "PostoCNPJ", "CombustivelID")
VALUES (5.790, 'R$ / litro', '2023-06-05', '1496517000186',
        (SELECT "ID_Combustivel" FROM public."COMBUSTIVEL" WHERE "Nome" = 'GASOLINA ADITIVADA'))
ON CONFLICT DO NOTHING;


INSERT INTO public."PRECO_COLETADO" ("Preco", "UnidadeMedida", "DataColeta", "PostoCNPJ", "CombustivelID")
VALUES (5.790, 'R$ / litro', '2023-06-13', '1496517000186',
        (SELECT "ID_Combustivel" FROM public."COMBUSTIVEL" WHERE "Nome" = 'GASOLINA ADITIVADA'))
ON CONFLICT DO NOTHING;


INSERT INTO public."PRECO_COLETADO" ("Preco", "UnidadeMedida", "DataColeta", "PostoCNPJ", "CombustivelID")
VALUES (5.790, 'R$ / litro', '2023-06-20', '1496517000186',
        (SELECT "ID_Combustivel" FROM public."COMBUSTIVEL" WHERE "Nome" = 'GASOLINA ADITIVADA'))
ON CONFLICT DO NOTHING;


INSERT INTO public."PRECO_COLETADO" ("Preco", "UnidadeMedida", "DataColeta", "PostoCNPJ", "CombustivelID")
VALUES (5.690, 'R$ / litro', '2023-06-27', '1496517000186',
        (SELECT "ID_Combustivel" FROM public."COMBUSTIVEL" WHERE "Nome" = 'GASOLINA ADITIVADA'))
ON CONFLICT DO NOTHING;


INSERT INTO public."PRECO_COLETADO" ("Preco", "UnidadeMedida", "DataColeta", "PostoCNPJ", "CombustivelID")
VALUES (6.090, 'R$ / litro', '2023-07-04', '1496517000186',
        (SELECT "ID_Combustivel" FROM public."COMBUSTIVEL" WHERE "Nome" = 'GASOLINA ADITIVADA'))
ON CONFLICT DO NOTHING;


INSERT INTO public."PRECO_COLETADO" ("Preco", "UnidadeMedida", "DataColeta", "PostoCNPJ", "CombustivelID")
VALUES (5.990, 'R$ / litro', '2023-07-10', '1496517000186',
        (SELECT "ID_Combustivel" FROM public."COMBUSTIVEL" WHERE "Nome" = 'GASOLINA ADITIVADA'))
ON CONFLICT DO NOTHING;


INSERT INTO public."PRECO_COLETADO" ("Preco", "UnidadeMedida", "DataColeta", "PostoCNPJ", "CombustivelID")
VALUES (5.890, 'R$ / litro', '2023-07-17', '1496517000186',
        (SELECT "ID_Combustivel" FROM public."COMBUSTIVEL" WHERE "Nome" = 'GASOLINA ADITIVADA'))
ON CONFLICT DO NOTHING;


INSERT INTO public."PRECO_COLETADO" ("Preco", "UnidadeMedida", "DataColeta", "PostoCNPJ", "CombustivelID")
VALUES (5.890, 'R$ / litro', '2023-07-24', '1496517000186',
        (SELECT "ID_Combustivel" FROM public."COMBUSTIVEL" WHERE "Nome" = 'GASOLINA ADITIVADA'))
ON CONFLICT DO NOTHING;


INSERT INTO public."PRECO_COLETADO" ("Preco", "UnidadeMedida", "DataColeta", "PostoCNPJ", "CombustivelID")
VALUES (5.790, 'R$ / litro', '2023-07-31', '1496517000186',
        (SELECT "ID_Combustivel" FROM public."COMBUSTIVEL" WHERE "Nome" = 'GASOLINA ADITIVADA'))
ON CONFLICT DO NOTHING;


INSERT INTO public."PRECO_COLETADO" ("Preco", "UnidadeMedida", "DataColeta", "PostoCNPJ", "CombustivelID")
VALUES (5.690, 'R$ / litro', '2023-08-15', '1496517000186',
        (SELECT "ID_Combustivel" FROM public."COMBUSTIVEL" WHERE "Nome" = 'GASOLINA ADITIVADA'))
ON CONFLICT DO NOTHING;


INSERT INTO public."PRECO_COLETADO" ("Preco", "UnidadeMedida", "DataColeta", "PostoCNPJ", "CombustivelID")
VALUES (6.190, 'R$ / litro', '2023-08-22', '1496517000186',
        (SELECT "ID_Combustivel" FROM public."COMBUSTIVEL" WHERE "Nome" = 'GASOLINA ADITIVADA'))
ON CONFLICT DO NOTHING;


INSERT INTO public."PRECO_COLETADO" ("Preco", "UnidadeMedida", "DataColeta", "PostoCNPJ", "CombustivelID")
VALUES (6.090, 'R$ / litro', '2023-08-30', '1496517000186',
        (SELECT "ID_Combustivel" FROM public."COMBUSTIVEL" WHERE "Nome" = 'GASOLINA ADITIVADA'))
ON CONFLICT DO NOTHING;


INSERT INTO public."PRECO_COLETADO" ("Preco", "UnidadeMedida", "DataColeta", "PostoCNPJ", "CombustivelID")
VALUES (6.090, 'R$ / litro', '2023-09-07', '1496517000186',
        (SELECT "ID_Combustivel" FROM public."COMBUSTIVEL" WHERE "Nome" = 'GASOLINA ADITIVADA'))
ON CONFLICT DO NOTHING;


INSERT INTO public."PRECO_COLETADO" ("Preco", "UnidadeMedida", "DataColeta", "PostoCNPJ", "CombustivelID")
VALUES (6.090, 'R$ / litro', '2023-09-12', '1496517000186',
        (SELECT "ID_Combustivel" FROM public."COMBUSTIVEL" WHERE "Nome" = 'GASOLINA ADITIVADA'))
ON CONFLICT DO NOTHING;


INSERT INTO public."PRECO_COLETADO" ("Preco", "UnidadeMedida", "DataColeta", "PostoCNPJ", "CombustivelID")
VALUES (5.990, 'R$ / litro', '2023-09-19', '1496517000186',
        (SELECT "ID_Combustivel" FROM public."COMBUSTIVEL" WHERE "Nome" = 'GASOLINA ADITIVADA'))
ON CONFLICT DO NOTHING;


INSERT INTO public."PRECO_COLETADO" ("Preco", "UnidadeMedida", "DataColeta", "PostoCNPJ", "CombustivelID")
VALUES (5.990, 'R$ / litro', '2023-09-26', '1496517000186',
        (SELECT "ID_Combustivel" FROM public."COMBUSTIVEL" WHERE "Nome" = 'GASOLINA ADITIVADA'))
ON CONFLICT DO NOTHING;


INSERT INTO public."PRECO_COLETADO" ("Preco", "UnidadeMedida", "DataColeta", "PostoCNPJ", "CombustivelID")
VALUES (5.990, 'R$ / litro', '2023-10-03', '1496517000186',
        (SELECT "ID_Combustivel" FROM public."COMBUSTIVEL" WHERE "Nome" = 'GASOLINA ADITIVADA'))
ON CONFLICT DO NOTHING;


INSERT INTO public."PRECO_COLETADO" ("Preco", "UnidadeMedida", "DataColeta", "PostoCNPJ", "CombustivelID")
VALUES (5.990, 'R$ / litro', '2023-10-10', '1496517000186',
        (SELECT "ID_Combustivel" FROM public."COMBUSTIVEL" WHERE "Nome" = 'GASOLINA ADITIVADA'))
ON CONFLICT DO NOTHING;


INSERT INTO public."PRECO_COLETADO" ("Preco", "UnidadeMedida", "DataColeta", "PostoCNPJ", "CombustivelID")
VALUES (5.990, 'R$ / litro', '2023-10-16', '1496517000186',
        (SELECT "ID_Combustivel" FROM public."COMBUSTIVEL" WHERE "Nome" = 'GASOLINA ADITIVADA'))
ON CONFLICT DO NOTHING;


INSERT INTO public."PRECO_COLETADO" ("Preco", "UnidadeMedida", "DataColeta", "PostoCNPJ", "CombustivelID")
VALUES (5.990, 'R$ / litro', '2023-10-24', '1496517000186',
        (SELECT "ID_Combustivel" FROM public."COMBUSTIVEL" WHERE "Nome" = 'GASOLINA ADITIVADA'))
ON CONFLICT DO NOTHING;


INSERT INTO public."PRECO_COLETADO" ("Preco", "UnidadeMedida", "DataColeta", "PostoCNPJ", "CombustivelID")
VALUES (5.890, 'R$ / litro', '2023-10-31', '1496517000186',
        (SELECT "ID_Combustivel" FROM public."COMBUSTIVEL" WHERE "Nome" = 'GASOLINA ADITIVADA'))
ON CONFLICT DO NOTHING;


INSERT INTO public."PRECO_COLETADO" ("Preco", "UnidadeMedida", "DataColeta", "PostoCNPJ", "CombustivelID")
VALUES (5.890, 'R$ / litro', '2023-11-07', '1496517000186',
        (SELECT "ID_Combustivel" FROM public."COMBUSTIVEL" WHERE "Nome" = 'GASOLINA ADITIVADA'))
ON CONFLICT DO NOTHING;


INSERT INTO public."PRECO_COLETADO" ("Preco", "UnidadeMedida", "DataColeta", "PostoCNPJ", "CombustivelID")
VALUES (5.790, 'R$ / litro', '2023-11-14', '1496517000186',
        (SELECT "ID_Combustivel" FROM public."COMBUSTIVEL" WHERE "Nome" = 'GASOLINA ADITIVADA'))
ON CONFLICT DO NOTHING;


INSERT INTO public."PRECO_COLETADO" ("Preco", "UnidadeMedida", "DataColeta", "PostoCNPJ", "CombustivelID")
VALUES (5.790, 'R$ / litro', '2023-11-21', '1496517000186',
        (SELECT "ID_Combustivel" FROM public."COMBUSTIVEL" WHERE "Nome" = 'GASOLINA ADITIVADA'))
ON CONFLICT DO NOTHING;


INSERT INTO public."PRECO_COLETADO" ("Preco", "UnidadeMedida", "DataColeta", "PostoCNPJ", "CombustivelID")
VALUES (5.790, 'R$ / litro', '2023-11-28', '1496517000186',
        (SELECT "ID_Combustivel" FROM public."COMBUSTIVEL" WHERE "Nome" = 'GASOLINA ADITIVADA'))
ON CONFLICT DO NOTHING;


INSERT INTO public."PRECO_COLETADO" ("Preco", "UnidadeMedida", "DataColeta", "PostoCNPJ", "CombustivelID")
VALUES (5.790, 'R$ / litro', '2023-12-06', '1496517000186',
        (SELECT "ID_Combustivel" FROM public."COMBUSTIVEL" WHERE "Nome" = 'GASOLINA ADITIVADA'))
ON CONFLICT DO NOTHING;


INSERT INTO public."PRECO_COLETADO" ("Preco", "UnidadeMedida", "DataColeta", "PostoCNPJ", "CombustivelID")
VALUES (5.790, 'R$ / litro', '2023-12-13', '1496517000186',
        (SELECT "ID_Combustivel" FROM public."COMBUSTIVEL" WHERE "Nome" = 'GASOLINA ADITIVADA'))
ON CONFLICT DO NOTHING;


INSERT INTO public."PRECO_COLETADO" ("Preco", "UnidadeMedida", "DataColeta", "PostoCNPJ", "CombustivelID")
VALUES (5.790, 'R$ / litro', '2023-12-20', '1496517000186',
        (SELECT "ID_Combustivel" FROM public."COMBUSTIVEL" WHERE "Nome" = 'GASOLINA ADITIVADA'))
ON CONFLICT DO NOTHING;


INSERT INTO public."PRECO_COLETADO" ("Preco", "UnidadeMedida", "DataColeta", "PostoCNPJ", "CombustivelID")
VALUES (5.790, 'R$ / litro', '2024-01-08', '1496517000186',
        (SELECT "ID_Combustivel" FROM public."COMBUSTIVEL" WHERE "Nome" = 'GASOLINA ADITIVADA'))
ON CONFLICT DO NOTHING;


INSERT INTO public."PRECO_COLETADO" ("Preco", "UnidadeMedida", "DataColeta", "PostoCNPJ", "CombustivelID")
VALUES (5.790, 'R$ / litro', '2024-01-22', '1496517000186',
        (SELECT "ID_Combustivel" FROM public."COMBUSTIVEL" WHERE "Nome" = 'GASOLINA ADITIVADA'))
ON CONFLICT DO NOTHING;


INSERT INTO public."PRECO_COLETADO" ("Preco", "UnidadeMedida", "DataColeta", "PostoCNPJ", "CombustivelID")
VALUES (5.890, 'R$ / litro', '2024-02-05', '1496517000186',
        (SELECT "ID_Combustivel" FROM public."COMBUSTIVEL" WHERE "Nome" = 'GASOLINA ADITIVADA'))
ON CONFLICT DO NOTHING;


INSERT INTO public."PRECO_COLETADO" ("Preco", "UnidadeMedida", "DataColeta", "PostoCNPJ", "CombustivelID")
VALUES (5.890, 'R$ / litro', '2024-02-12', '1496517000186',
        (SELECT "ID_Combustivel" FROM public."COMBUSTIVEL" WHERE "Nome" = 'GASOLINA ADITIVADA'))
ON CONFLICT DO NOTHING;


INSERT INTO public."PRECO_COLETADO" ("Preco", "UnidadeMedida", "DataColeta", "PostoCNPJ", "CombustivelID")
VALUES (5.890, 'R$ / litro', '2024-02-19', '1496517000186',
        (SELECT "ID_Combustivel" FROM public."COMBUSTIVEL" WHERE "Nome" = 'GASOLINA ADITIVADA'))
ON CONFLICT DO NOTHING;


INSERT INTO public."PRECO_COLETADO" ("Preco", "UnidadeMedida", "DataColeta", "PostoCNPJ", "CombustivelID")
VALUES (5.890, 'R$ / litro', '2024-02-26', '1496517000186',
        (SELECT "ID_Combustivel" FROM public."COMBUSTIVEL" WHERE "Nome" = 'GASOLINA ADITIVADA'))
ON CONFLICT DO NOTHING;


INSERT INTO public."PRECO_COLETADO" ("Preco", "UnidadeMedida", "DataColeta", "PostoCNPJ", "CombustivelID")
VALUES (5.890, 'R$ / litro', '2024-03-04', '1496517000186',
        (SELECT "ID_Combustivel" FROM public."COMBUSTIVEL" WHERE "Nome" = 'GASOLINA ADITIVADA'))
ON CONFLICT DO NOTHING;


INSERT INTO public."PRECO_COLETADO" ("Preco", "UnidadeMedida", "DataColeta", "PostoCNPJ", "CombustivelID")
VALUES (5.890, 'R$ / litro', '2024-03-11', '1496517000186',
        (SELECT "ID_Combustivel" FROM public."COMBUSTIVEL" WHERE "Nome" = 'GASOLINA ADITIVADA'))
ON CONFLICT DO NOTHING;


INSERT INTO public."PRECO_COLETADO" ("Preco", "UnidadeMedida", "DataColeta", "PostoCNPJ", "CombustivelID")
VALUES (5.890, 'R$ / litro', '2024-03-18', '1496517000186',
        (SELECT "ID_Combustivel" FROM public."COMBUSTIVEL" WHERE "Nome" = 'GASOLINA ADITIVADA'))
ON CONFLICT DO NOTHING;


INSERT INTO public."PRECO_COLETADO" ("Preco", "UnidadeMedida", "DataColeta", "PostoCNPJ", "CombustivelID")
VALUES (5.890, 'R$ / litro', '2024-03-25', '1496517000186',
        (SELECT "ID_Combustivel" FROM public."COMBUSTIVEL" WHERE "Nome" = 'GASOLINA ADITIVADA'))
ON CONFLICT DO NOTHING;


INSERT INTO public."PRECO_COLETADO" ("Preco", "UnidadeMedida", "DataColeta", "PostoCNPJ", "CombustivelID")
VALUES (5.890, 'R$ / litro', '2024-04-02', '1496517000186',
        (SELECT "ID_Combustivel" FROM public."COMBUSTIVEL" WHERE "Nome" = 'GASOLINA ADITIVADA'))
ON CONFLICT DO NOTHING;


INSERT INTO public."PRECO_COLETADO" ("Preco", "UnidadeMedida", "DataColeta", "PostoCNPJ", "CombustivelID")
VALUES (5.890, 'R$ / litro', '2024-04-08', '1496517000186',
        (SELECT "ID_Combustivel" FROM public."COMBUSTIVEL" WHERE "Nome" = 'GASOLINA ADITIVADA'))
ON CONFLICT DO NOTHING;


INSERT INTO public."PRECO_COLETADO" ("Preco", "UnidadeMedida", "DataColeta", "PostoCNPJ", "CombustivelID")
VALUES (5.990, 'R$ / litro', '2024-04-15', '1496517000186',
        (SELECT "ID_Combustivel" FROM public."COMBUSTIVEL" WHERE "Nome" = 'GASOLINA ADITIVADA'))
ON CONFLICT DO NOTHING;


INSERT INTO public."PRECO_COLETADO" ("Preco", "UnidadeMedida", "DataColeta", "PostoCNPJ", "CombustivelID")
VALUES (5.890, 'R$ / litro', '2024-04-22', '1496517000186',
        (SELECT "ID_Combustivel" FROM public."COMBUSTIVEL" WHERE "Nome" = 'GASOLINA ADITIVADA'))
ON CONFLICT DO NOTHING;


INSERT INTO public."PRECO_COLETADO" ("Preco", "UnidadeMedida", "DataColeta", "PostoCNPJ", "CombustivelID")
VALUES (5.990, 'R$ / litro', '2024-04-29', '1496517000186',
        (SELECT "ID_Combustivel" FROM public."COMBUSTIVEL" WHERE "Nome" = 'GASOLINA ADITIVADA'))
ON CONFLICT DO NOTHING;


INSERT INTO public."PRECO_COLETADO" ("Preco", "UnidadeMedida", "DataColeta", "PostoCNPJ", "CombustivelID")
VALUES (6.090, 'R$ / litro', '2024-05-06', '1496517000186',
        (SELECT "ID_Combustivel" FROM public."COMBUSTIVEL" WHERE "Nome" = 'GASOLINA ADITIVADA'))
ON CONFLICT DO NOTHING;


INSERT INTO public."PRECO_COLETADO" ("Preco", "UnidadeMedida", "DataColeta", "PostoCNPJ", "CombustivelID")
VALUES (6.090, 'R$ / litro', '2024-05-14', '1496517000186',
        (SELECT "ID_Combustivel" FROM public."COMBUSTIVEL" WHERE "Nome" = 'GASOLINA ADITIVADA'))
ON CONFLICT DO NOTHING;


INSERT INTO public."PRECO_COLETADO" ("Preco", "UnidadeMedida", "DataColeta", "PostoCNPJ", "CombustivelID")
VALUES (6.090, 'R$ / litro', '2024-05-20', '1496517000186',
        (SELECT "ID_Combustivel" FROM public."COMBUSTIVEL" WHERE "Nome" = 'GASOLINA ADITIVADA'))
ON CONFLICT DO NOTHING;


INSERT INTO public."PRECO_COLETADO" ("Preco", "UnidadeMedida", "DataColeta", "PostoCNPJ", "CombustivelID")
VALUES (6.090, 'R$ / litro', '2024-05-27', '1496517000186',
        (SELECT "ID_Combustivel" FROM public."COMBUSTIVEL" WHERE "Nome" = 'GASOLINA ADITIVADA'))
ON CONFLICT DO NOTHING;


INSERT INTO public."PRECO_COLETADO" ("Preco", "UnidadeMedida", "DataColeta", "PostoCNPJ", "CombustivelID")
VALUES (6.090, 'R$ / litro', '2024-06-10', '1496517000186',
        (SELECT "ID_Combustivel" FROM public."COMBUSTIVEL" WHERE "Nome" = 'GASOLINA ADITIVADA'))
ON CONFLICT DO NOTHING;


INSERT INTO public."PRECO_COLETADO" ("Preco", "UnidadeMedida", "DataColeta", "PostoCNPJ", "CombustivelID")
VALUES (6.090, 'R$ / litro', '2024-06-17', '1496517000186',
        (SELECT "ID_Combustivel" FROM public."COMBUSTIVEL" WHERE "Nome" = 'GASOLINA ADITIVADA'))
ON CONFLICT DO NOTHING;


INSERT INTO public."PRECO_COLETADO" ("Preco", "UnidadeMedida", "DataColeta", "PostoCNPJ", "CombustivelID")
VALUES (6.090, 'R$ / litro', '2024-06-24', '1496517000186',
        (SELECT "ID_Combustivel" FROM public."COMBUSTIVEL" WHERE "Nome" = 'GASOLINA ADITIVADA'))
ON CONFLICT DO NOTHING;


INSERT INTO public."PRECO_COLETADO" ("Preco", "UnidadeMedida", "DataColeta", "PostoCNPJ", "CombustivelID")
VALUES (6.090, 'R$ / litro', '2024-07-01', '1496517000186',
        (SELECT "ID_Combustivel" FROM public."COMBUSTIVEL" WHERE "Nome" = 'GASOLINA ADITIVADA'))
ON CONFLICT DO NOTHING;


INSERT INTO public."PRECO_COLETADO" ("Preco", "UnidadeMedida", "DataColeta", "PostoCNPJ", "CombustivelID")
VALUES (6.090, 'R$ / litro', '2024-07-09', '1496517000186',
        (SELECT "ID_Combustivel" FROM public."COMBUSTIVEL" WHERE "Nome" = 'GASOLINA ADITIVADA'))
ON CONFLICT DO NOTHING;


INSERT INTO public."PRECO_COLETADO" ("Preco", "UnidadeMedida", "DataColeta", "PostoCNPJ", "CombustivelID")
VALUES (6.390, 'R$ / litro', '2024-07-16', '1496517000186',
        (SELECT "ID_Combustivel" FROM public."COMBUSTIVEL" WHERE "Nome" = 'GASOLINA ADITIVADA'))
ON CONFLICT DO NOTHING;


INSERT INTO public."PRECO_COLETADO" ("Preco", "UnidadeMedida", "DataColeta", "PostoCNPJ", "CombustivelID")
VALUES (6.390, 'R$ / litro', '2024-07-22', '1496517000186',
        (SELECT "ID_Combustivel" FROM public."COMBUSTIVEL" WHERE "Nome" = 'GASOLINA ADITIVADA'))
ON CONFLICT DO NOTHING;


INSERT INTO public."PRECO_COLETADO" ("Preco", "UnidadeMedida", "DataColeta", "PostoCNPJ", "CombustivelID")
VALUES (6.390, 'R$ / litro', '2024-07-29', '1496517000186',
        (SELECT "ID_Combustivel" FROM public."COMBUSTIVEL" WHERE "Nome" = 'GASOLINA ADITIVADA'))
ON CONFLICT DO NOTHING;


INSERT INTO public."PRECO_COLETADO" ("Preco", "UnidadeMedida", "DataColeta", "PostoCNPJ", "CombustivelID")
VALUES (6.290, 'R$ / litro', '2024-08-05', '1496517000186',
        (SELECT "ID_Combustivel" FROM public."COMBUSTIVEL" WHERE "Nome" = 'GASOLINA ADITIVADA'))
ON CONFLICT DO NOTHING;


INSERT INTO public."PRECO_COLETADO" ("Preco", "UnidadeMedida", "DataColeta", "PostoCNPJ", "CombustivelID")
VALUES (6.290, 'R$ / litro', '2024-08-12', '1496517000186',
        (SELECT "ID_Combustivel" FROM public."COMBUSTIVEL" WHERE "Nome" = 'GASOLINA ADITIVADA'))
ON CONFLICT DO NOTHING;


INSERT INTO public."PRECO_COLETADO" ("Preco", "UnidadeMedida", "DataColeta", "PostoCNPJ", "CombustivelID")
VALUES (6.290, 'R$ / litro', '2024-08-20', '1496517000186',
        (SELECT "ID_Combustivel" FROM public."COMBUSTIVEL" WHERE "Nome" = 'GASOLINA ADITIVADA'))
ON CONFLICT DO NOTHING;


INSERT INTO public."PRECO_COLETADO" ("Preco", "UnidadeMedida", "DataColeta", "PostoCNPJ", "CombustivelID")
VALUES (6.290, 'R$ / litro', '2024-08-26', '1496517000186',
        (SELECT "ID_Combustivel" FROM public."COMBUSTIVEL" WHERE "Nome" = 'GASOLINA ADITIVADA'))
ON CONFLICT DO NOTHING;


INSERT INTO public."PRECO_COLETADO" ("Preco", "UnidadeMedida", "DataColeta", "PostoCNPJ", "CombustivelID")
VALUES (6.290, 'R$ / litro', '2024-09-02', '1496517000186',
        (SELECT "ID_Combustivel" FROM public."COMBUSTIVEL" WHERE "Nome" = 'GASOLINA ADITIVADA'))
ON CONFLICT DO NOTHING;


INSERT INTO public."COMBUSTIVEL" ("Nome")
VALUES ('GASOLINA COMUM')
ON CONFLICT ("Nome") DO NOTHING;


INSERT INTO public."PRECO_COLETADO" ("Preco", "UnidadeMedida", "DataColeta", "PostoCNPJ", "CombustivelID")
VALUES (4.880, 'R$ / litro', '2022-10-24', '1496517000186',
        (SELECT "ID_Combustivel" FROM public."COMBUSTIVEL" WHERE "Nome" = 'GASOLINA COMUM'))
ON CONFLICT DO NOTHING;


INSERT INTO public."PRECO_COLETADO" ("Preco", "UnidadeMedida", "DataColeta", "PostoCNPJ", "CombustivelID")
VALUES (4.880, 'R$ / litro', '2022-10-31', '1496517000186',
        (SELECT "ID_Combustivel" FROM public."COMBUSTIVEL" WHERE "Nome" = 'GASOLINA COMUM'))
ON CONFLICT DO NOTHING;


INSERT INTO public."PRECO_COLETADO" ("Preco", "UnidadeMedida", "DataColeta", "PostoCNPJ", "CombustivelID")
VALUES (4.990, 'R$ / litro', '2022-11-14', '1496517000186',
        (SELECT "ID_Combustivel" FROM public."COMBUSTIVEL" WHERE "Nome" = 'GASOLINA COMUM'))
ON CONFLICT DO NOTHING;


INSERT INTO public."PRECO_COLETADO" ("Preco", "UnidadeMedida", "DataColeta", "PostoCNPJ", "CombustivelID")
VALUES (4.990, 'R$ / litro', '2022-11-22', '1496517000186',
        (SELECT "ID_Combustivel" FROM public."COMBUSTIVEL" WHERE "Nome" = 'GASOLINA COMUM'))
ON CONFLICT DO NOTHING;


INSERT INTO public."PRECO_COLETADO" ("Preco", "UnidadeMedida", "DataColeta", "PostoCNPJ", "CombustivelID")
VALUES (4.990, 'R$ / litro', '2022-12-05', '1496517000186',
        (SELECT "ID_Combustivel" FROM public."COMBUSTIVEL" WHERE "Nome" = 'GASOLINA COMUM'))
ON CONFLICT DO NOTHING;


INSERT INTO public."PRECO_COLETADO" ("Preco", "UnidadeMedida", "DataColeta", "PostoCNPJ", "CombustivelID")
VALUES (4.990, 'R$ / litro', '2022-12-12', '1496517000186',
        (SELECT "ID_Combustivel" FROM public."COMBUSTIVEL" WHERE "Nome" = 'GASOLINA COMUM'))
ON CONFLICT DO NOTHING;


INSERT INTO public."PRECO_COLETADO" ("Preco", "UnidadeMedida", "DataColeta", "PostoCNPJ", "CombustivelID")
VALUES (4.990, 'R$ / litro', '2022-12-22', '1496517000186',
        (SELECT "ID_Combustivel" FROM public."COMBUSTIVEL" WHERE "Nome" = 'GASOLINA COMUM'))
ON CONFLICT DO NOTHING;


INSERT INTO public."PRECO_COLETADO" ("Preco", "UnidadeMedida", "DataColeta", "PostoCNPJ", "CombustivelID")
VALUES (4.990, 'R$ / litro', '2022-12-26', '1496517000186',
        (SELECT "ID_Combustivel" FROM public."COMBUSTIVEL" WHERE "Nome" = 'GASOLINA COMUM'))
ON CONFLICT DO NOTHING;


INSERT INTO public."PRECO_COLETADO" ("Preco", "UnidadeMedida", "DataColeta", "PostoCNPJ", "CombustivelID")
VALUES (5.890, 'R$ / litro', '2023-01-02', '1496517000186',
        (SELECT "ID_Combustivel" FROM public."COMBUSTIVEL" WHERE "Nome" = 'GASOLINA COMUM'))
ON CONFLICT DO NOTHING;


INSERT INTO public."PRECO_COLETADO" ("Preco", "UnidadeMedida", "DataColeta", "PostoCNPJ", "CombustivelID")
VALUES (5.090, 'R$ / litro', '2023-01-09', '1496517000186',
        (SELECT "ID_Combustivel" FROM public."COMBUSTIVEL" WHERE "Nome" = 'GASOLINA COMUM'))
ON CONFLICT DO NOTHING;


INSERT INTO public."PRECO_COLETADO" ("Preco", "UnidadeMedida", "DataColeta", "PostoCNPJ", "CombustivelID")
VALUES (5.090, 'R$ / litro', '2023-01-16', '1496517000186',
        (SELECT "ID_Combustivel" FROM public."COMBUSTIVEL" WHERE "Nome" = 'GASOLINA COMUM'))
ON CONFLICT DO NOTHING;


INSERT INTO public."PRECO_COLETADO" ("Preco", "UnidadeMedida", "DataColeta", "PostoCNPJ", "CombustivelID")
VALUES (4.990, 'R$ / litro', '2023-01-23', '1496517000186',
        (SELECT "ID_Combustivel" FROM public."COMBUSTIVEL" WHERE "Nome" = 'GASOLINA COMUM'))
ON CONFLICT DO NOTHING;


INSERT INTO public."PRECO_COLETADO" ("Preco", "UnidadeMedida", "DataColeta", "PostoCNPJ", "CombustivelID")
VALUES (5.190, 'R$ / litro', '2023-01-30', '1496517000186',
        (SELECT "ID_Combustivel" FROM public."COMBUSTIVEL" WHERE "Nome" = 'GASOLINA COMUM'))
ON CONFLICT DO NOTHING;


INSERT INTO public."PRECO_COLETADO" ("Preco", "UnidadeMedida", "DataColeta", "PostoCNPJ", "CombustivelID")
VALUES (5.090, 'R$ / litro', '2023-02-06', '1496517000186',
        (SELECT "ID_Combustivel" FROM public."COMBUSTIVEL" WHERE "Nome" = 'GASOLINA COMUM'))
ON CONFLICT DO NOTHING;


INSERT INTO public."PRECO_COLETADO" ("Preco", "UnidadeMedida", "DataColeta", "PostoCNPJ", "CombustivelID")
VALUES (5.090, 'R$ / litro', '2023-02-13', '1496517000186',
        (SELECT "ID_Combustivel" FROM public."COMBUSTIVEL" WHERE "Nome" = 'GASOLINA COMUM'))
ON CONFLICT DO NOTHING;


INSERT INTO public."PRECO_COLETADO" ("Preco", "UnidadeMedida", "DataColeta", "PostoCNPJ", "CombustivelID")
VALUES (5.090, 'R$ / litro', '2023-02-20', '1496517000186',
        (SELECT "ID_Combustivel" FROM public."COMBUSTIVEL" WHERE "Nome" = 'GASOLINA COMUM'))
ON CONFLICT DO NOTHING;


INSERT INTO public."PRECO_COLETADO" ("Preco", "UnidadeMedida", "DataColeta", "PostoCNPJ", "CombustivelID")
VALUES (4.990, 'R$ / litro', '2023-02-27', '1496517000186',
        (SELECT "ID_Combustivel" FROM public."COMBUSTIVEL" WHERE "Nome" = 'GASOLINA COMUM'))
ON CONFLICT DO NOTHING;


INSERT INTO public."PRECO_COLETADO" ("Preco", "UnidadeMedida", "DataColeta", "PostoCNPJ", "CombustivelID")
VALUES (5.690, 'R$ / litro', '2023-03-06', '1496517000186',
        (SELECT "ID_Combustivel" FROM public."COMBUSTIVEL" WHERE "Nome" = 'GASOLINA COMUM'))
ON CONFLICT DO NOTHING;


INSERT INTO public."PRECO_COLETADO" ("Preco", "UnidadeMedida", "DataColeta", "PostoCNPJ", "CombustivelID")
VALUES (5.490, 'R$ / litro', '2023-03-16', '1496517000186',
        (SELECT "ID_Combustivel" FROM public."COMBUSTIVEL" WHERE "Nome" = 'GASOLINA COMUM'))
ON CONFLICT DO NOTHING;


INSERT INTO public."PRECO_COLETADO" ("Preco", "UnidadeMedida", "DataColeta", "PostoCNPJ", "CombustivelID")
VALUES (5.490, 'R$ / litro', '2023-03-21', '1496517000186',
        (SELECT "ID_Combustivel" FROM public."COMBUSTIVEL" WHERE "Nome" = 'GASOLINA COMUM'))
ON CONFLICT DO NOTHING;


INSERT INTO public."PRECO_COLETADO" ("Preco", "UnidadeMedida", "DataColeta", "PostoCNPJ", "CombustivelID")
VALUES (5.390, 'R$ / litro', '2023-03-27', '1496517000186',
        (SELECT "ID_Combustivel" FROM public."COMBUSTIVEL" WHERE "Nome" = 'GASOLINA COMUM'))
ON CONFLICT DO NOTHING;


INSERT INTO public."PRECO_COLETADO" ("Preco", "UnidadeMedida", "DataColeta", "PostoCNPJ", "CombustivelID")
VALUES (5.390, 'R$ / litro', '2023-04-04', '1496517000186',
        (SELECT "ID_Combustivel" FROM public."COMBUSTIVEL" WHERE "Nome" = 'GASOLINA COMUM'))
ON CONFLICT DO NOTHING;


INSERT INTO public."PRECO_COLETADO" ("Preco", "UnidadeMedida", "DataColeta", "PostoCNPJ", "CombustivelID")
VALUES (5.490, 'R$ / litro', '2023-04-10', '1496517000186',
        (SELECT "ID_Combustivel" FROM public."COMBUSTIVEL" WHERE "Nome" = 'GASOLINA COMUM'))
ON CONFLICT DO NOTHING;


INSERT INTO public."PRECO_COLETADO" ("Preco", "UnidadeMedida", "DataColeta", "PostoCNPJ", "CombustivelID")
VALUES (5.590, 'R$ / litro', '2023-04-17', '1496517000186',
        (SELECT "ID_Combustivel" FROM public."COMBUSTIVEL" WHERE "Nome" = 'GASOLINA COMUM'))
ON CONFLICT DO NOTHING;


INSERT INTO public."PRECO_COLETADO" ("Preco", "UnidadeMedida", "DataColeta", "PostoCNPJ", "CombustivelID")
VALUES (5.490, 'R$ / litro', '2023-04-24', '1496517000186',
        (SELECT "ID_Combustivel" FROM public."COMBUSTIVEL" WHERE "Nome" = 'GASOLINA COMUM'))
ON CONFLICT DO NOTHING;


INSERT INTO public."PRECO_COLETADO" ("Preco", "UnidadeMedida", "DataColeta", "PostoCNPJ", "CombustivelID")
VALUES (5.490, 'R$ / litro', '2023-05-02', '1496517000186',
        (SELECT "ID_Combustivel" FROM public."COMBUSTIVEL" WHERE "Nome" = 'GASOLINA COMUM'))
ON CONFLICT DO NOTHING;


INSERT INTO public."PRECO_COLETADO" ("Preco", "UnidadeMedida", "DataColeta", "PostoCNPJ", "CombustivelID")
VALUES (5.390, 'R$ / litro', '2023-05-09', '1496517000186',
        (SELECT "ID_Combustivel" FROM public."COMBUSTIVEL" WHERE "Nome" = 'GASOLINA COMUM'))
ON CONFLICT DO NOTHING;


INSERT INTO public."PRECO_COLETADO" ("Preco", "UnidadeMedida", "DataColeta", "PostoCNPJ", "CombustivelID")
VALUES (5.390, 'R$ / litro', '2023-05-15', '1496517000186',
        (SELECT "ID_Combustivel" FROM public."COMBUSTIVEL" WHERE "Nome" = 'GASOLINA COMUM'))
ON CONFLICT DO NOTHING;


INSERT INTO public."PRECO_COLETADO" ("Preco", "UnidadeMedida", "DataColeta", "PostoCNPJ", "CombustivelID")
VALUES (5.090, 'R$ / litro', '2023-05-22', '1496517000186',
        (SELECT "ID_Combustivel" FROM public."COMBUSTIVEL" WHERE "Nome" = 'GASOLINA COMUM'))
ON CONFLICT DO NOTHING;


INSERT INTO public."PRECO_COLETADO" ("Preco", "UnidadeMedida", "DataColeta", "PostoCNPJ", "CombustivelID")
VALUES (5.090, 'R$ / litro', '2023-05-29', '1496517000186',
        (SELECT "ID_Combustivel" FROM public."COMBUSTIVEL" WHERE "Nome" = 'GASOLINA COMUM'))
ON CONFLICT DO NOTHING;


INSERT INTO public."PRECO_COLETADO" ("Preco", "UnidadeMedida", "DataColeta", "PostoCNPJ", "CombustivelID")
VALUES (5.490, 'R$ / litro', '2023-06-05', '1496517000186',
        (SELECT "ID_Combustivel" FROM public."COMBUSTIVEL" WHERE "Nome" = 'GASOLINA COMUM'))
ON CONFLICT DO NOTHING;


INSERT INTO public."PRECO_COLETADO" ("Preco", "UnidadeMedida", "DataColeta", "PostoCNPJ", "CombustivelID")
VALUES (5.490, 'R$ / litro', '2023-06-13', '1496517000186',
        (SELECT "ID_Combustivel" FROM public."COMBUSTIVEL" WHERE "Nome" = 'GASOLINA COMUM'))
ON CONFLICT DO NOTHING;


INSERT INTO public."PRECO_COLETADO" ("Preco", "UnidadeMedida", "DataColeta", "PostoCNPJ", "CombustivelID")
VALUES (5.490, 'R$ / litro', '2023-06-20', '1496517000186',
        (SELECT "ID_Combustivel" FROM public."COMBUSTIVEL" WHERE "Nome" = 'GASOLINA COMUM'))
ON CONFLICT DO NOTHING;


INSERT INTO public."PRECO_COLETADO" ("Preco", "UnidadeMedida", "DataColeta", "PostoCNPJ", "CombustivelID")
VALUES (5.390, 'R$ / litro', '2023-06-27', '1496517000186',
        (SELECT "ID_Combustivel" FROM public."COMBUSTIVEL" WHERE "Nome" = 'GASOLINA COMUM'))
ON CONFLICT DO NOTHING;


INSERT INTO public."PRECO_COLETADO" ("Preco", "UnidadeMedida", "DataColeta", "PostoCNPJ", "CombustivelID")
VALUES (5.890, 'R$ / litro', '2023-07-04', '1496517000186',
        (SELECT "ID_Combustivel" FROM public."COMBUSTIVEL" WHERE "Nome" = 'GASOLINA COMUM'))
ON CONFLICT DO NOTHING;


INSERT INTO public."PRECO_COLETADO" ("Preco", "UnidadeMedida", "DataColeta", "PostoCNPJ", "CombustivelID")
VALUES (5.790, 'R$ / litro', '2023-07-10', '1496517000186',
        (SELECT "ID_Combustivel" FROM public."COMBUSTIVEL" WHERE "Nome" = 'GASOLINA COMUM'))
ON CONFLICT DO NOTHING;


INSERT INTO public."PRECO_COLETADO" ("Preco", "UnidadeMedida", "DataColeta", "PostoCNPJ", "CombustivelID")
VALUES (5.690, 'R$ / litro', '2023-07-17', '1496517000186',
        (SELECT "ID_Combustivel" FROM public."COMBUSTIVEL" WHERE "Nome" = 'GASOLINA COMUM'))
ON CONFLICT DO NOTHING;


INSERT INTO public."PRECO_COLETADO" ("Preco", "UnidadeMedida", "DataColeta", "PostoCNPJ", "CombustivelID")
VALUES (5.690, 'R$ / litro', '2023-07-24', '1496517000186',
        (SELECT "ID_Combustivel" FROM public."COMBUSTIVEL" WHERE "Nome" = 'GASOLINA COMUM'))
ON CONFLICT DO NOTHING;


INSERT INTO public."PRECO_COLETADO" ("Preco", "UnidadeMedida", "DataColeta", "PostoCNPJ", "CombustivelID")
VALUES (5.590, 'R$ / litro', '2023-07-31', '1496517000186',
        (SELECT "ID_Combustivel" FROM public."COMBUSTIVEL" WHERE "Nome" = 'GASOLINA COMUM'))
ON CONFLICT DO NOTHING;


INSERT INTO public."PRECO_COLETADO" ("Preco", "UnidadeMedida", "DataColeta", "PostoCNPJ", "CombustivelID")
VALUES (5.490, 'R$ / litro', '2023-08-15', '1496517000186',
        (SELECT "ID_Combustivel" FROM public."COMBUSTIVEL" WHERE "Nome" = 'GASOLINA COMUM'))
ON CONFLICT DO NOTHING;


INSERT INTO public."PRECO_COLETADO" ("Preco", "UnidadeMedida", "DataColeta", "PostoCNPJ", "CombustivelID")
VALUES (5.990, 'R$ / litro', '2023-08-22', '1496517000186',
        (SELECT "ID_Combustivel" FROM public."COMBUSTIVEL" WHERE "Nome" = 'GASOLINA COMUM'))
ON CONFLICT DO NOTHING;


INSERT INTO public."PRECO_COLETADO" ("Preco", "UnidadeMedida", "DataColeta", "PostoCNPJ", "CombustivelID")
VALUES (5.890, 'R$ / litro', '2023-08-30', '1496517000186',
        (SELECT "ID_Combustivel" FROM public."COMBUSTIVEL" WHERE "Nome" = 'GASOLINA COMUM'))
ON CONFLICT DO NOTHING;


INSERT INTO public."PRECO_COLETADO" ("Preco", "UnidadeMedida", "DataColeta", "PostoCNPJ", "CombustivelID")
VALUES (5.890, 'R$ / litro', '2023-09-07', '1496517000186',
        (SELECT "ID_Combustivel" FROM public."COMBUSTIVEL" WHERE "Nome" = 'GASOLINA COMUM'))
ON CONFLICT DO NOTHING;


INSERT INTO public."PRECO_COLETADO" ("Preco", "UnidadeMedida", "DataColeta", "PostoCNPJ", "CombustivelID")
VALUES (5.890, 'R$ / litro', '2023-09-12', '1496517000186',
        (SELECT "ID_Combustivel" FROM public."COMBUSTIVEL" WHERE "Nome" = 'GASOLINA COMUM'))
ON CONFLICT DO NOTHING;


INSERT INTO public."PRECO_COLETADO" ("Preco", "UnidadeMedida", "DataColeta", "PostoCNPJ", "CombustivelID")
VALUES (5.790, 'R$ / litro', '2023-09-19', '1496517000186',
        (SELECT "ID_Combustivel" FROM public."COMBUSTIVEL" WHERE "Nome" = 'GASOLINA COMUM'))
ON CONFLICT DO NOTHING;


INSERT INTO public."PRECO_COLETADO" ("Preco", "UnidadeMedida", "DataColeta", "PostoCNPJ", "CombustivelID")
VALUES (5.790, 'R$ / litro', '2023-09-26', '1496517000186',
        (SELECT "ID_Combustivel" FROM public."COMBUSTIVEL" WHERE "Nome" = 'GASOLINA COMUM'))
ON CONFLICT DO NOTHING;


INSERT INTO public."PRECO_COLETADO" ("Preco", "UnidadeMedida", "DataColeta", "PostoCNPJ", "CombustivelID")
VALUES (5.790, 'R$ / litro', '2023-10-03', '1496517000186',
        (SELECT "ID_Combustivel" FROM public."COMBUSTIVEL" WHERE "Nome" = 'GASOLINA COMUM'))
ON CONFLICT DO NOTHING;


INSERT INTO public."PRECO_COLETADO" ("Preco", "UnidadeMedida", "DataColeta", "PostoCNPJ", "CombustivelID")
VALUES (5.790, 'R$ / litro', '2023-10-10', '1496517000186',
        (SELECT "ID_Combustivel" FROM public."COMBUSTIVEL" WHERE "Nome" = 'GASOLINA COMUM'))
ON CONFLICT DO NOTHING;


INSERT INTO public."PRECO_COLETADO" ("Preco", "UnidadeMedida", "DataColeta", "PostoCNPJ", "CombustivelID")
VALUES (5.790, 'R$ / litro', '2023-10-16', '1496517000186',
        (SELECT "ID_Combustivel" FROM public."COMBUSTIVEL" WHERE "Nome" = 'GASOLINA COMUM'))
ON CONFLICT DO NOTHING;


INSERT INTO public."PRECO_COLETADO" ("Preco", "UnidadeMedida", "DataColeta", "PostoCNPJ", "CombustivelID")
VALUES (5.790, 'R$ / litro', '2023-10-24', '1496517000186',
        (SELECT "ID_Combustivel" FROM public."COMBUSTIVEL" WHERE "Nome" = 'GASOLINA COMUM'))
ON CONFLICT DO NOTHING;


INSERT INTO public."PRECO_COLETADO" ("Preco", "UnidadeMedida", "DataColeta", "PostoCNPJ", "CombustivelID")
VALUES (5.690, 'R$ / litro', '2023-10-31', '1496517000186',
        (SELECT "ID_Combustivel" FROM public."COMBUSTIVEL" WHERE "Nome" = 'GASOLINA COMUM'))
ON CONFLICT DO NOTHING;


INSERT INTO public."PRECO_COLETADO" ("Preco", "UnidadeMedida", "DataColeta", "PostoCNPJ", "CombustivelID")
VALUES (5.690, 'R$ / litro', '2023-11-07', '1496517000186',
        (SELECT "ID_Combustivel" FROM public."COMBUSTIVEL" WHERE "Nome" = 'GASOLINA COMUM'))
ON CONFLICT DO NOTHING;


INSERT INTO public."PRECO_COLETADO" ("Preco", "UnidadeMedida", "DataColeta", "PostoCNPJ", "CombustivelID")
VALUES (5.590, 'R$ / litro', '2023-11-14', '1496517000186',
        (SELECT "ID_Combustivel" FROM public."COMBUSTIVEL" WHERE "Nome" = 'GASOLINA COMUM'))
ON CONFLICT DO NOTHING;


INSERT INTO public."PRECO_COLETADO" ("Preco", "UnidadeMedida", "DataColeta", "PostoCNPJ", "CombustivelID")
VALUES (5.590, 'R$ / litro', '2023-11-21', '1496517000186',
        (SELECT "ID_Combustivel" FROM public."COMBUSTIVEL" WHERE "Nome" = 'GASOLINA COMUM'))
ON CONFLICT DO NOTHING;


INSERT INTO public."PRECO_COLETADO" ("Preco", "UnidadeMedida", "DataColeta", "PostoCNPJ", "CombustivelID")
VALUES (5.590, 'R$ / litro', '2023-11-28', '1496517000186',
        (SELECT "ID_Combustivel" FROM public."COMBUSTIVEL" WHERE "Nome" = 'GASOLINA COMUM'))
ON CONFLICT DO NOTHING;


INSERT INTO public."PRECO_COLETADO" ("Preco", "UnidadeMedida", "DataColeta", "PostoCNPJ", "CombustivelID")
VALUES (5.590, 'R$ / litro', '2023-12-06', '1496517000186',
        (SELECT "ID_Combustivel" FROM public."COMBUSTIVEL" WHERE "Nome" = 'GASOLINA COMUM'))
ON CONFLICT DO NOTHING;


INSERT INTO public."PRECO_COLETADO" ("Preco", "UnidadeMedida", "DataColeta", "PostoCNPJ", "CombustivelID")
VALUES (5.590, 'R$ / litro', '2023-12-13', '1496517000186',
        (SELECT "ID_Combustivel" FROM public."COMBUSTIVEL" WHERE "Nome" = 'GASOLINA COMUM'))
ON CONFLICT DO NOTHING;


INSERT INTO public."PRECO_COLETADO" ("Preco", "UnidadeMedida", "DataColeta", "PostoCNPJ", "CombustivelID")
VALUES (5.590, 'R$ / litro', '2023-12-20', '1496517000186',
        (SELECT "ID_Combustivel" FROM public."COMBUSTIVEL" WHERE "Nome" = 'GASOLINA COMUM'))
ON CONFLICT DO NOTHING;


INSERT INTO public."PRECO_COLETADO" ("Preco", "UnidadeMedida", "DataColeta", "PostoCNPJ", "CombustivelID")
VALUES (5.490, 'R$ / litro', '2024-01-08', '1496517000186',
        (SELECT "ID_Combustivel" FROM public."COMBUSTIVEL" WHERE "Nome" = 'GASOLINA COMUM'))
ON CONFLICT DO NOTHING;


INSERT INTO public."PRECO_COLETADO" ("Preco", "UnidadeMedida", "DataColeta", "PostoCNPJ", "CombustivelID")
VALUES (5.490, 'R$ / litro', '2024-01-22', '1496517000186',
        (SELECT "ID_Combustivel" FROM public."COMBUSTIVEL" WHERE "Nome" = 'GASOLINA COMUM'))
ON CONFLICT DO NOTHING;


INSERT INTO public."PRECO_COLETADO" ("Preco", "UnidadeMedida", "DataColeta", "PostoCNPJ", "CombustivelID")
VALUES (5.690, 'R$ / litro', '2024-02-05', '1496517000186',
        (SELECT "ID_Combustivel" FROM public."COMBUSTIVEL" WHERE "Nome" = 'GASOLINA COMUM'))
ON CONFLICT DO NOTHING;


INSERT INTO public."PRECO_COLETADO" ("Preco", "UnidadeMedida", "DataColeta", "PostoCNPJ", "CombustivelID")
VALUES (5.690, 'R$ / litro', '2024-02-12', '1496517000186',
        (SELECT "ID_Combustivel" FROM public."COMBUSTIVEL" WHERE "Nome" = 'GASOLINA COMUM'))
ON CONFLICT DO NOTHING;


INSERT INTO public."PRECO_COLETADO" ("Preco", "UnidadeMedida", "DataColeta", "PostoCNPJ", "CombustivelID")
VALUES (5.690, 'R$ / litro', '2024-02-19', '1496517000186',
        (SELECT "ID_Combustivel" FROM public."COMBUSTIVEL" WHERE "Nome" = 'GASOLINA COMUM'))
ON CONFLICT DO NOTHING;


INSERT INTO public."PRECO_COLETADO" ("Preco", "UnidadeMedida", "DataColeta", "PostoCNPJ", "CombustivelID")
VALUES (5.690, 'R$ / litro', '2024-02-26', '1496517000186',
        (SELECT "ID_Combustivel" FROM public."COMBUSTIVEL" WHERE "Nome" = 'GASOLINA COMUM'))
ON CONFLICT DO NOTHING;


INSERT INTO public."PRECO_COLETADO" ("Preco", "UnidadeMedida", "DataColeta", "PostoCNPJ", "CombustivelID")
VALUES (5.690, 'R$ / litro', '2024-03-04', '1496517000186',
        (SELECT "ID_Combustivel" FROM public."COMBUSTIVEL" WHERE "Nome" = 'GASOLINA COMUM'))
ON CONFLICT DO NOTHING;


INSERT INTO public."PRECO_COLETADO" ("Preco", "UnidadeMedida", "DataColeta", "PostoCNPJ", "CombustivelID")
VALUES (5.690, 'R$ / litro', '2024-03-11', '1496517000186',
        (SELECT "ID_Combustivel" FROM public."COMBUSTIVEL" WHERE "Nome" = 'GASOLINA COMUM'))
ON CONFLICT DO NOTHING;


INSERT INTO public."PRECO_COLETADO" ("Preco", "UnidadeMedida", "DataColeta", "PostoCNPJ", "CombustivelID")
VALUES (5.690, 'R$ / litro', '2024-03-18', '1496517000186',
        (SELECT "ID_Combustivel" FROM public."COMBUSTIVEL" WHERE "Nome" = 'GASOLINA COMUM'))
ON CONFLICT DO NOTHING;


INSERT INTO public."PRECO_COLETADO" ("Preco", "UnidadeMedida", "DataColeta", "PostoCNPJ", "CombustivelID")
VALUES (5.690, 'R$ / litro', '2024-03-25', '1496517000186',
        (SELECT "ID_Combustivel" FROM public."COMBUSTIVEL" WHERE "Nome" = 'GASOLINA COMUM'))
ON CONFLICT DO NOTHING;


INSERT INTO public."PRECO_COLETADO" ("Preco", "UnidadeMedida", "DataColeta", "PostoCNPJ", "CombustivelID")
VALUES (5.690, 'R$ / litro', '2024-04-02', '1496517000186',
        (SELECT "ID_Combustivel" FROM public."COMBUSTIVEL" WHERE "Nome" = 'GASOLINA COMUM'))
ON CONFLICT DO NOTHING;


INSERT INTO public."PRECO_COLETADO" ("Preco", "UnidadeMedida", "DataColeta", "PostoCNPJ", "CombustivelID")
VALUES (5.690, 'R$ / litro', '2024-04-08', '1496517000186',
        (SELECT "ID_Combustivel" FROM public."COMBUSTIVEL" WHERE "Nome" = 'GASOLINA COMUM'))
ON CONFLICT DO NOTHING;


INSERT INTO public."PRECO_COLETADO" ("Preco", "UnidadeMedida", "DataColeta", "PostoCNPJ", "CombustivelID")
VALUES (5.790, 'R$ / litro', '2024-04-15', '1496517000186',
        (SELECT "ID_Combustivel" FROM public."COMBUSTIVEL" WHERE "Nome" = 'GASOLINA COMUM'))
ON CONFLICT DO NOTHING;


INSERT INTO public."PRECO_COLETADO" ("Preco", "UnidadeMedida", "DataColeta", "PostoCNPJ", "CombustivelID")
VALUES (5.690, 'R$ / litro', '2024-04-22', '1496517000186',
        (SELECT "ID_Combustivel" FROM public."COMBUSTIVEL" WHERE "Nome" = 'GASOLINA COMUM'))
ON CONFLICT DO NOTHING;


INSERT INTO public."PRECO_COLETADO" ("Preco", "UnidadeMedida", "DataColeta", "PostoCNPJ", "CombustivelID")
VALUES (5.890, 'R$ / litro', '2024-04-29', '1496517000186',
        (SELECT "ID_Combustivel" FROM public."COMBUSTIVEL" WHERE "Nome" = 'GASOLINA COMUM'))
ON CONFLICT DO NOTHING;


INSERT INTO public."PRECO_COLETADO" ("Preco", "UnidadeMedida", "DataColeta", "PostoCNPJ", "CombustivelID")
VALUES (5.890, 'R$ / litro', '2024-05-06', '1496517000186',
        (SELECT "ID_Combustivel" FROM public."COMBUSTIVEL" WHERE "Nome" = 'GASOLINA COMUM'))
ON CONFLICT DO NOTHING;


INSERT INTO public."PRECO_COLETADO" ("Preco", "UnidadeMedida", "DataColeta", "PostoCNPJ", "CombustivelID")
VALUES (5.890, 'R$ / litro', '2024-05-14', '1496517000186',
        (SELECT "ID_Combustivel" FROM public."COMBUSTIVEL" WHERE "Nome" = 'GASOLINA COMUM'))
ON CONFLICT DO NOTHING;


INSERT INTO public."PRECO_COLETADO" ("Preco", "UnidadeMedida", "DataColeta", "PostoCNPJ", "CombustivelID")
VALUES (5.890, 'R$ / litro', '2024-05-20', '1496517000186',
        (SELECT "ID_Combustivel" FROM public."COMBUSTIVEL" WHERE "Nome" = 'GASOLINA COMUM'))
ON CONFLICT DO NOTHING;


INSERT INTO public."PRECO_COLETADO" ("Preco", "UnidadeMedida", "DataColeta", "PostoCNPJ", "CombustivelID")
VALUES (5.890, 'R$ / litro', '2024-05-27', '1496517000186',
        (SELECT "ID_Combustivel" FROM public."COMBUSTIVEL" WHERE "Nome" = 'GASOLINA COMUM'))
ON CONFLICT DO NOTHING;


INSERT INTO public."PRECO_COLETADO" ("Preco", "UnidadeMedida", "DataColeta", "PostoCNPJ", "CombustivelID")
VALUES (5.890, 'R$ / litro', '2024-06-10', '1496517000186',
        (SELECT "ID_Combustivel" FROM public."COMBUSTIVEL" WHERE "Nome" = 'GASOLINA COMUM'))
ON CONFLICT DO NOTHING;


INSERT INTO public."PRECO_COLETADO" ("Preco", "UnidadeMedida", "DataColeta", "PostoCNPJ", "CombustivelID")
VALUES (5.890, 'R$ / litro', '2024-06-17', '1496517000186',
        (SELECT "ID_Combustivel" FROM public."COMBUSTIVEL" WHERE "Nome" = 'GASOLINA COMUM'))
ON CONFLICT DO NOTHING;


INSERT INTO public."PRECO_COLETADO" ("Preco", "UnidadeMedida", "DataColeta", "PostoCNPJ", "CombustivelID")
VALUES (5.890, 'R$ / litro', '2024-06-24', '1496517000186',
        (SELECT "ID_Combustivel" FROM public."COMBUSTIVEL" WHERE "Nome" = 'GASOLINA COMUM'))
ON CONFLICT DO NOTHING;


INSERT INTO public."PRECO_COLETADO" ("Preco", "UnidadeMedida", "DataColeta", "PostoCNPJ", "CombustivelID")
VALUES (5.890, 'R$ / litro', '2024-07-01', '1496517000186',
        (SELECT "ID_Combustivel" FROM public."COMBUSTIVEL" WHERE "Nome" = 'GASOLINA COMUM'))
ON CONFLICT DO NOTHING;


INSERT INTO public."PRECO_COLETADO" ("Preco", "UnidadeMedida", "DataColeta", "PostoCNPJ", "CombustivelID")
VALUES (5.890, 'R$ / litro', '2024-07-09', '1496517000186',
        (SELECT "ID_Combustivel" FROM public."COMBUSTIVEL" WHERE "Nome" = 'GASOLINA COMUM'))
ON CONFLICT DO NOTHING;


INSERT INTO public."PRECO_COLETADO" ("Preco", "UnidadeMedida", "DataColeta", "PostoCNPJ", "CombustivelID")
VALUES (6.190, 'R$ / litro', '2024-07-16', '1496517000186',
        (SELECT "ID_Combustivel" FROM public."COMBUSTIVEL" WHERE "Nome" = 'GASOLINA COMUM'))
ON CONFLICT DO NOTHING;


INSERT INTO public."PRECO_COLETADO" ("Preco", "UnidadeMedida", "DataColeta", "PostoCNPJ", "CombustivelID")
VALUES (6.190, 'R$ / litro', '2024-07-22', '1496517000186',
        (SELECT "ID_Combustivel" FROM public."COMBUSTIVEL" WHERE "Nome" = 'GASOLINA COMUM'))
ON CONFLICT DO NOTHING;


INSERT INTO public."PRECO_COLETADO" ("Preco", "UnidadeMedida", "DataColeta", "PostoCNPJ", "CombustivelID")
VALUES (6.190, 'R$ / litro', '2024-07-29', '1496517000186',
        (SELECT "ID_Combustivel" FROM public."COMBUSTIVEL" WHERE "Nome" = 'GASOLINA COMUM'))
ON CONFLICT DO NOTHING;


INSERT INTO public."PRECO_COLETADO" ("Preco", "UnidadeMedida", "DataColeta", "PostoCNPJ", "CombustivelID")
VALUES (6.090, 'R$ / litro', '2024-08-05', '1496517000186',
        (SELECT "ID_Combustivel" FROM public."COMBUSTIVEL" WHERE "Nome" = 'GASOLINA COMUM'))
ON CONFLICT DO NOTHING;


INSERT INTO public."PRECO_COLETADO" ("Preco", "UnidadeMedida", "DataColeta", "PostoCNPJ", "CombustivelID")
VALUES (6.090, 'R$ / litro', '2024-08-12', '1496517000186',
        (SELECT "ID_Combustivel" FROM public."COMBUSTIVEL" WHERE "Nome" = 'GASOLINA COMUM'))
ON CONFLICT DO NOTHING;


INSERT INTO public."PRECO_COLETADO" ("Preco", "UnidadeMedida", "DataColeta", "PostoCNPJ", "CombustivelID")
VALUES (6.090, 'R$ / litro', '2024-08-20', '1496517000186',
        (SELECT "ID_Combustivel" FROM public."COMBUSTIVEL" WHERE "Nome" = 'GASOLINA COMUM'))
ON CONFLICT DO NOTHING;


INSERT INTO public."PRECO_COLETADO" ("Preco", "UnidadeMedida", "DataColeta", "PostoCNPJ", "CombustivelID")
VALUES (6.090, 'R$ / litro', '2024-08-26', '1496517000186',
        (SELECT "ID_Combustivel" FROM public."COMBUSTIVEL" WHERE "Nome" = 'GASOLINA COMUM'))
ON CONFLICT DO NOTHING;


INSERT INTO public."PRECO_COLETADO" ("Preco", "UnidadeMedida", "DataColeta", "PostoCNPJ", "CombustivelID")
VALUES (6.090, 'R$ / litro', '2024-09-02', '1496517000186',
        (SELECT "ID_Combustivel" FROM public."COMBUSTIVEL" WHERE "Nome" = 'GASOLINA COMUM'))
ON CONFLICT DO NOTHING;


INSERT INTO public."POSTO" ("CNPJ", "RazaoSocial", "NomeFantasia", "Bandeira", "Logradouro", "Numero", "Bairro", "Cidade", "Estado", "CEP")
VALUES ('4165053000113', 'GLORIA POSTOS E SERVICOS LTDA', 'GLORIA POSTOS E SERVICOS', 'RAIZEN', 'AVENIDA MINISTRO SALGADO FILHO', '65', 'GLORIA', 'VILA VELHA', 'ESPIRITO SANTO', '29106010')
ON CONFLICT ("CNPJ") DO NOTHING;


INSERT INTO public."COMBUSTIVEL" ("Nome")
VALUES ('ETANOL')
ON CONFLICT ("Nome") DO NOTHING;


INSERT INTO public."PRECO_COLETADO" ("Preco", "UnidadeMedida", "DataColeta", "PostoCNPJ", "CombustivelID")
VALUES (3.990, 'R$ / litro', '2022-10-24', '4165053000113',
        (SELECT "ID_Combustivel" FROM public."COMBUSTIVEL" WHERE "Nome" = 'ETANOL'))
ON CONFLICT DO NOTHING;


INSERT INTO public."PRECO_COLETADO" ("Preco", "UnidadeMedida", "DataColeta", "PostoCNPJ", "CombustivelID")
VALUES (3.990, 'R$ / litro', '2022-10-31', '4165053000113',
        (SELECT "ID_Combustivel" FROM public."COMBUSTIVEL" WHERE "Nome" = 'ETANOL'))
ON CONFLICT DO NOTHING;


INSERT INTO public."PRECO_COLETADO" ("Preco", "UnidadeMedida", "DataColeta", "PostoCNPJ", "CombustivelID")
VALUES (3.990, 'R$ / litro', '2022-11-14', '4165053000113',
        (SELECT "ID_Combustivel" FROM public."COMBUSTIVEL" WHERE "Nome" = 'ETANOL'))
ON CONFLICT DO NOTHING;


INSERT INTO public."PRECO_COLETADO" ("Preco", "UnidadeMedida", "DataColeta", "PostoCNPJ", "CombustivelID")
VALUES (4.190, 'R$ / litro', '2022-11-22', '4165053000113',
        (SELECT "ID_Combustivel" FROM public."COMBUSTIVEL" WHERE "Nome" = 'ETANOL'))
ON CONFLICT DO NOTHING;


INSERT INTO public."PRECO_COLETADO" ("Preco", "UnidadeMedida", "DataColeta", "PostoCNPJ", "CombustivelID")
VALUES (4.190, 'R$ / litro', '2022-12-05', '4165053000113',
        (SELECT "ID_Combustivel" FROM public."COMBUSTIVEL" WHERE "Nome" = 'ETANOL'))
ON CONFLICT DO NOTHING;


INSERT INTO public."PRECO_COLETADO" ("Preco", "UnidadeMedida", "DataColeta", "PostoCNPJ", "CombustivelID")
VALUES (4.190, 'R$ / litro', '2022-12-12', '4165053000113',
        (SELECT "ID_Combustivel" FROM public."COMBUSTIVEL" WHERE "Nome" = 'ETANOL'))
ON CONFLICT DO NOTHING;


INSERT INTO public."PRECO_COLETADO" ("Preco", "UnidadeMedida", "DataColeta", "PostoCNPJ", "CombustivelID")
VALUES (4.190, 'R$ / litro', '2022-12-22', '4165053000113',
        (SELECT "ID_Combustivel" FROM public."COMBUSTIVEL" WHERE "Nome" = 'ETANOL'))
ON CONFLICT DO NOTHING;


INSERT INTO public."PRECO_COLETADO" ("Preco", "UnidadeMedida", "DataColeta", "PostoCNPJ", "CombustivelID")
VALUES (3.990, 'R$ / litro', '2022-12-26', '4165053000113',
        (SELECT "ID_Combustivel" FROM public."COMBUSTIVEL" WHERE "Nome" = 'ETANOL'))
ON CONFLICT DO NOTHING;


INSERT INTO public."PRECO_COLETADO" ("Preco", "UnidadeMedida", "DataColeta", "PostoCNPJ", "CombustivelID")
VALUES (3.990, 'R$ / litro', '2023-01-02', '4165053000113',
        (SELECT "ID_Combustivel" FROM public."COMBUSTIVEL" WHERE "Nome" = 'ETANOL'))
ON CONFLICT DO NOTHING;


INSERT INTO public."PRECO_COLETADO" ("Preco", "UnidadeMedida", "DataColeta", "PostoCNPJ", "CombustivelID")
VALUES (3.990, 'R$ / litro', '2023-01-09', '4165053000113',
        (SELECT "ID_Combustivel" FROM public."COMBUSTIVEL" WHERE "Nome" = 'ETANOL'))
ON CONFLICT DO NOTHING;


INSERT INTO public."PRECO_COLETADO" ("Preco", "UnidadeMedida", "DataColeta", "PostoCNPJ", "CombustivelID")
VALUES (4.190, 'R$ / litro', '2023-01-23', '4165053000113',
        (SELECT "ID_Combustivel" FROM public."COMBUSTIVEL" WHERE "Nome" = 'ETANOL'))
ON CONFLICT DO NOTHING;


INSERT INTO public."PRECO_COLETADO" ("Preco", "UnidadeMedida", "DataColeta", "PostoCNPJ", "CombustivelID")
VALUES (4.190, 'R$ / litro', '2023-01-30', '4165053000113',
        (SELECT "ID_Combustivel" FROM public."COMBUSTIVEL" WHERE "Nome" = 'ETANOL'))
ON CONFLICT DO NOTHING;


INSERT INTO public."PRECO_COLETADO" ("Preco", "UnidadeMedida", "DataColeta", "PostoCNPJ", "CombustivelID")
VALUES (3.990, 'R$ / litro', '2023-02-20', '4165053000113',
        (SELECT "ID_Combustivel" FROM public."COMBUSTIVEL" WHERE "Nome" = 'ETANOL'))
ON CONFLICT DO NOTHING;


INSERT INTO public."PRECO_COLETADO" ("Preco", "UnidadeMedida", "DataColeta", "PostoCNPJ", "CombustivelID")
VALUES (4.190, 'R$ / litro', '2023-03-06', '4165053000113',
        (SELECT "ID_Combustivel" FROM public."COMBUSTIVEL" WHERE "Nome" = 'ETANOL'))
ON CONFLICT DO NOTHING;


INSERT INTO public."PRECO_COLETADO" ("Preco", "UnidadeMedida", "DataColeta", "PostoCNPJ", "CombustivelID")
VALUES (4.380, 'R$ / litro', '2023-03-16', '4165053000113',
        (SELECT "ID_Combustivel" FROM public."COMBUSTIVEL" WHERE "Nome" = 'ETANOL'))
ON CONFLICT DO NOTHING;


INSERT INTO public."PRECO_COLETADO" ("Preco", "UnidadeMedida", "DataColeta", "PostoCNPJ", "CombustivelID")
VALUES (4.380, 'R$ / litro', '2023-03-21', '4165053000113',
        (SELECT "ID_Combustivel" FROM public."COMBUSTIVEL" WHERE "Nome" = 'ETANOL'))
ON CONFLICT DO NOTHING;


INSERT INTO public."PRECO_COLETADO" ("Preco", "UnidadeMedida", "DataColeta", "PostoCNPJ", "CombustivelID")
VALUES (4.380, 'R$ / litro', '2023-03-27', '4165053000113',
        (SELECT "ID_Combustivel" FROM public."COMBUSTIVEL" WHERE "Nome" = 'ETANOL'))
ON CONFLICT DO NOTHING;


INSERT INTO public."PRECO_COLETADO" ("Preco", "UnidadeMedida", "DataColeta", "PostoCNPJ", "CombustivelID")
VALUES (4.380, 'R$ / litro', '2023-04-04', '4165053000113',
        (SELECT "ID_Combustivel" FROM public."COMBUSTIVEL" WHERE "Nome" = 'ETANOL'))
ON CONFLICT DO NOTHING;


INSERT INTO public."PRECO_COLETADO" ("Preco", "UnidadeMedida", "DataColeta", "PostoCNPJ", "CombustivelID")
VALUES (4.380, 'R$ / litro', '2023-04-10', '4165053000113',
        (SELECT "ID_Combustivel" FROM public."COMBUSTIVEL" WHERE "Nome" = 'ETANOL'))
ON CONFLICT DO NOTHING;


INSERT INTO public."PRECO_COLETADO" ("Preco", "UnidadeMedida", "DataColeta", "PostoCNPJ", "CombustivelID")
VALUES (4.590, 'R$ / litro', '2023-04-17', '4165053000113',
        (SELECT "ID_Combustivel" FROM public."COMBUSTIVEL" WHERE "Nome" = 'ETANOL'))
ON CONFLICT DO NOTHING;


INSERT INTO public."PRECO_COLETADO" ("Preco", "UnidadeMedida", "DataColeta", "PostoCNPJ", "CombustivelID")
VALUES (4.590, 'R$ / litro', '2023-04-24', '4165053000113',
        (SELECT "ID_Combustivel" FROM public."COMBUSTIVEL" WHERE "Nome" = 'ETANOL'))
ON CONFLICT DO NOTHING;


INSERT INTO public."PRECO_COLETADO" ("Preco", "UnidadeMedida", "DataColeta", "PostoCNPJ", "CombustivelID")
VALUES (4.590, 'R$ / litro', '2023-05-02', '4165053000113',
        (SELECT "ID_Combustivel" FROM public."COMBUSTIVEL" WHERE "Nome" = 'ETANOL'))
ON CONFLICT DO NOTHING;


INSERT INTO public."PRECO_COLETADO" ("Preco", "UnidadeMedida", "DataColeta", "PostoCNPJ", "CombustivelID")
VALUES (4.590, 'R$ / litro', '2023-05-08', '4165053000113',
        (SELECT "ID_Combustivel" FROM public."COMBUSTIVEL" WHERE "Nome" = 'ETANOL'))
ON CONFLICT DO NOTHING;


INSERT INTO public."PRECO_COLETADO" ("Preco", "UnidadeMedida", "DataColeta", "PostoCNPJ", "CombustivelID")
VALUES (4.590, 'R$ / litro', '2023-05-15', '4165053000113',
        (SELECT "ID_Combustivel" FROM public."COMBUSTIVEL" WHERE "Nome" = 'ETANOL'))
ON CONFLICT DO NOTHING;


INSERT INTO public."PRECO_COLETADO" ("Preco", "UnidadeMedida", "DataColeta", "PostoCNPJ", "CombustivelID")
VALUES (4.590, 'R$ / litro', '2023-05-22', '4165053000113',
        (SELECT "ID_Combustivel" FROM public."COMBUSTIVEL" WHERE "Nome" = 'ETANOL'))
ON CONFLICT DO NOTHING;


INSERT INTO public."PRECO_COLETADO" ("Preco", "UnidadeMedida", "DataColeta", "PostoCNPJ", "CombustivelID")
VALUES (4.590, 'R$ / litro', '2023-05-29', '4165053000113',
        (SELECT "ID_Combustivel" FROM public."COMBUSTIVEL" WHERE "Nome" = 'ETANOL'))
ON CONFLICT DO NOTHING;


INSERT INTO public."PRECO_COLETADO" ("Preco", "UnidadeMedida", "DataColeta", "PostoCNPJ", "CombustivelID")
VALUES (4.390, 'R$ / litro', '2023-06-05', '4165053000113',
        (SELECT "ID_Combustivel" FROM public."COMBUSTIVEL" WHERE "Nome" = 'ETANOL'))
ON CONFLICT DO NOTHING;


INSERT INTO public."PRECO_COLETADO" ("Preco", "UnidadeMedida", "DataColeta", "PostoCNPJ", "CombustivelID")
VALUES (4.390, 'R$ / litro', '2023-06-13', '4165053000113',
        (SELECT "ID_Combustivel" FROM public."COMBUSTIVEL" WHERE "Nome" = 'ETANOL'))
ON CONFLICT DO NOTHING;


INSERT INTO public."PRECO_COLETADO" ("Preco", "UnidadeMedida", "DataColeta", "PostoCNPJ", "CombustivelID")
VALUES (4.290, 'R$ / litro', '2023-06-20', '4165053000113',
        (SELECT "ID_Combustivel" FROM public."COMBUSTIVEL" WHERE "Nome" = 'ETANOL'))
ON CONFLICT DO NOTHING;


INSERT INTO public."PRECO_COLETADO" ("Preco", "UnidadeMedida", "DataColeta", "PostoCNPJ", "CombustivelID")
VALUES (4.290, 'R$ / litro', '2023-06-27', '4165053000113',
        (SELECT "ID_Combustivel" FROM public."COMBUSTIVEL" WHERE "Nome" = 'ETANOL'))
ON CONFLICT DO NOTHING;


INSERT INTO public."PRECO_COLETADO" ("Preco", "UnidadeMedida", "DataColeta", "PostoCNPJ", "CombustivelID")
VALUES (4.290, 'R$ / litro', '2023-07-04', '4165053000113',
        (SELECT "ID_Combustivel" FROM public."COMBUSTIVEL" WHERE "Nome" = 'ETANOL'))
ON CONFLICT DO NOTHING;


INSERT INTO public."PRECO_COLETADO" ("Preco", "UnidadeMedida", "DataColeta", "PostoCNPJ", "CombustivelID")
VALUES (4.290, 'R$ / litro', '2023-07-10', '4165053000113',
        (SELECT "ID_Combustivel" FROM public."COMBUSTIVEL" WHERE "Nome" = 'ETANOL'))
ON CONFLICT DO NOTHING;


INSERT INTO public."PRECO_COLETADO" ("Preco", "UnidadeMedida", "DataColeta", "PostoCNPJ", "CombustivelID")
VALUES (4.290, 'R$ / litro', '2023-07-17', '4165053000113',
        (SELECT "ID_Combustivel" FROM public."COMBUSTIVEL" WHERE "Nome" = 'ETANOL'))
ON CONFLICT DO NOTHING;


INSERT INTO public."PRECO_COLETADO" ("Preco", "UnidadeMedida", "DataColeta", "PostoCNPJ", "CombustivelID")
VALUES (4.290, 'R$ / litro', '2023-07-24', '4165053000113',
        (SELECT "ID_Combustivel" FROM public."COMBUSTIVEL" WHERE "Nome" = 'ETANOL'))
ON CONFLICT DO NOTHING;


INSERT INTO public."PRECO_COLETADO" ("Preco", "UnidadeMedida", "DataColeta", "PostoCNPJ", "CombustivelID")
VALUES (4.290, 'R$ / litro', '2023-07-31', '4165053000113',
        (SELECT "ID_Combustivel" FROM public."COMBUSTIVEL" WHERE "Nome" = 'ETANOL'))
ON CONFLICT DO NOTHING;


INSERT INTO public."PRECO_COLETADO" ("Preco", "UnidadeMedida", "DataColeta", "PostoCNPJ", "CombustivelID")
VALUES (4.290, 'R$ / litro', '2023-08-07', '4165053000113',
        (SELECT "ID_Combustivel" FROM public."COMBUSTIVEL" WHERE "Nome" = 'ETANOL'))
ON CONFLICT DO NOTHING;


INSERT INTO public."PRECO_COLETADO" ("Preco", "UnidadeMedida", "DataColeta", "PostoCNPJ", "CombustivelID")
VALUES (4.290, 'R$ / litro', '2023-08-15', '4165053000113',
        (SELECT "ID_Combustivel" FROM public."COMBUSTIVEL" WHERE "Nome" = 'ETANOL'))
ON CONFLICT DO NOTHING;


INSERT INTO public."PRECO_COLETADO" ("Preco", "UnidadeMedida", "DataColeta", "PostoCNPJ", "CombustivelID")
VALUES (4.290, 'R$ / litro', '2023-08-21', '4165053000113',
        (SELECT "ID_Combustivel" FROM public."COMBUSTIVEL" WHERE "Nome" = 'ETANOL'))
ON CONFLICT DO NOTHING;


INSERT INTO public."PRECO_COLETADO" ("Preco", "UnidadeMedida", "DataColeta", "PostoCNPJ", "CombustivelID")
VALUES (4.590, 'R$ / litro', '2023-08-30', '4165053000113',
        (SELECT "ID_Combustivel" FROM public."COMBUSTIVEL" WHERE "Nome" = 'ETANOL'))
ON CONFLICT DO NOTHING;


INSERT INTO public."PRECO_COLETADO" ("Preco", "UnidadeMedida", "DataColeta", "PostoCNPJ", "CombustivelID")
VALUES (4.590, 'R$ / litro', '2023-09-07', '4165053000113',
        (SELECT "ID_Combustivel" FROM public."COMBUSTIVEL" WHERE "Nome" = 'ETANOL'))
ON CONFLICT DO NOTHING;


INSERT INTO public."PRECO_COLETADO" ("Preco", "UnidadeMedida", "DataColeta", "PostoCNPJ", "CombustivelID")
VALUES (4.590, 'R$ / litro', '2023-09-12', '4165053000113',
        (SELECT "ID_Combustivel" FROM public."COMBUSTIVEL" WHERE "Nome" = 'ETANOL'))
ON CONFLICT DO NOTHING;


INSERT INTO public."PRECO_COLETADO" ("Preco", "UnidadeMedida", "DataColeta", "PostoCNPJ", "CombustivelID")
VALUES (4.590, 'R$ / litro', '2023-09-19', '4165053000113',
        (SELECT "ID_Combustivel" FROM public."COMBUSTIVEL" WHERE "Nome" = 'ETANOL'))
ON CONFLICT DO NOTHING;


INSERT INTO public."PRECO_COLETADO" ("Preco", "UnidadeMedida", "DataColeta", "PostoCNPJ", "CombustivelID")
VALUES (4.590, 'R$ / litro', '2023-09-26', '4165053000113',
        (SELECT "ID_Combustivel" FROM public."COMBUSTIVEL" WHERE "Nome" = 'ETANOL'))
ON CONFLICT DO NOTHING;


INSERT INTO public."PRECO_COLETADO" ("Preco", "UnidadeMedida", "DataColeta", "PostoCNPJ", "CombustivelID")
VALUES (4.590, 'R$ / litro', '2023-10-03', '4165053000113',
        (SELECT "ID_Combustivel" FROM public."COMBUSTIVEL" WHERE "Nome" = 'ETANOL'))
ON CONFLICT DO NOTHING;


INSERT INTO public."PRECO_COLETADO" ("Preco", "UnidadeMedida", "DataColeta", "PostoCNPJ", "CombustivelID")
VALUES (4.590, 'R$ / litro', '2023-10-10', '4165053000113',
        (SELECT "ID_Combustivel" FROM public."COMBUSTIVEL" WHERE "Nome" = 'ETANOL'))
ON CONFLICT DO NOTHING;


INSERT INTO public."PRECO_COLETADO" ("Preco", "UnidadeMedida", "DataColeta", "PostoCNPJ", "CombustivelID")
VALUES (4.590, 'R$ / litro', '2023-10-16', '4165053000113',
        (SELECT "ID_Combustivel" FROM public."COMBUSTIVEL" WHERE "Nome" = 'ETANOL'))
ON CONFLICT DO NOTHING;


INSERT INTO public."PRECO_COLETADO" ("Preco", "UnidadeMedida", "DataColeta", "PostoCNPJ", "CombustivelID")
VALUES (4.590, 'R$ / litro', '2023-10-24', '4165053000113',
        (SELECT "ID_Combustivel" FROM public."COMBUSTIVEL" WHERE "Nome" = 'ETANOL'))
ON CONFLICT DO NOTHING;


INSERT INTO public."PRECO_COLETADO" ("Preco", "UnidadeMedida", "DataColeta", "PostoCNPJ", "CombustivelID")
VALUES (4.590, 'R$ / litro', '2023-10-31', '4165053000113',
        (SELECT "ID_Combustivel" FROM public."COMBUSTIVEL" WHERE "Nome" = 'ETANOL'))
ON CONFLICT DO NOTHING;


INSERT INTO public."PRECO_COLETADO" ("Preco", "UnidadeMedida", "DataColeta", "PostoCNPJ", "CombustivelID")
VALUES (4.590, 'R$ / litro', '2023-11-07', '4165053000113',
        (SELECT "ID_Combustivel" FROM public."COMBUSTIVEL" WHERE "Nome" = 'ETANOL'))
ON CONFLICT DO NOTHING;


INSERT INTO public."PRECO_COLETADO" ("Preco", "UnidadeMedida", "DataColeta", "PostoCNPJ", "CombustivelID")
VALUES (4.590, 'R$ / litro', '2023-11-14', '4165053000113',
        (SELECT "ID_Combustivel" FROM public."COMBUSTIVEL" WHERE "Nome" = 'ETANOL'))
ON CONFLICT DO NOTHING;


INSERT INTO public."PRECO_COLETADO" ("Preco", "UnidadeMedida", "DataColeta", "PostoCNPJ", "CombustivelID")
VALUES (4.590, 'R$ / litro', '2023-11-21', '4165053000113',
        (SELECT "ID_Combustivel" FROM public."COMBUSTIVEL" WHERE "Nome" = 'ETANOL'))
ON CONFLICT DO NOTHING;


INSERT INTO public."PRECO_COLETADO" ("Preco", "UnidadeMedida", "DataColeta", "PostoCNPJ", "CombustivelID")
VALUES (4.590, 'R$ / litro', '2023-11-28', '4165053000113',
        (SELECT "ID_Combustivel" FROM public."COMBUSTIVEL" WHERE "Nome" = 'ETANOL'))
ON CONFLICT DO NOTHING;


INSERT INTO public."PRECO_COLETADO" ("Preco", "UnidadeMedida", "DataColeta", "PostoCNPJ", "CombustivelID")
VALUES (4.590, 'R$ / litro', '2023-12-06', '4165053000113',
        (SELECT "ID_Combustivel" FROM public."COMBUSTIVEL" WHERE "Nome" = 'ETANOL'))
ON CONFLICT DO NOTHING;


INSERT INTO public."PRECO_COLETADO" ("Preco", "UnidadeMedida", "DataColeta", "PostoCNPJ", "CombustivelID")
VALUES (4.390, 'R$ / litro', '2023-12-13', '4165053000113',
        (SELECT "ID_Combustivel" FROM public."COMBUSTIVEL" WHERE "Nome" = 'ETANOL'))
ON CONFLICT DO NOTHING;


INSERT INTO public."PRECO_COLETADO" ("Preco", "UnidadeMedida", "DataColeta", "PostoCNPJ", "CombustivelID")
VALUES (4.390, 'R$ / litro', '2023-12-18', '4165053000113',
        (SELECT "ID_Combustivel" FROM public."COMBUSTIVEL" WHERE "Nome" = 'ETANOL'))
ON CONFLICT DO NOTHING;


INSERT INTO public."PRECO_COLETADO" ("Preco", "UnidadeMedida", "DataColeta", "PostoCNPJ", "CombustivelID")
VALUES (4.390, 'R$ / litro', '2023-12-26', '4165053000113',
        (SELECT "ID_Combustivel" FROM public."COMBUSTIVEL" WHERE "Nome" = 'ETANOL'))
ON CONFLICT DO NOTHING;


INSERT INTO public."PRECO_COLETADO" ("Preco", "UnidadeMedida", "DataColeta", "PostoCNPJ", "CombustivelID")
VALUES (4.390, 'R$ / litro', '2024-01-03', '4165053000113',
        (SELECT "ID_Combustivel" FROM public."COMBUSTIVEL" WHERE "Nome" = 'ETANOL'))
ON CONFLICT DO NOTHING;


INSERT INTO public."PRECO_COLETADO" ("Preco", "UnidadeMedida", "DataColeta", "PostoCNPJ", "CombustivelID")
VALUES (4.390, 'R$ / litro', '2024-01-08', '4165053000113',
        (SELECT "ID_Combustivel" FROM public."COMBUSTIVEL" WHERE "Nome" = 'ETANOL'))
ON CONFLICT DO NOTHING;


INSERT INTO public."PRECO_COLETADO" ("Preco", "UnidadeMedida", "DataColeta", "PostoCNPJ", "CombustivelID")
VALUES (4.590, 'R$ / litro', '2024-01-15', '4165053000113',
        (SELECT "ID_Combustivel" FROM public."COMBUSTIVEL" WHERE "Nome" = 'ETANOL'))
ON CONFLICT DO NOTHING;


INSERT INTO public."PRECO_COLETADO" ("Preco", "UnidadeMedida", "DataColeta", "PostoCNPJ", "CombustivelID")
VALUES (4.590, 'R$ / litro', '2024-01-22', '4165053000113',
        (SELECT "ID_Combustivel" FROM public."COMBUSTIVEL" WHERE "Nome" = 'ETANOL'))
ON CONFLICT DO NOTHING;


INSERT INTO public."PRECO_COLETADO" ("Preco", "UnidadeMedida", "DataColeta", "PostoCNPJ", "CombustivelID")
VALUES (4.590, 'R$ / litro', '2024-01-29', '4165053000113',
        (SELECT "ID_Combustivel" FROM public."COMBUSTIVEL" WHERE "Nome" = 'ETANOL'))
ON CONFLICT DO NOTHING;


INSERT INTO public."PRECO_COLETADO" ("Preco", "UnidadeMedida", "DataColeta", "PostoCNPJ", "CombustivelID")
VALUES (4.390, 'R$ / litro', '2024-02-05', '4165053000113',
        (SELECT "ID_Combustivel" FROM public."COMBUSTIVEL" WHERE "Nome" = 'ETANOL'))
ON CONFLICT DO NOTHING;


INSERT INTO public."PRECO_COLETADO" ("Preco", "UnidadeMedida", "DataColeta", "PostoCNPJ", "CombustivelID")
VALUES (4.390, 'R$ / litro', '2024-02-12', '4165053000113',
        (SELECT "ID_Combustivel" FROM public."COMBUSTIVEL" WHERE "Nome" = 'ETANOL'))
ON CONFLICT DO NOTHING;


INSERT INTO public."PRECO_COLETADO" ("Preco", "UnidadeMedida", "DataColeta", "PostoCNPJ", "CombustivelID")
VALUES (4.390, 'R$ / litro', '2024-02-19', '4165053000113',
        (SELECT "ID_Combustivel" FROM public."COMBUSTIVEL" WHERE "Nome" = 'ETANOL'))
ON CONFLICT DO NOTHING;


INSERT INTO public."PRECO_COLETADO" ("Preco", "UnidadeMedida", "DataColeta", "PostoCNPJ", "CombustivelID")
VALUES (4.390, 'R$ / litro', '2024-02-26', '4165053000113',
        (SELECT "ID_Combustivel" FROM public."COMBUSTIVEL" WHERE "Nome" = 'ETANOL'))
ON CONFLICT DO NOTHING;


INSERT INTO public."PRECO_COLETADO" ("Preco", "UnidadeMedida", "DataColeta", "PostoCNPJ", "CombustivelID")
VALUES (4.390, 'R$ / litro', '2024-03-04', '4165053000113',
        (SELECT "ID_Combustivel" FROM public."COMBUSTIVEL" WHERE "Nome" = 'ETANOL'))
ON CONFLICT DO NOTHING;


INSERT INTO public."PRECO_COLETADO" ("Preco", "UnidadeMedida", "DataColeta", "PostoCNPJ", "CombustivelID")
VALUES (4.390, 'R$ / litro', '2024-03-11', '4165053000113',
        (SELECT "ID_Combustivel" FROM public."COMBUSTIVEL" WHERE "Nome" = 'ETANOL'))
ON CONFLICT DO NOTHING;


INSERT INTO public."PRECO_COLETADO" ("Preco", "UnidadeMedida", "DataColeta", "PostoCNPJ", "CombustivelID")
VALUES (4.390, 'R$ / litro', '2024-03-18', '4165053000113',
        (SELECT "ID_Combustivel" FROM public."COMBUSTIVEL" WHERE "Nome" = 'ETANOL'))
ON CONFLICT DO NOTHING;


INSERT INTO public."PRECO_COLETADO" ("Preco", "UnidadeMedida", "DataColeta", "PostoCNPJ", "CombustivelID")
VALUES (4.490, 'R$ / litro', '2024-03-28', '4165053000113',
        (SELECT "ID_Combustivel" FROM public."COMBUSTIVEL" WHERE "Nome" = 'ETANOL'))
ON CONFLICT DO NOTHING;


INSERT INTO public."PRECO_COLETADO" ("Preco", "UnidadeMedida", "DataColeta", "PostoCNPJ", "CombustivelID")
VALUES (4.190, 'R$ / litro', '2024-04-01', '4165053000113',
        (SELECT "ID_Combustivel" FROM public."COMBUSTIVEL" WHERE "Nome" = 'ETANOL'))
ON CONFLICT DO NOTHING;


INSERT INTO public."PRECO_COLETADO" ("Preco", "UnidadeMedida", "DataColeta", "PostoCNPJ", "CombustivelID")
VALUES (4.190, 'R$ / litro', '2024-04-15', '4165053000113',
        (SELECT "ID_Combustivel" FROM public."COMBUSTIVEL" WHERE "Nome" = 'ETANOL'))
ON CONFLICT DO NOTHING;


INSERT INTO public."PRECO_COLETADO" ("Preco", "UnidadeMedida", "DataColeta", "PostoCNPJ", "CombustivelID")
VALUES (4.190, 'R$ / litro', '2024-04-22', '4165053000113',
        (SELECT "ID_Combustivel" FROM public."COMBUSTIVEL" WHERE "Nome" = 'ETANOL'))
ON CONFLICT DO NOTHING;


INSERT INTO public."PRECO_COLETADO" ("Preco", "UnidadeMedida", "DataColeta", "PostoCNPJ", "CombustivelID")
VALUES (4.090, 'R$ / litro', '2024-04-29', '4165053000113',
        (SELECT "ID_Combustivel" FROM public."COMBUSTIVEL" WHERE "Nome" = 'ETANOL'))
ON CONFLICT DO NOTHING;


INSERT INTO public."PRECO_COLETADO" ("Preco", "UnidadeMedida", "DataColeta", "PostoCNPJ", "CombustivelID")
VALUES (4.090, 'R$ / litro', '2024-05-06', '4165053000113',
        (SELECT "ID_Combustivel" FROM public."COMBUSTIVEL" WHERE "Nome" = 'ETANOL'))
ON CONFLICT DO NOTHING;


INSERT INTO public."PRECO_COLETADO" ("Preco", "UnidadeMedida", "DataColeta", "PostoCNPJ", "CombustivelID")
VALUES (4.090, 'R$ / litro', '2024-05-14', '4165053000113',
        (SELECT "ID_Combustivel" FROM public."COMBUSTIVEL" WHERE "Nome" = 'ETANOL'))
ON CONFLICT DO NOTHING;


INSERT INTO public."PRECO_COLETADO" ("Preco", "UnidadeMedida", "DataColeta", "PostoCNPJ", "CombustivelID")
VALUES (4.290, 'R$ / litro', '2024-05-20', '4165053000113',
        (SELECT "ID_Combustivel" FROM public."COMBUSTIVEL" WHERE "Nome" = 'ETANOL'))
ON CONFLICT DO NOTHING;


INSERT INTO public."PRECO_COLETADO" ("Preco", "UnidadeMedida", "DataColeta", "PostoCNPJ", "CombustivelID")
VALUES (4.290, 'R$ / litro', '2024-05-27', '4165053000113',
        (SELECT "ID_Combustivel" FROM public."COMBUSTIVEL" WHERE "Nome" = 'ETANOL'))
ON CONFLICT DO NOTHING;


INSERT INTO public."PRECO_COLETADO" ("Preco", "UnidadeMedida", "DataColeta", "PostoCNPJ", "CombustivelID")
VALUES (3.990, 'R$ / litro', '2024-06-04', '4165053000113',
        (SELECT "ID_Combustivel" FROM public."COMBUSTIVEL" WHERE "Nome" = 'ETANOL'))
ON CONFLICT DO NOTHING;


INSERT INTO public."PRECO_COLETADO" ("Preco", "UnidadeMedida", "DataColeta", "PostoCNPJ", "CombustivelID")
VALUES (3.990, 'R$ / litro', '2024-06-17', '4165053000113',
        (SELECT "ID_Combustivel" FROM public."COMBUSTIVEL" WHERE "Nome" = 'ETANOL'))
ON CONFLICT DO NOTHING;


INSERT INTO public."PRECO_COLETADO" ("Preco", "UnidadeMedida", "DataColeta", "PostoCNPJ", "CombustivelID")
VALUES (3.990, 'R$ / litro', '2024-06-24', '4165053000113',
        (SELECT "ID_Combustivel" FROM public."COMBUSTIVEL" WHERE "Nome" = 'ETANOL'))
ON CONFLICT DO NOTHING;


INSERT INTO public."PRECO_COLETADO" ("Preco", "UnidadeMedida", "DataColeta", "PostoCNPJ", "CombustivelID")
VALUES (3.990, 'R$ / litro', '2024-07-01', '4165053000113',
        (SELECT "ID_Combustivel" FROM public."COMBUSTIVEL" WHERE "Nome" = 'ETANOL'))
ON CONFLICT DO NOTHING;


INSERT INTO public."PRECO_COLETADO" ("Preco", "UnidadeMedida", "DataColeta", "PostoCNPJ", "CombustivelID")
VALUES (4.190, 'R$ / litro', '2024-07-09', '4165053000113',
        (SELECT "ID_Combustivel" FROM public."COMBUSTIVEL" WHERE "Nome" = 'ETANOL'))
ON CONFLICT DO NOTHING;


INSERT INTO public."PRECO_COLETADO" ("Preco", "UnidadeMedida", "DataColeta", "PostoCNPJ", "CombustivelID")
VALUES (4.390, 'R$ / litro', '2024-07-16', '4165053000113',
        (SELECT "ID_Combustivel" FROM public."COMBUSTIVEL" WHERE "Nome" = 'ETANOL'))
ON CONFLICT DO NOTHING;


INSERT INTO public."PRECO_COLETADO" ("Preco", "UnidadeMedida", "DataColeta", "PostoCNPJ", "CombustivelID")
VALUES (4.390, 'R$ / litro', '2024-07-22', '4165053000113',
        (SELECT "ID_Combustivel" FROM public."COMBUSTIVEL" WHERE "Nome" = 'ETANOL'))
ON CONFLICT DO NOTHING;


INSERT INTO public."PRECO_COLETADO" ("Preco", "UnidadeMedida", "DataColeta", "PostoCNPJ", "CombustivelID")
VALUES (4.390, 'R$ / litro', '2024-08-20', '4165053000113',
        (SELECT "ID_Combustivel" FROM public."COMBUSTIVEL" WHERE "Nome" = 'ETANOL'))
ON CONFLICT DO NOTHING;


INSERT INTO public."PRECO_COLETADO" ("Preco", "UnidadeMedida", "DataColeta", "PostoCNPJ", "CombustivelID")
VALUES (4.390, 'R$ / litro', '2024-08-27', '4165053000113',
        (SELECT "ID_Combustivel" FROM public."COMBUSTIVEL" WHERE "Nome" = 'ETANOL'))
ON CONFLICT DO NOTHING;


INSERT INTO public."PRECO_COLETADO" ("Preco", "UnidadeMedida", "DataColeta", "PostoCNPJ", "CombustivelID")
VALUES (4.390, 'R$ / litro', '2024-09-02', '4165053000113',
        (SELECT "ID_Combustivel" FROM public."COMBUSTIVEL" WHERE "Nome" = 'ETANOL'))
ON CONFLICT DO NOTHING;


INSERT INTO public."COMBUSTIVEL" ("Nome")
VALUES ('DIESEL S10')
ON CONFLICT ("Nome") DO NOTHING;


INSERT INTO public."PRECO_COLETADO" ("Preco", "UnidadeMedida", "DataColeta", "PostoCNPJ", "CombustivelID")
VALUES (6.490, 'R$ / litro', '2022-10-24', '4165053000113',
        (SELECT "ID_Combustivel" FROM public."COMBUSTIVEL" WHERE "Nome" = 'DIESEL S10'))
ON CONFLICT DO NOTHING;


INSERT INTO public."PRECO_COLETADO" ("Preco", "UnidadeMedida", "DataColeta", "PostoCNPJ", "CombustivelID")
VALUES (6.490, 'R$ / litro', '2022-10-31', '4165053000113',
        (SELECT "ID_Combustivel" FROM public."COMBUSTIVEL" WHERE "Nome" = 'DIESEL S10'))
ON CONFLICT DO NOTHING;


INSERT INTO public."PRECO_COLETADO" ("Preco", "UnidadeMedida", "DataColeta", "PostoCNPJ", "CombustivelID")
VALUES (6.490, 'R$ / litro', '2022-11-14', '4165053000113',
        (SELECT "ID_Combustivel" FROM public."COMBUSTIVEL" WHERE "Nome" = 'DIESEL S10'))
ON CONFLICT DO NOTHING;


INSERT INTO public."PRECO_COLETADO" ("Preco", "UnidadeMedida", "DataColeta", "PostoCNPJ", "CombustivelID")
VALUES (6.490, 'R$ / litro', '2022-11-22', '4165053000113',
        (SELECT "ID_Combustivel" FROM public."COMBUSTIVEL" WHERE "Nome" = 'DIESEL S10'))
ON CONFLICT DO NOTHING;


INSERT INTO public."PRECO_COLETADO" ("Preco", "UnidadeMedida", "DataColeta", "PostoCNPJ", "CombustivelID")
VALUES (6.490, 'R$ / litro', '2022-12-05', '4165053000113',
        (SELECT "ID_Combustivel" FROM public."COMBUSTIVEL" WHERE "Nome" = 'DIESEL S10'))
ON CONFLICT DO NOTHING;


INSERT INTO public."PRECO_COLETADO" ("Preco", "UnidadeMedida", "DataColeta", "PostoCNPJ", "CombustivelID")
VALUES (6.390, 'R$ / litro', '2022-12-12', '4165053000113',
        (SELECT "ID_Combustivel" FROM public."COMBUSTIVEL" WHERE "Nome" = 'DIESEL S10'))
ON CONFLICT DO NOTHING;


INSERT INTO public."PRECO_COLETADO" ("Preco", "UnidadeMedida", "DataColeta", "PostoCNPJ", "CombustivelID")
VALUES (6.090, 'R$ / litro', '2022-12-22', '4165053000113',
        (SELECT "ID_Combustivel" FROM public."COMBUSTIVEL" WHERE "Nome" = 'DIESEL S10'))
ON CONFLICT DO NOTHING;


INSERT INTO public."PRECO_COLETADO" ("Preco", "UnidadeMedida", "DataColeta", "PostoCNPJ", "CombustivelID")
VALUES (6.090, 'R$ / litro', '2022-12-26', '4165053000113',
        (SELECT "ID_Combustivel" FROM public."COMBUSTIVEL" WHERE "Nome" = 'DIESEL S10'))
ON CONFLICT DO NOTHING;


INSERT INTO public."PRECO_COLETADO" ("Preco", "UnidadeMedida", "DataColeta", "PostoCNPJ", "CombustivelID")
VALUES (6.090, 'R$ / litro', '2023-01-02', '4165053000113',
        (SELECT "ID_Combustivel" FROM public."COMBUSTIVEL" WHERE "Nome" = 'DIESEL S10'))
ON CONFLICT DO NOTHING;


INSERT INTO public."PRECO_COLETADO" ("Preco", "UnidadeMedida", "DataColeta", "PostoCNPJ", "CombustivelID")
VALUES (6.090, 'R$ / litro', '2023-01-09', '4165053000113',
        (SELECT "ID_Combustivel" FROM public."COMBUSTIVEL" WHERE "Nome" = 'DIESEL S10'))
ON CONFLICT DO NOTHING;


INSERT INTO public."PRECO_COLETADO" ("Preco", "UnidadeMedida", "DataColeta", "PostoCNPJ", "CombustivelID")
VALUES (6.090, 'R$ / litro', '2023-01-16', '4165053000113',
        (SELECT "ID_Combustivel" FROM public."COMBUSTIVEL" WHERE "Nome" = 'DIESEL S10'))
ON CONFLICT DO NOTHING;


INSERT INTO public."PRECO_COLETADO" ("Preco", "UnidadeMedida", "DataColeta", "PostoCNPJ", "CombustivelID")
VALUES (6.040, 'R$ / litro', '2023-01-23', '4165053000113',
        (SELECT "ID_Combustivel" FROM public."COMBUSTIVEL" WHERE "Nome" = 'DIESEL S10'))
ON CONFLICT DO NOTHING;


INSERT INTO public."PRECO_COLETADO" ("Preco", "UnidadeMedida", "DataColeta", "PostoCNPJ", "CombustivelID")
VALUES (6.040, 'R$ / litro', '2023-01-30', '4165053000113',
        (SELECT "ID_Combustivel" FROM public."COMBUSTIVEL" WHERE "Nome" = 'DIESEL S10'))
ON CONFLICT DO NOTHING;


INSERT INTO public."PRECO_COLETADO" ("Preco", "UnidadeMedida", "DataColeta", "PostoCNPJ", "CombustivelID")
VALUES (6.040, 'R$ / litro', '2023-02-06', '4165053000113',
        (SELECT "ID_Combustivel" FROM public."COMBUSTIVEL" WHERE "Nome" = 'DIESEL S10'))
ON CONFLICT DO NOTHING;


INSERT INTO public."PRECO_COLETADO" ("Preco", "UnidadeMedida", "DataColeta", "PostoCNPJ", "CombustivelID")
VALUES (5.950, 'R$ / litro', '2023-02-13', '4165053000113',
        (SELECT "ID_Combustivel" FROM public."COMBUSTIVEL" WHERE "Nome" = 'DIESEL S10'))
ON CONFLICT DO NOTHING;


INSERT INTO public."PRECO_COLETADO" ("Preco", "UnidadeMedida", "DataColeta", "PostoCNPJ", "CombustivelID")
VALUES (5.790, 'R$ / litro', '2023-02-20', '4165053000113',
        (SELECT "ID_Combustivel" FROM public."COMBUSTIVEL" WHERE "Nome" = 'DIESEL S10'))
ON CONFLICT DO NOTHING;


INSERT INTO public."PRECO_COLETADO" ("Preco", "UnidadeMedida", "DataColeta", "PostoCNPJ", "CombustivelID")
VALUES (5.790, 'R$ / litro', '2023-02-27', '4165053000113',
        (SELECT "ID_Combustivel" FROM public."COMBUSTIVEL" WHERE "Nome" = 'DIESEL S10'))
ON CONFLICT DO NOTHING;


INSERT INTO public."PRECO_COLETADO" ("Preco", "UnidadeMedida", "DataColeta", "PostoCNPJ", "CombustivelID")
VALUES (5.790, 'R$ / litro', '2023-03-06', '4165053000113',
        (SELECT "ID_Combustivel" FROM public."COMBUSTIVEL" WHERE "Nome" = 'DIESEL S10'))
ON CONFLICT DO NOTHING;


INSERT INTO public."PRECO_COLETADO" ("Preco", "UnidadeMedida", "DataColeta", "PostoCNPJ", "CombustivelID")
VALUES (5.690, 'R$ / litro', '2023-03-16', '4165053000113',
        (SELECT "ID_Combustivel" FROM public."COMBUSTIVEL" WHERE "Nome" = 'DIESEL S10'))
ON CONFLICT DO NOTHING;


INSERT INTO public."PRECO_COLETADO" ("Preco", "UnidadeMedida", "DataColeta", "PostoCNPJ", "CombustivelID")
VALUES (5.690, 'R$ / litro', '2023-03-21', '4165053000113',
        (SELECT "ID_Combustivel" FROM public."COMBUSTIVEL" WHERE "Nome" = 'DIESEL S10'))
ON CONFLICT DO NOTHING;


INSERT INTO public."PRECO_COLETADO" ("Preco", "UnidadeMedida", "DataColeta", "PostoCNPJ", "CombustivelID")
VALUES (5.590, 'R$ / litro', '2023-03-27', '4165053000113',
        (SELECT "ID_Combustivel" FROM public."COMBUSTIVEL" WHERE "Nome" = 'DIESEL S10'))
ON CONFLICT DO NOTHING;


INSERT INTO public."PRECO_COLETADO" ("Preco", "UnidadeMedida", "DataColeta", "PostoCNPJ", "CombustivelID")
VALUES (5.590, 'R$ / litro', '2023-04-04', '4165053000113',
        (SELECT "ID_Combustivel" FROM public."COMBUSTIVEL" WHERE "Nome" = 'DIESEL S10'))
ON CONFLICT DO NOTHING;


INSERT INTO public."PRECO_COLETADO" ("Preco", "UnidadeMedida", "DataColeta", "PostoCNPJ", "CombustivelID")
VALUES (5.590, 'R$ / litro', '2023-04-10', '4165053000113',
        (SELECT "ID_Combustivel" FROM public."COMBUSTIVEL" WHERE "Nome" = 'DIESEL S10'))
ON CONFLICT DO NOTHING;


INSERT INTO public."PRECO_COLETADO" ("Preco", "UnidadeMedida", "DataColeta", "PostoCNPJ", "CombustivelID")
VALUES (5.590, 'R$ / litro', '2023-04-17', '4165053000113',
        (SELECT "ID_Combustivel" FROM public."COMBUSTIVEL" WHERE "Nome" = 'DIESEL S10'))
ON CONFLICT DO NOTHING;


INSERT INTO public."PRECO_COLETADO" ("Preco", "UnidadeMedida", "DataColeta", "PostoCNPJ", "CombustivelID")
VALUES (5.590, 'R$ / litro', '2023-04-24', '4165053000113',
        (SELECT "ID_Combustivel" FROM public."COMBUSTIVEL" WHERE "Nome" = 'DIESEL S10'))
ON CONFLICT DO NOTHING;


INSERT INTO public."PRECO_COLETADO" ("Preco", "UnidadeMedida", "DataColeta", "PostoCNPJ", "CombustivelID")
VALUES (5.590, 'R$ / litro', '2023-05-02', '4165053000113',
        (SELECT "ID_Combustivel" FROM public."COMBUSTIVEL" WHERE "Nome" = 'DIESEL S10'))
ON CONFLICT DO NOTHING;


INSERT INTO public."PRECO_COLETADO" ("Preco", "UnidadeMedida", "DataColeta", "PostoCNPJ", "CombustivelID")
VALUES (5.590, 'R$ / litro', '2023-05-08', '4165053000113',
        (SELECT "ID_Combustivel" FROM public."COMBUSTIVEL" WHERE "Nome" = 'DIESEL S10'))
ON CONFLICT DO NOTHING;


INSERT INTO public."PRECO_COLETADO" ("Preco", "UnidadeMedida", "DataColeta", "PostoCNPJ", "CombustivelID")
VALUES (5.490, 'R$ / litro', '2023-05-15', '4165053000113',
        (SELECT "ID_Combustivel" FROM public."COMBUSTIVEL" WHERE "Nome" = 'DIESEL S10'))
ON CONFLICT DO NOTHING;


INSERT INTO public."PRECO_COLETADO" ("Preco", "UnidadeMedida", "DataColeta", "PostoCNPJ", "CombustivelID")
VALUES (5.290, 'R$ / litro', '2023-05-22', '4165053000113',
        (SELECT "ID_Combustivel" FROM public."COMBUSTIVEL" WHERE "Nome" = 'DIESEL S10'))
ON CONFLICT DO NOTHING;


INSERT INTO public."PRECO_COLETADO" ("Preco", "UnidadeMedida", "DataColeta", "PostoCNPJ", "CombustivelID")
VALUES (5.170, 'R$ / litro', '2023-05-29', '4165053000113',
        (SELECT "ID_Combustivel" FROM public."COMBUSTIVEL" WHERE "Nome" = 'DIESEL S10'))
ON CONFLICT DO NOTHING;


INSERT INTO public."PRECO_COLETADO" ("Preco", "UnidadeMedida", "DataColeta", "PostoCNPJ", "CombustivelID")
VALUES (5.090, 'R$ / litro', '2023-06-13', '4165053000113',
        (SELECT "ID_Combustivel" FROM public."COMBUSTIVEL" WHERE "Nome" = 'DIESEL S10'))
ON CONFLICT DO NOTHING;


INSERT INTO public."PRECO_COLETADO" ("Preco", "UnidadeMedida", "DataColeta", "PostoCNPJ", "CombustivelID")
VALUES (5.090, 'R$ / litro', '2023-06-20', '4165053000113',
        (SELECT "ID_Combustivel" FROM public."COMBUSTIVEL" WHERE "Nome" = 'DIESEL S10'))
ON CONFLICT DO NOTHING;


INSERT INTO public."PRECO_COLETADO" ("Preco", "UnidadeMedida", "DataColeta", "PostoCNPJ", "CombustivelID")
VALUES (5.090, 'R$ / litro', '2023-06-27', '4165053000113',
        (SELECT "ID_Combustivel" FROM public."COMBUSTIVEL" WHERE "Nome" = 'DIESEL S10'))
ON CONFLICT DO NOTHING;


INSERT INTO public."PRECO_COLETADO" ("Preco", "UnidadeMedida", "DataColeta", "PostoCNPJ", "CombustivelID")
VALUES (5.090, 'R$ / litro', '2023-07-04', '4165053000113',
        (SELECT "ID_Combustivel" FROM public."COMBUSTIVEL" WHERE "Nome" = 'DIESEL S10'))
ON CONFLICT DO NOTHING;


INSERT INTO public."PRECO_COLETADO" ("Preco", "UnidadeMedida", "DataColeta", "PostoCNPJ", "CombustivelID")
VALUES (5.090, 'R$ / litro', '2023-07-10', '4165053000113',
        (SELECT "ID_Combustivel" FROM public."COMBUSTIVEL" WHERE "Nome" = 'DIESEL S10'))
ON CONFLICT DO NOTHING;


INSERT INTO public."PRECO_COLETADO" ("Preco", "UnidadeMedida", "DataColeta", "PostoCNPJ", "CombustivelID")
VALUES (4.990, 'R$ / litro', '2023-07-17', '4165053000113',
        (SELECT "ID_Combustivel" FROM public."COMBUSTIVEL" WHERE "Nome" = 'DIESEL S10'))
ON CONFLICT DO NOTHING;


INSERT INTO public."PRECO_COLETADO" ("Preco", "UnidadeMedida", "DataColeta", "PostoCNPJ", "CombustivelID")
VALUES (4.990, 'R$ / litro', '2023-07-24', '4165053000113',
        (SELECT "ID_Combustivel" FROM public."COMBUSTIVEL" WHERE "Nome" = 'DIESEL S10'))
ON CONFLICT DO NOTHING;


INSERT INTO public."PRECO_COLETADO" ("Preco", "UnidadeMedida", "DataColeta", "PostoCNPJ", "CombustivelID")
VALUES (4.890, 'R$ / litro', '2023-07-31', '4165053000113',
        (SELECT "ID_Combustivel" FROM public."COMBUSTIVEL" WHERE "Nome" = 'DIESEL S10'))
ON CONFLICT DO NOTHING;


INSERT INTO public."PRECO_COLETADO" ("Preco", "UnidadeMedida", "DataColeta", "PostoCNPJ", "CombustivelID")
VALUES (4.990, 'R$ / litro', '2023-08-07', '4165053000113',
        (SELECT "ID_Combustivel" FROM public."COMBUSTIVEL" WHERE "Nome" = 'DIESEL S10'))
ON CONFLICT DO NOTHING;


INSERT INTO public."PRECO_COLETADO" ("Preco", "UnidadeMedida", "DataColeta", "PostoCNPJ", "CombustivelID")
VALUES (4.990, 'R$ / litro', '2023-08-15', '4165053000113',
        (SELECT "ID_Combustivel" FROM public."COMBUSTIVEL" WHERE "Nome" = 'DIESEL S10'))
ON CONFLICT DO NOTHING;


INSERT INTO public."PRECO_COLETADO" ("Preco", "UnidadeMedida", "DataColeta", "PostoCNPJ", "CombustivelID")
VALUES (5.990, 'R$ / litro', '2023-08-21', '4165053000113',
        (SELECT "ID_Combustivel" FROM public."COMBUSTIVEL" WHERE "Nome" = 'DIESEL S10'))
ON CONFLICT DO NOTHING;


INSERT INTO public."PRECO_COLETADO" ("Preco", "UnidadeMedida", "DataColeta", "PostoCNPJ", "CombustivelID")
VALUES (5.990, 'R$ / litro', '2023-08-30', '4165053000113',
        (SELECT "ID_Combustivel" FROM public."COMBUSTIVEL" WHERE "Nome" = 'DIESEL S10'))
ON CONFLICT DO NOTHING;


INSERT INTO public."PRECO_COLETADO" ("Preco", "UnidadeMedida", "DataColeta", "PostoCNPJ", "CombustivelID")
VALUES (5.990, 'R$ / litro', '2023-09-07', '4165053000113',
        (SELECT "ID_Combustivel" FROM public."COMBUSTIVEL" WHERE "Nome" = 'DIESEL S10'))
ON CONFLICT DO NOTHING;


INSERT INTO public."PRECO_COLETADO" ("Preco", "UnidadeMedida", "DataColeta", "PostoCNPJ", "CombustivelID")
VALUES (5.990, 'R$ / litro', '2023-09-12', '4165053000113',
        (SELECT "ID_Combustivel" FROM public."COMBUSTIVEL" WHERE "Nome" = 'DIESEL S10'))
ON CONFLICT DO NOTHING;


INSERT INTO public."PRECO_COLETADO" ("Preco", "UnidadeMedida", "DataColeta", "PostoCNPJ", "CombustivelID")
VALUES (6.090, 'R$ / litro', '2023-09-19', '4165053000113',
        (SELECT "ID_Combustivel" FROM public."COMBUSTIVEL" WHERE "Nome" = 'DIESEL S10'))
ON CONFLICT DO NOTHING;


INSERT INTO public."PRECO_COLETADO" ("Preco", "UnidadeMedida", "DataColeta", "PostoCNPJ", "CombustivelID")
VALUES (6.090, 'R$ / litro', '2023-09-26', '4165053000113',
        (SELECT "ID_Combustivel" FROM public."COMBUSTIVEL" WHERE "Nome" = 'DIESEL S10'))
ON CONFLICT DO NOTHING;


INSERT INTO public."PRECO_COLETADO" ("Preco", "UnidadeMedida", "DataColeta", "PostoCNPJ", "CombustivelID")
VALUES (6.090, 'R$ / litro', '2023-10-03', '4165053000113',
        (SELECT "ID_Combustivel" FROM public."COMBUSTIVEL" WHERE "Nome" = 'DIESEL S10'))
ON CONFLICT DO NOTHING;


INSERT INTO public."PRECO_COLETADO" ("Preco", "UnidadeMedida", "DataColeta", "PostoCNPJ", "CombustivelID")
VALUES (6.090, 'R$ / litro', '2023-10-10', '4165053000113',
        (SELECT "ID_Combustivel" FROM public."COMBUSTIVEL" WHERE "Nome" = 'DIESEL S10'))
ON CONFLICT DO NOTHING;


INSERT INTO public."PRECO_COLETADO" ("Preco", "UnidadeMedida", "DataColeta", "PostoCNPJ", "CombustivelID")
VALUES (6.090, 'R$ / litro', '2023-10-16', '4165053000113',
        (SELECT "ID_Combustivel" FROM public."COMBUSTIVEL" WHERE "Nome" = 'DIESEL S10'))
ON CONFLICT DO NOTHING;


INSERT INTO public."PRECO_COLETADO" ("Preco", "UnidadeMedida", "DataColeta", "PostoCNPJ", "CombustivelID")
VALUES (6.090, 'R$ / litro', '2023-10-24', '4165053000113',
        (SELECT "ID_Combustivel" FROM public."COMBUSTIVEL" WHERE "Nome" = 'DIESEL S10'))
ON CONFLICT DO NOTHING;


INSERT INTO public."PRECO_COLETADO" ("Preco", "UnidadeMedida", "DataColeta", "PostoCNPJ", "CombustivelID")
VALUES (6.290, 'R$ / litro', '2023-10-31', '4165053000113',
        (SELECT "ID_Combustivel" FROM public."COMBUSTIVEL" WHERE "Nome" = 'DIESEL S10'))
ON CONFLICT DO NOTHING;


INSERT INTO public."PRECO_COLETADO" ("Preco", "UnidadeMedida", "DataColeta", "PostoCNPJ", "CombustivelID")
VALUES (6.290, 'R$ / litro', '2023-11-07', '4165053000113',
        (SELECT "ID_Combustivel" FROM public."COMBUSTIVEL" WHERE "Nome" = 'DIESEL S10'))
ON CONFLICT DO NOTHING;


INSERT INTO public."PRECO_COLETADO" ("Preco", "UnidadeMedida", "DataColeta", "PostoCNPJ", "CombustivelID")
VALUES (6.290, 'R$ / litro', '2023-11-14', '4165053000113',
        (SELECT "ID_Combustivel" FROM public."COMBUSTIVEL" WHERE "Nome" = 'DIESEL S10'))
ON CONFLICT DO NOTHING;


INSERT INTO public."PRECO_COLETADO" ("Preco", "UnidadeMedida", "DataColeta", "PostoCNPJ", "CombustivelID")
VALUES (6.290, 'R$ / litro', '2023-11-21', '4165053000113',
        (SELECT "ID_Combustivel" FROM public."COMBUSTIVEL" WHERE "Nome" = 'DIESEL S10'))
ON CONFLICT DO NOTHING;


INSERT INTO public."PRECO_COLETADO" ("Preco", "UnidadeMedida", "DataColeta", "PostoCNPJ", "CombustivelID")
VALUES (6.290, 'R$ / litro', '2023-11-28', '4165053000113',
        (SELECT "ID_Combustivel" FROM public."COMBUSTIVEL" WHERE "Nome" = 'DIESEL S10'))
ON CONFLICT DO NOTHING;


INSERT INTO public."PRECO_COLETADO" ("Preco", "UnidadeMedida", "DataColeta", "PostoCNPJ", "CombustivelID")
VALUES (6.290, 'R$ / litro', '2023-12-06', '4165053000113',
        (SELECT "ID_Combustivel" FROM public."COMBUSTIVEL" WHERE "Nome" = 'DIESEL S10'))
ON CONFLICT DO NOTHING;


INSERT INTO public."PRECO_COLETADO" ("Preco", "UnidadeMedida", "DataColeta", "PostoCNPJ", "CombustivelID")
VALUES (6.290, 'R$ / litro', '2023-12-13', '4165053000113',
        (SELECT "ID_Combustivel" FROM public."COMBUSTIVEL" WHERE "Nome" = 'DIESEL S10'))
ON CONFLICT DO NOTHING;


INSERT INTO public."PRECO_COLETADO" ("Preco", "UnidadeMedida", "DataColeta", "PostoCNPJ", "CombustivelID")
VALUES (6.290, 'R$ / litro', '2023-12-18', '4165053000113',
        (SELECT "ID_Combustivel" FROM public."COMBUSTIVEL" WHERE "Nome" = 'DIESEL S10'))
ON CONFLICT DO NOTHING;


INSERT INTO public."PRECO_COLETADO" ("Preco", "UnidadeMedida", "DataColeta", "PostoCNPJ", "CombustivelID")
VALUES (6.290, 'R$ / litro', '2023-12-26', '4165053000113',
        (SELECT "ID_Combustivel" FROM public."COMBUSTIVEL" WHERE "Nome" = 'DIESEL S10'))
ON CONFLICT DO NOTHING;


INSERT INTO public."PRECO_COLETADO" ("Preco", "UnidadeMedida", "DataColeta", "PostoCNPJ", "CombustivelID")
VALUES (6.290, 'R$ / litro', '2024-01-03', '4165053000113',
        (SELECT "ID_Combustivel" FROM public."COMBUSTIVEL" WHERE "Nome" = 'DIESEL S10'))
ON CONFLICT DO NOTHING;


INSERT INTO public."PRECO_COLETADO" ("Preco", "UnidadeMedida", "DataColeta", "PostoCNPJ", "CombustivelID")
VALUES (6.290, 'R$ / litro', '2024-01-08', '4165053000113',
        (SELECT "ID_Combustivel" FROM public."COMBUSTIVEL" WHERE "Nome" = 'DIESEL S10'))
ON CONFLICT DO NOTHING;


INSERT INTO public."PRECO_COLETADO" ("Preco", "UnidadeMedida", "DataColeta", "PostoCNPJ", "CombustivelID")
VALUES (6.290, 'R$ / litro', '2024-01-15', '4165053000113',
        (SELECT "ID_Combustivel" FROM public."COMBUSTIVEL" WHERE "Nome" = 'DIESEL S10'))
ON CONFLICT DO NOTHING;


INSERT INTO public."PRECO_COLETADO" ("Preco", "UnidadeMedida", "DataColeta", "PostoCNPJ", "CombustivelID")
VALUES (6.290, 'R$ / litro', '2024-01-22', '4165053000113',
        (SELECT "ID_Combustivel" FROM public."COMBUSTIVEL" WHERE "Nome" = 'DIESEL S10'))
ON CONFLICT DO NOTHING;


INSERT INTO public."PRECO_COLETADO" ("Preco", "UnidadeMedida", "DataColeta", "PostoCNPJ", "CombustivelID")
VALUES (6.090, 'R$ / litro', '2024-01-29', '4165053000113',
        (SELECT "ID_Combustivel" FROM public."COMBUSTIVEL" WHERE "Nome" = 'DIESEL S10'))
ON CONFLICT DO NOTHING;


INSERT INTO public."PRECO_COLETADO" ("Preco", "UnidadeMedida", "DataColeta", "PostoCNPJ", "CombustivelID")
VALUES (6.090, 'R$ / litro', '2024-02-05', '4165053000113',
        (SELECT "ID_Combustivel" FROM public."COMBUSTIVEL" WHERE "Nome" = 'DIESEL S10'))
ON CONFLICT DO NOTHING;


INSERT INTO public."PRECO_COLETADO" ("Preco", "UnidadeMedida", "DataColeta", "PostoCNPJ", "CombustivelID")
VALUES (6.090, 'R$ / litro', '2024-02-12', '4165053000113',
        (SELECT "ID_Combustivel" FROM public."COMBUSTIVEL" WHERE "Nome" = 'DIESEL S10'))
ON CONFLICT DO NOTHING;


INSERT INTO public."PRECO_COLETADO" ("Preco", "UnidadeMedida", "DataColeta", "PostoCNPJ", "CombustivelID")
VALUES (6.090, 'R$ / litro', '2024-02-19', '4165053000113',
        (SELECT "ID_Combustivel" FROM public."COMBUSTIVEL" WHERE "Nome" = 'DIESEL S10'))
ON CONFLICT DO NOTHING;


INSERT INTO public."PRECO_COLETADO" ("Preco", "UnidadeMedida", "DataColeta", "PostoCNPJ", "CombustivelID")
VALUES (6.090, 'R$ / litro', '2024-02-26', '4165053000113',
        (SELECT "ID_Combustivel" FROM public."COMBUSTIVEL" WHERE "Nome" = 'DIESEL S10'))
ON CONFLICT DO NOTHING;


INSERT INTO public."PRECO_COLETADO" ("Preco", "UnidadeMedida", "DataColeta", "PostoCNPJ", "CombustivelID")
VALUES (6.090, 'R$ / litro', '2024-03-04', '4165053000113',
        (SELECT "ID_Combustivel" FROM public."COMBUSTIVEL" WHERE "Nome" = 'DIESEL S10'))
ON CONFLICT DO NOTHING;


INSERT INTO public."PRECO_COLETADO" ("Preco", "UnidadeMedida", "DataColeta", "PostoCNPJ", "CombustivelID")
VALUES (6.090, 'R$ / litro', '2024-03-11', '4165053000113',
        (SELECT "ID_Combustivel" FROM public."COMBUSTIVEL" WHERE "Nome" = 'DIESEL S10'))
ON CONFLICT DO NOTHING;


INSERT INTO public."PRECO_COLETADO" ("Preco", "UnidadeMedida", "DataColeta", "PostoCNPJ", "CombustivelID")
VALUES (6.090, 'R$ / litro', '2024-03-18', '4165053000113',
        (SELECT "ID_Combustivel" FROM public."COMBUSTIVEL" WHERE "Nome" = 'DIESEL S10'))
ON CONFLICT DO NOTHING;


INSERT INTO public."PRECO_COLETADO" ("Preco", "UnidadeMedida", "DataColeta", "PostoCNPJ", "CombustivelID")
VALUES (6.090, 'R$ / litro', '2024-03-28', '4165053000113',
        (SELECT "ID_Combustivel" FROM public."COMBUSTIVEL" WHERE "Nome" = 'DIESEL S10'))
ON CONFLICT DO NOTHING;


INSERT INTO public."PRECO_COLETADO" ("Preco", "UnidadeMedida", "DataColeta", "PostoCNPJ", "CombustivelID")
VALUES (6.090, 'R$ / litro', '2024-04-01', '4165053000113',
        (SELECT "ID_Combustivel" FROM public."COMBUSTIVEL" WHERE "Nome" = 'DIESEL S10'))
ON CONFLICT DO NOTHING;


INSERT INTO public."PRECO_COLETADO" ("Preco", "UnidadeMedida", "DataColeta", "PostoCNPJ", "CombustivelID")
VALUES (6.090, 'R$ / litro', '2024-04-08', '4165053000113',
        (SELECT "ID_Combustivel" FROM public."COMBUSTIVEL" WHERE "Nome" = 'DIESEL S10'))
ON CONFLICT DO NOTHING;


INSERT INTO public."PRECO_COLETADO" ("Preco", "UnidadeMedida", "DataColeta", "PostoCNPJ", "CombustivelID")
VALUES (6.090, 'R$ / litro', '2024-04-15', '4165053000113',
        (SELECT "ID_Combustivel" FROM public."COMBUSTIVEL" WHERE "Nome" = 'DIESEL S10'))
ON CONFLICT DO NOTHING;


INSERT INTO public."PRECO_COLETADO" ("Preco", "UnidadeMedida", "DataColeta", "PostoCNPJ", "CombustivelID")
VALUES (6.090, 'R$ / litro', '2024-04-22', '4165053000113',
        (SELECT "ID_Combustivel" FROM public."COMBUSTIVEL" WHERE "Nome" = 'DIESEL S10'))
ON CONFLICT DO NOTHING;


INSERT INTO public."PRECO_COLETADO" ("Preco", "UnidadeMedida", "DataColeta", "PostoCNPJ", "CombustivelID")
VALUES (5.990, 'R$ / litro', '2024-04-29', '4165053000113',
        (SELECT "ID_Combustivel" FROM public."COMBUSTIVEL" WHERE "Nome" = 'DIESEL S10'))
ON CONFLICT DO NOTHING;


INSERT INTO public."PRECO_COLETADO" ("Preco", "UnidadeMedida", "DataColeta", "PostoCNPJ", "CombustivelID")
VALUES (5.990, 'R$ / litro', '2024-05-06', '4165053000113',
        (SELECT "ID_Combustivel" FROM public."COMBUSTIVEL" WHERE "Nome" = 'DIESEL S10'))
ON CONFLICT DO NOTHING;


INSERT INTO public."PRECO_COLETADO" ("Preco", "UnidadeMedida", "DataColeta", "PostoCNPJ", "CombustivelID")
VALUES (5.990, 'R$ / litro', '2024-05-14', '4165053000113',
        (SELECT "ID_Combustivel" FROM public."COMBUSTIVEL" WHERE "Nome" = 'DIESEL S10'))
ON CONFLICT DO NOTHING;


INSERT INTO public."PRECO_COLETADO" ("Preco", "UnidadeMedida", "DataColeta", "PostoCNPJ", "CombustivelID")
VALUES (5.990, 'R$ / litro', '2024-05-20', '4165053000113',
        (SELECT "ID_Combustivel" FROM public."COMBUSTIVEL" WHERE "Nome" = 'DIESEL S10'))
ON CONFLICT DO NOTHING;


INSERT INTO public."PRECO_COLETADO" ("Preco", "UnidadeMedida", "DataColeta", "PostoCNPJ", "CombustivelID")
VALUES (5.990, 'R$ / litro', '2024-05-27', '4165053000113',
        (SELECT "ID_Combustivel" FROM public."COMBUSTIVEL" WHERE "Nome" = 'DIESEL S10'))
ON CONFLICT DO NOTHING;


INSERT INTO public."PRECO_COLETADO" ("Preco", "UnidadeMedida", "DataColeta", "PostoCNPJ", "CombustivelID")
VALUES (5.990, 'R$ / litro', '2024-06-04', '4165053000113',
        (SELECT "ID_Combustivel" FROM public."COMBUSTIVEL" WHERE "Nome" = 'DIESEL S10'))
ON CONFLICT DO NOTHING;


INSERT INTO public."PRECO_COLETADO" ("Preco", "UnidadeMedida", "DataColeta", "PostoCNPJ", "CombustivelID")
VALUES (5.990, 'R$ / litro', '2024-06-17', '4165053000113',
        (SELECT "ID_Combustivel" FROM public."COMBUSTIVEL" WHERE "Nome" = 'DIESEL S10'))
ON CONFLICT DO NOTHING;


INSERT INTO public."PRECO_COLETADO" ("Preco", "UnidadeMedida", "DataColeta", "PostoCNPJ", "CombustivelID")
VALUES (5.990, 'R$ / litro', '2024-06-24', '4165053000113',
        (SELECT "ID_Combustivel" FROM public."COMBUSTIVEL" WHERE "Nome" = 'DIESEL S10'))
ON CONFLICT DO NOTHING;


INSERT INTO public."PRECO_COLETADO" ("Preco", "UnidadeMedida", "DataColeta", "PostoCNPJ", "CombustivelID")
VALUES (5.990, 'R$ / litro', '2024-07-01', '4165053000113',
        (SELECT "ID_Combustivel" FROM public."COMBUSTIVEL" WHERE "Nome" = 'DIESEL S10'))
ON CONFLICT DO NOTHING;


INSERT INTO public."PRECO_COLETADO" ("Preco", "UnidadeMedida", "DataColeta", "PostoCNPJ", "CombustivelID")
VALUES (5.990, 'R$ / litro', '2024-07-09', '4165053000113',
        (SELECT "ID_Combustivel" FROM public."COMBUSTIVEL" WHERE "Nome" = 'DIESEL S10'))
ON CONFLICT DO NOTHING;


INSERT INTO public."PRECO_COLETADO" ("Preco", "UnidadeMedida", "DataColeta", "PostoCNPJ", "CombustivelID")
VALUES (5.990, 'R$ / litro', '2024-07-16', '4165053000113',
        (SELECT "ID_Combustivel" FROM public."COMBUSTIVEL" WHERE "Nome" = 'DIESEL S10'))
ON CONFLICT DO NOTHING;


INSERT INTO public."PRECO_COLETADO" ("Preco", "UnidadeMedida", "DataColeta", "PostoCNPJ", "CombustivelID")
VALUES (5.990, 'R$ / litro', '2024-07-22', '4165053000113',
        (SELECT "ID_Combustivel" FROM public."COMBUSTIVEL" WHERE "Nome" = 'DIESEL S10'))
ON CONFLICT DO NOTHING;


INSERT INTO public."PRECO_COLETADO" ("Preco", "UnidadeMedida", "DataColeta", "PostoCNPJ", "CombustivelID")
VALUES (5.990, 'R$ / litro', '2024-08-20', '4165053000113',
        (SELECT "ID_Combustivel" FROM public."COMBUSTIVEL" WHERE "Nome" = 'DIESEL S10'))
ON CONFLICT DO NOTHING;


INSERT INTO public."PRECO_COLETADO" ("Preco", "UnidadeMedida", "DataColeta", "PostoCNPJ", "CombustivelID")
VALUES (5.990, 'R$ / litro', '2024-08-27', '4165053000113',
        (SELECT "ID_Combustivel" FROM public."COMBUSTIVEL" WHERE "Nome" = 'DIESEL S10'))
ON CONFLICT DO NOTHING;


INSERT INTO public."PRECO_COLETADO" ("Preco", "UnidadeMedida", "DataColeta", "PostoCNPJ", "CombustivelID")
VALUES (5.990, 'R$ / litro', '2024-09-02', '4165053000113',
        (SELECT "ID_Combustivel" FROM public."COMBUSTIVEL" WHERE "Nome" = 'DIESEL S10'))
ON CONFLICT DO NOTHING;


INSERT INTO public."COMBUSTIVEL" ("Nome")
VALUES ('DIESEL S500')
ON CONFLICT ("Nome") DO NOTHING;


INSERT INTO public."PRECO_COLETADO" ("Preco", "UnidadeMedida", "DataColeta", "PostoCNPJ", "CombustivelID")
VALUES (6.360, 'R$ / litro', '2022-10-24', '4165053000113',
        (SELECT "ID_Combustivel" FROM public."COMBUSTIVEL" WHERE "Nome" = 'DIESEL S500'))
ON CONFLICT DO NOTHING;


INSERT INTO public."PRECO_COLETADO" ("Preco", "UnidadeMedida", "DataColeta", "PostoCNPJ", "CombustivelID")
VALUES (6.360, 'R$ / litro', '2022-10-31', '4165053000113',
        (SELECT "ID_Combustivel" FROM public."COMBUSTIVEL" WHERE "Nome" = 'DIESEL S500'))
ON CONFLICT DO NOTHING;


INSERT INTO public."PRECO_COLETADO" ("Preco", "UnidadeMedida", "DataColeta", "PostoCNPJ", "CombustivelID")
VALUES (6.360, 'R$ / litro', '2022-11-14', '4165053000113',
        (SELECT "ID_Combustivel" FROM public."COMBUSTIVEL" WHERE "Nome" = 'DIESEL S500'))
ON CONFLICT DO NOTHING;


INSERT INTO public."PRECO_COLETADO" ("Preco", "UnidadeMedida", "DataColeta", "PostoCNPJ", "CombustivelID")
VALUES (6.360, 'R$ / litro', '2022-11-22', '4165053000113',
        (SELECT "ID_Combustivel" FROM public."COMBUSTIVEL" WHERE "Nome" = 'DIESEL S500'))
ON CONFLICT DO NOTHING;


INSERT INTO public."PRECO_COLETADO" ("Preco", "UnidadeMedida", "DataColeta", "PostoCNPJ", "CombustivelID")
VALUES (6.360, 'R$ / litro', '2022-12-05', '4165053000113',
        (SELECT "ID_Combustivel" FROM public."COMBUSTIVEL" WHERE "Nome" = 'DIESEL S500'))
ON CONFLICT DO NOTHING;


INSERT INTO public."PRECO_COLETADO" ("Preco", "UnidadeMedida", "DataColeta", "PostoCNPJ", "CombustivelID")
VALUES (6.360, 'R$ / litro', '2022-12-12', '4165053000113',
        (SELECT "ID_Combustivel" FROM public."COMBUSTIVEL" WHERE "Nome" = 'DIESEL S500'))
ON CONFLICT DO NOTHING;


INSERT INTO public."PRECO_COLETADO" ("Preco", "UnidadeMedida", "DataColeta", "PostoCNPJ", "CombustivelID")
VALUES (6.060, 'R$ / litro', '2022-12-22', '4165053000113',
        (SELECT "ID_Combustivel" FROM public."COMBUSTIVEL" WHERE "Nome" = 'DIESEL S500'))
ON CONFLICT DO NOTHING;


INSERT INTO public."PRECO_COLETADO" ("Preco", "UnidadeMedida", "DataColeta", "PostoCNPJ", "CombustivelID")
VALUES (6.060, 'R$ / litro', '2022-12-26', '4165053000113',
        (SELECT "ID_Combustivel" FROM public."COMBUSTIVEL" WHERE "Nome" = 'DIESEL S500'))
ON CONFLICT DO NOTHING;


INSERT INTO public."PRECO_COLETADO" ("Preco", "UnidadeMedida", "DataColeta", "PostoCNPJ", "CombustivelID")
VALUES (5.990, 'R$ / litro', '2023-01-02', '4165053000113',
        (SELECT "ID_Combustivel" FROM public."COMBUSTIVEL" WHERE "Nome" = 'DIESEL S500'))
ON CONFLICT DO NOTHING;


INSERT INTO public."PRECO_COLETADO" ("Preco", "UnidadeMedida", "DataColeta", "PostoCNPJ", "CombustivelID")
VALUES (5.990, 'R$ / litro', '2023-01-09', '4165053000113',
        (SELECT "ID_Combustivel" FROM public."COMBUSTIVEL" WHERE "Nome" = 'DIESEL S500'))
ON CONFLICT DO NOTHING;


INSERT INTO public."PRECO_COLETADO" ("Preco", "UnidadeMedida", "DataColeta", "PostoCNPJ", "CombustivelID")
VALUES (5.990, 'R$ / litro', '2023-01-16', '4165053000113',
        (SELECT "ID_Combustivel" FROM public."COMBUSTIVEL" WHERE "Nome" = 'DIESEL S500'))
ON CONFLICT DO NOTHING;


INSERT INTO public."PRECO_COLETADO" ("Preco", "UnidadeMedida", "DataColeta", "PostoCNPJ", "CombustivelID")
VALUES (5.950, 'R$ / litro', '2023-01-23', '4165053000113',
        (SELECT "ID_Combustivel" FROM public."COMBUSTIVEL" WHERE "Nome" = 'DIESEL S500'))
ON CONFLICT DO NOTHING;


INSERT INTO public."PRECO_COLETADO" ("Preco", "UnidadeMedida", "DataColeta", "PostoCNPJ", "CombustivelID")
VALUES (5.950, 'R$ / litro', '2023-01-30', '4165053000113',
        (SELECT "ID_Combustivel" FROM public."COMBUSTIVEL" WHERE "Nome" = 'DIESEL S500'))
ON CONFLICT DO NOTHING;


INSERT INTO public."PRECO_COLETADO" ("Preco", "UnidadeMedida", "DataColeta", "PostoCNPJ", "CombustivelID")
VALUES (5.950, 'R$ / litro', '2023-02-06', '4165053000113',
        (SELECT "ID_Combustivel" FROM public."COMBUSTIVEL" WHERE "Nome" = 'DIESEL S500'))
ON CONFLICT DO NOTHING;


INSERT INTO public."PRECO_COLETADO" ("Preco", "UnidadeMedida", "DataColeta", "PostoCNPJ", "CombustivelID")
VALUES (5.850, 'R$ / litro', '2023-02-13', '4165053000113',
        (SELECT "ID_Combustivel" FROM public."COMBUSTIVEL" WHERE "Nome" = 'DIESEL S500'))
ON CONFLICT DO NOTHING;


INSERT INTO public."PRECO_COLETADO" ("Preco", "UnidadeMedida", "DataColeta", "PostoCNPJ", "CombustivelID")
VALUES (5.690, 'R$ / litro', '2023-02-20', '4165053000113',
        (SELECT "ID_Combustivel" FROM public."COMBUSTIVEL" WHERE "Nome" = 'DIESEL S500'))
ON CONFLICT DO NOTHING;


INSERT INTO public."PRECO_COLETADO" ("Preco", "UnidadeMedida", "DataColeta", "PostoCNPJ", "CombustivelID")
VALUES (5.690, 'R$ / litro', '2023-02-27', '4165053000113',
        (SELECT "ID_Combustivel" FROM public."COMBUSTIVEL" WHERE "Nome" = 'DIESEL S500'))
ON CONFLICT DO NOTHING;


INSERT INTO public."PRECO_COLETADO" ("Preco", "UnidadeMedida", "DataColeta", "PostoCNPJ", "CombustivelID")
VALUES (5.690, 'R$ / litro', '2023-03-06', '4165053000113',
        (SELECT "ID_Combustivel" FROM public."COMBUSTIVEL" WHERE "Nome" = 'DIESEL S500'))
ON CONFLICT DO NOTHING;


INSERT INTO public."PRECO_COLETADO" ("Preco", "UnidadeMedida", "DataColeta", "PostoCNPJ", "CombustivelID")
VALUES (5.590, 'R$ / litro', '2023-03-16', '4165053000113',
        (SELECT "ID_Combustivel" FROM public."COMBUSTIVEL" WHERE "Nome" = 'DIESEL S500'))
ON CONFLICT DO NOTHING;


INSERT INTO public."PRECO_COLETADO" ("Preco", "UnidadeMedida", "DataColeta", "PostoCNPJ", "CombustivelID")
VALUES (5.590, 'R$ / litro', '2023-03-21', '4165053000113',
        (SELECT "ID_Combustivel" FROM public."COMBUSTIVEL" WHERE "Nome" = 'DIESEL S500'))
ON CONFLICT DO NOTHING;


INSERT INTO public."PRECO_COLETADO" ("Preco", "UnidadeMedida", "DataColeta", "PostoCNPJ", "CombustivelID")
VALUES (5.490, 'R$ / litro', '2023-03-27', '4165053000113',
        (SELECT "ID_Combustivel" FROM public."COMBUSTIVEL" WHERE "Nome" = 'DIESEL S500'))
ON CONFLICT DO NOTHING;


INSERT INTO public."PRECO_COLETADO" ("Preco", "UnidadeMedida", "DataColeta", "PostoCNPJ", "CombustivelID")
VALUES (5.490, 'R$ / litro', '2023-04-04', '4165053000113',
        (SELECT "ID_Combustivel" FROM public."COMBUSTIVEL" WHERE "Nome" = 'DIESEL S500'))
ON CONFLICT DO NOTHING;


INSERT INTO public."PRECO_COLETADO" ("Preco", "UnidadeMedida", "DataColeta", "PostoCNPJ", "CombustivelID")
VALUES (5.490, 'R$ / litro', '2023-04-10', '4165053000113',
        (SELECT "ID_Combustivel" FROM public."COMBUSTIVEL" WHERE "Nome" = 'DIESEL S500'))
ON CONFLICT DO NOTHING;


INSERT INTO public."PRECO_COLETADO" ("Preco", "UnidadeMedida", "DataColeta", "PostoCNPJ", "CombustivelID")
VALUES (5.490, 'R$ / litro', '2023-04-17', '4165053000113',
        (SELECT "ID_Combustivel" FROM public."COMBUSTIVEL" WHERE "Nome" = 'DIESEL S500'))
ON CONFLICT DO NOTHING;


INSERT INTO public."PRECO_COLETADO" ("Preco", "UnidadeMedida", "DataColeta", "PostoCNPJ", "CombustivelID")
VALUES (5.390, 'R$ / litro', '2023-04-24', '4165053000113',
        (SELECT "ID_Combustivel" FROM public."COMBUSTIVEL" WHERE "Nome" = 'DIESEL S500'))
ON CONFLICT DO NOTHING;


INSERT INTO public."PRECO_COLETADO" ("Preco", "UnidadeMedida", "DataColeta", "PostoCNPJ", "CombustivelID")
VALUES (5.390, 'R$ / litro', '2023-05-02', '4165053000113',
        (SELECT "ID_Combustivel" FROM public."COMBUSTIVEL" WHERE "Nome" = 'DIESEL S500'))
ON CONFLICT DO NOTHING;


INSERT INTO public."PRECO_COLETADO" ("Preco", "UnidadeMedida", "DataColeta", "PostoCNPJ", "CombustivelID")
VALUES (5.390, 'R$ / litro', '2023-05-08', '4165053000113',
        (SELECT "ID_Combustivel" FROM public."COMBUSTIVEL" WHERE "Nome" = 'DIESEL S500'))
ON CONFLICT DO NOTHING;


INSERT INTO public."PRECO_COLETADO" ("Preco", "UnidadeMedida", "DataColeta", "PostoCNPJ", "CombustivelID")
VALUES (5.390, 'R$ / litro', '2023-05-15', '4165053000113',
        (SELECT "ID_Combustivel" FROM public."COMBUSTIVEL" WHERE "Nome" = 'DIESEL S500'))
ON CONFLICT DO NOTHING;


INSERT INTO public."PRECO_COLETADO" ("Preco", "UnidadeMedida", "DataColeta", "PostoCNPJ", "CombustivelID")
VALUES (5.190, 'R$ / litro', '2023-05-22', '4165053000113',
        (SELECT "ID_Combustivel" FROM public."COMBUSTIVEL" WHERE "Nome" = 'DIESEL S500'))
ON CONFLICT DO NOTHING;


INSERT INTO public."PRECO_COLETADO" ("Preco", "UnidadeMedida", "DataColeta", "PostoCNPJ", "CombustivelID")
VALUES (5.070, 'R$ / litro', '2023-05-29', '4165053000113',
        (SELECT "ID_Combustivel" FROM public."COMBUSTIVEL" WHERE "Nome" = 'DIESEL S500'))
ON CONFLICT DO NOTHING;


INSERT INTO public."PRECO_COLETADO" ("Preco", "UnidadeMedida", "DataColeta", "PostoCNPJ", "CombustivelID")
VALUES (5.070, 'R$ / litro', '2023-06-05', '4165053000113',
        (SELECT "ID_Combustivel" FROM public."COMBUSTIVEL" WHERE "Nome" = 'DIESEL S500'))
ON CONFLICT DO NOTHING;


INSERT INTO public."PRECO_COLETADO" ("Preco", "UnidadeMedida", "DataColeta", "PostoCNPJ", "CombustivelID")
VALUES (4.990, 'R$ / litro', '2023-06-13', '4165053000113',
        (SELECT "ID_Combustivel" FROM public."COMBUSTIVEL" WHERE "Nome" = 'DIESEL S500'))
ON CONFLICT DO NOTHING;


INSERT INTO public."PRECO_COLETADO" ("Preco", "UnidadeMedida", "DataColeta", "PostoCNPJ", "CombustivelID")
VALUES (4.990, 'R$ / litro', '2023-06-20', '4165053000113',
        (SELECT "ID_Combustivel" FROM public."COMBUSTIVEL" WHERE "Nome" = 'DIESEL S500'))
ON CONFLICT DO NOTHING;


INSERT INTO public."PRECO_COLETADO" ("Preco", "UnidadeMedida", "DataColeta", "PostoCNPJ", "CombustivelID")
VALUES (4.990, 'R$ / litro', '2023-06-27', '4165053000113',
        (SELECT "ID_Combustivel" FROM public."COMBUSTIVEL" WHERE "Nome" = 'DIESEL S500'))
ON CONFLICT DO NOTHING;


INSERT INTO public."PRECO_COLETADO" ("Preco", "UnidadeMedida", "DataColeta", "PostoCNPJ", "CombustivelID")
VALUES (4.990, 'R$ / litro', '2023-07-04', '4165053000113',
        (SELECT "ID_Combustivel" FROM public."COMBUSTIVEL" WHERE "Nome" = 'DIESEL S500'))
ON CONFLICT DO NOTHING;


INSERT INTO public."PRECO_COLETADO" ("Preco", "UnidadeMedida", "DataColeta", "PostoCNPJ", "CombustivelID")
VALUES (4.990, 'R$ / litro', '2023-07-10', '4165053000113',
        (SELECT "ID_Combustivel" FROM public."COMBUSTIVEL" WHERE "Nome" = 'DIESEL S500'))
ON CONFLICT DO NOTHING;


INSERT INTO public."PRECO_COLETADO" ("Preco", "UnidadeMedida", "DataColeta", "PostoCNPJ", "CombustivelID")
VALUES (4.890, 'R$ / litro', '2023-07-17', '4165053000113',
        (SELECT "ID_Combustivel" FROM public."COMBUSTIVEL" WHERE "Nome" = 'DIESEL S500'))
ON CONFLICT DO NOTHING;


INSERT INTO public."PRECO_COLETADO" ("Preco", "UnidadeMedida", "DataColeta", "PostoCNPJ", "CombustivelID")
VALUES (4.890, 'R$ / litro', '2023-07-24', '4165053000113',
        (SELECT "ID_Combustivel" FROM public."COMBUSTIVEL" WHERE "Nome" = 'DIESEL S500'))
ON CONFLICT DO NOTHING;


INSERT INTO public."PRECO_COLETADO" ("Preco", "UnidadeMedida", "DataColeta", "PostoCNPJ", "CombustivelID")
VALUES (4.890, 'R$ / litro', '2023-07-31', '4165053000113',
        (SELECT "ID_Combustivel" FROM public."COMBUSTIVEL" WHERE "Nome" = 'DIESEL S500'))
ON CONFLICT DO NOTHING;


INSERT INTO public."PRECO_COLETADO" ("Preco", "UnidadeMedida", "DataColeta", "PostoCNPJ", "CombustivelID")
VALUES (4.890, 'R$ / litro', '2023-08-07', '4165053000113',
        (SELECT "ID_Combustivel" FROM public."COMBUSTIVEL" WHERE "Nome" = 'DIESEL S500'))
ON CONFLICT DO NOTHING;


INSERT INTO public."PRECO_COLETADO" ("Preco", "UnidadeMedida", "DataColeta", "PostoCNPJ", "CombustivelID")
VALUES (4.890, 'R$ / litro', '2023-08-15', '4165053000113',
        (SELECT "ID_Combustivel" FROM public."COMBUSTIVEL" WHERE "Nome" = 'DIESEL S500'))
ON CONFLICT DO NOTHING;


INSERT INTO public."PRECO_COLETADO" ("Preco", "UnidadeMedida", "DataColeta", "PostoCNPJ", "CombustivelID")
VALUES (5.890, 'R$ / litro', '2023-08-21', '4165053000113',
        (SELECT "ID_Combustivel" FROM public."COMBUSTIVEL" WHERE "Nome" = 'DIESEL S500'))
ON CONFLICT DO NOTHING;


INSERT INTO public."PRECO_COLETADO" ("Preco", "UnidadeMedida", "DataColeta", "PostoCNPJ", "CombustivelID")
VALUES (5.890, 'R$ / litro', '2023-08-30', '4165053000113',
        (SELECT "ID_Combustivel" FROM public."COMBUSTIVEL" WHERE "Nome" = 'DIESEL S500'))
ON CONFLICT DO NOTHING;


INSERT INTO public."PRECO_COLETADO" ("Preco", "UnidadeMedida", "DataColeta", "PostoCNPJ", "CombustivelID")
VALUES (5.890, 'R$ / litro', '2023-09-07', '4165053000113',
        (SELECT "ID_Combustivel" FROM public."COMBUSTIVEL" WHERE "Nome" = 'DIESEL S500'))
ON CONFLICT DO NOTHING;


INSERT INTO public."PRECO_COLETADO" ("Preco", "UnidadeMedida", "DataColeta", "PostoCNPJ", "CombustivelID")
VALUES (5.890, 'R$ / litro', '2023-09-12', '4165053000113',
        (SELECT "ID_Combustivel" FROM public."COMBUSTIVEL" WHERE "Nome" = 'DIESEL S500'))
ON CONFLICT DO NOTHING;


INSERT INTO public."PRECO_COLETADO" ("Preco", "UnidadeMedida", "DataColeta", "PostoCNPJ", "CombustivelID")
VALUES (5.990, 'R$ / litro', '2023-09-19', '4165053000113',
        (SELECT "ID_Combustivel" FROM public."COMBUSTIVEL" WHERE "Nome" = 'DIESEL S500'))
ON CONFLICT DO NOTHING;


INSERT INTO public."PRECO_COLETADO" ("Preco", "UnidadeMedida", "DataColeta", "PostoCNPJ", "CombustivelID")
VALUES (5.990, 'R$ / litro', '2023-09-26', '4165053000113',
        (SELECT "ID_Combustivel" FROM public."COMBUSTIVEL" WHERE "Nome" = 'DIESEL S500'))
ON CONFLICT DO NOTHING;


INSERT INTO public."PRECO_COLETADO" ("Preco", "UnidadeMedida", "DataColeta", "PostoCNPJ", "CombustivelID")
VALUES (5.990, 'R$ / litro', '2023-10-03', '4165053000113',
        (SELECT "ID_Combustivel" FROM public."COMBUSTIVEL" WHERE "Nome" = 'DIESEL S500'))
ON CONFLICT DO NOTHING;


INSERT INTO public."PRECO_COLETADO" ("Preco", "UnidadeMedida", "DataColeta", "PostoCNPJ", "CombustivelID")
VALUES (5.990, 'R$ / litro', '2023-10-10', '4165053000113',
        (SELECT "ID_Combustivel" FROM public."COMBUSTIVEL" WHERE "Nome" = 'DIESEL S500'))
ON CONFLICT DO NOTHING;


INSERT INTO public."PRECO_COLETADO" ("Preco", "UnidadeMedida", "DataColeta", "PostoCNPJ", "CombustivelID")
VALUES (5.990, 'R$ / litro', '2023-10-16', '4165053000113',
        (SELECT "ID_Combustivel" FROM public."COMBUSTIVEL" WHERE "Nome" = 'DIESEL S500'))
ON CONFLICT DO NOTHING;


INSERT INTO public."PRECO_COLETADO" ("Preco", "UnidadeMedida", "DataColeta", "PostoCNPJ", "CombustivelID")
VALUES (5.990, 'R$ / litro', '2023-10-24', '4165053000113',
        (SELECT "ID_Combustivel" FROM public."COMBUSTIVEL" WHERE "Nome" = 'DIESEL S500'))
ON CONFLICT DO NOTHING;


INSERT INTO public."PRECO_COLETADO" ("Preco", "UnidadeMedida", "DataColeta", "PostoCNPJ", "CombustivelID")
VALUES (6.190, 'R$ / litro', '2023-10-31', '4165053000113',
        (SELECT "ID_Combustivel" FROM public."COMBUSTIVEL" WHERE "Nome" = 'DIESEL S500'))
ON CONFLICT DO NOTHING;


INSERT INTO public."PRECO_COLETADO" ("Preco", "UnidadeMedida", "DataColeta", "PostoCNPJ", "CombustivelID")
VALUES (6.190, 'R$ / litro', '2023-11-07', '4165053000113',
        (SELECT "ID_Combustivel" FROM public."COMBUSTIVEL" WHERE "Nome" = 'DIESEL S500'))
ON CONFLICT DO NOTHING;


INSERT INTO public."PRECO_COLETADO" ("Preco", "UnidadeMedida", "DataColeta", "PostoCNPJ", "CombustivelID")
VALUES (6.190, 'R$ / litro', '2023-11-14', '4165053000113',
        (SELECT "ID_Combustivel" FROM public."COMBUSTIVEL" WHERE "Nome" = 'DIESEL S500'))
ON CONFLICT DO NOTHING;


INSERT INTO public."PRECO_COLETADO" ("Preco", "UnidadeMedida", "DataColeta", "PostoCNPJ", "CombustivelID")
VALUES (6.190, 'R$ / litro', '2023-11-21', '4165053000113',
        (SELECT "ID_Combustivel" FROM public."COMBUSTIVEL" WHERE "Nome" = 'DIESEL S500'))
ON CONFLICT DO NOTHING;


INSERT INTO public."PRECO_COLETADO" ("Preco", "UnidadeMedida", "DataColeta", "PostoCNPJ", "CombustivelID")
VALUES (6.190, 'R$ / litro', '2023-11-28', '4165053000113',
        (SELECT "ID_Combustivel" FROM public."COMBUSTIVEL" WHERE "Nome" = 'DIESEL S500'))
ON CONFLICT DO NOTHING;


INSERT INTO public."PRECO_COLETADO" ("Preco", "UnidadeMedida", "DataColeta", "PostoCNPJ", "CombustivelID")
VALUES (6.190, 'R$ / litro', '2023-12-06', '4165053000113',
        (SELECT "ID_Combustivel" FROM public."COMBUSTIVEL" WHERE "Nome" = 'DIESEL S500'))
ON CONFLICT DO NOTHING;


INSERT INTO public."PRECO_COLETADO" ("Preco", "UnidadeMedida", "DataColeta", "PostoCNPJ", "CombustivelID")
VALUES (6.190, 'R$ / litro', '2023-12-13', '4165053000113',
        (SELECT "ID_Combustivel" FROM public."COMBUSTIVEL" WHERE "Nome" = 'DIESEL S500'))
ON CONFLICT DO NOTHING;


INSERT INTO public."PRECO_COLETADO" ("Preco", "UnidadeMedida", "DataColeta", "PostoCNPJ", "CombustivelID")
VALUES (6.190, 'R$ / litro', '2023-12-18', '4165053000113',
        (SELECT "ID_Combustivel" FROM public."COMBUSTIVEL" WHERE "Nome" = 'DIESEL S500'))
ON CONFLICT DO NOTHING;


INSERT INTO public."PRECO_COLETADO" ("Preco", "UnidadeMedida", "DataColeta", "PostoCNPJ", "CombustivelID")
VALUES (6.190, 'R$ / litro', '2023-12-26', '4165053000113',
        (SELECT "ID_Combustivel" FROM public."COMBUSTIVEL" WHERE "Nome" = 'DIESEL S500'))
ON CONFLICT DO NOTHING;


INSERT INTO public."PRECO_COLETADO" ("Preco", "UnidadeMedida", "DataColeta", "PostoCNPJ", "CombustivelID")
VALUES (6.190, 'R$ / litro', '2024-01-03', '4165053000113',
        (SELECT "ID_Combustivel" FROM public."COMBUSTIVEL" WHERE "Nome" = 'DIESEL S500'))
ON CONFLICT DO NOTHING;


INSERT INTO public."PRECO_COLETADO" ("Preco", "UnidadeMedida", "DataColeta", "PostoCNPJ", "CombustivelID")
VALUES (6.190, 'R$ / litro', '2024-01-08', '4165053000113',
        (SELECT "ID_Combustivel" FROM public."COMBUSTIVEL" WHERE "Nome" = 'DIESEL S500'))
ON CONFLICT DO NOTHING;


INSERT INTO public."PRECO_COLETADO" ("Preco", "UnidadeMedida", "DataColeta", "PostoCNPJ", "CombustivelID")
VALUES (6.190, 'R$ / litro', '2024-01-15', '4165053000113',
        (SELECT "ID_Combustivel" FROM public."COMBUSTIVEL" WHERE "Nome" = 'DIESEL S500'))
ON CONFLICT DO NOTHING;


INSERT INTO public."PRECO_COLETADO" ("Preco", "UnidadeMedida", "DataColeta", "PostoCNPJ", "CombustivelID")
VALUES (5.090, 'R$ / litro', '2024-01-22', '4165053000113',
        (SELECT "ID_Combustivel" FROM public."COMBUSTIVEL" WHERE "Nome" = 'DIESEL S500'))
ON CONFLICT DO NOTHING;


INSERT INTO public."PRECO_COLETADO" ("Preco", "UnidadeMedida", "DataColeta", "PostoCNPJ", "CombustivelID")
VALUES (5.990, 'R$ / litro', '2024-01-29', '4165053000113',
        (SELECT "ID_Combustivel" FROM public."COMBUSTIVEL" WHERE "Nome" = 'DIESEL S500'))
ON CONFLICT DO NOTHING;


INSERT INTO public."PRECO_COLETADO" ("Preco", "UnidadeMedida", "DataColeta", "PostoCNPJ", "CombustivelID")
VALUES (5.990, 'R$ / litro', '2024-02-05', '4165053000113',
        (SELECT "ID_Combustivel" FROM public."COMBUSTIVEL" WHERE "Nome" = 'DIESEL S500'))
ON CONFLICT DO NOTHING;


INSERT INTO public."PRECO_COLETADO" ("Preco", "UnidadeMedida", "DataColeta", "PostoCNPJ", "CombustivelID")
VALUES (5.990, 'R$ / litro', '2024-02-12', '4165053000113',
        (SELECT "ID_Combustivel" FROM public."COMBUSTIVEL" WHERE "Nome" = 'DIESEL S500'))
ON CONFLICT DO NOTHING;


INSERT INTO public."PRECO_COLETADO" ("Preco", "UnidadeMedida", "DataColeta", "PostoCNPJ", "CombustivelID")
VALUES (5.990, 'R$ / litro', '2024-02-19', '4165053000113',
        (SELECT "ID_Combustivel" FROM public."COMBUSTIVEL" WHERE "Nome" = 'DIESEL S500'))
ON CONFLICT DO NOTHING;


INSERT INTO public."PRECO_COLETADO" ("Preco", "UnidadeMedida", "DataColeta", "PostoCNPJ", "CombustivelID")
VALUES (5.990, 'R$ / litro', '2024-02-26', '4165053000113',
        (SELECT "ID_Combustivel" FROM public."COMBUSTIVEL" WHERE "Nome" = 'DIESEL S500'))
ON CONFLICT DO NOTHING;


INSERT INTO public."PRECO_COLETADO" ("Preco", "UnidadeMedida", "DataColeta", "PostoCNPJ", "CombustivelID")
VALUES (5.990, 'R$ / litro', '2024-03-04', '4165053000113',
        (SELECT "ID_Combustivel" FROM public."COMBUSTIVEL" WHERE "Nome" = 'DIESEL S500'))
ON CONFLICT DO NOTHING;


INSERT INTO public."PRECO_COLETADO" ("Preco", "UnidadeMedida", "DataColeta", "PostoCNPJ", "CombustivelID")
VALUES (5.990, 'R$ / litro', '2024-03-11', '4165053000113',
        (SELECT "ID_Combustivel" FROM public."COMBUSTIVEL" WHERE "Nome" = 'DIESEL S500'))
ON CONFLICT DO NOTHING;


INSERT INTO public."PRECO_COLETADO" ("Preco", "UnidadeMedida", "DataColeta", "PostoCNPJ", "CombustivelID")
VALUES (5.990, 'R$ / litro', '2024-03-18', '4165053000113',
        (SELECT "ID_Combustivel" FROM public."COMBUSTIVEL" WHERE "Nome" = 'DIESEL S500'))
ON CONFLICT DO NOTHING;


INSERT INTO public."PRECO_COLETADO" ("Preco", "UnidadeMedida", "DataColeta", "PostoCNPJ", "CombustivelID")
VALUES (5.990, 'R$ / litro', '2024-03-28', '4165053000113',
        (SELECT "ID_Combustivel" FROM public."COMBUSTIVEL" WHERE "Nome" = 'DIESEL S500'))
ON CONFLICT DO NOTHING;


INSERT INTO public."PRECO_COLETADO" ("Preco", "UnidadeMedida", "DataColeta", "PostoCNPJ", "CombustivelID")
VALUES (5.990, 'R$ / litro', '2024-04-01', '4165053000113',
        (SELECT "ID_Combustivel" FROM public."COMBUSTIVEL" WHERE "Nome" = 'DIESEL S500'))
ON CONFLICT DO NOTHING;


INSERT INTO public."PRECO_COLETADO" ("Preco", "UnidadeMedida", "DataColeta", "PostoCNPJ", "CombustivelID")
VALUES (5.990, 'R$ / litro', '2024-04-08', '4165053000113',
        (SELECT "ID_Combustivel" FROM public."COMBUSTIVEL" WHERE "Nome" = 'DIESEL S500'))
ON CONFLICT DO NOTHING;


INSERT INTO public."PRECO_COLETADO" ("Preco", "UnidadeMedida", "DataColeta", "PostoCNPJ", "CombustivelID")
VALUES (5.990, 'R$ / litro', '2024-04-15', '4165053000113',
        (SELECT "ID_Combustivel" FROM public."COMBUSTIVEL" WHERE "Nome" = 'DIESEL S500'))
ON CONFLICT DO NOTHING;


INSERT INTO public."PRECO_COLETADO" ("Preco", "UnidadeMedida", "DataColeta", "PostoCNPJ", "CombustivelID")
VALUES (5.990, 'R$ / litro', '2024-04-22', '4165053000113',
        (SELECT "ID_Combustivel" FROM public."COMBUSTIVEL" WHERE "Nome" = 'DIESEL S500'))
ON CONFLICT DO NOTHING;


INSERT INTO public."PRECO_COLETADO" ("Preco", "UnidadeMedida", "DataColeta", "PostoCNPJ", "CombustivelID")
VALUES (5.890, 'R$ / litro', '2024-04-29', '4165053000113',
        (SELECT "ID_Combustivel" FROM public."COMBUSTIVEL" WHERE "Nome" = 'DIESEL S500'))
ON CONFLICT DO NOTHING;


INSERT INTO public."PRECO_COLETADO" ("Preco", "UnidadeMedida", "DataColeta", "PostoCNPJ", "CombustivelID")
VALUES (5.890, 'R$ / litro', '2024-05-06', '4165053000113',
        (SELECT "ID_Combustivel" FROM public."COMBUSTIVEL" WHERE "Nome" = 'DIESEL S500'))
ON CONFLICT DO NOTHING;


INSERT INTO public."PRECO_COLETADO" ("Preco", "UnidadeMedida", "DataColeta", "PostoCNPJ", "CombustivelID")
VALUES (5.890, 'R$ / litro', '2024-05-14', '4165053000113',
        (SELECT "ID_Combustivel" FROM public."COMBUSTIVEL" WHERE "Nome" = 'DIESEL S500'))
ON CONFLICT DO NOTHING;


INSERT INTO public."PRECO_COLETADO" ("Preco", "UnidadeMedida", "DataColeta", "PostoCNPJ", "CombustivelID")
VALUES (5.790, 'R$ / litro', '2024-05-20', '4165053000113',
        (SELECT "ID_Combustivel" FROM public."COMBUSTIVEL" WHERE "Nome" = 'DIESEL S500'))
ON CONFLICT DO NOTHING;


INSERT INTO public."PRECO_COLETADO" ("Preco", "UnidadeMedida", "DataColeta", "PostoCNPJ", "CombustivelID")
VALUES (5.790, 'R$ / litro', '2024-05-27', '4165053000113',
        (SELECT "ID_Combustivel" FROM public."COMBUSTIVEL" WHERE "Nome" = 'DIESEL S500'))
ON CONFLICT DO NOTHING;


INSERT INTO public."PRECO_COLETADO" ("Preco", "UnidadeMedida", "DataColeta", "PostoCNPJ", "CombustivelID")
VALUES (5.790, 'R$ / litro', '2024-06-04', '4165053000113',
        (SELECT "ID_Combustivel" FROM public."COMBUSTIVEL" WHERE "Nome" = 'DIESEL S500'))
ON CONFLICT DO NOTHING;


INSERT INTO public."PRECO_COLETADO" ("Preco", "UnidadeMedida", "DataColeta", "PostoCNPJ", "CombustivelID")
VALUES (5.790, 'R$ / litro', '2024-06-17', '4165053000113',
        (SELECT "ID_Combustivel" FROM public."COMBUSTIVEL" WHERE "Nome" = 'DIESEL S500'))
ON CONFLICT DO NOTHING;


INSERT INTO public."PRECO_COLETADO" ("Preco", "UnidadeMedida", "DataColeta", "PostoCNPJ", "CombustivelID")
VALUES (5.790, 'R$ / litro', '2024-06-24', '4165053000113',
        (SELECT "ID_Combustivel" FROM public."COMBUSTIVEL" WHERE "Nome" = 'DIESEL S500'))
ON CONFLICT DO NOTHING;


INSERT INTO public."PRECO_COLETADO" ("Preco", "UnidadeMedida", "DataColeta", "PostoCNPJ", "CombustivelID")
VALUES (5.790, 'R$ / litro', '2024-07-01', '4165053000113',
        (SELECT "ID_Combustivel" FROM public."COMBUSTIVEL" WHERE "Nome" = 'DIESEL S500'))
ON CONFLICT DO NOTHING;


INSERT INTO public."PRECO_COLETADO" ("Preco", "UnidadeMedida", "DataColeta", "PostoCNPJ", "CombustivelID")
VALUES (5.890, 'R$ / litro', '2024-07-09', '4165053000113',
        (SELECT "ID_Combustivel" FROM public."COMBUSTIVEL" WHERE "Nome" = 'DIESEL S500'))
ON CONFLICT DO NOTHING;


INSERT INTO public."PRECO_COLETADO" ("Preco", "UnidadeMedida", "DataColeta", "PostoCNPJ", "CombustivelID")
VALUES (5.890, 'R$ / litro', '2024-07-16', '4165053000113',
        (SELECT "ID_Combustivel" FROM public."COMBUSTIVEL" WHERE "Nome" = 'DIESEL S500'))
ON CONFLICT DO NOTHING;


INSERT INTO public."PRECO_COLETADO" ("Preco", "UnidadeMedida", "DataColeta", "PostoCNPJ", "CombustivelID")
VALUES (5.890, 'R$ / litro', '2024-07-22', '4165053000113',
        (SELECT "ID_Combustivel" FROM public."COMBUSTIVEL" WHERE "Nome" = 'DIESEL S500'))
ON CONFLICT DO NOTHING;


INSERT INTO public."PRECO_COLETADO" ("Preco", "UnidadeMedida", "DataColeta", "PostoCNPJ", "CombustivelID")
VALUES (5.890, 'R$ / litro', '2024-08-20', '4165053000113',
        (SELECT "ID_Combustivel" FROM public."COMBUSTIVEL" WHERE "Nome" = 'DIESEL S500'))
ON CONFLICT DO NOTHING;


INSERT INTO public."PRECO_COLETADO" ("Preco", "UnidadeMedida", "DataColeta", "PostoCNPJ", "CombustivelID")
VALUES (5.890, 'R$ / litro', '2024-08-27', '4165053000113',
        (SELECT "ID_Combustivel" FROM public."COMBUSTIVEL" WHERE "Nome" = 'DIESEL S500'))
ON CONFLICT DO NOTHING;


INSERT INTO public."PRECO_COLETADO" ("Preco", "UnidadeMedida", "DataColeta", "PostoCNPJ", "CombustivelID")
VALUES (5.890, 'R$ / litro', '2024-09-02', '4165053000113',
        (SELECT "ID_Combustivel" FROM public."COMBUSTIVEL" WHERE "Nome" = 'DIESEL S500'))
ON CONFLICT DO NOTHING;


INSERT INTO public."COMBUSTIVEL" ("Nome")
VALUES ('GASOLINA ADITIVADA')
ON CONFLICT ("Nome") DO NOTHING;


INSERT INTO public."PRECO_COLETADO" ("Preco", "UnidadeMedida", "DataColeta", "PostoCNPJ", "CombustivelID")
VALUES (4.990, 'R$ / litro', '2022-10-24', '4165053000113',
        (SELECT "ID_Combustivel" FROM public."COMBUSTIVEL" WHERE "Nome" = 'GASOLINA ADITIVADA'))
ON CONFLICT DO NOTHING;


INSERT INTO public."PRECO_COLETADO" ("Preco", "UnidadeMedida", "DataColeta", "PostoCNPJ", "CombustivelID")
VALUES (4.990, 'R$ / litro', '2022-10-31', '4165053000113',
        (SELECT "ID_Combustivel" FROM public."COMBUSTIVEL" WHERE "Nome" = 'GASOLINA ADITIVADA'))
ON CONFLICT DO NOTHING;


INSERT INTO public."PRECO_COLETADO" ("Preco", "UnidadeMedida", "DataColeta", "PostoCNPJ", "CombustivelID")
VALUES (5.190, 'R$ / litro', '2022-11-14', '4165053000113',
        (SELECT "ID_Combustivel" FROM public."COMBUSTIVEL" WHERE "Nome" = 'GASOLINA ADITIVADA'))
ON CONFLICT DO NOTHING;


INSERT INTO public."PRECO_COLETADO" ("Preco", "UnidadeMedida", "DataColeta", "PostoCNPJ", "CombustivelID")
VALUES (5.190, 'R$ / litro', '2022-11-22', '4165053000113',
        (SELECT "ID_Combustivel" FROM public."COMBUSTIVEL" WHERE "Nome" = 'GASOLINA ADITIVADA'))
ON CONFLICT DO NOTHING;


INSERT INTO public."PRECO_COLETADO" ("Preco", "UnidadeMedida", "DataColeta", "PostoCNPJ", "CombustivelID")
VALUES (5.290, 'R$ / litro', '2022-12-05', '4165053000113',
        (SELECT "ID_Combustivel" FROM public."COMBUSTIVEL" WHERE "Nome" = 'GASOLINA ADITIVADA'))
ON CONFLICT DO NOTHING;


INSERT INTO public."PRECO_COLETADO" ("Preco", "UnidadeMedida", "DataColeta", "PostoCNPJ", "CombustivelID")
VALUES (5.290, 'R$ / litro', '2022-12-12', '4165053000113',
        (SELECT "ID_Combustivel" FROM public."COMBUSTIVEL" WHERE "Nome" = 'GASOLINA ADITIVADA'))
ON CONFLICT DO NOTHING;


INSERT INTO public."PRECO_COLETADO" ("Preco", "UnidadeMedida", "DataColeta", "PostoCNPJ", "CombustivelID")
VALUES (5.190, 'R$ / litro', '2022-12-22', '4165053000113',
        (SELECT "ID_Combustivel" FROM public."COMBUSTIVEL" WHERE "Nome" = 'GASOLINA ADITIVADA'))
ON CONFLICT DO NOTHING;


INSERT INTO public."PRECO_COLETADO" ("Preco", "UnidadeMedida", "DataColeta", "PostoCNPJ", "CombustivelID")
VALUES (5.190, 'R$ / litro', '2022-12-26', '4165053000113',
        (SELECT "ID_Combustivel" FROM public."COMBUSTIVEL" WHERE "Nome" = 'GASOLINA ADITIVADA'))
ON CONFLICT DO NOTHING;


INSERT INTO public."PRECO_COLETADO" ("Preco", "UnidadeMedida", "DataColeta", "PostoCNPJ", "CombustivelID")
VALUES (5.190, 'R$ / litro', '2023-01-02', '4165053000113',
        (SELECT "ID_Combustivel" FROM public."COMBUSTIVEL" WHERE "Nome" = 'GASOLINA ADITIVADA'))
ON CONFLICT DO NOTHING;


INSERT INTO public."PRECO_COLETADO" ("Preco", "UnidadeMedida", "DataColeta", "PostoCNPJ", "CombustivelID")
VALUES (5.190, 'R$ / litro', '2023-01-09', '4165053000113',
        (SELECT "ID_Combustivel" FROM public."COMBUSTIVEL" WHERE "Nome" = 'GASOLINA ADITIVADA'))
ON CONFLICT DO NOTHING;


INSERT INTO public."PRECO_COLETADO" ("Preco", "UnidadeMedida", "DataColeta", "PostoCNPJ", "CombustivelID")
VALUES (3.990, 'R$ / litro', '2023-01-16', '4165053000113',
        (SELECT "ID_Combustivel" FROM public."COMBUSTIVEL" WHERE "Nome" = 'GASOLINA ADITIVADA'))
ON CONFLICT DO NOTHING;


INSERT INTO public."PRECO_COLETADO" ("Preco", "UnidadeMedida", "DataColeta", "PostoCNPJ", "CombustivelID")
VALUES (5.190, 'R$ / litro', '2023-01-23', '4165053000113',
        (SELECT "ID_Combustivel" FROM public."COMBUSTIVEL" WHERE "Nome" = 'GASOLINA ADITIVADA'))
ON CONFLICT DO NOTHING;


INSERT INTO public."PRECO_COLETADO" ("Preco", "UnidadeMedida", "DataColeta", "PostoCNPJ", "CombustivelID")
VALUES (5.490, 'R$ / litro', '2023-01-30', '4165053000113',
        (SELECT "ID_Combustivel" FROM public."COMBUSTIVEL" WHERE "Nome" = 'GASOLINA ADITIVADA'))
ON CONFLICT DO NOTHING;


INSERT INTO public."PRECO_COLETADO" ("Preco", "UnidadeMedida", "DataColeta", "PostoCNPJ", "CombustivelID")
VALUES (5.350, 'R$ / litro', '2023-02-06', '4165053000113',
        (SELECT "ID_Combustivel" FROM public."COMBUSTIVEL" WHERE "Nome" = 'GASOLINA ADITIVADA'))
ON CONFLICT DO NOTHING;


INSERT INTO public."PRECO_COLETADO" ("Preco", "UnidadeMedida", "DataColeta", "PostoCNPJ", "CombustivelID")
VALUES (5.300, 'R$ / litro', '2023-02-13', '4165053000113',
        (SELECT "ID_Combustivel" FROM public."COMBUSTIVEL" WHERE "Nome" = 'GASOLINA ADITIVADA'))
ON CONFLICT DO NOTHING;


INSERT INTO public."PRECO_COLETADO" ("Preco", "UnidadeMedida", "DataColeta", "PostoCNPJ", "CombustivelID")
VALUES (5.190, 'R$ / litro', '2023-02-20', '4165053000113',
        (SELECT "ID_Combustivel" FROM public."COMBUSTIVEL" WHERE "Nome" = 'GASOLINA ADITIVADA'))
ON CONFLICT DO NOTHING;


INSERT INTO public."PRECO_COLETADO" ("Preco", "UnidadeMedida", "DataColeta", "PostoCNPJ", "CombustivelID")
VALUES (5.190, 'R$ / litro', '2023-02-27', '4165053000113',
        (SELECT "ID_Combustivel" FROM public."COMBUSTIVEL" WHERE "Nome" = 'GASOLINA ADITIVADA'))
ON CONFLICT DO NOTHING;


INSERT INTO public."PRECO_COLETADO" ("Preco", "UnidadeMedida", "DataColeta", "PostoCNPJ", "CombustivelID")
VALUES (5.890, 'R$ / litro', '2023-03-06', '4165053000113',
        (SELECT "ID_Combustivel" FROM public."COMBUSTIVEL" WHERE "Nome" = 'GASOLINA ADITIVADA'))
ON CONFLICT DO NOTHING;


INSERT INTO public."PRECO_COLETADO" ("Preco", "UnidadeMedida", "DataColeta", "PostoCNPJ", "CombustivelID")
VALUES (5.790, 'R$ / litro', '2023-03-16', '4165053000113',
        (SELECT "ID_Combustivel" FROM public."COMBUSTIVEL" WHERE "Nome" = 'GASOLINA ADITIVADA'))
ON CONFLICT DO NOTHING;


INSERT INTO public."PRECO_COLETADO" ("Preco", "UnidadeMedida", "DataColeta", "PostoCNPJ", "CombustivelID")
VALUES (5.790, 'R$ / litro', '2023-03-21', '4165053000113',
        (SELECT "ID_Combustivel" FROM public."COMBUSTIVEL" WHERE "Nome" = 'GASOLINA ADITIVADA'))
ON CONFLICT DO NOTHING;


INSERT INTO public."PRECO_COLETADO" ("Preco", "UnidadeMedida", "DataColeta", "PostoCNPJ", "CombustivelID")
VALUES (5.690, 'R$ / litro', '2023-03-27', '4165053000113',
        (SELECT "ID_Combustivel" FROM public."COMBUSTIVEL" WHERE "Nome" = 'GASOLINA ADITIVADA'))
ON CONFLICT DO NOTHING;


INSERT INTO public."PRECO_COLETADO" ("Preco", "UnidadeMedida", "DataColeta", "PostoCNPJ", "CombustivelID")
VALUES (5.690, 'R$ / litro', '2023-04-04', '4165053000113',
        (SELECT "ID_Combustivel" FROM public."COMBUSTIVEL" WHERE "Nome" = 'GASOLINA ADITIVADA'))
ON CONFLICT DO NOTHING;


INSERT INTO public."PRECO_COLETADO" ("Preco", "UnidadeMedida", "DataColeta", "PostoCNPJ", "CombustivelID")
VALUES (5.690, 'R$ / litro', '2023-04-10', '4165053000113',
        (SELECT "ID_Combustivel" FROM public."COMBUSTIVEL" WHERE "Nome" = 'GASOLINA ADITIVADA'))
ON CONFLICT DO NOTHING;


INSERT INTO public."PRECO_COLETADO" ("Preco", "UnidadeMedida", "DataColeta", "PostoCNPJ", "CombustivelID")
VALUES (5.890, 'R$ / litro', '2023-04-17', '4165053000113',
        (SELECT "ID_Combustivel" FROM public."COMBUSTIVEL" WHERE "Nome" = 'GASOLINA ADITIVADA'))
ON CONFLICT DO NOTHING;


INSERT INTO public."PRECO_COLETADO" ("Preco", "UnidadeMedida", "DataColeta", "PostoCNPJ", "CombustivelID")
VALUES (5.690, 'R$ / litro', '2023-04-24', '4165053000113',
        (SELECT "ID_Combustivel" FROM public."COMBUSTIVEL" WHERE "Nome" = 'GASOLINA ADITIVADA'))
ON CONFLICT DO NOTHING;


INSERT INTO public."PRECO_COLETADO" ("Preco", "UnidadeMedida", "DataColeta", "PostoCNPJ", "CombustivelID")
VALUES (5.490, 'R$ / litro', '2023-05-02', '4165053000113',
        (SELECT "ID_Combustivel" FROM public."COMBUSTIVEL" WHERE "Nome" = 'GASOLINA ADITIVADA'))
ON CONFLICT DO NOTHING;


INSERT INTO public."PRECO_COLETADO" ("Preco", "UnidadeMedida", "DataColeta", "PostoCNPJ", "CombustivelID")
VALUES (5.790, 'R$ / litro', '2023-05-08', '4165053000113',
        (SELECT "ID_Combustivel" FROM public."COMBUSTIVEL" WHERE "Nome" = 'GASOLINA ADITIVADA'))
ON CONFLICT DO NOTHING;


INSERT INTO public."PRECO_COLETADO" ("Preco", "UnidadeMedida", "DataColeta", "PostoCNPJ", "CombustivelID")
VALUES (5.490, 'R$ / litro', '2023-05-15', '4165053000113',
        (SELECT "ID_Combustivel" FROM public."COMBUSTIVEL" WHERE "Nome" = 'GASOLINA ADITIVADA'))
ON CONFLICT DO NOTHING;


INSERT INTO public."PRECO_COLETADO" ("Preco", "UnidadeMedida", "DataColeta", "PostoCNPJ", "CombustivelID")
VALUES (5.390, 'R$ / litro', '2023-05-22', '4165053000113',
        (SELECT "ID_Combustivel" FROM public."COMBUSTIVEL" WHERE "Nome" = 'GASOLINA ADITIVADA'))
ON CONFLICT DO NOTHING;


INSERT INTO public."PRECO_COLETADO" ("Preco", "UnidadeMedida", "DataColeta", "PostoCNPJ", "CombustivelID")
VALUES (5.350, 'R$ / litro', '2023-05-29', '4165053000113',
        (SELECT "ID_Combustivel" FROM public."COMBUSTIVEL" WHERE "Nome" = 'GASOLINA ADITIVADA'))
ON CONFLICT DO NOTHING;


INSERT INTO public."PRECO_COLETADO" ("Preco", "UnidadeMedida", "DataColeta", "PostoCNPJ", "CombustivelID")
VALUES (5.690, 'R$ / litro', '2023-06-05', '4165053000113',
        (SELECT "ID_Combustivel" FROM public."COMBUSTIVEL" WHERE "Nome" = 'GASOLINA ADITIVADA'))
ON CONFLICT DO NOTHING;


INSERT INTO public."PRECO_COLETADO" ("Preco", "UnidadeMedida", "DataColeta", "PostoCNPJ", "CombustivelID")
VALUES (5.650, 'R$ / litro', '2023-06-13', '4165053000113',
        (SELECT "ID_Combustivel" FROM public."COMBUSTIVEL" WHERE "Nome" = 'GASOLINA ADITIVADA'))
ON CONFLICT DO NOTHING;


INSERT INTO public."PRECO_COLETADO" ("Preco", "UnidadeMedida", "DataColeta", "PostoCNPJ", "CombustivelID")
VALUES (5.580, 'R$ / litro', '2023-06-20', '4165053000113',
        (SELECT "ID_Combustivel" FROM public."COMBUSTIVEL" WHERE "Nome" = 'GASOLINA ADITIVADA'))
ON CONFLICT DO NOTHING;


INSERT INTO public."PRECO_COLETADO" ("Preco", "UnidadeMedida", "DataColeta", "PostoCNPJ", "CombustivelID")
VALUES (5.580, 'R$ / litro', '2023-06-27', '4165053000113',
        (SELECT "ID_Combustivel" FROM public."COMBUSTIVEL" WHERE "Nome" = 'GASOLINA ADITIVADA'))
ON CONFLICT DO NOTHING;


INSERT INTO public."PRECO_COLETADO" ("Preco", "UnidadeMedida", "DataColeta", "PostoCNPJ", "CombustivelID")
VALUES (6.190, 'R$ / litro', '2023-07-04', '4165053000113',
        (SELECT "ID_Combustivel" FROM public."COMBUSTIVEL" WHERE "Nome" = 'GASOLINA ADITIVADA'))
ON CONFLICT DO NOTHING;


INSERT INTO public."PRECO_COLETADO" ("Preco", "UnidadeMedida", "DataColeta", "PostoCNPJ", "CombustivelID")
VALUES (6.090, 'R$ / litro', '2023-07-10', '4165053000113',
        (SELECT "ID_Combustivel" FROM public."COMBUSTIVEL" WHERE "Nome" = 'GASOLINA ADITIVADA'))
ON CONFLICT DO NOTHING;


INSERT INTO public."PRECO_COLETADO" ("Preco", "UnidadeMedida", "DataColeta", "PostoCNPJ", "CombustivelID")
VALUES (5.990, 'R$ / litro', '2023-07-17', '4165053000113',
        (SELECT "ID_Combustivel" FROM public."COMBUSTIVEL" WHERE "Nome" = 'GASOLINA ADITIVADA'))
ON CONFLICT DO NOTHING;


INSERT INTO public."PRECO_COLETADO" ("Preco", "UnidadeMedida", "DataColeta", "PostoCNPJ", "CombustivelID")
VALUES (5.790, 'R$ / litro', '2023-07-24', '4165053000113',
        (SELECT "ID_Combustivel" FROM public."COMBUSTIVEL" WHERE "Nome" = 'GASOLINA ADITIVADA'))
ON CONFLICT DO NOTHING;


INSERT INTO public."PRECO_COLETADO" ("Preco", "UnidadeMedida", "DataColeta", "PostoCNPJ", "CombustivelID")
VALUES (5.790, 'R$ / litro', '2023-07-31', '4165053000113',
        (SELECT "ID_Combustivel" FROM public."COMBUSTIVEL" WHERE "Nome" = 'GASOLINA ADITIVADA'))
ON CONFLICT DO NOTHING;


INSERT INTO public."PRECO_COLETADO" ("Preco", "UnidadeMedida", "DataColeta", "PostoCNPJ", "CombustivelID")
VALUES (5.790, 'R$ / litro', '2023-08-07', '4165053000113',
        (SELECT "ID_Combustivel" FROM public."COMBUSTIVEL" WHERE "Nome" = 'GASOLINA ADITIVADA'))
ON CONFLICT DO NOTHING;


INSERT INTO public."PRECO_COLETADO" ("Preco", "UnidadeMedida", "DataColeta", "PostoCNPJ", "CombustivelID")
VALUES (5.690, 'R$ / litro', '2023-08-15', '4165053000113',
        (SELECT "ID_Combustivel" FROM public."COMBUSTIVEL" WHERE "Nome" = 'GASOLINA ADITIVADA'))
ON CONFLICT DO NOTHING;


INSERT INTO public."PRECO_COLETADO" ("Preco", "UnidadeMedida", "DataColeta", "PostoCNPJ", "CombustivelID")
VALUES (6.390, 'R$ / litro', '2023-08-21', '4165053000113',
        (SELECT "ID_Combustivel" FROM public."COMBUSTIVEL" WHERE "Nome" = 'GASOLINA ADITIVADA'))
ON CONFLICT DO NOTHING;


INSERT INTO public."PRECO_COLETADO" ("Preco", "UnidadeMedida", "DataColeta", "PostoCNPJ", "CombustivelID")
VALUES (6.290, 'R$ / litro', '2023-08-30', '4165053000113',
        (SELECT "ID_Combustivel" FROM public."COMBUSTIVEL" WHERE "Nome" = 'GASOLINA ADITIVADA'))
ON CONFLICT DO NOTHING;


INSERT INTO public."PRECO_COLETADO" ("Preco", "UnidadeMedida", "DataColeta", "PostoCNPJ", "CombustivelID")
VALUES (6.190, 'R$ / litro', '2023-09-07', '4165053000113',
        (SELECT "ID_Combustivel" FROM public."COMBUSTIVEL" WHERE "Nome" = 'GASOLINA ADITIVADA'))
ON CONFLICT DO NOTHING;


INSERT INTO public."PRECO_COLETADO" ("Preco", "UnidadeMedida", "DataColeta", "PostoCNPJ", "CombustivelID")
VALUES (6.190, 'R$ / litro', '2023-09-12', '4165053000113',
        (SELECT "ID_Combustivel" FROM public."COMBUSTIVEL" WHERE "Nome" = 'GASOLINA ADITIVADA'))
ON CONFLICT DO NOTHING;


INSERT INTO public."PRECO_COLETADO" ("Preco", "UnidadeMedida", "DataColeta", "PostoCNPJ", "CombustivelID")
VALUES (6.190, 'R$ / litro', '2023-09-19', '4165053000113',
        (SELECT "ID_Combustivel" FROM public."COMBUSTIVEL" WHERE "Nome" = 'GASOLINA ADITIVADA'))
ON CONFLICT DO NOTHING;


INSERT INTO public."PRECO_COLETADO" ("Preco", "UnidadeMedida", "DataColeta", "PostoCNPJ", "CombustivelID")
VALUES (6.190, 'R$ / litro', '2023-09-26', '4165053000113',
        (SELECT "ID_Combustivel" FROM public."COMBUSTIVEL" WHERE "Nome" = 'GASOLINA ADITIVADA'))
ON CONFLICT DO NOTHING;


INSERT INTO public."PRECO_COLETADO" ("Preco", "UnidadeMedida", "DataColeta", "PostoCNPJ", "CombustivelID")
VALUES (6.190, 'R$ / litro', '2023-10-03', '4165053000113',
        (SELECT "ID_Combustivel" FROM public."COMBUSTIVEL" WHERE "Nome" = 'GASOLINA ADITIVADA'))
ON CONFLICT DO NOTHING;


INSERT INTO public."PRECO_COLETADO" ("Preco", "UnidadeMedida", "DataColeta", "PostoCNPJ", "CombustivelID")
VALUES (6.190, 'R$ / litro', '2023-10-10', '4165053000113',
        (SELECT "ID_Combustivel" FROM public."COMBUSTIVEL" WHERE "Nome" = 'GASOLINA ADITIVADA'))
ON CONFLICT DO NOTHING;


INSERT INTO public."PRECO_COLETADO" ("Preco", "UnidadeMedida", "DataColeta", "PostoCNPJ", "CombustivelID")
VALUES (6.090, 'R$ / litro', '2023-10-16', '4165053000113',
        (SELECT "ID_Combustivel" FROM public."COMBUSTIVEL" WHERE "Nome" = 'GASOLINA ADITIVADA'))
ON CONFLICT DO NOTHING;


INSERT INTO public."PRECO_COLETADO" ("Preco", "UnidadeMedida", "DataColeta", "PostoCNPJ", "CombustivelID")
VALUES (6.090, 'R$ / litro', '2023-10-24', '4165053000113',
        (SELECT "ID_Combustivel" FROM public."COMBUSTIVEL" WHERE "Nome" = 'GASOLINA ADITIVADA'))
ON CONFLICT DO NOTHING;


INSERT INTO public."PRECO_COLETADO" ("Preco", "UnidadeMedida", "DataColeta", "PostoCNPJ", "CombustivelID")
VALUES (6.090, 'R$ / litro', '2023-10-31', '4165053000113',
        (SELECT "ID_Combustivel" FROM public."COMBUSTIVEL" WHERE "Nome" = 'GASOLINA ADITIVADA'))
ON CONFLICT DO NOTHING;


INSERT INTO public."PRECO_COLETADO" ("Preco", "UnidadeMedida", "DataColeta", "PostoCNPJ", "CombustivelID")
VALUES (6.090, 'R$ / litro', '2023-11-07', '4165053000113',
        (SELECT "ID_Combustivel" FROM public."COMBUSTIVEL" WHERE "Nome" = 'GASOLINA ADITIVADA'))
ON CONFLICT DO NOTHING;


INSERT INTO public."PRECO_COLETADO" ("Preco", "UnidadeMedida", "DataColeta", "PostoCNPJ", "CombustivelID")
VALUES (5.990, 'R$ / litro', '2023-11-14', '4165053000113',
        (SELECT "ID_Combustivel" FROM public."COMBUSTIVEL" WHERE "Nome" = 'GASOLINA ADITIVADA'))
ON CONFLICT DO NOTHING;


INSERT INTO public."PRECO_COLETADO" ("Preco", "UnidadeMedida", "DataColeta", "PostoCNPJ", "CombustivelID")
VALUES (5.990, 'R$ / litro', '2023-11-21', '4165053000113',
        (SELECT "ID_Combustivel" FROM public."COMBUSTIVEL" WHERE "Nome" = 'GASOLINA ADITIVADA'))
ON CONFLICT DO NOTHING;


INSERT INTO public."PRECO_COLETADO" ("Preco", "UnidadeMedida", "DataColeta", "PostoCNPJ", "CombustivelID")
VALUES (5.990, 'R$ / litro', '2023-11-28', '4165053000113',
        (SELECT "ID_Combustivel" FROM public."COMBUSTIVEL" WHERE "Nome" = 'GASOLINA ADITIVADA'))
ON CONFLICT DO NOTHING;


INSERT INTO public."PRECO_COLETADO" ("Preco", "UnidadeMedida", "DataColeta", "PostoCNPJ", "CombustivelID")
VALUES (5.990, 'R$ / litro', '2023-12-06', '4165053000113',
        (SELECT "ID_Combustivel" FROM public."COMBUSTIVEL" WHERE "Nome" = 'GASOLINA ADITIVADA'))
ON CONFLICT DO NOTHING;


INSERT INTO public."PRECO_COLETADO" ("Preco", "UnidadeMedida", "DataColeta", "PostoCNPJ", "CombustivelID")
VALUES (5.990, 'R$ / litro', '2023-12-13', '4165053000113',
        (SELECT "ID_Combustivel" FROM public."COMBUSTIVEL" WHERE "Nome" = 'GASOLINA ADITIVADA'))
ON CONFLICT DO NOTHING;


INSERT INTO public."PRECO_COLETADO" ("Preco", "UnidadeMedida", "DataColeta", "PostoCNPJ", "CombustivelID")
VALUES (5.990, 'R$ / litro', '2023-12-18', '4165053000113',
        (SELECT "ID_Combustivel" FROM public."COMBUSTIVEL" WHERE "Nome" = 'GASOLINA ADITIVADA'))
ON CONFLICT DO NOTHING;


INSERT INTO public."PRECO_COLETADO" ("Preco", "UnidadeMedida", "DataColeta", "PostoCNPJ", "CombustivelID")
VALUES (5.990, 'R$ / litro', '2023-12-26', '4165053000113',
        (SELECT "ID_Combustivel" FROM public."COMBUSTIVEL" WHERE "Nome" = 'GASOLINA ADITIVADA'))
ON CONFLICT DO NOTHING;


INSERT INTO public."PRECO_COLETADO" ("Preco", "UnidadeMedida", "DataColeta", "PostoCNPJ", "CombustivelID")
VALUES (5.990, 'R$ / litro', '2024-01-03', '4165053000113',
        (SELECT "ID_Combustivel" FROM public."COMBUSTIVEL" WHERE "Nome" = 'GASOLINA ADITIVADA'))
ON CONFLICT DO NOTHING;


INSERT INTO public."PRECO_COLETADO" ("Preco", "UnidadeMedida", "DataColeta", "PostoCNPJ", "CombustivelID")
VALUES (5.990, 'R$ / litro', '2024-01-08', '4165053000113',
        (SELECT "ID_Combustivel" FROM public."COMBUSTIVEL" WHERE "Nome" = 'GASOLINA ADITIVADA'))
ON CONFLICT DO NOTHING;


INSERT INTO public."PRECO_COLETADO" ("Preco", "UnidadeMedida", "DataColeta", "PostoCNPJ", "CombustivelID")
VALUES (5.990, 'R$ / litro', '2024-01-15', '4165053000113',
        (SELECT "ID_Combustivel" FROM public."COMBUSTIVEL" WHERE "Nome" = 'GASOLINA ADITIVADA'))
ON CONFLICT DO NOTHING;


INSERT INTO public."PRECO_COLETADO" ("Preco", "UnidadeMedida", "DataColeta", "PostoCNPJ", "CombustivelID")
VALUES (5.890, 'R$ / litro', '2024-01-22', '4165053000113',
        (SELECT "ID_Combustivel" FROM public."COMBUSTIVEL" WHERE "Nome" = 'GASOLINA ADITIVADA'))
ON CONFLICT DO NOTHING;


INSERT INTO public."PRECO_COLETADO" ("Preco", "UnidadeMedida", "DataColeta", "PostoCNPJ", "CombustivelID")
VALUES (5.790, 'R$ / litro', '2024-01-29', '4165053000113',
        (SELECT "ID_Combustivel" FROM public."COMBUSTIVEL" WHERE "Nome" = 'GASOLINA ADITIVADA'))
ON CONFLICT DO NOTHING;


INSERT INTO public."PRECO_COLETADO" ("Preco", "UnidadeMedida", "DataColeta", "PostoCNPJ", "CombustivelID")
VALUES (5.990, 'R$ / litro', '2024-02-05', '4165053000113',
        (SELECT "ID_Combustivel" FROM public."COMBUSTIVEL" WHERE "Nome" = 'GASOLINA ADITIVADA'))
ON CONFLICT DO NOTHING;


INSERT INTO public."PRECO_COLETADO" ("Preco", "UnidadeMedida", "DataColeta", "PostoCNPJ", "CombustivelID")
VALUES (5.990, 'R$ / litro', '2024-02-12', '4165053000113',
        (SELECT "ID_Combustivel" FROM public."COMBUSTIVEL" WHERE "Nome" = 'GASOLINA ADITIVADA'))
ON CONFLICT DO NOTHING;


INSERT INTO public."PRECO_COLETADO" ("Preco", "UnidadeMedida", "DataColeta", "PostoCNPJ", "CombustivelID")
VALUES (5.990, 'R$ / litro', '2024-02-19', '4165053000113',
        (SELECT "ID_Combustivel" FROM public."COMBUSTIVEL" WHERE "Nome" = 'GASOLINA ADITIVADA'))
ON CONFLICT DO NOTHING;


INSERT INTO public."PRECO_COLETADO" ("Preco", "UnidadeMedida", "DataColeta", "PostoCNPJ", "CombustivelID")
VALUES (5.990, 'R$ / litro', '2024-02-26', '4165053000113',
        (SELECT "ID_Combustivel" FROM public."COMBUSTIVEL" WHERE "Nome" = 'GASOLINA ADITIVADA'))
ON CONFLICT DO NOTHING;


INSERT INTO public."PRECO_COLETADO" ("Preco", "UnidadeMedida", "DataColeta", "PostoCNPJ", "CombustivelID")
VALUES (5.990, 'R$ / litro', '2024-03-04', '4165053000113',
        (SELECT "ID_Combustivel" FROM public."COMBUSTIVEL" WHERE "Nome" = 'GASOLINA ADITIVADA'))
ON CONFLICT DO NOTHING;


INSERT INTO public."PRECO_COLETADO" ("Preco", "UnidadeMedida", "DataColeta", "PostoCNPJ", "CombustivelID")
VALUES (5.990, 'R$ / litro', '2024-03-11', '4165053000113',
        (SELECT "ID_Combustivel" FROM public."COMBUSTIVEL" WHERE "Nome" = 'GASOLINA ADITIVADA'))
ON CONFLICT DO NOTHING;


INSERT INTO public."PRECO_COLETADO" ("Preco", "UnidadeMedida", "DataColeta", "PostoCNPJ", "CombustivelID")
VALUES (5.990, 'R$ / litro', '2024-03-18', '4165053000113',
        (SELECT "ID_Combustivel" FROM public."COMBUSTIVEL" WHERE "Nome" = 'GASOLINA ADITIVADA'))
ON CONFLICT DO NOTHING;


INSERT INTO public."PRECO_COLETADO" ("Preco", "UnidadeMedida", "DataColeta", "PostoCNPJ", "CombustivelID")
VALUES (5.990, 'R$ / litro', '2024-03-28', '4165053000113',
        (SELECT "ID_Combustivel" FROM public."COMBUSTIVEL" WHERE "Nome" = 'GASOLINA ADITIVADA'))
ON CONFLICT DO NOTHING;


INSERT INTO public."PRECO_COLETADO" ("Preco", "UnidadeMedida", "DataColeta", "PostoCNPJ", "CombustivelID")
VALUES (5.990, 'R$ / litro', '2024-04-01', '4165053000113',
        (SELECT "ID_Combustivel" FROM public."COMBUSTIVEL" WHERE "Nome" = 'GASOLINA ADITIVADA'))
ON CONFLICT DO NOTHING;


INSERT INTO public."PRECO_COLETADO" ("Preco", "UnidadeMedida", "DataColeta", "PostoCNPJ", "CombustivelID")
VALUES (5.590, 'R$ / litro', '2024-04-08', '4165053000113',
        (SELECT "ID_Combustivel" FROM public."COMBUSTIVEL" WHERE "Nome" = 'GASOLINA ADITIVADA'))
ON CONFLICT DO NOTHING;


INSERT INTO public."PRECO_COLETADO" ("Preco", "UnidadeMedida", "DataColeta", "PostoCNPJ", "CombustivelID")
VALUES (5.790, 'R$ / litro', '2024-04-15', '4165053000113',
        (SELECT "ID_Combustivel" FROM public."COMBUSTIVEL" WHERE "Nome" = 'GASOLINA ADITIVADA'))
ON CONFLICT DO NOTHING;


INSERT INTO public."PRECO_COLETADO" ("Preco", "UnidadeMedida", "DataColeta", "PostoCNPJ", "CombustivelID")
VALUES (5.690, 'R$ / litro', '2024-04-22', '4165053000113',
        (SELECT "ID_Combustivel" FROM public."COMBUSTIVEL" WHERE "Nome" = 'GASOLINA ADITIVADA'))
ON CONFLICT DO NOTHING;


INSERT INTO public."PRECO_COLETADO" ("Preco", "UnidadeMedida", "DataColeta", "PostoCNPJ", "CombustivelID")
VALUES (5.890, 'R$ / litro', '2024-04-29', '4165053000113',
        (SELECT "ID_Combustivel" FROM public."COMBUSTIVEL" WHERE "Nome" = 'GASOLINA ADITIVADA'))
ON CONFLICT DO NOTHING;


INSERT INTO public."PRECO_COLETADO" ("Preco", "UnidadeMedida", "DataColeta", "PostoCNPJ", "CombustivelID")
VALUES (5.890, 'R$ / litro', '2024-05-06', '4165053000113',
        (SELECT "ID_Combustivel" FROM public."COMBUSTIVEL" WHERE "Nome" = 'GASOLINA ADITIVADA'))
ON CONFLICT DO NOTHING;


INSERT INTO public."PRECO_COLETADO" ("Preco", "UnidadeMedida", "DataColeta", "PostoCNPJ", "CombustivelID")
VALUES (6.180, 'R$ / litro', '2024-05-14', '4165053000113',
        (SELECT "ID_Combustivel" FROM public."COMBUSTIVEL" WHERE "Nome" = 'GASOLINA ADITIVADA'))
ON CONFLICT DO NOTHING;


INSERT INTO public."PRECO_COLETADO" ("Preco", "UnidadeMedida", "DataColeta", "PostoCNPJ", "CombustivelID")
VALUES (5.990, 'R$ / litro', '2024-05-20', '4165053000113',
        (SELECT "ID_Combustivel" FROM public."COMBUSTIVEL" WHERE "Nome" = 'GASOLINA ADITIVADA'))
ON CONFLICT DO NOTHING;


INSERT INTO public."PRECO_COLETADO" ("Preco", "UnidadeMedida", "DataColeta", "PostoCNPJ", "CombustivelID")
VALUES (5.990, 'R$ / litro', '2024-05-27', '4165053000113',
        (SELECT "ID_Combustivel" FROM public."COMBUSTIVEL" WHERE "Nome" = 'GASOLINA ADITIVADA'))
ON CONFLICT DO NOTHING;


INSERT INTO public."PRECO_COLETADO" ("Preco", "UnidadeMedida", "DataColeta", "PostoCNPJ", "CombustivelID")
VALUES (6.090, 'R$ / litro', '2024-06-04', '4165053000113',
        (SELECT "ID_Combustivel" FROM public."COMBUSTIVEL" WHERE "Nome" = 'GASOLINA ADITIVADA'))
ON CONFLICT DO NOTHING;


INSERT INTO public."PRECO_COLETADO" ("Preco", "UnidadeMedida", "DataColeta", "PostoCNPJ", "CombustivelID")
VALUES (6.090, 'R$ / litro', '2024-06-17', '4165053000113',
        (SELECT "ID_Combustivel" FROM public."COMBUSTIVEL" WHERE "Nome" = 'GASOLINA ADITIVADA'))
ON CONFLICT DO NOTHING;


INSERT INTO public."PRECO_COLETADO" ("Preco", "UnidadeMedida", "DataColeta", "PostoCNPJ", "CombustivelID")
VALUES (6.090, 'R$ / litro', '2024-06-24', '4165053000113',
        (SELECT "ID_Combustivel" FROM public."COMBUSTIVEL" WHERE "Nome" = 'GASOLINA ADITIVADA'))
ON CONFLICT DO NOTHING;


INSERT INTO public."PRECO_COLETADO" ("Preco", "UnidadeMedida", "DataColeta", "PostoCNPJ", "CombustivelID")
VALUES (5.890, 'R$ / litro', '2024-07-01', '4165053000113',
        (SELECT "ID_Combustivel" FROM public."COMBUSTIVEL" WHERE "Nome" = 'GASOLINA ADITIVADA'))
ON CONFLICT DO NOTHING;


INSERT INTO public."PRECO_COLETADO" ("Preco", "UnidadeMedida", "DataColeta", "PostoCNPJ", "CombustivelID")
VALUES (6.190, 'R$ / litro', '2024-07-09', '4165053000113',
        (SELECT "ID_Combustivel" FROM public."COMBUSTIVEL" WHERE "Nome" = 'GASOLINA ADITIVADA'))
ON CONFLICT DO NOTHING;


INSERT INTO public."PRECO_COLETADO" ("Preco", "UnidadeMedida", "DataColeta", "PostoCNPJ", "CombustivelID")
VALUES (6.390, 'R$ / litro', '2024-07-16', '4165053000113',
        (SELECT "ID_Combustivel" FROM public."COMBUSTIVEL" WHERE "Nome" = 'GASOLINA ADITIVADA'))
ON CONFLICT DO NOTHING;


INSERT INTO public."PRECO_COLETADO" ("Preco", "UnidadeMedida", "DataColeta", "PostoCNPJ", "CombustivelID")
VALUES (6.390, 'R$ / litro', '2024-07-22', '4165053000113',
        (SELECT "ID_Combustivel" FROM public."COMBUSTIVEL" WHERE "Nome" = 'GASOLINA ADITIVADA'))
ON CONFLICT DO NOTHING;


INSERT INTO public."PRECO_COLETADO" ("Preco", "UnidadeMedida", "DataColeta", "PostoCNPJ", "CombustivelID")
VALUES (6.390, 'R$ / litro', '2024-08-20', '4165053000113',
        (SELECT "ID_Combustivel" FROM public."COMBUSTIVEL" WHERE "Nome" = 'GASOLINA ADITIVADA'))
ON CONFLICT DO NOTHING;


INSERT INTO public."PRECO_COLETADO" ("Preco", "UnidadeMedida", "DataColeta", "PostoCNPJ", "CombustivelID")
VALUES (6.290, 'R$ / litro', '2024-08-27', '4165053000113',
        (SELECT "ID_Combustivel" FROM public."COMBUSTIVEL" WHERE "Nome" = 'GASOLINA ADITIVADA'))
ON CONFLICT DO NOTHING;


INSERT INTO public."PRECO_COLETADO" ("Preco", "UnidadeMedida", "DataColeta", "PostoCNPJ", "CombustivelID")
VALUES (6.290, 'R$ / litro', '2024-09-02', '4165053000113',
        (SELECT "ID_Combustivel" FROM public."COMBUSTIVEL" WHERE "Nome" = 'GASOLINA ADITIVADA'))
ON CONFLICT DO NOTHING;


INSERT INTO public."COMBUSTIVEL" ("Nome")
VALUES ('GASOLINA COMUM')
ON CONFLICT ("Nome") DO NOTHING;


INSERT INTO public."PRECO_COLETADO" ("Preco", "UnidadeMedida", "DataColeta", "PostoCNPJ", "CombustivelID")
VALUES (4.790, 'R$ / litro', '2022-10-24', '4165053000113',
        (SELECT "ID_Combustivel" FROM public."COMBUSTIVEL" WHERE "Nome" = 'GASOLINA COMUM'))
ON CONFLICT DO NOTHING;


INSERT INTO public."PRECO_COLETADO" ("Preco", "UnidadeMedida", "DataColeta", "PostoCNPJ", "CombustivelID")
VALUES (4.790, 'R$ / litro', '2022-10-31', '4165053000113',
        (SELECT "ID_Combustivel" FROM public."COMBUSTIVEL" WHERE "Nome" = 'GASOLINA COMUM'))
ON CONFLICT DO NOTHING;


INSERT INTO public."PRECO_COLETADO" ("Preco", "UnidadeMedida", "DataColeta", "PostoCNPJ", "CombustivelID")
VALUES (4.990, 'R$ / litro', '2022-11-14', '4165053000113',
        (SELECT "ID_Combustivel" FROM public."COMBUSTIVEL" WHERE "Nome" = 'GASOLINA COMUM'))
ON CONFLICT DO NOTHING;


INSERT INTO public."PRECO_COLETADO" ("Preco", "UnidadeMedida", "DataColeta", "PostoCNPJ", "CombustivelID")
VALUES (4.990, 'R$ / litro', '2022-11-22', '4165053000113',
        (SELECT "ID_Combustivel" FROM public."COMBUSTIVEL" WHERE "Nome" = 'GASOLINA COMUM'))
ON CONFLICT DO NOTHING;


INSERT INTO public."PRECO_COLETADO" ("Preco", "UnidadeMedida", "DataColeta", "PostoCNPJ", "CombustivelID")
VALUES (4.990, 'R$ / litro', '2022-12-05', '4165053000113',
        (SELECT "ID_Combustivel" FROM public."COMBUSTIVEL" WHERE "Nome" = 'GASOLINA COMUM'))
ON CONFLICT DO NOTHING;


INSERT INTO public."PRECO_COLETADO" ("Preco", "UnidadeMedida", "DataColeta", "PostoCNPJ", "CombustivelID")
VALUES (4.990, 'R$ / litro', '2022-12-12', '4165053000113',
        (SELECT "ID_Combustivel" FROM public."COMBUSTIVEL" WHERE "Nome" = 'GASOLINA COMUM'))
ON CONFLICT DO NOTHING;


INSERT INTO public."PRECO_COLETADO" ("Preco", "UnidadeMedida", "DataColeta", "PostoCNPJ", "CombustivelID")
VALUES (4.880, 'R$ / litro', '2022-12-22', '4165053000113',
        (SELECT "ID_Combustivel" FROM public."COMBUSTIVEL" WHERE "Nome" = 'GASOLINA COMUM'))
ON CONFLICT DO NOTHING;


INSERT INTO public."PRECO_COLETADO" ("Preco", "UnidadeMedida", "DataColeta", "PostoCNPJ", "CombustivelID")
VALUES (4.880, 'R$ / litro', '2022-12-26', '4165053000113',
        (SELECT "ID_Combustivel" FROM public."COMBUSTIVEL" WHERE "Nome" = 'GASOLINA COMUM'))
ON CONFLICT DO NOTHING;


INSERT INTO public."PRECO_COLETADO" ("Preco", "UnidadeMedida", "DataColeta", "PostoCNPJ", "CombustivelID")
VALUES (4.880, 'R$ / litro', '2023-01-02', '4165053000113',
        (SELECT "ID_Combustivel" FROM public."COMBUSTIVEL" WHERE "Nome" = 'GASOLINA COMUM'))
ON CONFLICT DO NOTHING;


INSERT INTO public."PRECO_COLETADO" ("Preco", "UnidadeMedida", "DataColeta", "PostoCNPJ", "CombustivelID")
VALUES (4.880, 'R$ / litro', '2023-01-09', '4165053000113',
        (SELECT "ID_Combustivel" FROM public."COMBUSTIVEL" WHERE "Nome" = 'GASOLINA COMUM'))
ON CONFLICT DO NOTHING;


INSERT INTO public."PRECO_COLETADO" ("Preco", "UnidadeMedida", "DataColeta", "PostoCNPJ", "CombustivelID")
VALUES (4.890, 'R$ / litro', '2023-01-16', '4165053000113',
        (SELECT "ID_Combustivel" FROM public."COMBUSTIVEL" WHERE "Nome" = 'GASOLINA COMUM'))
ON CONFLICT DO NOTHING;


INSERT INTO public."PRECO_COLETADO" ("Preco", "UnidadeMedida", "DataColeta", "PostoCNPJ", "CombustivelID")
VALUES (4.890, 'R$ / litro', '2023-01-23', '4165053000113',
        (SELECT "ID_Combustivel" FROM public."COMBUSTIVEL" WHERE "Nome" = 'GASOLINA COMUM'))
ON CONFLICT DO NOTHING;


INSERT INTO public."PRECO_COLETADO" ("Preco", "UnidadeMedida", "DataColeta", "PostoCNPJ", "CombustivelID")
VALUES (5.190, 'R$ / litro', '2023-01-30', '4165053000113',
        (SELECT "ID_Combustivel" FROM public."COMBUSTIVEL" WHERE "Nome" = 'GASOLINA COMUM'))
ON CONFLICT DO NOTHING;


INSERT INTO public."PRECO_COLETADO" ("Preco", "UnidadeMedida", "DataColeta", "PostoCNPJ", "CombustivelID")
VALUES (5.050, 'R$ / litro', '2023-02-06', '4165053000113',
        (SELECT "ID_Combustivel" FROM public."COMBUSTIVEL" WHERE "Nome" = 'GASOLINA COMUM'))
ON CONFLICT DO NOTHING;


INSERT INTO public."PRECO_COLETADO" ("Preco", "UnidadeMedida", "DataColeta", "PostoCNPJ", "CombustivelID")
VALUES (4.990, 'R$ / litro', '2023-02-13', '4165053000113',
        (SELECT "ID_Combustivel" FROM public."COMBUSTIVEL" WHERE "Nome" = 'GASOLINA COMUM'))
ON CONFLICT DO NOTHING;


INSERT INTO public."PRECO_COLETADO" ("Preco", "UnidadeMedida", "DataColeta", "PostoCNPJ", "CombustivelID")
VALUES (4.880, 'R$ / litro', '2023-02-20', '4165053000113',
        (SELECT "ID_Combustivel" FROM public."COMBUSTIVEL" WHERE "Nome" = 'GASOLINA COMUM'))
ON CONFLICT DO NOTHING;


INSERT INTO public."PRECO_COLETADO" ("Preco", "UnidadeMedida", "DataColeta", "PostoCNPJ", "CombustivelID")
VALUES (4.880, 'R$ / litro', '2023-02-27', '4165053000113',
        (SELECT "ID_Combustivel" FROM public."COMBUSTIVEL" WHERE "Nome" = 'GASOLINA COMUM'))
ON CONFLICT DO NOTHING;


INSERT INTO public."PRECO_COLETADO" ("Preco", "UnidadeMedida", "DataColeta", "PostoCNPJ", "CombustivelID")
VALUES (5.590, 'R$ / litro', '2023-03-06', '4165053000113',
        (SELECT "ID_Combustivel" FROM public."COMBUSTIVEL" WHERE "Nome" = 'GASOLINA COMUM'))
ON CONFLICT DO NOTHING;


INSERT INTO public."PRECO_COLETADO" ("Preco", "UnidadeMedida", "DataColeta", "PostoCNPJ", "CombustivelID")
VALUES (5.490, 'R$ / litro', '2023-03-16', '4165053000113',
        (SELECT "ID_Combustivel" FROM public."COMBUSTIVEL" WHERE "Nome" = 'GASOLINA COMUM'))
ON CONFLICT DO NOTHING;


INSERT INTO public."PRECO_COLETADO" ("Preco", "UnidadeMedida", "DataColeta", "PostoCNPJ", "CombustivelID")
VALUES (5.390, 'R$ / litro', '2023-03-21', '4165053000113',
        (SELECT "ID_Combustivel" FROM public."COMBUSTIVEL" WHERE "Nome" = 'GASOLINA COMUM'))
ON CONFLICT DO NOTHING;


INSERT INTO public."PRECO_COLETADO" ("Preco", "UnidadeMedida", "DataColeta", "PostoCNPJ", "CombustivelID")
VALUES (5.350, 'R$ / litro', '2023-03-27', '4165053000113',
        (SELECT "ID_Combustivel" FROM public."COMBUSTIVEL" WHERE "Nome" = 'GASOLINA COMUM'))
ON CONFLICT DO NOTHING;


INSERT INTO public."PRECO_COLETADO" ("Preco", "UnidadeMedida", "DataColeta", "PostoCNPJ", "CombustivelID")
VALUES (5.390, 'R$ / litro', '2023-04-04', '4165053000113',
        (SELECT "ID_Combustivel" FROM public."COMBUSTIVEL" WHERE "Nome" = 'GASOLINA COMUM'))
ON CONFLICT DO NOTHING;


INSERT INTO public."PRECO_COLETADO" ("Preco", "UnidadeMedida", "DataColeta", "PostoCNPJ", "CombustivelID")
VALUES (5.390, 'R$ / litro', '2023-04-10', '4165053000113',
        (SELECT "ID_Combustivel" FROM public."COMBUSTIVEL" WHERE "Nome" = 'GASOLINA COMUM'))
ON CONFLICT DO NOTHING;


INSERT INTO public."PRECO_COLETADO" ("Preco", "UnidadeMedida", "DataColeta", "PostoCNPJ", "CombustivelID")
VALUES (5.490, 'R$ / litro', '2023-04-17', '4165053000113',
        (SELECT "ID_Combustivel" FROM public."COMBUSTIVEL" WHERE "Nome" = 'GASOLINA COMUM'))
ON CONFLICT DO NOTHING;


INSERT INTO public."PRECO_COLETADO" ("Preco", "UnidadeMedida", "DataColeta", "PostoCNPJ", "CombustivelID")
VALUES (5.390, 'R$ / litro', '2023-04-24', '4165053000113',
        (SELECT "ID_Combustivel" FROM public."COMBUSTIVEL" WHERE "Nome" = 'GASOLINA COMUM'))
ON CONFLICT DO NOTHING;


INSERT INTO public."PRECO_COLETADO" ("Preco", "UnidadeMedida", "DataColeta", "PostoCNPJ", "CombustivelID")
VALUES (5.190, 'R$ / litro', '2023-05-02', '4165053000113',
        (SELECT "ID_Combustivel" FROM public."COMBUSTIVEL" WHERE "Nome" = 'GASOLINA COMUM'))
ON CONFLICT DO NOTHING;


INSERT INTO public."PRECO_COLETADO" ("Preco", "UnidadeMedida", "DataColeta", "PostoCNPJ", "CombustivelID")
VALUES (5.390, 'R$ / litro', '2023-05-08', '4165053000113',
        (SELECT "ID_Combustivel" FROM public."COMBUSTIVEL" WHERE "Nome" = 'GASOLINA COMUM'))
ON CONFLICT DO NOTHING;


INSERT INTO public."PRECO_COLETADO" ("Preco", "UnidadeMedida", "DataColeta", "PostoCNPJ", "CombustivelID")
VALUES (5.190, 'R$ / litro', '2023-05-15', '4165053000113',
        (SELECT "ID_Combustivel" FROM public."COMBUSTIVEL" WHERE "Nome" = 'GASOLINA COMUM'))
ON CONFLICT DO NOTHING;


INSERT INTO public."PRECO_COLETADO" ("Preco", "UnidadeMedida", "DataColeta", "PostoCNPJ", "CombustivelID")
VALUES (5.080, 'R$ / litro', '2023-05-22', '4165053000113',
        (SELECT "ID_Combustivel" FROM public."COMBUSTIVEL" WHERE "Nome" = 'GASOLINA COMUM'))
ON CONFLICT DO NOTHING;


INSERT INTO public."PRECO_COLETADO" ("Preco", "UnidadeMedida", "DataColeta", "PostoCNPJ", "CombustivelID")
VALUES (5.040, 'R$ / litro', '2023-05-29', '4165053000113',
        (SELECT "ID_Combustivel" FROM public."COMBUSTIVEL" WHERE "Nome" = 'GASOLINA COMUM'))
ON CONFLICT DO NOTHING;


INSERT INTO public."PRECO_COLETADO" ("Preco", "UnidadeMedida", "DataColeta", "PostoCNPJ", "CombustivelID")
VALUES (5.390, 'R$ / litro', '2023-06-05', '4165053000113',
        (SELECT "ID_Combustivel" FROM public."COMBUSTIVEL" WHERE "Nome" = 'GASOLINA COMUM'))
ON CONFLICT DO NOTHING;


INSERT INTO public."PRECO_COLETADO" ("Preco", "UnidadeMedida", "DataColeta", "PostoCNPJ", "CombustivelID")
VALUES (5.340, 'R$ / litro', '2023-06-13', '4165053000113',
        (SELECT "ID_Combustivel" FROM public."COMBUSTIVEL" WHERE "Nome" = 'GASOLINA COMUM'))
ON CONFLICT DO NOTHING;


INSERT INTO public."PRECO_COLETADO" ("Preco", "UnidadeMedida", "DataColeta", "PostoCNPJ", "CombustivelID")
VALUES (5.280, 'R$ / litro', '2023-06-20', '4165053000113',
        (SELECT "ID_Combustivel" FROM public."COMBUSTIVEL" WHERE "Nome" = 'GASOLINA COMUM'))
ON CONFLICT DO NOTHING;


INSERT INTO public."PRECO_COLETADO" ("Preco", "UnidadeMedida", "DataColeta", "PostoCNPJ", "CombustivelID")
VALUES (5.280, 'R$ / litro', '2023-06-27', '4165053000113',
        (SELECT "ID_Combustivel" FROM public."COMBUSTIVEL" WHERE "Nome" = 'GASOLINA COMUM'))
ON CONFLICT DO NOTHING;


INSERT INTO public."PRECO_COLETADO" ("Preco", "UnidadeMedida", "DataColeta", "PostoCNPJ", "CombustivelID")
VALUES (5.890, 'R$ / litro', '2023-07-04', '4165053000113',
        (SELECT "ID_Combustivel" FROM public."COMBUSTIVEL" WHERE "Nome" = 'GASOLINA COMUM'))
ON CONFLICT DO NOTHING;


INSERT INTO public."PRECO_COLETADO" ("Preco", "UnidadeMedida", "DataColeta", "PostoCNPJ", "CombustivelID")
VALUES (5.790, 'R$ / litro', '2023-07-10', '4165053000113',
        (SELECT "ID_Combustivel" FROM public."COMBUSTIVEL" WHERE "Nome" = 'GASOLINA COMUM'))
ON CONFLICT DO NOTHING;


INSERT INTO public."PRECO_COLETADO" ("Preco", "UnidadeMedida", "DataColeta", "PostoCNPJ", "CombustivelID")
VALUES (5.690, 'R$ / litro', '2023-07-17', '4165053000113',
        (SELECT "ID_Combustivel" FROM public."COMBUSTIVEL" WHERE "Nome" = 'GASOLINA COMUM'))
ON CONFLICT DO NOTHING;


INSERT INTO public."PRECO_COLETADO" ("Preco", "UnidadeMedida", "DataColeta", "PostoCNPJ", "CombustivelID")
VALUES (5.490, 'R$ / litro', '2023-07-24', '4165053000113',
        (SELECT "ID_Combustivel" FROM public."COMBUSTIVEL" WHERE "Nome" = 'GASOLINA COMUM'))
ON CONFLICT DO NOTHING;


INSERT INTO public."PRECO_COLETADO" ("Preco", "UnidadeMedida", "DataColeta", "PostoCNPJ", "CombustivelID")
VALUES (5.490, 'R$ / litro', '2023-07-31', '4165053000113',
        (SELECT "ID_Combustivel" FROM public."COMBUSTIVEL" WHERE "Nome" = 'GASOLINA COMUM'))
ON CONFLICT DO NOTHING;


INSERT INTO public."PRECO_COLETADO" ("Preco", "UnidadeMedida", "DataColeta", "PostoCNPJ", "CombustivelID")
VALUES (5.490, 'R$ / litro', '2023-08-07', '4165053000113',
        (SELECT "ID_Combustivel" FROM public."COMBUSTIVEL" WHERE "Nome" = 'GASOLINA COMUM'))
ON CONFLICT DO NOTHING;


INSERT INTO public."PRECO_COLETADO" ("Preco", "UnidadeMedida", "DataColeta", "PostoCNPJ", "CombustivelID")
VALUES (5.390, 'R$ / litro', '2023-08-15', '4165053000113',
        (SELECT "ID_Combustivel" FROM public."COMBUSTIVEL" WHERE "Nome" = 'GASOLINA COMUM'))
ON CONFLICT DO NOTHING;


INSERT INTO public."PRECO_COLETADO" ("Preco", "UnidadeMedida", "DataColeta", "PostoCNPJ", "CombustivelID")
VALUES (5.990, 'R$ / litro', '2023-08-21', '4165053000113',
        (SELECT "ID_Combustivel" FROM public."COMBUSTIVEL" WHERE "Nome" = 'GASOLINA COMUM'))
ON CONFLICT DO NOTHING;


INSERT INTO public."PRECO_COLETADO" ("Preco", "UnidadeMedida", "DataColeta", "PostoCNPJ", "CombustivelID")
VALUES (5.890, 'R$ / litro', '2023-08-30', '4165053000113',
        (SELECT "ID_Combustivel" FROM public."COMBUSTIVEL" WHERE "Nome" = 'GASOLINA COMUM'))
ON CONFLICT DO NOTHING;


INSERT INTO public."PRECO_COLETADO" ("Preco", "UnidadeMedida", "DataColeta", "PostoCNPJ", "CombustivelID")
VALUES (5.790, 'R$ / litro', '2023-09-07', '4165053000113',
        (SELECT "ID_Combustivel" FROM public."COMBUSTIVEL" WHERE "Nome" = 'GASOLINA COMUM'))
ON CONFLICT DO NOTHING;


INSERT INTO public."PRECO_COLETADO" ("Preco", "UnidadeMedida", "DataColeta", "PostoCNPJ", "CombustivelID")
VALUES (5.790, 'R$ / litro', '2023-09-12', '4165053000113',
        (SELECT "ID_Combustivel" FROM public."COMBUSTIVEL" WHERE "Nome" = 'GASOLINA COMUM'))
ON CONFLICT DO NOTHING;


INSERT INTO public."PRECO_COLETADO" ("Preco", "UnidadeMedida", "DataColeta", "PostoCNPJ", "CombustivelID")
VALUES (5.790, 'R$ / litro', '2023-09-19', '4165053000113',
        (SELECT "ID_Combustivel" FROM public."COMBUSTIVEL" WHERE "Nome" = 'GASOLINA COMUM'))
ON CONFLICT DO NOTHING;


INSERT INTO public."PRECO_COLETADO" ("Preco", "UnidadeMedida", "DataColeta", "PostoCNPJ", "CombustivelID")
VALUES (5.790, 'R$ / litro', '2023-09-26', '4165053000113',
        (SELECT "ID_Combustivel" FROM public."COMBUSTIVEL" WHERE "Nome" = 'GASOLINA COMUM'))
ON CONFLICT DO NOTHING;


INSERT INTO public."PRECO_COLETADO" ("Preco", "UnidadeMedida", "DataColeta", "PostoCNPJ", "CombustivelID")
VALUES (5.790, 'R$ / litro', '2023-10-03', '4165053000113',
        (SELECT "ID_Combustivel" FROM public."COMBUSTIVEL" WHERE "Nome" = 'GASOLINA COMUM'))
ON CONFLICT DO NOTHING;


INSERT INTO public."PRECO_COLETADO" ("Preco", "UnidadeMedida", "DataColeta", "PostoCNPJ", "CombustivelID")
VALUES (5.690, 'R$ / litro', '2023-10-10', '4165053000113',
        (SELECT "ID_Combustivel" FROM public."COMBUSTIVEL" WHERE "Nome" = 'GASOLINA COMUM'))
ON CONFLICT DO NOTHING;


INSERT INTO public."PRECO_COLETADO" ("Preco", "UnidadeMedida", "DataColeta", "PostoCNPJ", "CombustivelID")
VALUES (5.690, 'R$ / litro', '2023-10-16', '4165053000113',
        (SELECT "ID_Combustivel" FROM public."COMBUSTIVEL" WHERE "Nome" = 'GASOLINA COMUM'))
ON CONFLICT DO NOTHING;


INSERT INTO public."PRECO_COLETADO" ("Preco", "UnidadeMedida", "DataColeta", "PostoCNPJ", "CombustivelID")
VALUES (5.690, 'R$ / litro', '2023-10-24', '4165053000113',
        (SELECT "ID_Combustivel" FROM public."COMBUSTIVEL" WHERE "Nome" = 'GASOLINA COMUM'))
ON CONFLICT DO NOTHING;


INSERT INTO public."PRECO_COLETADO" ("Preco", "UnidadeMedida", "DataColeta", "PostoCNPJ", "CombustivelID")
VALUES (5.690, 'R$ / litro', '2023-10-31', '4165053000113',
        (SELECT "ID_Combustivel" FROM public."COMBUSTIVEL" WHERE "Nome" = 'GASOLINA COMUM'))
ON CONFLICT DO NOTHING;


INSERT INTO public."PRECO_COLETADO" ("Preco", "UnidadeMedida", "DataColeta", "PostoCNPJ", "CombustivelID")
VALUES (5.690, 'R$ / litro', '2023-11-07', '4165053000113',
        (SELECT "ID_Combustivel" FROM public."COMBUSTIVEL" WHERE "Nome" = 'GASOLINA COMUM'))
ON CONFLICT DO NOTHING;


INSERT INTO public."PRECO_COLETADO" ("Preco", "UnidadeMedida", "DataColeta", "PostoCNPJ", "CombustivelID")
VALUES (5.590, 'R$ / litro', '2023-11-14', '4165053000113',
        (SELECT "ID_Combustivel" FROM public."COMBUSTIVEL" WHERE "Nome" = 'GASOLINA COMUM'))
ON CONFLICT DO NOTHING;


INSERT INTO public."PRECO_COLETADO" ("Preco", "UnidadeMedida", "DataColeta", "PostoCNPJ", "CombustivelID")
VALUES (5.590, 'R$ / litro', '2023-11-21', '4165053000113',
        (SELECT "ID_Combustivel" FROM public."COMBUSTIVEL" WHERE "Nome" = 'GASOLINA COMUM'))
ON CONFLICT DO NOTHING;


INSERT INTO public."PRECO_COLETADO" ("Preco", "UnidadeMedida", "DataColeta", "PostoCNPJ", "CombustivelID")
VALUES (5.590, 'R$ / litro', '2023-11-28', '4165053000113',
        (SELECT "ID_Combustivel" FROM public."COMBUSTIVEL" WHERE "Nome" = 'GASOLINA COMUM'))
ON CONFLICT DO NOTHING;


INSERT INTO public."PRECO_COLETADO" ("Preco", "UnidadeMedida", "DataColeta", "PostoCNPJ", "CombustivelID")
VALUES (5.590, 'R$ / litro', '2023-12-06', '4165053000113',
        (SELECT "ID_Combustivel" FROM public."COMBUSTIVEL" WHERE "Nome" = 'GASOLINA COMUM'))
ON CONFLICT DO NOTHING;


INSERT INTO public."PRECO_COLETADO" ("Preco", "UnidadeMedida", "DataColeta", "PostoCNPJ", "CombustivelID")
VALUES (5.590, 'R$ / litro', '2023-12-13', '4165053000113',
        (SELECT "ID_Combustivel" FROM public."COMBUSTIVEL" WHERE "Nome" = 'GASOLINA COMUM'))
ON CONFLICT DO NOTHING;


INSERT INTO public."PRECO_COLETADO" ("Preco", "UnidadeMedida", "DataColeta", "PostoCNPJ", "CombustivelID")
VALUES (5.590, 'R$ / litro', '2023-12-18', '4165053000113',
        (SELECT "ID_Combustivel" FROM public."COMBUSTIVEL" WHERE "Nome" = 'GASOLINA COMUM'))
ON CONFLICT DO NOTHING;


INSERT INTO public."PRECO_COLETADO" ("Preco", "UnidadeMedida", "DataColeta", "PostoCNPJ", "CombustivelID")
VALUES (5.590, 'R$ / litro', '2023-12-26', '4165053000113',
        (SELECT "ID_Combustivel" FROM public."COMBUSTIVEL" WHERE "Nome" = 'GASOLINA COMUM'))
ON CONFLICT DO NOTHING;


INSERT INTO public."PRECO_COLETADO" ("Preco", "UnidadeMedida", "DataColeta", "PostoCNPJ", "CombustivelID")
VALUES (5.590, 'R$ / litro', '2024-01-03', '4165053000113',
        (SELECT "ID_Combustivel" FROM public."COMBUSTIVEL" WHERE "Nome" = 'GASOLINA COMUM'))
ON CONFLICT DO NOTHING;


INSERT INTO public."PRECO_COLETADO" ("Preco", "UnidadeMedida", "DataColeta", "PostoCNPJ", "CombustivelID")
VALUES (5.590, 'R$ / litro', '2024-01-08', '4165053000113',
        (SELECT "ID_Combustivel" FROM public."COMBUSTIVEL" WHERE "Nome" = 'GASOLINA COMUM'))
ON CONFLICT DO NOTHING;


INSERT INTO public."PRECO_COLETADO" ("Preco", "UnidadeMedida", "DataColeta", "PostoCNPJ", "CombustivelID")
VALUES (5.590, 'R$ / litro', '2024-01-15', '4165053000113',
        (SELECT "ID_Combustivel" FROM public."COMBUSTIVEL" WHERE "Nome" = 'GASOLINA COMUM'))
ON CONFLICT DO NOTHING;


INSERT INTO public."PRECO_COLETADO" ("Preco", "UnidadeMedida", "DataColeta", "PostoCNPJ", "CombustivelID")
VALUES (5.490, 'R$ / litro', '2024-01-22', '4165053000113',
        (SELECT "ID_Combustivel" FROM public."COMBUSTIVEL" WHERE "Nome" = 'GASOLINA COMUM'))
ON CONFLICT DO NOTHING;


INSERT INTO public."PRECO_COLETADO" ("Preco", "UnidadeMedida", "DataColeta", "PostoCNPJ", "CombustivelID")
VALUES (5.390, 'R$ / litro', '2024-01-29', '4165053000113',
        (SELECT "ID_Combustivel" FROM public."COMBUSTIVEL" WHERE "Nome" = 'GASOLINA COMUM'))
ON CONFLICT DO NOTHING;


INSERT INTO public."PRECO_COLETADO" ("Preco", "UnidadeMedida", "DataColeta", "PostoCNPJ", "CombustivelID")
VALUES (5.690, 'R$ / litro', '2024-02-05', '4165053000113',
        (SELECT "ID_Combustivel" FROM public."COMBUSTIVEL" WHERE "Nome" = 'GASOLINA COMUM'))
ON CONFLICT DO NOTHING;


INSERT INTO public."PRECO_COLETADO" ("Preco", "UnidadeMedida", "DataColeta", "PostoCNPJ", "CombustivelID")
VALUES (5.690, 'R$ / litro', '2024-02-12', '4165053000113',
        (SELECT "ID_Combustivel" FROM public."COMBUSTIVEL" WHERE "Nome" = 'GASOLINA COMUM'))
ON CONFLICT DO NOTHING;


INSERT INTO public."PRECO_COLETADO" ("Preco", "UnidadeMedida", "DataColeta", "PostoCNPJ", "CombustivelID")
VALUES (5.690, 'R$ / litro', '2024-02-19', '4165053000113',
        (SELECT "ID_Combustivel" FROM public."COMBUSTIVEL" WHERE "Nome" = 'GASOLINA COMUM'))
ON CONFLICT DO NOTHING;


INSERT INTO public."PRECO_COLETADO" ("Preco", "UnidadeMedida", "DataColeta", "PostoCNPJ", "CombustivelID")
VALUES (5.890, 'R$ / litro', '2024-02-26', '4165053000113',
        (SELECT "ID_Combustivel" FROM public."COMBUSTIVEL" WHERE "Nome" = 'GASOLINA COMUM'))
ON CONFLICT DO NOTHING;


INSERT INTO public."PRECO_COLETADO" ("Preco", "UnidadeMedida", "DataColeta", "PostoCNPJ", "CombustivelID")
VALUES (5.690, 'R$ / litro', '2024-03-04', '4165053000113',
        (SELECT "ID_Combustivel" FROM public."COMBUSTIVEL" WHERE "Nome" = 'GASOLINA COMUM'))
ON CONFLICT DO NOTHING;


INSERT INTO public."PRECO_COLETADO" ("Preco", "UnidadeMedida", "DataColeta", "PostoCNPJ", "CombustivelID")
VALUES (5.890, 'R$ / litro', '2024-03-11', '4165053000113',
        (SELECT "ID_Combustivel" FROM public."COMBUSTIVEL" WHERE "Nome" = 'GASOLINA COMUM'))
ON CONFLICT DO NOTHING;


INSERT INTO public."PRECO_COLETADO" ("Preco", "UnidadeMedida", "DataColeta", "PostoCNPJ", "CombustivelID")
VALUES (5.590, 'R$ / litro', '2024-03-18', '4165053000113',
        (SELECT "ID_Combustivel" FROM public."COMBUSTIVEL" WHERE "Nome" = 'GASOLINA COMUM'))
ON CONFLICT DO NOTHING;


INSERT INTO public."PRECO_COLETADO" ("Preco", "UnidadeMedida", "DataColeta", "PostoCNPJ", "CombustivelID")
VALUES (5.590, 'R$ / litro', '2024-03-28', '4165053000113',
        (SELECT "ID_Combustivel" FROM public."COMBUSTIVEL" WHERE "Nome" = 'GASOLINA COMUM'))
ON CONFLICT DO NOTHING;


INSERT INTO public."PRECO_COLETADO" ("Preco", "UnidadeMedida", "DataColeta", "PostoCNPJ", "CombustivelID")
VALUES (5.590, 'R$ / litro', '2024-04-01', '4165053000113',
        (SELECT "ID_Combustivel" FROM public."COMBUSTIVEL" WHERE "Nome" = 'GASOLINA COMUM'))
ON CONFLICT DO NOTHING;


INSERT INTO public."PRECO_COLETADO" ("Preco", "UnidadeMedida", "DataColeta", "PostoCNPJ", "CombustivelID")
VALUES (5.590, 'R$ / litro', '2024-04-08', '4165053000113',
        (SELECT "ID_Combustivel" FROM public."COMBUSTIVEL" WHERE "Nome" = 'GASOLINA COMUM'))
ON CONFLICT DO NOTHING;


INSERT INTO public."PRECO_COLETADO" ("Preco", "UnidadeMedida", "DataColeta", "PostoCNPJ", "CombustivelID")
VALUES (5.490, 'R$ / litro', '2024-04-15', '4165053000113',
        (SELECT "ID_Combustivel" FROM public."COMBUSTIVEL" WHERE "Nome" = 'GASOLINA COMUM'))
ON CONFLICT DO NOTHING;


INSERT INTO public."PRECO_COLETADO" ("Preco", "UnidadeMedida", "DataColeta", "PostoCNPJ", "CombustivelID")
VALUES (5.550, 'R$ / litro', '2024-04-22', '4165053000113',
        (SELECT "ID_Combustivel" FROM public."COMBUSTIVEL" WHERE "Nome" = 'GASOLINA COMUM'))
ON CONFLICT DO NOTHING;


INSERT INTO public."PRECO_COLETADO" ("Preco", "UnidadeMedida", "DataColeta", "PostoCNPJ", "CombustivelID")
VALUES (5.690, 'R$ / litro', '2024-04-29', '4165053000113',
        (SELECT "ID_Combustivel" FROM public."COMBUSTIVEL" WHERE "Nome" = 'GASOLINA COMUM'))
ON CONFLICT DO NOTHING;


INSERT INTO public."PRECO_COLETADO" ("Preco", "UnidadeMedida", "DataColeta", "PostoCNPJ", "CombustivelID")
VALUES (5.790, 'R$ / litro', '2024-05-06', '4165053000113',
        (SELECT "ID_Combustivel" FROM public."COMBUSTIVEL" WHERE "Nome" = 'GASOLINA COMUM'))
ON CONFLICT DO NOTHING;


INSERT INTO public."PRECO_COLETADO" ("Preco", "UnidadeMedida", "DataColeta", "PostoCNPJ", "CombustivelID")
VALUES (5.790, 'R$ / litro', '2024-05-14', '4165053000113',
        (SELECT "ID_Combustivel" FROM public."COMBUSTIVEL" WHERE "Nome" = 'GASOLINA COMUM'))
ON CONFLICT DO NOTHING;


INSERT INTO public."PRECO_COLETADO" ("Preco", "UnidadeMedida", "DataColeta", "PostoCNPJ", "CombustivelID")
VALUES (5.790, 'R$ / litro', '2024-05-20', '4165053000113',
        (SELECT "ID_Combustivel" FROM public."COMBUSTIVEL" WHERE "Nome" = 'GASOLINA COMUM'))
ON CONFLICT DO NOTHING;


INSERT INTO public."PRECO_COLETADO" ("Preco", "UnidadeMedida", "DataColeta", "PostoCNPJ", "CombustivelID")
VALUES (5.790, 'R$ / litro', '2024-05-27', '4165053000113',
        (SELECT "ID_Combustivel" FROM public."COMBUSTIVEL" WHERE "Nome" = 'GASOLINA COMUM'))
ON CONFLICT DO NOTHING;


INSERT INTO public."PRECO_COLETADO" ("Preco", "UnidadeMedida", "DataColeta", "PostoCNPJ", "CombustivelID")
VALUES (5.690, 'R$ / litro', '2024-06-04', '4165053000113',
        (SELECT "ID_Combustivel" FROM public."COMBUSTIVEL" WHERE "Nome" = 'GASOLINA COMUM'))
ON CONFLICT DO NOTHING;


INSERT INTO public."PRECO_COLETADO" ("Preco", "UnidadeMedida", "DataColeta", "PostoCNPJ", "CombustivelID")
VALUES (5.750, 'R$ / litro', '2024-06-17', '4165053000113',
        (SELECT "ID_Combustivel" FROM public."COMBUSTIVEL" WHERE "Nome" = 'GASOLINA COMUM'))
ON CONFLICT DO NOTHING;


INSERT INTO public."PRECO_COLETADO" ("Preco", "UnidadeMedida", "DataColeta", "PostoCNPJ", "CombustivelID")
VALUES (5.750, 'R$ / litro', '2024-06-24', '4165053000113',
        (SELECT "ID_Combustivel" FROM public."COMBUSTIVEL" WHERE "Nome" = 'GASOLINA COMUM'))
ON CONFLICT DO NOTHING;


INSERT INTO public."PRECO_COLETADO" ("Preco", "UnidadeMedida", "DataColeta", "PostoCNPJ", "CombustivelID")
VALUES (5.690, 'R$ / litro', '2024-07-01', '4165053000113',
        (SELECT "ID_Combustivel" FROM public."COMBUSTIVEL" WHERE "Nome" = 'GASOLINA COMUM'))
ON CONFLICT DO NOTHING;


INSERT INTO public."PRECO_COLETADO" ("Preco", "UnidadeMedida", "DataColeta", "PostoCNPJ", "CombustivelID")
VALUES (5.950, 'R$ / litro', '2024-07-09', '4165053000113',
        (SELECT "ID_Combustivel" FROM public."COMBUSTIVEL" WHERE "Nome" = 'GASOLINA COMUM'))
ON CONFLICT DO NOTHING;


INSERT INTO public."PRECO_COLETADO" ("Preco", "UnidadeMedida", "DataColeta", "PostoCNPJ", "CombustivelID")
VALUES (6.150, 'R$ / litro', '2024-07-16', '4165053000113',
        (SELECT "ID_Combustivel" FROM public."COMBUSTIVEL" WHERE "Nome" = 'GASOLINA COMUM'))
ON CONFLICT DO NOTHING;


INSERT INTO public."PRECO_COLETADO" ("Preco", "UnidadeMedida", "DataColeta", "PostoCNPJ", "CombustivelID")
VALUES (6.150, 'R$ / litro', '2024-07-22', '4165053000113',
        (SELECT "ID_Combustivel" FROM public."COMBUSTIVEL" WHERE "Nome" = 'GASOLINA COMUM'))
ON CONFLICT DO NOTHING;


INSERT INTO public."PRECO_COLETADO" ("Preco", "UnidadeMedida", "DataColeta", "PostoCNPJ", "CombustivelID")
VALUES (6.060, 'R$ / litro', '2024-08-20', '4165053000113',
        (SELECT "ID_Combustivel" FROM public."COMBUSTIVEL" WHERE "Nome" = 'GASOLINA COMUM'))
ON CONFLICT DO NOTHING;


INSERT INTO public."PRECO_COLETADO" ("Preco", "UnidadeMedida", "DataColeta", "PostoCNPJ", "CombustivelID")
VALUES (6.060, 'R$ / litro', '2024-08-27', '4165053000113',
        (SELECT "ID_Combustivel" FROM public."COMBUSTIVEL" WHERE "Nome" = 'GASOLINA COMUM'))
ON CONFLICT DO NOTHING;


INSERT INTO public."PRECO_COLETADO" ("Preco", "UnidadeMedida", "DataColeta", "PostoCNPJ", "CombustivelID")
VALUES (6.060, 'R$ / litro', '2024-09-02', '4165053000113',
        (SELECT "ID_Combustivel" FROM public."COMBUSTIVEL" WHERE "Nome" = 'GASOLINA COMUM'))
ON CONFLICT DO NOTHING;


INSERT INTO public."POSTO" ("CNPJ", "RazaoSocial", "NomeFantasia", "Bandeira", "Logradouro", "Numero", "Bairro", "Cidade", "Estado", "CEP")
VALUES ('2648712000147', 'AUTO POSTO E SERVICOS ZUMACH LTDA', 'POSTO SHALOM', 'BRANCA', 'AVENIDA VITORIA REGIA', '1.4', 'JARDIM ASTECA', 'VILA VELHA', 'ESPIRITO SANTO', '29104485')
ON CONFLICT ("CNPJ") DO NOTHING;


INSERT INTO public."COMBUSTIVEL" ("Nome")
VALUES ('ETANOL')
ON CONFLICT ("Nome") DO NOTHING;


INSERT INTO public."PRECO_COLETADO" ("Preco", "UnidadeMedida", "DataColeta", "PostoCNPJ", "CombustivelID")
VALUES (4.090, 'R$ / litro', '2022-10-24', '2648712000147',
        (SELECT "ID_Combustivel" FROM public."COMBUSTIVEL" WHERE "Nome" = 'ETANOL'))
ON CONFLICT DO NOTHING;


INSERT INTO public."PRECO_COLETADO" ("Preco", "UnidadeMedida", "DataColeta", "PostoCNPJ", "CombustivelID")
VALUES (4.090, 'R$ / litro', '2022-10-31', '2648712000147',
        (SELECT "ID_Combustivel" FROM public."COMBUSTIVEL" WHERE "Nome" = 'ETANOL'))
ON CONFLICT DO NOTHING;


INSERT INTO public."PRECO_COLETADO" ("Preco", "UnidadeMedida", "DataColeta", "PostoCNPJ", "CombustivelID")
VALUES (4.190, 'R$ / litro', '2022-11-14', '2648712000147',
        (SELECT "ID_Combustivel" FROM public."COMBUSTIVEL" WHERE "Nome" = 'ETANOL'))
ON CONFLICT DO NOTHING;


INSERT INTO public."PRECO_COLETADO" ("Preco", "UnidadeMedida", "DataColeta", "PostoCNPJ", "CombustivelID")
VALUES (4.190, 'R$ / litro', '2022-11-22', '2648712000147',
        (SELECT "ID_Combustivel" FROM public."COMBUSTIVEL" WHERE "Nome" = 'ETANOL'))
ON CONFLICT DO NOTHING;


INSERT INTO public."PRECO_COLETADO" ("Preco", "UnidadeMedida", "DataColeta", "PostoCNPJ", "CombustivelID")
VALUES (4.190, 'R$ / litro', '2022-12-05', '2648712000147',
        (SELECT "ID_Combustivel" FROM public."COMBUSTIVEL" WHERE "Nome" = 'ETANOL'))
ON CONFLICT DO NOTHING;


INSERT INTO public."PRECO_COLETADO" ("Preco", "UnidadeMedida", "DataColeta", "PostoCNPJ", "CombustivelID")
VALUES (4.190, 'R$ / litro', '2022-12-12', '2648712000147',
        (SELECT "ID_Combustivel" FROM public."COMBUSTIVEL" WHERE "Nome" = 'ETANOL'))
ON CONFLICT DO NOTHING;


INSERT INTO public."PRECO_COLETADO" ("Preco", "UnidadeMedida", "DataColeta", "PostoCNPJ", "CombustivelID")
VALUES (4.190, 'R$ / litro', '2022-12-22', '2648712000147',
        (SELECT "ID_Combustivel" FROM public."COMBUSTIVEL" WHERE "Nome" = 'ETANOL'))
ON CONFLICT DO NOTHING;


INSERT INTO public."PRECO_COLETADO" ("Preco", "UnidadeMedida", "DataColeta", "PostoCNPJ", "CombustivelID")
VALUES (4.190, 'R$ / litro', '2022-12-26', '2648712000147',
        (SELECT "ID_Combustivel" FROM public."COMBUSTIVEL" WHERE "Nome" = 'ETANOL'))
ON CONFLICT DO NOTHING;


INSERT INTO public."PRECO_COLETADO" ("Preco", "UnidadeMedida", "DataColeta", "PostoCNPJ", "CombustivelID")
VALUES (4.190, 'R$ / litro', '2023-01-03', '2648712000147',
        (SELECT "ID_Combustivel" FROM public."COMBUSTIVEL" WHERE "Nome" = 'ETANOL'))
ON CONFLICT DO NOTHING;


INSERT INTO public."PRECO_COLETADO" ("Preco", "UnidadeMedida", "DataColeta", "PostoCNPJ", "CombustivelID")
VALUES (4.190, 'R$ / litro', '2023-01-09', '2648712000147',
        (SELECT "ID_Combustivel" FROM public."COMBUSTIVEL" WHERE "Nome" = 'ETANOL'))
ON CONFLICT DO NOTHING;


INSERT INTO public."PRECO_COLETADO" ("Preco", "UnidadeMedida", "DataColeta", "PostoCNPJ", "CombustivelID")
VALUES (4.190, 'R$ / litro', '2023-01-16', '2648712000147',
        (SELECT "ID_Combustivel" FROM public."COMBUSTIVEL" WHERE "Nome" = 'ETANOL'))
ON CONFLICT DO NOTHING;


INSERT INTO public."PRECO_COLETADO" ("Preco", "UnidadeMedida", "DataColeta", "PostoCNPJ", "CombustivelID")
VALUES (4.190, 'R$ / litro', '2023-01-23', '2648712000147',
        (SELECT "ID_Combustivel" FROM public."COMBUSTIVEL" WHERE "Nome" = 'ETANOL'))
ON CONFLICT DO NOTHING;


INSERT INTO public."PRECO_COLETADO" ("Preco", "UnidadeMedida", "DataColeta", "PostoCNPJ", "CombustivelID")
VALUES (4.190, 'R$ / litro', '2023-01-30', '2648712000147',
        (SELECT "ID_Combustivel" FROM public."COMBUSTIVEL" WHERE "Nome" = 'ETANOL'))
ON CONFLICT DO NOTHING;


INSERT INTO public."PRECO_COLETADO" ("Preco", "UnidadeMedida", "DataColeta", "PostoCNPJ", "CombustivelID")
VALUES (4.190, 'R$ / litro', '2023-02-06', '2648712000147',
        (SELECT "ID_Combustivel" FROM public."COMBUSTIVEL" WHERE "Nome" = 'ETANOL'))
ON CONFLICT DO NOTHING;


INSERT INTO public."PRECO_COLETADO" ("Preco", "UnidadeMedida", "DataColeta", "PostoCNPJ", "CombustivelID")
VALUES (4.190, 'R$ / litro', '2023-02-13', '2648712000147',
        (SELECT "ID_Combustivel" FROM public."COMBUSTIVEL" WHERE "Nome" = 'ETANOL'))
ON CONFLICT DO NOTHING;


INSERT INTO public."PRECO_COLETADO" ("Preco", "UnidadeMedida", "DataColeta", "PostoCNPJ", "CombustivelID")
VALUES (4.190, 'R$ / litro', '2023-02-20', '2648712000147',
        (SELECT "ID_Combustivel" FROM public."COMBUSTIVEL" WHERE "Nome" = 'ETANOL'))
ON CONFLICT DO NOTHING;


INSERT INTO public."PRECO_COLETADO" ("Preco", "UnidadeMedida", "DataColeta", "PostoCNPJ", "CombustivelID")
VALUES (4.190, 'R$ / litro', '2023-02-27', '2648712000147',
        (SELECT "ID_Combustivel" FROM public."COMBUSTIVEL" WHERE "Nome" = 'ETANOL'))
ON CONFLICT DO NOTHING;


INSERT INTO public."PRECO_COLETADO" ("Preco", "UnidadeMedida", "DataColeta", "PostoCNPJ", "CombustivelID")
VALUES (4.380, 'R$ / litro', '2023-03-06', '2648712000147',
        (SELECT "ID_Combustivel" FROM public."COMBUSTIVEL" WHERE "Nome" = 'ETANOL'))
ON CONFLICT DO NOTHING;


INSERT INTO public."PRECO_COLETADO" ("Preco", "UnidadeMedida", "DataColeta", "PostoCNPJ", "CombustivelID")
VALUES (4.380, 'R$ / litro', '2023-03-16', '2648712000147',
        (SELECT "ID_Combustivel" FROM public."COMBUSTIVEL" WHERE "Nome" = 'ETANOL'))
ON CONFLICT DO NOTHING;


INSERT INTO public."PRECO_COLETADO" ("Preco", "UnidadeMedida", "DataColeta", "PostoCNPJ", "CombustivelID")
VALUES (4.380, 'R$ / litro', '2023-03-21', '2648712000147',
        (SELECT "ID_Combustivel" FROM public."COMBUSTIVEL" WHERE "Nome" = 'ETANOL'))
ON CONFLICT DO NOTHING;


INSERT INTO public."PRECO_COLETADO" ("Preco", "UnidadeMedida", "DataColeta", "PostoCNPJ", "CombustivelID")
VALUES (4.380, 'R$ / litro', '2023-03-27', '2648712000147',
        (SELECT "ID_Combustivel" FROM public."COMBUSTIVEL" WHERE "Nome" = 'ETANOL'))
ON CONFLICT DO NOTHING;


INSERT INTO public."PRECO_COLETADO" ("Preco", "UnidadeMedida", "DataColeta", "PostoCNPJ", "CombustivelID")
VALUES (4.380, 'R$ / litro', '2023-04-04', '2648712000147',
        (SELECT "ID_Combustivel" FROM public."COMBUSTIVEL" WHERE "Nome" = 'ETANOL'))
ON CONFLICT DO NOTHING;


INSERT INTO public."PRECO_COLETADO" ("Preco", "UnidadeMedida", "DataColeta", "PostoCNPJ", "CombustivelID")
VALUES (4.380, 'R$ / litro', '2023-04-11', '2648712000147',
        (SELECT "ID_Combustivel" FROM public."COMBUSTIVEL" WHERE "Nome" = 'ETANOL'))
ON CONFLICT DO NOTHING;


INSERT INTO public."PRECO_COLETADO" ("Preco", "UnidadeMedida", "DataColeta", "PostoCNPJ", "CombustivelID")
VALUES (4.490, 'R$ / litro', '2023-04-17', '2648712000147',
        (SELECT "ID_Combustivel" FROM public."COMBUSTIVEL" WHERE "Nome" = 'ETANOL'))
ON CONFLICT DO NOTHING;


INSERT INTO public."PRECO_COLETADO" ("Preco", "UnidadeMedida", "DataColeta", "PostoCNPJ", "CombustivelID")
VALUES (4.490, 'R$ / litro', '2023-04-24', '2648712000147',
        (SELECT "ID_Combustivel" FROM public."COMBUSTIVEL" WHERE "Nome" = 'ETANOL'))
ON CONFLICT DO NOTHING;


INSERT INTO public."PRECO_COLETADO" ("Preco", "UnidadeMedida", "DataColeta", "PostoCNPJ", "CombustivelID")
VALUES (4.490, 'R$ / litro', '2023-05-09', '2648712000147',
        (SELECT "ID_Combustivel" FROM public."COMBUSTIVEL" WHERE "Nome" = 'ETANOL'))
ON CONFLICT DO NOTHING;


INSERT INTO public."PRECO_COLETADO" ("Preco", "UnidadeMedida", "DataColeta", "PostoCNPJ", "CombustivelID")
VALUES (4.490, 'R$ / litro', '2023-05-15', '2648712000147',
        (SELECT "ID_Combustivel" FROM public."COMBUSTIVEL" WHERE "Nome" = 'ETANOL'))
ON CONFLICT DO NOTHING;


INSERT INTO public."PRECO_COLETADO" ("Preco", "UnidadeMedida", "DataColeta", "PostoCNPJ", "CombustivelID")
VALUES (4.490, 'R$ / litro', '2023-05-23', '2648712000147',
        (SELECT "ID_Combustivel" FROM public."COMBUSTIVEL" WHERE "Nome" = 'ETANOL'))
ON CONFLICT DO NOTHING;


INSERT INTO public."PRECO_COLETADO" ("Preco", "UnidadeMedida", "DataColeta", "PostoCNPJ", "CombustivelID")
VALUES (4.490, 'R$ / litro', '2023-05-29', '2648712000147',
        (SELECT "ID_Combustivel" FROM public."COMBUSTIVEL" WHERE "Nome" = 'ETANOL'))
ON CONFLICT DO NOTHING;


INSERT INTO public."PRECO_COLETADO" ("Preco", "UnidadeMedida", "DataColeta", "PostoCNPJ", "CombustivelID")
VALUES (4.490, 'R$ / litro', '2023-06-05', '2648712000147',
        (SELECT "ID_Combustivel" FROM public."COMBUSTIVEL" WHERE "Nome" = 'ETANOL'))
ON CONFLICT DO NOTHING;


INSERT INTO public."PRECO_COLETADO" ("Preco", "UnidadeMedida", "DataColeta", "PostoCNPJ", "CombustivelID")
VALUES (4.280, 'R$ / litro', '2023-06-13', '2648712000147',
        (SELECT "ID_Combustivel" FROM public."COMBUSTIVEL" WHERE "Nome" = 'ETANOL'))
ON CONFLICT DO NOTHING;


INSERT INTO public."PRECO_COLETADO" ("Preco", "UnidadeMedida", "DataColeta", "PostoCNPJ", "CombustivelID")
VALUES (4.280, 'R$ / litro', '2023-06-20', '2648712000147',
        (SELECT "ID_Combustivel" FROM public."COMBUSTIVEL" WHERE "Nome" = 'ETANOL'))
ON CONFLICT DO NOTHING;


INSERT INTO public."PRECO_COLETADO" ("Preco", "UnidadeMedida", "DataColeta", "PostoCNPJ", "CombustivelID")
VALUES (4.090, 'R$ / litro', '2023-06-27', '2648712000147',
        (SELECT "ID_Combustivel" FROM public."COMBUSTIVEL" WHERE "Nome" = 'ETANOL'))
ON CONFLICT DO NOTHING;


INSERT INTO public."PRECO_COLETADO" ("Preco", "UnidadeMedida", "DataColeta", "PostoCNPJ", "CombustivelID")
VALUES (4.690, 'R$ / litro', '2023-07-04', '2648712000147',
        (SELECT "ID_Combustivel" FROM public."COMBUSTIVEL" WHERE "Nome" = 'ETANOL'))
ON CONFLICT DO NOTHING;


INSERT INTO public."PRECO_COLETADO" ("Preco", "UnidadeMedida", "DataColeta", "PostoCNPJ", "CombustivelID")
VALUES (4.590, 'R$ / litro', '2023-07-10', '2648712000147',
        (SELECT "ID_Combustivel" FROM public."COMBUSTIVEL" WHERE "Nome" = 'ETANOL'))
ON CONFLICT DO NOTHING;


INSERT INTO public."PRECO_COLETADO" ("Preco", "UnidadeMedida", "DataColeta", "PostoCNPJ", "CombustivelID")
VALUES (4.590, 'R$ / litro', '2023-07-17', '2648712000147',
        (SELECT "ID_Combustivel" FROM public."COMBUSTIVEL" WHERE "Nome" = 'ETANOL'))
ON CONFLICT DO NOTHING;


INSERT INTO public."PRECO_COLETADO" ("Preco", "UnidadeMedida", "DataColeta", "PostoCNPJ", "CombustivelID")
VALUES (4.590, 'R$ / litro', '2023-07-24', '2648712000147',
        (SELECT "ID_Combustivel" FROM public."COMBUSTIVEL" WHERE "Nome" = 'ETANOL'))
ON CONFLICT DO NOTHING;


INSERT INTO public."PRECO_COLETADO" ("Preco", "UnidadeMedida", "DataColeta", "PostoCNPJ", "CombustivelID")
VALUES (4.590, 'R$ / litro', '2023-07-31', '2648712000147',
        (SELECT "ID_Combustivel" FROM public."COMBUSTIVEL" WHERE "Nome" = 'ETANOL'))
ON CONFLICT DO NOTHING;


INSERT INTO public."PRECO_COLETADO" ("Preco", "UnidadeMedida", "DataColeta", "PostoCNPJ", "CombustivelID")
VALUES (4.590, 'R$ / litro', '2023-08-15', '2648712000147',
        (SELECT "ID_Combustivel" FROM public."COMBUSTIVEL" WHERE "Nome" = 'ETANOL'))
ON CONFLICT DO NOTHING;


INSERT INTO public."PRECO_COLETADO" ("Preco", "UnidadeMedida", "DataColeta", "PostoCNPJ", "CombustivelID")
VALUES (4.590, 'R$ / litro', '2023-08-22', '2648712000147',
        (SELECT "ID_Combustivel" FROM public."COMBUSTIVEL" WHERE "Nome" = 'ETANOL'))
ON CONFLICT DO NOTHING;


INSERT INTO public."PRECO_COLETADO" ("Preco", "UnidadeMedida", "DataColeta", "PostoCNPJ", "CombustivelID")
VALUES (4.090, 'R$ / litro', '2023-08-30', '2648712000147',
        (SELECT "ID_Combustivel" FROM public."COMBUSTIVEL" WHERE "Nome" = 'ETANOL'))
ON CONFLICT DO NOTHING;


INSERT INTO public."PRECO_COLETADO" ("Preco", "UnidadeMedida", "DataColeta", "PostoCNPJ", "CombustivelID")
VALUES (4.090, 'R$ / litro', '2023-09-07', '2648712000147',
        (SELECT "ID_Combustivel" FROM public."COMBUSTIVEL" WHERE "Nome" = 'ETANOL'))
ON CONFLICT DO NOTHING;


INSERT INTO public."PRECO_COLETADO" ("Preco", "UnidadeMedida", "DataColeta", "PostoCNPJ", "CombustivelID")
VALUES (4.090, 'R$ / litro', '2023-09-12', '2648712000147',
        (SELECT "ID_Combustivel" FROM public."COMBUSTIVEL" WHERE "Nome" = 'ETANOL'))
ON CONFLICT DO NOTHING;


INSERT INTO public."PRECO_COLETADO" ("Preco", "UnidadeMedida", "DataColeta", "PostoCNPJ", "CombustivelID")
VALUES (4.090, 'R$ / litro', '2023-09-19', '2648712000147',
        (SELECT "ID_Combustivel" FROM public."COMBUSTIVEL" WHERE "Nome" = 'ETANOL'))
ON CONFLICT DO NOTHING;


INSERT INTO public."PRECO_COLETADO" ("Preco", "UnidadeMedida", "DataColeta", "PostoCNPJ", "CombustivelID")
VALUES (4.090, 'R$ / litro', '2023-09-26', '2648712000147',
        (SELECT "ID_Combustivel" FROM public."COMBUSTIVEL" WHERE "Nome" = 'ETANOL'))
ON CONFLICT DO NOTHING;


INSERT INTO public."PRECO_COLETADO" ("Preco", "UnidadeMedida", "DataColeta", "PostoCNPJ", "CombustivelID")
VALUES (4.090, 'R$ / litro', '2023-10-03', '2648712000147',
        (SELECT "ID_Combustivel" FROM public."COMBUSTIVEL" WHERE "Nome" = 'ETANOL'))
ON CONFLICT DO NOTHING;


INSERT INTO public."PRECO_COLETADO" ("Preco", "UnidadeMedida", "DataColeta", "PostoCNPJ", "CombustivelID")
VALUES (4.090, 'R$ / litro', '2023-10-10', '2648712000147',
        (SELECT "ID_Combustivel" FROM public."COMBUSTIVEL" WHERE "Nome" = 'ETANOL'))
ON CONFLICT DO NOTHING;


INSERT INTO public."PRECO_COLETADO" ("Preco", "UnidadeMedida", "DataColeta", "PostoCNPJ", "CombustivelID")
VALUES (4.090, 'R$ / litro', '2023-10-16', '2648712000147',
        (SELECT "ID_Combustivel" FROM public."COMBUSTIVEL" WHERE "Nome" = 'ETANOL'))
ON CONFLICT DO NOTHING;


INSERT INTO public."PRECO_COLETADO" ("Preco", "UnidadeMedida", "DataColeta", "PostoCNPJ", "CombustivelID")
VALUES (4.090, 'R$ / litro', '2023-10-24', '2648712000147',
        (SELECT "ID_Combustivel" FROM public."COMBUSTIVEL" WHERE "Nome" = 'ETANOL'))
ON CONFLICT DO NOTHING;


INSERT INTO public."PRECO_COLETADO" ("Preco", "UnidadeMedida", "DataColeta", "PostoCNPJ", "CombustivelID")
VALUES (4.090, 'R$ / litro', '2023-10-31', '2648712000147',
        (SELECT "ID_Combustivel" FROM public."COMBUSTIVEL" WHERE "Nome" = 'ETANOL'))
ON CONFLICT DO NOTHING;


INSERT INTO public."PRECO_COLETADO" ("Preco", "UnidadeMedida", "DataColeta", "PostoCNPJ", "CombustivelID")
VALUES (4.090, 'R$ / litro', '2023-11-07', '2648712000147',
        (SELECT "ID_Combustivel" FROM public."COMBUSTIVEL" WHERE "Nome" = 'ETANOL'))
ON CONFLICT DO NOTHING;


INSERT INTO public."PRECO_COLETADO" ("Preco", "UnidadeMedida", "DataColeta", "PostoCNPJ", "CombustivelID")
VALUES (3.990, 'R$ / litro', '2023-11-14', '2648712000147',
        (SELECT "ID_Combustivel" FROM public."COMBUSTIVEL" WHERE "Nome" = 'ETANOL'))
ON CONFLICT DO NOTHING;


INSERT INTO public."PRECO_COLETADO" ("Preco", "UnidadeMedida", "DataColeta", "PostoCNPJ", "CombustivelID")
VALUES (3.990, 'R$ / litro', '2023-11-21', '2648712000147',
        (SELECT "ID_Combustivel" FROM public."COMBUSTIVEL" WHERE "Nome" = 'ETANOL'))
ON CONFLICT DO NOTHING;


INSERT INTO public."PRECO_COLETADO" ("Preco", "UnidadeMedida", "DataColeta", "PostoCNPJ", "CombustivelID")
VALUES (3.990, 'R$ / litro', '2023-11-28', '2648712000147',
        (SELECT "ID_Combustivel" FROM public."COMBUSTIVEL" WHERE "Nome" = 'ETANOL'))
ON CONFLICT DO NOTHING;


INSERT INTO public."PRECO_COLETADO" ("Preco", "UnidadeMedida", "DataColeta", "PostoCNPJ", "CombustivelID")
VALUES (3.990, 'R$ / litro', '2023-12-06', '2648712000147',
        (SELECT "ID_Combustivel" FROM public."COMBUSTIVEL" WHERE "Nome" = 'ETANOL'))
ON CONFLICT DO NOTHING;


INSERT INTO public."PRECO_COLETADO" ("Preco", "UnidadeMedida", "DataColeta", "PostoCNPJ", "CombustivelID")
VALUES (3.990, 'R$ / litro', '2023-12-13', '2648712000147',
        (SELECT "ID_Combustivel" FROM public."COMBUSTIVEL" WHERE "Nome" = 'ETANOL'))
ON CONFLICT DO NOTHING;


INSERT INTO public."PRECO_COLETADO" ("Preco", "UnidadeMedida", "DataColeta", "PostoCNPJ", "CombustivelID")
VALUES (3.990, 'R$ / litro', '2023-12-26', '2648712000147',
        (SELECT "ID_Combustivel" FROM public."COMBUSTIVEL" WHERE "Nome" = 'ETANOL'))
ON CONFLICT DO NOTHING;


INSERT INTO public."PRECO_COLETADO" ("Preco", "UnidadeMedida", "DataColeta", "PostoCNPJ", "CombustivelID")
VALUES (3.990, 'R$ / litro', '2024-01-03', '2648712000147',
        (SELECT "ID_Combustivel" FROM public."COMBUSTIVEL" WHERE "Nome" = 'ETANOL'))
ON CONFLICT DO NOTHING;


INSERT INTO public."PRECO_COLETADO" ("Preco", "UnidadeMedida", "DataColeta", "PostoCNPJ", "CombustivelID")
VALUES (3.990, 'R$ / litro', '2024-01-08', '2648712000147',
        (SELECT "ID_Combustivel" FROM public."COMBUSTIVEL" WHERE "Nome" = 'ETANOL'))
ON CONFLICT DO NOTHING;


INSERT INTO public."PRECO_COLETADO" ("Preco", "UnidadeMedida", "DataColeta", "PostoCNPJ", "CombustivelID")
VALUES (3.890, 'R$ / litro', '2024-01-15', '2648712000147',
        (SELECT "ID_Combustivel" FROM public."COMBUSTIVEL" WHERE "Nome" = 'ETANOL'))
ON CONFLICT DO NOTHING;


INSERT INTO public."PRECO_COLETADO" ("Preco", "UnidadeMedida", "DataColeta", "PostoCNPJ", "CombustivelID")
VALUES (3.890, 'R$ / litro', '2024-01-22', '2648712000147',
        (SELECT "ID_Combustivel" FROM public."COMBUSTIVEL" WHERE "Nome" = 'ETANOL'))
ON CONFLICT DO NOTHING;


INSERT INTO public."PRECO_COLETADO" ("Preco", "UnidadeMedida", "DataColeta", "PostoCNPJ", "CombustivelID")
VALUES (3.890, 'R$ / litro', '2024-01-29', '2648712000147',
        (SELECT "ID_Combustivel" FROM public."COMBUSTIVEL" WHERE "Nome" = 'ETANOL'))
ON CONFLICT DO NOTHING;


INSERT INTO public."PRECO_COLETADO" ("Preco", "UnidadeMedida", "DataColeta", "PostoCNPJ", "CombustivelID")
VALUES (3.990, 'R$ / litro', '2024-02-05', '2648712000147',
        (SELECT "ID_Combustivel" FROM public."COMBUSTIVEL" WHERE "Nome" = 'ETANOL'))
ON CONFLICT DO NOTHING;


INSERT INTO public."PRECO_COLETADO" ("Preco", "UnidadeMedida", "DataColeta", "PostoCNPJ", "CombustivelID")
VALUES (3.990, 'R$ / litro', '2024-02-12', '2648712000147',
        (SELECT "ID_Combustivel" FROM public."COMBUSTIVEL" WHERE "Nome" = 'ETANOL'))
ON CONFLICT DO NOTHING;


INSERT INTO public."PRECO_COLETADO" ("Preco", "UnidadeMedida", "DataColeta", "PostoCNPJ", "CombustivelID")
VALUES (3.990, 'R$ / litro', '2024-02-19', '2648712000147',
        (SELECT "ID_Combustivel" FROM public."COMBUSTIVEL" WHERE "Nome" = 'ETANOL'))
ON CONFLICT DO NOTHING;


INSERT INTO public."PRECO_COLETADO" ("Preco", "UnidadeMedida", "DataColeta", "PostoCNPJ", "CombustivelID")
VALUES (3.990, 'R$ / litro', '2024-03-04', '2648712000147',
        (SELECT "ID_Combustivel" FROM public."COMBUSTIVEL" WHERE "Nome" = 'ETANOL'))
ON CONFLICT DO NOTHING;


INSERT INTO public."PRECO_COLETADO" ("Preco", "UnidadeMedida", "DataColeta", "PostoCNPJ", "CombustivelID")
VALUES (3.990, 'R$ / litro', '2024-03-11', '2648712000147',
        (SELECT "ID_Combustivel" FROM public."COMBUSTIVEL" WHERE "Nome" = 'ETANOL'))
ON CONFLICT DO NOTHING;


INSERT INTO public."PRECO_COLETADO" ("Preco", "UnidadeMedida", "DataColeta", "PostoCNPJ", "CombustivelID")
VALUES (3.990, 'R$ / litro', '2024-03-25', '2648712000147',
        (SELECT "ID_Combustivel" FROM public."COMBUSTIVEL" WHERE "Nome" = 'ETANOL'))
ON CONFLICT DO NOTHING;


INSERT INTO public."PRECO_COLETADO" ("Preco", "UnidadeMedida", "DataColeta", "PostoCNPJ", "CombustivelID")
VALUES (3.990, 'R$ / litro', '2024-04-02', '2648712000147',
        (SELECT "ID_Combustivel" FROM public."COMBUSTIVEL" WHERE "Nome" = 'ETANOL'))
ON CONFLICT DO NOTHING;


INSERT INTO public."PRECO_COLETADO" ("Preco", "UnidadeMedida", "DataColeta", "PostoCNPJ", "CombustivelID")
VALUES (4.190, 'R$ / litro', '2024-04-15', '2648712000147',
        (SELECT "ID_Combustivel" FROM public."COMBUSTIVEL" WHERE "Nome" = 'ETANOL'))
ON CONFLICT DO NOTHING;


INSERT INTO public."PRECO_COLETADO" ("Preco", "UnidadeMedida", "DataColeta", "PostoCNPJ", "CombustivelID")
VALUES (4.350, 'R$ / litro', '2024-04-22', '2648712000147',
        (SELECT "ID_Combustivel" FROM public."COMBUSTIVEL" WHERE "Nome" = 'ETANOL'))
ON CONFLICT DO NOTHING;


INSERT INTO public."PRECO_COLETADO" ("Preco", "UnidadeMedida", "DataColeta", "PostoCNPJ", "CombustivelID")
VALUES (3.990, 'R$ / litro', '2024-04-29', '2648712000147',
        (SELECT "ID_Combustivel" FROM public."COMBUSTIVEL" WHERE "Nome" = 'ETANOL'))
ON CONFLICT DO NOTHING;


INSERT INTO public."PRECO_COLETADO" ("Preco", "UnidadeMedida", "DataColeta", "PostoCNPJ", "CombustivelID")
VALUES (3.990, 'R$ / litro', '2024-05-06', '2648712000147',
        (SELECT "ID_Combustivel" FROM public."COMBUSTIVEL" WHERE "Nome" = 'ETANOL'))
ON CONFLICT DO NOTHING;


INSERT INTO public."PRECO_COLETADO" ("Preco", "UnidadeMedida", "DataColeta", "PostoCNPJ", "CombustivelID")
VALUES (3.990, 'R$ / litro', '2024-05-20', '2648712000147',
        (SELECT "ID_Combustivel" FROM public."COMBUSTIVEL" WHERE "Nome" = 'ETANOL'))
ON CONFLICT DO NOTHING;


INSERT INTO public."PRECO_COLETADO" ("Preco", "UnidadeMedida", "DataColeta", "PostoCNPJ", "CombustivelID")
VALUES (3.990, 'R$ / litro', '2024-05-27', '2648712000147',
        (SELECT "ID_Combustivel" FROM public."COMBUSTIVEL" WHERE "Nome" = 'ETANOL'))
ON CONFLICT DO NOTHING;


INSERT INTO public."PRECO_COLETADO" ("Preco", "UnidadeMedida", "DataColeta", "PostoCNPJ", "CombustivelID")
VALUES (3.990, 'R$ / litro', '2024-06-03', '2648712000147',
        (SELECT "ID_Combustivel" FROM public."COMBUSTIVEL" WHERE "Nome" = 'ETANOL'))
ON CONFLICT DO NOTHING;


INSERT INTO public."PRECO_COLETADO" ("Preco", "UnidadeMedida", "DataColeta", "PostoCNPJ", "CombustivelID")
VALUES (3.990, 'R$ / litro', '2024-06-17', '2648712000147',
        (SELECT "ID_Combustivel" FROM public."COMBUSTIVEL" WHERE "Nome" = 'ETANOL'))
ON CONFLICT DO NOTHING;


INSERT INTO public."PRECO_COLETADO" ("Preco", "UnidadeMedida", "DataColeta", "PostoCNPJ", "CombustivelID")
VALUES (3.990, 'R$ / litro', '2024-06-24', '2648712000147',
        (SELECT "ID_Combustivel" FROM public."COMBUSTIVEL" WHERE "Nome" = 'ETANOL'))
ON CONFLICT DO NOTHING;


INSERT INTO public."PRECO_COLETADO" ("Preco", "UnidadeMedida", "DataColeta", "PostoCNPJ", "CombustivelID")
VALUES (3.990, 'R$ / litro', '2024-07-01', '2648712000147',
        (SELECT "ID_Combustivel" FROM public."COMBUSTIVEL" WHERE "Nome" = 'ETANOL'))
ON CONFLICT DO NOTHING;


INSERT INTO public."PRECO_COLETADO" ("Preco", "UnidadeMedida", "DataColeta", "PostoCNPJ", "CombustivelID")
VALUES (3.990, 'R$ / litro', '2024-07-09', '2648712000147',
        (SELECT "ID_Combustivel" FROM public."COMBUSTIVEL" WHERE "Nome" = 'ETANOL'))
ON CONFLICT DO NOTHING;


INSERT INTO public."PRECO_COLETADO" ("Preco", "UnidadeMedida", "DataColeta", "PostoCNPJ", "CombustivelID")
VALUES (4.290, 'R$ / litro', '2024-07-16', '2648712000147',
        (SELECT "ID_Combustivel" FROM public."COMBUSTIVEL" WHERE "Nome" = 'ETANOL'))
ON CONFLICT DO NOTHING;


INSERT INTO public."PRECO_COLETADO" ("Preco", "UnidadeMedida", "DataColeta", "PostoCNPJ", "CombustivelID")
VALUES (4.290, 'R$ / litro', '2024-07-22', '2648712000147',
        (SELECT "ID_Combustivel" FROM public."COMBUSTIVEL" WHERE "Nome" = 'ETANOL'))
ON CONFLICT DO NOTHING;


INSERT INTO public."PRECO_COLETADO" ("Preco", "UnidadeMedida", "DataColeta", "PostoCNPJ", "CombustivelID")
VALUES (4.290, 'R$ / litro', '2024-07-29', '2648712000147',
        (SELECT "ID_Combustivel" FROM public."COMBUSTIVEL" WHERE "Nome" = 'ETANOL'))
ON CONFLICT DO NOTHING;


INSERT INTO public."PRECO_COLETADO" ("Preco", "UnidadeMedida", "DataColeta", "PostoCNPJ", "CombustivelID")
VALUES (4.390, 'R$ / litro', '2024-08-05', '2648712000147',
        (SELECT "ID_Combustivel" FROM public."COMBUSTIVEL" WHERE "Nome" = 'ETANOL'))
ON CONFLICT DO NOTHING;


INSERT INTO public."PRECO_COLETADO" ("Preco", "UnidadeMedida", "DataColeta", "PostoCNPJ", "CombustivelID")
VALUES (4.390, 'R$ / litro', '2024-08-12', '2648712000147',
        (SELECT "ID_Combustivel" FROM public."COMBUSTIVEL" WHERE "Nome" = 'ETANOL'))
ON CONFLICT DO NOTHING;


INSERT INTO public."PRECO_COLETADO" ("Preco", "UnidadeMedida", "DataColeta", "PostoCNPJ", "CombustivelID")
VALUES (4.390, 'R$ / litro', '2024-08-20', '2648712000147',
        (SELECT "ID_Combustivel" FROM public."COMBUSTIVEL" WHERE "Nome" = 'ETANOL'))
ON CONFLICT DO NOTHING;


INSERT INTO public."PRECO_COLETADO" ("Preco", "UnidadeMedida", "DataColeta", "PostoCNPJ", "CombustivelID")
VALUES (4.390, 'R$ / litro', '2024-08-26', '2648712000147',
        (SELECT "ID_Combustivel" FROM public."COMBUSTIVEL" WHERE "Nome" = 'ETANOL'))
ON CONFLICT DO NOTHING;


INSERT INTO public."PRECO_COLETADO" ("Preco", "UnidadeMedida", "DataColeta", "PostoCNPJ", "CombustivelID")
VALUES (4.390, 'R$ / litro', '2024-09-02', '2648712000147',
        (SELECT "ID_Combustivel" FROM public."COMBUSTIVEL" WHERE "Nome" = 'ETANOL'))
ON CONFLICT DO NOTHING;


INSERT INTO public."COMBUSTIVEL" ("Nome")
VALUES ('DIESEL S10')
ON CONFLICT ("Nome") DO NOTHING;


INSERT INTO public."PRECO_COLETADO" ("Preco", "UnidadeMedida", "DataColeta", "PostoCNPJ", "CombustivelID")
VALUES (6.490, 'R$ / litro', '2022-10-24', '2648712000147',
        (SELECT "ID_Combustivel" FROM public."COMBUSTIVEL" WHERE "Nome" = 'DIESEL S10'))
ON CONFLICT DO NOTHING;


INSERT INTO public."PRECO_COLETADO" ("Preco", "UnidadeMedida", "DataColeta", "PostoCNPJ", "CombustivelID")
VALUES (6.490, 'R$ / litro', '2022-10-31', '2648712000147',
        (SELECT "ID_Combustivel" FROM public."COMBUSTIVEL" WHERE "Nome" = 'DIESEL S10'))
ON CONFLICT DO NOTHING;


INSERT INTO public."PRECO_COLETADO" ("Preco", "UnidadeMedida", "DataColeta", "PostoCNPJ", "CombustivelID")
VALUES (6.490, 'R$ / litro', '2022-11-14', '2648712000147',
        (SELECT "ID_Combustivel" FROM public."COMBUSTIVEL" WHERE "Nome" = 'DIESEL S10'))
ON CONFLICT DO NOTHING;


INSERT INTO public."PRECO_COLETADO" ("Preco", "UnidadeMedida", "DataColeta", "PostoCNPJ", "CombustivelID")
VALUES (6.490, 'R$ / litro', '2022-11-22', '2648712000147',
        (SELECT "ID_Combustivel" FROM public."COMBUSTIVEL" WHERE "Nome" = 'DIESEL S10'))
ON CONFLICT DO NOTHING;


INSERT INTO public."PRECO_COLETADO" ("Preco", "UnidadeMedida", "DataColeta", "PostoCNPJ", "CombustivelID")
VALUES (6.400, 'R$ / litro', '2022-12-05', '2648712000147',
        (SELECT "ID_Combustivel" FROM public."COMBUSTIVEL" WHERE "Nome" = 'DIESEL S10'))
ON CONFLICT DO NOTHING;


INSERT INTO public."PRECO_COLETADO" ("Preco", "UnidadeMedida", "DataColeta", "PostoCNPJ", "CombustivelID")
VALUES (6.400, 'R$ / litro', '2022-12-12', '2648712000147',
        (SELECT "ID_Combustivel" FROM public."COMBUSTIVEL" WHERE "Nome" = 'DIESEL S10'))
ON CONFLICT DO NOTHING;


INSERT INTO public."PRECO_COLETADO" ("Preco", "UnidadeMedida", "DataColeta", "PostoCNPJ", "CombustivelID")
VALUES (6.400, 'R$ / litro', '2022-12-22', '2648712000147',
        (SELECT "ID_Combustivel" FROM public."COMBUSTIVEL" WHERE "Nome" = 'DIESEL S10'))
ON CONFLICT DO NOTHING;


INSERT INTO public."PRECO_COLETADO" ("Preco", "UnidadeMedida", "DataColeta", "PostoCNPJ", "CombustivelID")
VALUES (6.400, 'R$ / litro', '2022-12-26', '2648712000147',
        (SELECT "ID_Combustivel" FROM public."COMBUSTIVEL" WHERE "Nome" = 'DIESEL S10'))
ON CONFLICT DO NOTHING;


INSERT INTO public."PRECO_COLETADO" ("Preco", "UnidadeMedida", "DataColeta", "PostoCNPJ", "CombustivelID")
VALUES (6.190, 'R$ / litro', '2023-01-03', '2648712000147',
        (SELECT "ID_Combustivel" FROM public."COMBUSTIVEL" WHERE "Nome" = 'DIESEL S10'))
ON CONFLICT DO NOTHING;


INSERT INTO public."PRECO_COLETADO" ("Preco", "UnidadeMedida", "DataColeta", "PostoCNPJ", "CombustivelID")
VALUES (6.190, 'R$ / litro', '2023-01-09', '2648712000147',
        (SELECT "ID_Combustivel" FROM public."COMBUSTIVEL" WHERE "Nome" = 'DIESEL S10'))
ON CONFLICT DO NOTHING;


INSERT INTO public."PRECO_COLETADO" ("Preco", "UnidadeMedida", "DataColeta", "PostoCNPJ", "CombustivelID")
VALUES (6.190, 'R$ / litro', '2023-01-16', '2648712000147',
        (SELECT "ID_Combustivel" FROM public."COMBUSTIVEL" WHERE "Nome" = 'DIESEL S10'))
ON CONFLICT DO NOTHING;


INSERT INTO public."PRECO_COLETADO" ("Preco", "UnidadeMedida", "DataColeta", "PostoCNPJ", "CombustivelID")
VALUES (6.190, 'R$ / litro', '2023-01-23', '2648712000147',
        (SELECT "ID_Combustivel" FROM public."COMBUSTIVEL" WHERE "Nome" = 'DIESEL S10'))
ON CONFLICT DO NOTHING;


INSERT INTO public."PRECO_COLETADO" ("Preco", "UnidadeMedida", "DataColeta", "PostoCNPJ", "CombustivelID")
VALUES (6.190, 'R$ / litro', '2023-01-30', '2648712000147',
        (SELECT "ID_Combustivel" FROM public."COMBUSTIVEL" WHERE "Nome" = 'DIESEL S10'))
ON CONFLICT DO NOTHING;


INSERT INTO public."PRECO_COLETADO" ("Preco", "UnidadeMedida", "DataColeta", "PostoCNPJ", "CombustivelID")
VALUES (6.190, 'R$ / litro', '2023-02-06', '2648712000147',
        (SELECT "ID_Combustivel" FROM public."COMBUSTIVEL" WHERE "Nome" = 'DIESEL S10'))
ON CONFLICT DO NOTHING;


INSERT INTO public."PRECO_COLETADO" ("Preco", "UnidadeMedida", "DataColeta", "PostoCNPJ", "CombustivelID")
VALUES (5.990, 'R$ / litro', '2023-02-13', '2648712000147',
        (SELECT "ID_Combustivel" FROM public."COMBUSTIVEL" WHERE "Nome" = 'DIESEL S10'))
ON CONFLICT DO NOTHING;


INSERT INTO public."PRECO_COLETADO" ("Preco", "UnidadeMedida", "DataColeta", "PostoCNPJ", "CombustivelID")
VALUES (5.870, 'R$ / litro', '2023-02-20', '2648712000147',
        (SELECT "ID_Combustivel" FROM public."COMBUSTIVEL" WHERE "Nome" = 'DIESEL S10'))
ON CONFLICT DO NOTHING;


INSERT INTO public."PRECO_COLETADO" ("Preco", "UnidadeMedida", "DataColeta", "PostoCNPJ", "CombustivelID")
VALUES (5.870, 'R$ / litro', '2023-02-27', '2648712000147',
        (SELECT "ID_Combustivel" FROM public."COMBUSTIVEL" WHERE "Nome" = 'DIESEL S10'))
ON CONFLICT DO NOTHING;


INSERT INTO public."PRECO_COLETADO" ("Preco", "UnidadeMedida", "DataColeta", "PostoCNPJ", "CombustivelID")
VALUES (5.870, 'R$ / litro', '2023-03-06', '2648712000147',
        (SELECT "ID_Combustivel" FROM public."COMBUSTIVEL" WHERE "Nome" = 'DIESEL S10'))
ON CONFLICT DO NOTHING;


INSERT INTO public."PRECO_COLETADO" ("Preco", "UnidadeMedida", "DataColeta", "PostoCNPJ", "CombustivelID")
VALUES (5.870, 'R$ / litro', '2023-03-16', '2648712000147',
        (SELECT "ID_Combustivel" FROM public."COMBUSTIVEL" WHERE "Nome" = 'DIESEL S10'))
ON CONFLICT DO NOTHING;


INSERT INTO public."PRECO_COLETADO" ("Preco", "UnidadeMedida", "DataColeta", "PostoCNPJ", "CombustivelID")
VALUES (5.870, 'R$ / litro', '2023-03-21', '2648712000147',
        (SELECT "ID_Combustivel" FROM public."COMBUSTIVEL" WHERE "Nome" = 'DIESEL S10'))
ON CONFLICT DO NOTHING;


INSERT INTO public."PRECO_COLETADO" ("Preco", "UnidadeMedida", "DataColeta", "PostoCNPJ", "CombustivelID")
VALUES (5.870, 'R$ / litro', '2023-03-27', '2648712000147',
        (SELECT "ID_Combustivel" FROM public."COMBUSTIVEL" WHERE "Nome" = 'DIESEL S10'))
ON CONFLICT DO NOTHING;


INSERT INTO public."PRECO_COLETADO" ("Preco", "UnidadeMedida", "DataColeta", "PostoCNPJ", "CombustivelID")
VALUES (5.870, 'R$ / litro', '2023-04-04', '2648712000147',
        (SELECT "ID_Combustivel" FROM public."COMBUSTIVEL" WHERE "Nome" = 'DIESEL S10'))
ON CONFLICT DO NOTHING;


INSERT INTO public."PRECO_COLETADO" ("Preco", "UnidadeMedida", "DataColeta", "PostoCNPJ", "CombustivelID")
VALUES (5.750, 'R$ / litro', '2023-04-11', '2648712000147',
        (SELECT "ID_Combustivel" FROM public."COMBUSTIVEL" WHERE "Nome" = 'DIESEL S10'))
ON CONFLICT DO NOTHING;


INSERT INTO public."PRECO_COLETADO" ("Preco", "UnidadeMedida", "DataColeta", "PostoCNPJ", "CombustivelID")
VALUES (5.590, 'R$ / litro', '2023-04-17', '2648712000147',
        (SELECT "ID_Combustivel" FROM public."COMBUSTIVEL" WHERE "Nome" = 'DIESEL S10'))
ON CONFLICT DO NOTHING;


INSERT INTO public."PRECO_COLETADO" ("Preco", "UnidadeMedida", "DataColeta", "PostoCNPJ", "CombustivelID")
VALUES (5.590, 'R$ / litro', '2023-04-24', '2648712000147',
        (SELECT "ID_Combustivel" FROM public."COMBUSTIVEL" WHERE "Nome" = 'DIESEL S10'))
ON CONFLICT DO NOTHING;


INSERT INTO public."PRECO_COLETADO" ("Preco", "UnidadeMedida", "DataColeta", "PostoCNPJ", "CombustivelID")
VALUES (5.590, 'R$ / litro', '2023-05-09', '2648712000147',
        (SELECT "ID_Combustivel" FROM public."COMBUSTIVEL" WHERE "Nome" = 'DIESEL S10'))
ON CONFLICT DO NOTHING;


INSERT INTO public."PRECO_COLETADO" ("Preco", "UnidadeMedida", "DataColeta", "PostoCNPJ", "CombustivelID")
VALUES (5.590, 'R$ / litro', '2023-05-15', '2648712000147',
        (SELECT "ID_Combustivel" FROM public."COMBUSTIVEL" WHERE "Nome" = 'DIESEL S10'))
ON CONFLICT DO NOTHING;


INSERT INTO public."PRECO_COLETADO" ("Preco", "UnidadeMedida", "DataColeta", "PostoCNPJ", "CombustivelID")
VALUES (5.490, 'R$ / litro', '2023-05-23', '2648712000147',
        (SELECT "ID_Combustivel" FROM public."COMBUSTIVEL" WHERE "Nome" = 'DIESEL S10'))
ON CONFLICT DO NOTHING;


INSERT INTO public."PRECO_COLETADO" ("Preco", "UnidadeMedida", "DataColeta", "PostoCNPJ", "CombustivelID")
VALUES (5.090, 'R$ / litro', '2023-05-29', '2648712000147',
        (SELECT "ID_Combustivel" FROM public."COMBUSTIVEL" WHERE "Nome" = 'DIESEL S10'))
ON CONFLICT DO NOTHING;


INSERT INTO public."PRECO_COLETADO" ("Preco", "UnidadeMedida", "DataColeta", "PostoCNPJ", "CombustivelID")
VALUES (5.090, 'R$ / litro', '2023-06-13', '2648712000147',
        (SELECT "ID_Combustivel" FROM public."COMBUSTIVEL" WHERE "Nome" = 'DIESEL S10'))
ON CONFLICT DO NOTHING;


INSERT INTO public."PRECO_COLETADO" ("Preco", "UnidadeMedida", "DataColeta", "PostoCNPJ", "CombustivelID")
VALUES (5.090, 'R$ / litro', '2023-06-20', '2648712000147',
        (SELECT "ID_Combustivel" FROM public."COMBUSTIVEL" WHERE "Nome" = 'DIESEL S10'))
ON CONFLICT DO NOTHING;


INSERT INTO public."PRECO_COLETADO" ("Preco", "UnidadeMedida", "DataColeta", "PostoCNPJ", "CombustivelID")
VALUES (5.050, 'R$ / litro', '2023-06-27', '2648712000147',
        (SELECT "ID_Combustivel" FROM public."COMBUSTIVEL" WHERE "Nome" = 'DIESEL S10'))
ON CONFLICT DO NOTHING;


INSERT INTO public."PRECO_COLETADO" ("Preco", "UnidadeMedida", "DataColeta", "PostoCNPJ", "CombustivelID")
VALUES (5.050, 'R$ / litro', '2023-07-04', '2648712000147',
        (SELECT "ID_Combustivel" FROM public."COMBUSTIVEL" WHERE "Nome" = 'DIESEL S10'))
ON CONFLICT DO NOTHING;


INSERT INTO public."PRECO_COLETADO" ("Preco", "UnidadeMedida", "DataColeta", "PostoCNPJ", "CombustivelID")
VALUES (5.050, 'R$ / litro', '2023-07-10', '2648712000147',
        (SELECT "ID_Combustivel" FROM public."COMBUSTIVEL" WHERE "Nome" = 'DIESEL S10'))
ON CONFLICT DO NOTHING;


INSERT INTO public."PRECO_COLETADO" ("Preco", "UnidadeMedida", "DataColeta", "PostoCNPJ", "CombustivelID")
VALUES (5.050, 'R$ / litro', '2023-07-17', '2648712000147',
        (SELECT "ID_Combustivel" FROM public."COMBUSTIVEL" WHERE "Nome" = 'DIESEL S10'))
ON CONFLICT DO NOTHING;


INSERT INTO public."PRECO_COLETADO" ("Preco", "UnidadeMedida", "DataColeta", "PostoCNPJ", "CombustivelID")
VALUES (4.990, 'R$ / litro', '2023-07-24', '2648712000147',
        (SELECT "ID_Combustivel" FROM public."COMBUSTIVEL" WHERE "Nome" = 'DIESEL S10'))
ON CONFLICT DO NOTHING;


INSERT INTO public."PRECO_COLETADO" ("Preco", "UnidadeMedida", "DataColeta", "PostoCNPJ", "CombustivelID")
VALUES (4.990, 'R$ / litro', '2023-07-31', '2648712000147',
        (SELECT "ID_Combustivel" FROM public."COMBUSTIVEL" WHERE "Nome" = 'DIESEL S10'))
ON CONFLICT DO NOTHING;


INSERT INTO public."PRECO_COLETADO" ("Preco", "UnidadeMedida", "DataColeta", "PostoCNPJ", "CombustivelID")
VALUES (4.990, 'R$ / litro', '2023-08-15', '2648712000147',
        (SELECT "ID_Combustivel" FROM public."COMBUSTIVEL" WHERE "Nome" = 'DIESEL S10'))
ON CONFLICT DO NOTHING;


INSERT INTO public."PRECO_COLETADO" ("Preco", "UnidadeMedida", "DataColeta", "PostoCNPJ", "CombustivelID")
VALUES (5.890, 'R$ / litro', '2023-08-22', '2648712000147',
        (SELECT "ID_Combustivel" FROM public."COMBUSTIVEL" WHERE "Nome" = 'DIESEL S10'))
ON CONFLICT DO NOTHING;


INSERT INTO public."PRECO_COLETADO" ("Preco", "UnidadeMedida", "DataColeta", "PostoCNPJ", "CombustivelID")
VALUES (5.990, 'R$ / litro', '2023-08-30', '2648712000147',
        (SELECT "ID_Combustivel" FROM public."COMBUSTIVEL" WHERE "Nome" = 'DIESEL S10'))
ON CONFLICT DO NOTHING;


INSERT INTO public."PRECO_COLETADO" ("Preco", "UnidadeMedida", "DataColeta", "PostoCNPJ", "CombustivelID")
VALUES (5.990, 'R$ / litro', '2023-09-07', '2648712000147',
        (SELECT "ID_Combustivel" FROM public."COMBUSTIVEL" WHERE "Nome" = 'DIESEL S10'))
ON CONFLICT DO NOTHING;


INSERT INTO public."PRECO_COLETADO" ("Preco", "UnidadeMedida", "DataColeta", "PostoCNPJ", "CombustivelID")
VALUES (5.990, 'R$ / litro', '2023-09-12', '2648712000147',
        (SELECT "ID_Combustivel" FROM public."COMBUSTIVEL" WHERE "Nome" = 'DIESEL S10'))
ON CONFLICT DO NOTHING;


INSERT INTO public."PRECO_COLETADO" ("Preco", "UnidadeMedida", "DataColeta", "PostoCNPJ", "CombustivelID")
VALUES (5.990, 'R$ / litro', '2023-09-19', '2648712000147',
        (SELECT "ID_Combustivel" FROM public."COMBUSTIVEL" WHERE "Nome" = 'DIESEL S10'))
ON CONFLICT DO NOTHING;


INSERT INTO public."PRECO_COLETADO" ("Preco", "UnidadeMedida", "DataColeta", "PostoCNPJ", "CombustivelID")
VALUES (5.990, 'R$ / litro', '2023-09-26', '2648712000147',
        (SELECT "ID_Combustivel" FROM public."COMBUSTIVEL" WHERE "Nome" = 'DIESEL S10'))
ON CONFLICT DO NOTHING;


INSERT INTO public."PRECO_COLETADO" ("Preco", "UnidadeMedida", "DataColeta", "PostoCNPJ", "CombustivelID")
VALUES (5.990, 'R$ / litro', '2023-10-03', '2648712000147',
        (SELECT "ID_Combustivel" FROM public."COMBUSTIVEL" WHERE "Nome" = 'DIESEL S10'))
ON CONFLICT DO NOTHING;


INSERT INTO public."PRECO_COLETADO" ("Preco", "UnidadeMedida", "DataColeta", "PostoCNPJ", "CombustivelID")
VALUES (5.990, 'R$ / litro', '2023-10-10', '2648712000147',
        (SELECT "ID_Combustivel" FROM public."COMBUSTIVEL" WHERE "Nome" = 'DIESEL S10'))
ON CONFLICT DO NOTHING;


INSERT INTO public."PRECO_COLETADO" ("Preco", "UnidadeMedida", "DataColeta", "PostoCNPJ", "CombustivelID")
VALUES (5.990, 'R$ / litro', '2023-10-16', '2648712000147',
        (SELECT "ID_Combustivel" FROM public."COMBUSTIVEL" WHERE "Nome" = 'DIESEL S10'))
ON CONFLICT DO NOTHING;


INSERT INTO public."PRECO_COLETADO" ("Preco", "UnidadeMedida", "DataColeta", "PostoCNPJ", "CombustivelID")
VALUES (6.090, 'R$ / litro', '2023-10-24', '2648712000147',
        (SELECT "ID_Combustivel" FROM public."COMBUSTIVEL" WHERE "Nome" = 'DIESEL S10'))
ON CONFLICT DO NOTHING;


INSERT INTO public."PRECO_COLETADO" ("Preco", "UnidadeMedida", "DataColeta", "PostoCNPJ", "CombustivelID")
VALUES (6.090, 'R$ / litro', '2023-10-31', '2648712000147',
        (SELECT "ID_Combustivel" FROM public."COMBUSTIVEL" WHERE "Nome" = 'DIESEL S10'))
ON CONFLICT DO NOTHING;


INSERT INTO public."PRECO_COLETADO" ("Preco", "UnidadeMedida", "DataColeta", "PostoCNPJ", "CombustivelID")
VALUES (6.090, 'R$ / litro', '2023-11-07', '2648712000147',
        (SELECT "ID_Combustivel" FROM public."COMBUSTIVEL" WHERE "Nome" = 'DIESEL S10'))
ON CONFLICT DO NOTHING;


INSERT INTO public."PRECO_COLETADO" ("Preco", "UnidadeMedida", "DataColeta", "PostoCNPJ", "CombustivelID")
VALUES (6.090, 'R$ / litro', '2023-11-14', '2648712000147',
        (SELECT "ID_Combustivel" FROM public."COMBUSTIVEL" WHERE "Nome" = 'DIESEL S10'))
ON CONFLICT DO NOTHING;


INSERT INTO public."PRECO_COLETADO" ("Preco", "UnidadeMedida", "DataColeta", "PostoCNPJ", "CombustivelID")
VALUES (6.090, 'R$ / litro', '2023-11-21', '2648712000147',
        (SELECT "ID_Combustivel" FROM public."COMBUSTIVEL" WHERE "Nome" = 'DIESEL S10'))
ON CONFLICT DO NOTHING;


INSERT INTO public."PRECO_COLETADO" ("Preco", "UnidadeMedida", "DataColeta", "PostoCNPJ", "CombustivelID")
VALUES (6.090, 'R$ / litro', '2023-11-28', '2648712000147',
        (SELECT "ID_Combustivel" FROM public."COMBUSTIVEL" WHERE "Nome" = 'DIESEL S10'))
ON CONFLICT DO NOTHING;


INSERT INTO public."PRECO_COLETADO" ("Preco", "UnidadeMedida", "DataColeta", "PostoCNPJ", "CombustivelID")
VALUES (6.090, 'R$ / litro', '2023-12-06', '2648712000147',
        (SELECT "ID_Combustivel" FROM public."COMBUSTIVEL" WHERE "Nome" = 'DIESEL S10'))
ON CONFLICT DO NOTHING;


INSERT INTO public."PRECO_COLETADO" ("Preco", "UnidadeMedida", "DataColeta", "PostoCNPJ", "CombustivelID")
VALUES (6.090, 'R$ / litro', '2023-12-13', '2648712000147',
        (SELECT "ID_Combustivel" FROM public."COMBUSTIVEL" WHERE "Nome" = 'DIESEL S10'))
ON CONFLICT DO NOTHING;


INSERT INTO public."PRECO_COLETADO" ("Preco", "UnidadeMedida", "DataColeta", "PostoCNPJ", "CombustivelID")
VALUES (5.990, 'R$ / litro', '2023-12-26', '2648712000147',
        (SELECT "ID_Combustivel" FROM public."COMBUSTIVEL" WHERE "Nome" = 'DIESEL S10'))
ON CONFLICT DO NOTHING;


INSERT INTO public."PRECO_COLETADO" ("Preco", "UnidadeMedida", "DataColeta", "PostoCNPJ", "CombustivelID")
VALUES (5.890, 'R$ / litro', '2024-01-03', '2648712000147',
        (SELECT "ID_Combustivel" FROM public."COMBUSTIVEL" WHERE "Nome" = 'DIESEL S10'))
ON CONFLICT DO NOTHING;


INSERT INTO public."PRECO_COLETADO" ("Preco", "UnidadeMedida", "DataColeta", "PostoCNPJ", "CombustivelID")
VALUES (5.890, 'R$ / litro', '2024-01-08', '2648712000147',
        (SELECT "ID_Combustivel" FROM public."COMBUSTIVEL" WHERE "Nome" = 'DIESEL S10'))
ON CONFLICT DO NOTHING;


INSERT INTO public."PRECO_COLETADO" ("Preco", "UnidadeMedida", "DataColeta", "PostoCNPJ", "CombustivelID")
VALUES (5.890, 'R$ / litro', '2024-01-15', '2648712000147',
        (SELECT "ID_Combustivel" FROM public."COMBUSTIVEL" WHERE "Nome" = 'DIESEL S10'))
ON CONFLICT DO NOTHING;


INSERT INTO public."PRECO_COLETADO" ("Preco", "UnidadeMedida", "DataColeta", "PostoCNPJ", "CombustivelID")
VALUES (5.890, 'R$ / litro', '2024-01-22', '2648712000147',
        (SELECT "ID_Combustivel" FROM public."COMBUSTIVEL" WHERE "Nome" = 'DIESEL S10'))
ON CONFLICT DO NOTHING;


INSERT INTO public."PRECO_COLETADO" ("Preco", "UnidadeMedida", "DataColeta", "PostoCNPJ", "CombustivelID")
VALUES (5.890, 'R$ / litro', '2024-01-29', '2648712000147',
        (SELECT "ID_Combustivel" FROM public."COMBUSTIVEL" WHERE "Nome" = 'DIESEL S10'))
ON CONFLICT DO NOTHING;


INSERT INTO public."PRECO_COLETADO" ("Preco", "UnidadeMedida", "DataColeta", "PostoCNPJ", "CombustivelID")
VALUES (5.890, 'R$ / litro', '2024-02-05', '2648712000147',
        (SELECT "ID_Combustivel" FROM public."COMBUSTIVEL" WHERE "Nome" = 'DIESEL S10'))
ON CONFLICT DO NOTHING;


INSERT INTO public."PRECO_COLETADO" ("Preco", "UnidadeMedida", "DataColeta", "PostoCNPJ", "CombustivelID")
VALUES (5.990, 'R$ / litro', '2024-02-12', '2648712000147',
        (SELECT "ID_Combustivel" FROM public."COMBUSTIVEL" WHERE "Nome" = 'DIESEL S10'))
ON CONFLICT DO NOTHING;


INSERT INTO public."PRECO_COLETADO" ("Preco", "UnidadeMedida", "DataColeta", "PostoCNPJ", "CombustivelID")
VALUES (5.990, 'R$ / litro', '2024-02-19', '2648712000147',
        (SELECT "ID_Combustivel" FROM public."COMBUSTIVEL" WHERE "Nome" = 'DIESEL S10'))
ON CONFLICT DO NOTHING;


INSERT INTO public."PRECO_COLETADO" ("Preco", "UnidadeMedida", "DataColeta", "PostoCNPJ", "CombustivelID")
VALUES (5.990, 'R$ / litro', '2024-03-04', '2648712000147',
        (SELECT "ID_Combustivel" FROM public."COMBUSTIVEL" WHERE "Nome" = 'DIESEL S10'))
ON CONFLICT DO NOTHING;


INSERT INTO public."PRECO_COLETADO" ("Preco", "UnidadeMedida", "DataColeta", "PostoCNPJ", "CombustivelID")
VALUES (5.990, 'R$ / litro', '2024-03-11', '2648712000147',
        (SELECT "ID_Combustivel" FROM public."COMBUSTIVEL" WHERE "Nome" = 'DIESEL S10'))
ON CONFLICT DO NOTHING;


INSERT INTO public."PRECO_COLETADO" ("Preco", "UnidadeMedida", "DataColeta", "PostoCNPJ", "CombustivelID")
VALUES (5.990, 'R$ / litro', '2024-03-25', '2648712000147',
        (SELECT "ID_Combustivel" FROM public."COMBUSTIVEL" WHERE "Nome" = 'DIESEL S10'))
ON CONFLICT DO NOTHING;


INSERT INTO public."PRECO_COLETADO" ("Preco", "UnidadeMedida", "DataColeta", "PostoCNPJ", "CombustivelID")
VALUES (5.990, 'R$ / litro', '2024-04-02', '2648712000147',
        (SELECT "ID_Combustivel" FROM public."COMBUSTIVEL" WHERE "Nome" = 'DIESEL S10'))
ON CONFLICT DO NOTHING;


INSERT INTO public."PRECO_COLETADO" ("Preco", "UnidadeMedida", "DataColeta", "PostoCNPJ", "CombustivelID")
VALUES (5.990, 'R$ / litro', '2024-04-15', '2648712000147',
        (SELECT "ID_Combustivel" FROM public."COMBUSTIVEL" WHERE "Nome" = 'DIESEL S10'))
ON CONFLICT DO NOTHING;


INSERT INTO public."PRECO_COLETADO" ("Preco", "UnidadeMedida", "DataColeta", "PostoCNPJ", "CombustivelID")
VALUES (5.990, 'R$ / litro', '2024-04-22', '2648712000147',
        (SELECT "ID_Combustivel" FROM public."COMBUSTIVEL" WHERE "Nome" = 'DIESEL S10'))
ON CONFLICT DO NOTHING;


INSERT INTO public."PRECO_COLETADO" ("Preco", "UnidadeMedida", "DataColeta", "PostoCNPJ", "CombustivelID")
VALUES (5.990, 'R$ / litro', '2024-04-29', '2648712000147',
        (SELECT "ID_Combustivel" FROM public."COMBUSTIVEL" WHERE "Nome" = 'DIESEL S10'))
ON CONFLICT DO NOTHING;


INSERT INTO public."PRECO_COLETADO" ("Preco", "UnidadeMedida", "DataColeta", "PostoCNPJ", "CombustivelID")
VALUES (5.990, 'R$ / litro', '2024-05-06', '2648712000147',
        (SELECT "ID_Combustivel" FROM public."COMBUSTIVEL" WHERE "Nome" = 'DIESEL S10'))
ON CONFLICT DO NOTHING;


INSERT INTO public."PRECO_COLETADO" ("Preco", "UnidadeMedida", "DataColeta", "PostoCNPJ", "CombustivelID")
VALUES (5.990, 'R$ / litro', '2024-05-20', '2648712000147',
        (SELECT "ID_Combustivel" FROM public."COMBUSTIVEL" WHERE "Nome" = 'DIESEL S10'))
ON CONFLICT DO NOTHING;


INSERT INTO public."PRECO_COLETADO" ("Preco", "UnidadeMedida", "DataColeta", "PostoCNPJ", "CombustivelID")
VALUES (5.990, 'R$ / litro', '2024-05-27', '2648712000147',
        (SELECT "ID_Combustivel" FROM public."COMBUSTIVEL" WHERE "Nome" = 'DIESEL S10'))
ON CONFLICT DO NOTHING;


INSERT INTO public."PRECO_COLETADO" ("Preco", "UnidadeMedida", "DataColeta", "PostoCNPJ", "CombustivelID")
VALUES (5.990, 'R$ / litro', '2024-06-03', '2648712000147',
        (SELECT "ID_Combustivel" FROM public."COMBUSTIVEL" WHERE "Nome" = 'DIESEL S10'))
ON CONFLICT DO NOTHING;


INSERT INTO public."PRECO_COLETADO" ("Preco", "UnidadeMedida", "DataColeta", "PostoCNPJ", "CombustivelID")
VALUES (5.990, 'R$ / litro', '2024-06-17', '2648712000147',
        (SELECT "ID_Combustivel" FROM public."COMBUSTIVEL" WHERE "Nome" = 'DIESEL S10'))
ON CONFLICT DO NOTHING;


INSERT INTO public."PRECO_COLETADO" ("Preco", "UnidadeMedida", "DataColeta", "PostoCNPJ", "CombustivelID")
VALUES (5.990, 'R$ / litro', '2024-06-24', '2648712000147',
        (SELECT "ID_Combustivel" FROM public."COMBUSTIVEL" WHERE "Nome" = 'DIESEL S10'))
ON CONFLICT DO NOTHING;


INSERT INTO public."PRECO_COLETADO" ("Preco", "UnidadeMedida", "DataColeta", "PostoCNPJ", "CombustivelID")
VALUES (5.990, 'R$ / litro', '2024-07-01', '2648712000147',
        (SELECT "ID_Combustivel" FROM public."COMBUSTIVEL" WHERE "Nome" = 'DIESEL S10'))
ON CONFLICT DO NOTHING;


INSERT INTO public."PRECO_COLETADO" ("Preco", "UnidadeMedida", "DataColeta", "PostoCNPJ", "CombustivelID")
VALUES (5.990, 'R$ / litro', '2024-07-09', '2648712000147',
        (SELECT "ID_Combustivel" FROM public."COMBUSTIVEL" WHERE "Nome" = 'DIESEL S10'))
ON CONFLICT DO NOTHING;


INSERT INTO public."PRECO_COLETADO" ("Preco", "UnidadeMedida", "DataColeta", "PostoCNPJ", "CombustivelID")
VALUES (5.990, 'R$ / litro', '2024-07-16', '2648712000147',
        (SELECT "ID_Combustivel" FROM public."COMBUSTIVEL" WHERE "Nome" = 'DIESEL S10'))
ON CONFLICT DO NOTHING;


INSERT INTO public."PRECO_COLETADO" ("Preco", "UnidadeMedida", "DataColeta", "PostoCNPJ", "CombustivelID")
VALUES (5.990, 'R$ / litro', '2024-07-22', '2648712000147',
        (SELECT "ID_Combustivel" FROM public."COMBUSTIVEL" WHERE "Nome" = 'DIESEL S10'))
ON CONFLICT DO NOTHING;


INSERT INTO public."PRECO_COLETADO" ("Preco", "UnidadeMedida", "DataColeta", "PostoCNPJ", "CombustivelID")
VALUES (5.990, 'R$ / litro', '2024-07-29', '2648712000147',
        (SELECT "ID_Combustivel" FROM public."COMBUSTIVEL" WHERE "Nome" = 'DIESEL S10'))
ON CONFLICT DO NOTHING;


INSERT INTO public."PRECO_COLETADO" ("Preco", "UnidadeMedida", "DataColeta", "PostoCNPJ", "CombustivelID")
VALUES (5.990, 'R$ / litro', '2024-08-05', '2648712000147',
        (SELECT "ID_Combustivel" FROM public."COMBUSTIVEL" WHERE "Nome" = 'DIESEL S10'))
ON CONFLICT DO NOTHING;


INSERT INTO public."PRECO_COLETADO" ("Preco", "UnidadeMedida", "DataColeta", "PostoCNPJ", "CombustivelID")
VALUES (5.990, 'R$ / litro', '2024-08-12', '2648712000147',
        (SELECT "ID_Combustivel" FROM public."COMBUSTIVEL" WHERE "Nome" = 'DIESEL S10'))
ON CONFLICT DO NOTHING;


INSERT INTO public."PRECO_COLETADO" ("Preco", "UnidadeMedida", "DataColeta", "PostoCNPJ", "CombustivelID")
VALUES (5.990, 'R$ / litro', '2024-08-20', '2648712000147',
        (SELECT "ID_Combustivel" FROM public."COMBUSTIVEL" WHERE "Nome" = 'DIESEL S10'))
ON CONFLICT DO NOTHING;


INSERT INTO public."PRECO_COLETADO" ("Preco", "UnidadeMedida", "DataColeta", "PostoCNPJ", "CombustivelID")
VALUES (5.990, 'R$ / litro', '2024-08-26', '2648712000147',
        (SELECT "ID_Combustivel" FROM public."COMBUSTIVEL" WHERE "Nome" = 'DIESEL S10'))
ON CONFLICT DO NOTHING;


INSERT INTO public."PRECO_COLETADO" ("Preco", "UnidadeMedida", "DataColeta", "PostoCNPJ", "CombustivelID")
VALUES (5.990, 'R$ / litro', '2024-09-02', '2648712000147',
        (SELECT "ID_Combustivel" FROM public."COMBUSTIVEL" WHERE "Nome" = 'DIESEL S10'))
ON CONFLICT DO NOTHING;


INSERT INTO public."COMBUSTIVEL" ("Nome")
VALUES ('GASOLINA ADITIVADA')
ON CONFLICT ("Nome") DO NOTHING;


INSERT INTO public."PRECO_COLETADO" ("Preco", "UnidadeMedida", "DataColeta", "PostoCNPJ", "CombustivelID")
VALUES (4.990, 'R$ / litro', '2022-10-24', '2648712000147',
        (SELECT "ID_Combustivel" FROM public."COMBUSTIVEL" WHERE "Nome" = 'GASOLINA ADITIVADA'))
ON CONFLICT DO NOTHING;


INSERT INTO public."PRECO_COLETADO" ("Preco", "UnidadeMedida", "DataColeta", "PostoCNPJ", "CombustivelID")
VALUES (4.990, 'R$ / litro', '2022-10-31', '2648712000147',
        (SELECT "ID_Combustivel" FROM public."COMBUSTIVEL" WHERE "Nome" = 'GASOLINA ADITIVADA'))
ON CONFLICT DO NOTHING;


INSERT INTO public."PRECO_COLETADO" ("Preco", "UnidadeMedida", "DataColeta", "PostoCNPJ", "CombustivelID")
VALUES (5.120, 'R$ / litro', '2022-11-14', '2648712000147',
        (SELECT "ID_Combustivel" FROM public."COMBUSTIVEL" WHERE "Nome" = 'GASOLINA ADITIVADA'))
ON CONFLICT DO NOTHING;


INSERT INTO public."PRECO_COLETADO" ("Preco", "UnidadeMedida", "DataColeta", "PostoCNPJ", "CombustivelID")
VALUES (5.120, 'R$ / litro', '2022-11-22', '2648712000147',
        (SELECT "ID_Combustivel" FROM public."COMBUSTIVEL" WHERE "Nome" = 'GASOLINA ADITIVADA'))
ON CONFLICT DO NOTHING;


INSERT INTO public."PRECO_COLETADO" ("Preco", "UnidadeMedida", "DataColeta", "PostoCNPJ", "CombustivelID")
VALUES (5.120, 'R$ / litro', '2022-12-05', '2648712000147',
        (SELECT "ID_Combustivel" FROM public."COMBUSTIVEL" WHERE "Nome" = 'GASOLINA ADITIVADA'))
ON CONFLICT DO NOTHING;


INSERT INTO public."PRECO_COLETADO" ("Preco", "UnidadeMedida", "DataColeta", "PostoCNPJ", "CombustivelID")
VALUES (5.120, 'R$ / litro', '2022-12-12', '2648712000147',
        (SELECT "ID_Combustivel" FROM public."COMBUSTIVEL" WHERE "Nome" = 'GASOLINA ADITIVADA'))
ON CONFLICT DO NOTHING;


INSERT INTO public."PRECO_COLETADO" ("Preco", "UnidadeMedida", "DataColeta", "PostoCNPJ", "CombustivelID")
VALUES (5.090, 'R$ / litro', '2022-12-22', '2648712000147',
        (SELECT "ID_Combustivel" FROM public."COMBUSTIVEL" WHERE "Nome" = 'GASOLINA ADITIVADA'))
ON CONFLICT DO NOTHING;


INSERT INTO public."PRECO_COLETADO" ("Preco", "UnidadeMedida", "DataColeta", "PostoCNPJ", "CombustivelID")
VALUES (5.090, 'R$ / litro', '2022-12-26', '2648712000147',
        (SELECT "ID_Combustivel" FROM public."COMBUSTIVEL" WHERE "Nome" = 'GASOLINA ADITIVADA'))
ON CONFLICT DO NOTHING;


INSERT INTO public."PRECO_COLETADO" ("Preco", "UnidadeMedida", "DataColeta", "PostoCNPJ", "CombustivelID")
VALUES (4.990, 'R$ / litro', '2023-01-03', '2648712000147',
        (SELECT "ID_Combustivel" FROM public."COMBUSTIVEL" WHERE "Nome" = 'GASOLINA ADITIVADA'))
ON CONFLICT DO NOTHING;


INSERT INTO public."PRECO_COLETADO" ("Preco", "UnidadeMedida", "DataColeta", "PostoCNPJ", "CombustivelID")
VALUES (4.990, 'R$ / litro', '2023-01-09', '2648712000147',
        (SELECT "ID_Combustivel" FROM public."COMBUSTIVEL" WHERE "Nome" = 'GASOLINA ADITIVADA'))
ON CONFLICT DO NOTHING;


INSERT INTO public."PRECO_COLETADO" ("Preco", "UnidadeMedida", "DataColeta", "PostoCNPJ", "CombustivelID")
VALUES (4.990, 'R$ / litro', '2023-01-16', '2648712000147',
        (SELECT "ID_Combustivel" FROM public."COMBUSTIVEL" WHERE "Nome" = 'GASOLINA ADITIVADA'))
ON CONFLICT DO NOTHING;


INSERT INTO public."PRECO_COLETADO" ("Preco", "UnidadeMedida", "DataColeta", "PostoCNPJ", "CombustivelID")
VALUES (4.990, 'R$ / litro', '2023-01-23', '2648712000147',
        (SELECT "ID_Combustivel" FROM public."COMBUSTIVEL" WHERE "Nome" = 'GASOLINA ADITIVADA'))
ON CONFLICT DO NOTHING;


INSERT INTO public."PRECO_COLETADO" ("Preco", "UnidadeMedida", "DataColeta", "PostoCNPJ", "CombustivelID")
VALUES (5.290, 'R$ / litro', '2023-01-30', '2648712000147',
        (SELECT "ID_Combustivel" FROM public."COMBUSTIVEL" WHERE "Nome" = 'GASOLINA ADITIVADA'))
ON CONFLICT DO NOTHING;


INSERT INTO public."PRECO_COLETADO" ("Preco", "UnidadeMedida", "DataColeta", "PostoCNPJ", "CombustivelID")
VALUES (5.290, 'R$ / litro', '2023-02-06', '2648712000147',
        (SELECT "ID_Combustivel" FROM public."COMBUSTIVEL" WHERE "Nome" = 'GASOLINA ADITIVADA'))
ON CONFLICT DO NOTHING;


INSERT INTO public."PRECO_COLETADO" ("Preco", "UnidadeMedida", "DataColeta", "PostoCNPJ", "CombustivelID")
VALUES (5.190, 'R$ / litro', '2023-02-13', '2648712000147',
        (SELECT "ID_Combustivel" FROM public."COMBUSTIVEL" WHERE "Nome" = 'GASOLINA ADITIVADA'))
ON CONFLICT DO NOTHING;


INSERT INTO public."PRECO_COLETADO" ("Preco", "UnidadeMedida", "DataColeta", "PostoCNPJ", "CombustivelID")
VALUES (5.090, 'R$ / litro', '2023-02-20', '2648712000147',
        (SELECT "ID_Combustivel" FROM public."COMBUSTIVEL" WHERE "Nome" = 'GASOLINA ADITIVADA'))
ON CONFLICT DO NOTHING;


INSERT INTO public."PRECO_COLETADO" ("Preco", "UnidadeMedida", "DataColeta", "PostoCNPJ", "CombustivelID")
VALUES (5.140, 'R$ / litro', '2023-02-27', '2648712000147',
        (SELECT "ID_Combustivel" FROM public."COMBUSTIVEL" WHERE "Nome" = 'GASOLINA ADITIVADA'))
ON CONFLICT DO NOTHING;


INSERT INTO public."PRECO_COLETADO" ("Preco", "UnidadeMedida", "DataColeta", "PostoCNPJ", "CombustivelID")
VALUES (5.860, 'R$ / litro', '2023-03-06', '2648712000147',
        (SELECT "ID_Combustivel" FROM public."COMBUSTIVEL" WHERE "Nome" = 'GASOLINA ADITIVADA'))
ON CONFLICT DO NOTHING;


INSERT INTO public."PRECO_COLETADO" ("Preco", "UnidadeMedida", "DataColeta", "PostoCNPJ", "CombustivelID")
VALUES (5.670, 'R$ / litro', '2023-03-16', '2648712000147',
        (SELECT "ID_Combustivel" FROM public."COMBUSTIVEL" WHERE "Nome" = 'GASOLINA ADITIVADA'))
ON CONFLICT DO NOTHING;


INSERT INTO public."PRECO_COLETADO" ("Preco", "UnidadeMedida", "DataColeta", "PostoCNPJ", "CombustivelID")
VALUES (5.670, 'R$ / litro', '2023-03-21', '2648712000147',
        (SELECT "ID_Combustivel" FROM public."COMBUSTIVEL" WHERE "Nome" = 'GASOLINA ADITIVADA'))
ON CONFLICT DO NOTHING;


INSERT INTO public."PRECO_COLETADO" ("Preco", "UnidadeMedida", "DataColeta", "PostoCNPJ", "CombustivelID")
VALUES (5.670, 'R$ / litro', '2023-03-27', '2648712000147',
        (SELECT "ID_Combustivel" FROM public."COMBUSTIVEL" WHERE "Nome" = 'GASOLINA ADITIVADA'))
ON CONFLICT DO NOTHING;


INSERT INTO public."PRECO_COLETADO" ("Preco", "UnidadeMedida", "DataColeta", "PostoCNPJ", "CombustivelID")
VALUES (5.570, 'R$ / litro', '2023-04-04', '2648712000147',
        (SELECT "ID_Combustivel" FROM public."COMBUSTIVEL" WHERE "Nome" = 'GASOLINA ADITIVADA'))
ON CONFLICT DO NOTHING;


INSERT INTO public."PRECO_COLETADO" ("Preco", "UnidadeMedida", "DataColeta", "PostoCNPJ", "CombustivelID")
VALUES (5.570, 'R$ / litro', '2023-04-11', '2648712000147',
        (SELECT "ID_Combustivel" FROM public."COMBUSTIVEL" WHERE "Nome" = 'GASOLINA ADITIVADA'))
ON CONFLICT DO NOTHING;


INSERT INTO public."PRECO_COLETADO" ("Preco", "UnidadeMedida", "DataColeta", "PostoCNPJ", "CombustivelID")
VALUES (5.670, 'R$ / litro', '2023-04-17', '2648712000147',
        (SELECT "ID_Combustivel" FROM public."COMBUSTIVEL" WHERE "Nome" = 'GASOLINA ADITIVADA'))
ON CONFLICT DO NOTHING;


INSERT INTO public."PRECO_COLETADO" ("Preco", "UnidadeMedida", "DataColeta", "PostoCNPJ", "CombustivelID")
VALUES (5.670, 'R$ / litro', '2023-04-24', '2648712000147',
        (SELECT "ID_Combustivel" FROM public."COMBUSTIVEL" WHERE "Nome" = 'GASOLINA ADITIVADA'))
ON CONFLICT DO NOTHING;


INSERT INTO public."PRECO_COLETADO" ("Preco", "UnidadeMedida", "DataColeta", "PostoCNPJ", "CombustivelID")
VALUES (5.570, 'R$ / litro', '2023-05-09', '2648712000147',
        (SELECT "ID_Combustivel" FROM public."COMBUSTIVEL" WHERE "Nome" = 'GASOLINA ADITIVADA'))
ON CONFLICT DO NOTHING;


INSERT INTO public."PRECO_COLETADO" ("Preco", "UnidadeMedida", "DataColeta", "PostoCNPJ", "CombustivelID")
VALUES (5.570, 'R$ / litro', '2023-05-15', '2648712000147',
        (SELECT "ID_Combustivel" FROM public."COMBUSTIVEL" WHERE "Nome" = 'GASOLINA ADITIVADA'))
ON CONFLICT DO NOTHING;


INSERT INTO public."PRECO_COLETADO" ("Preco", "UnidadeMedida", "DataColeta", "PostoCNPJ", "CombustivelID")
VALUES (5.290, 'R$ / litro', '2023-05-23', '2648712000147',
        (SELECT "ID_Combustivel" FROM public."COMBUSTIVEL" WHERE "Nome" = 'GASOLINA ADITIVADA'))
ON CONFLICT DO NOTHING;


INSERT INTO public."PRECO_COLETADO" ("Preco", "UnidadeMedida", "DataColeta", "PostoCNPJ", "CombustivelID")
VALUES (5.190, 'R$ / litro', '2023-05-29', '2648712000147',
        (SELECT "ID_Combustivel" FROM public."COMBUSTIVEL" WHERE "Nome" = 'GASOLINA ADITIVADA'))
ON CONFLICT DO NOTHING;


INSERT INTO public."PRECO_COLETADO" ("Preco", "UnidadeMedida", "DataColeta", "PostoCNPJ", "CombustivelID")
VALUES (5.570, 'R$ / litro', '2023-06-05', '2648712000147',
        (SELECT "ID_Combustivel" FROM public."COMBUSTIVEL" WHERE "Nome" = 'GASOLINA ADITIVADA'))
ON CONFLICT DO NOTHING;


INSERT INTO public."PRECO_COLETADO" ("Preco", "UnidadeMedida", "DataColeta", "PostoCNPJ", "CombustivelID")
VALUES (5.540, 'R$ / litro', '2023-06-13', '2648712000147',
        (SELECT "ID_Combustivel" FROM public."COMBUSTIVEL" WHERE "Nome" = 'GASOLINA ADITIVADA'))
ON CONFLICT DO NOTHING;


INSERT INTO public."PRECO_COLETADO" ("Preco", "UnidadeMedida", "DataColeta", "PostoCNPJ", "CombustivelID")
VALUES (5.460, 'R$ / litro', '2023-06-20', '2648712000147',
        (SELECT "ID_Combustivel" FROM public."COMBUSTIVEL" WHERE "Nome" = 'GASOLINA ADITIVADA'))
ON CONFLICT DO NOTHING;


INSERT INTO public."PRECO_COLETADO" ("Preco", "UnidadeMedida", "DataColeta", "PostoCNPJ", "CombustivelID")
VALUES (5.370, 'R$ / litro', '2023-06-27', '2648712000147',
        (SELECT "ID_Combustivel" FROM public."COMBUSTIVEL" WHERE "Nome" = 'GASOLINA ADITIVADA'))
ON CONFLICT DO NOTHING;


INSERT INTO public."PRECO_COLETADO" ("Preco", "UnidadeMedida", "DataColeta", "PostoCNPJ", "CombustivelID")
VALUES (5.880, 'R$ / litro', '2023-07-04', '2648712000147',
        (SELECT "ID_Combustivel" FROM public."COMBUSTIVEL" WHERE "Nome" = 'GASOLINA ADITIVADA'))
ON CONFLICT DO NOTHING;


INSERT INTO public."PRECO_COLETADO" ("Preco", "UnidadeMedida", "DataColeta", "PostoCNPJ", "CombustivelID")
VALUES (5.780, 'R$ / litro', '2023-07-10', '2648712000147',
        (SELECT "ID_Combustivel" FROM public."COMBUSTIVEL" WHERE "Nome" = 'GASOLINA ADITIVADA'))
ON CONFLICT DO NOTHING;


INSERT INTO public."PRECO_COLETADO" ("Preco", "UnidadeMedida", "DataColeta", "PostoCNPJ", "CombustivelID")
VALUES (5.780, 'R$ / litro', '2023-07-17', '2648712000147',
        (SELECT "ID_Combustivel" FROM public."COMBUSTIVEL" WHERE "Nome" = 'GASOLINA ADITIVADA'))
ON CONFLICT DO NOTHING;


INSERT INTO public."PRECO_COLETADO" ("Preco", "UnidadeMedida", "DataColeta", "PostoCNPJ", "CombustivelID")
VALUES (5.680, 'R$ / litro', '2023-07-24', '2648712000147',
        (SELECT "ID_Combustivel" FROM public."COMBUSTIVEL" WHERE "Nome" = 'GASOLINA ADITIVADA'))
ON CONFLICT DO NOTHING;


INSERT INTO public."PRECO_COLETADO" ("Preco", "UnidadeMedida", "DataColeta", "PostoCNPJ", "CombustivelID")
VALUES (5.680, 'R$ / litro', '2023-07-31', '2648712000147',
        (SELECT "ID_Combustivel" FROM public."COMBUSTIVEL" WHERE "Nome" = 'GASOLINA ADITIVADA'))
ON CONFLICT DO NOTHING;


INSERT INTO public."PRECO_COLETADO" ("Preco", "UnidadeMedida", "DataColeta", "PostoCNPJ", "CombustivelID")
VALUES (5.520, 'R$ / litro', '2023-08-15', '2648712000147',
        (SELECT "ID_Combustivel" FROM public."COMBUSTIVEL" WHERE "Nome" = 'GASOLINA ADITIVADA'))
ON CONFLICT DO NOTHING;


INSERT INTO public."PRECO_COLETADO" ("Preco", "UnidadeMedida", "DataColeta", "PostoCNPJ", "CombustivelID")
VALUES (5.990, 'R$ / litro', '2023-08-22', '2648712000147',
        (SELECT "ID_Combustivel" FROM public."COMBUSTIVEL" WHERE "Nome" = 'GASOLINA ADITIVADA'))
ON CONFLICT DO NOTHING;


INSERT INTO public."PRECO_COLETADO" ("Preco", "UnidadeMedida", "DataColeta", "PostoCNPJ", "CombustivelID")
VALUES (5.990, 'R$ / litro', '2023-08-30', '2648712000147',
        (SELECT "ID_Combustivel" FROM public."COMBUSTIVEL" WHERE "Nome" = 'GASOLINA ADITIVADA'))
ON CONFLICT DO NOTHING;


INSERT INTO public."PRECO_COLETADO" ("Preco", "UnidadeMedida", "DataColeta", "PostoCNPJ", "CombustivelID")
VALUES (5.990, 'R$ / litro', '2023-09-07', '2648712000147',
        (SELECT "ID_Combustivel" FROM public."COMBUSTIVEL" WHERE "Nome" = 'GASOLINA ADITIVADA'))
ON CONFLICT DO NOTHING;


INSERT INTO public."PRECO_COLETADO" ("Preco", "UnidadeMedida", "DataColeta", "PostoCNPJ", "CombustivelID")
VALUES (5.990, 'R$ / litro', '2023-09-12', '2648712000147',
        (SELECT "ID_Combustivel" FROM public."COMBUSTIVEL" WHERE "Nome" = 'GASOLINA ADITIVADA'))
ON CONFLICT DO NOTHING;


INSERT INTO public."PRECO_COLETADO" ("Preco", "UnidadeMedida", "DataColeta", "PostoCNPJ", "CombustivelID")
VALUES (5.990, 'R$ / litro', '2023-09-19', '2648712000147',
        (SELECT "ID_Combustivel" FROM public."COMBUSTIVEL" WHERE "Nome" = 'GASOLINA ADITIVADA'))
ON CONFLICT DO NOTHING;


INSERT INTO public."PRECO_COLETADO" ("Preco", "UnidadeMedida", "DataColeta", "PostoCNPJ", "CombustivelID")
VALUES (5.790, 'R$ / litro', '2023-09-26', '2648712000147',
        (SELECT "ID_Combustivel" FROM public."COMBUSTIVEL" WHERE "Nome" = 'GASOLINA ADITIVADA'))
ON CONFLICT DO NOTHING;


INSERT INTO public."PRECO_COLETADO" ("Preco", "UnidadeMedida", "DataColeta", "PostoCNPJ", "CombustivelID")
VALUES (5.790, 'R$ / litro', '2023-10-03', '2648712000147',
        (SELECT "ID_Combustivel" FROM public."COMBUSTIVEL" WHERE "Nome" = 'GASOLINA ADITIVADA'))
ON CONFLICT DO NOTHING;


INSERT INTO public."PRECO_COLETADO" ("Preco", "UnidadeMedida", "DataColeta", "PostoCNPJ", "CombustivelID")
VALUES (5.790, 'R$ / litro', '2023-10-10', '2648712000147',
        (SELECT "ID_Combustivel" FROM public."COMBUSTIVEL" WHERE "Nome" = 'GASOLINA ADITIVADA'))
ON CONFLICT DO NOTHING;


INSERT INTO public."PRECO_COLETADO" ("Preco", "UnidadeMedida", "DataColeta", "PostoCNPJ", "CombustivelID")
VALUES (5.790, 'R$ / litro', '2023-10-16', '2648712000147',
        (SELECT "ID_Combustivel" FROM public."COMBUSTIVEL" WHERE "Nome" = 'GASOLINA ADITIVADA'))
ON CONFLICT DO NOTHING;


INSERT INTO public."PRECO_COLETADO" ("Preco", "UnidadeMedida", "DataColeta", "PostoCNPJ", "CombustivelID")
VALUES (5.790, 'R$ / litro', '2023-10-24', '2648712000147',
        (SELECT "ID_Combustivel" FROM public."COMBUSTIVEL" WHERE "Nome" = 'GASOLINA ADITIVADA'))
ON CONFLICT DO NOTHING;


INSERT INTO public."PRECO_COLETADO" ("Preco", "UnidadeMedida", "DataColeta", "PostoCNPJ", "CombustivelID")
VALUES (5.790, 'R$ / litro', '2023-10-31', '2648712000147',
        (SELECT "ID_Combustivel" FROM public."COMBUSTIVEL" WHERE "Nome" = 'GASOLINA ADITIVADA'))
ON CONFLICT DO NOTHING;


INSERT INTO public."PRECO_COLETADO" ("Preco", "UnidadeMedida", "DataColeta", "PostoCNPJ", "CombustivelID")
VALUES (5.790, 'R$ / litro', '2023-11-07', '2648712000147',
        (SELECT "ID_Combustivel" FROM public."COMBUSTIVEL" WHERE "Nome" = 'GASOLINA ADITIVADA'))
ON CONFLICT DO NOTHING;


INSERT INTO public."PRECO_COLETADO" ("Preco", "UnidadeMedida", "DataColeta", "PostoCNPJ", "CombustivelID")
VALUES (5.790, 'R$ / litro', '2023-11-14', '2648712000147',
        (SELECT "ID_Combustivel" FROM public."COMBUSTIVEL" WHERE "Nome" = 'GASOLINA ADITIVADA'))
ON CONFLICT DO NOTHING;


INSERT INTO public."PRECO_COLETADO" ("Preco", "UnidadeMedida", "DataColeta", "PostoCNPJ", "CombustivelID")
VALUES (5.790, 'R$ / litro', '2023-11-21', '2648712000147',
        (SELECT "ID_Combustivel" FROM public."COMBUSTIVEL" WHERE "Nome" = 'GASOLINA ADITIVADA'))
ON CONFLICT DO NOTHING;


INSERT INTO public."PRECO_COLETADO" ("Preco", "UnidadeMedida", "DataColeta", "PostoCNPJ", "CombustivelID")
VALUES (5.590, 'R$ / litro', '2023-11-28', '2648712000147',
        (SELECT "ID_Combustivel" FROM public."COMBUSTIVEL" WHERE "Nome" = 'GASOLINA ADITIVADA'))
ON CONFLICT DO NOTHING;


INSERT INTO public."PRECO_COLETADO" ("Preco", "UnidadeMedida", "DataColeta", "PostoCNPJ", "CombustivelID")
VALUES (5.590, 'R$ / litro', '2023-12-06', '2648712000147',
        (SELECT "ID_Combustivel" FROM public."COMBUSTIVEL" WHERE "Nome" = 'GASOLINA ADITIVADA'))
ON CONFLICT DO NOTHING;


INSERT INTO public."PRECO_COLETADO" ("Preco", "UnidadeMedida", "DataColeta", "PostoCNPJ", "CombustivelID")
VALUES (5.590, 'R$ / litro', '2023-12-13', '2648712000147',
        (SELECT "ID_Combustivel" FROM public."COMBUSTIVEL" WHERE "Nome" = 'GASOLINA ADITIVADA'))
ON CONFLICT DO NOTHING;


INSERT INTO public."PRECO_COLETADO" ("Preco", "UnidadeMedida", "DataColeta", "PostoCNPJ", "CombustivelID")
VALUES (5.590, 'R$ / litro', '2023-12-26', '2648712000147',
        (SELECT "ID_Combustivel" FROM public."COMBUSTIVEL" WHERE "Nome" = 'GASOLINA ADITIVADA'))
ON CONFLICT DO NOTHING;


INSERT INTO public."PRECO_COLETADO" ("Preco", "UnidadeMedida", "DataColeta", "PostoCNPJ", "CombustivelID")
VALUES (5.490, 'R$ / litro', '2024-01-03', '2648712000147',
        (SELECT "ID_Combustivel" FROM public."COMBUSTIVEL" WHERE "Nome" = 'GASOLINA ADITIVADA'))
ON CONFLICT DO NOTHING;


INSERT INTO public."PRECO_COLETADO" ("Preco", "UnidadeMedida", "DataColeta", "PostoCNPJ", "CombustivelID")
VALUES (5.490, 'R$ / litro', '2024-01-08', '2648712000147',
        (SELECT "ID_Combustivel" FROM public."COMBUSTIVEL" WHERE "Nome" = 'GASOLINA ADITIVADA'))
ON CONFLICT DO NOTHING;


INSERT INTO public."PRECO_COLETADO" ("Preco", "UnidadeMedida", "DataColeta", "PostoCNPJ", "CombustivelID")
VALUES (5.490, 'R$ / litro', '2024-01-15', '2648712000147',
        (SELECT "ID_Combustivel" FROM public."COMBUSTIVEL" WHERE "Nome" = 'GASOLINA ADITIVADA'))
ON CONFLICT DO NOTHING;


INSERT INTO public."PRECO_COLETADO" ("Preco", "UnidadeMedida", "DataColeta", "PostoCNPJ", "CombustivelID")
VALUES (5.490, 'R$ / litro', '2024-01-22', '2648712000147',
        (SELECT "ID_Combustivel" FROM public."COMBUSTIVEL" WHERE "Nome" = 'GASOLINA ADITIVADA'))
ON CONFLICT DO NOTHING;


INSERT INTO public."PRECO_COLETADO" ("Preco", "UnidadeMedida", "DataColeta", "PostoCNPJ", "CombustivelID")
VALUES (5.390, 'R$ / litro', '2024-01-29', '2648712000147',
        (SELECT "ID_Combustivel" FROM public."COMBUSTIVEL" WHERE "Nome" = 'GASOLINA ADITIVADA'))
ON CONFLICT DO NOTHING;


INSERT INTO public."PRECO_COLETADO" ("Preco", "UnidadeMedida", "DataColeta", "PostoCNPJ", "CombustivelID")
VALUES (5.770, 'R$ / litro', '2024-02-05', '2648712000147',
        (SELECT "ID_Combustivel" FROM public."COMBUSTIVEL" WHERE "Nome" = 'GASOLINA ADITIVADA'))
ON CONFLICT DO NOTHING;


INSERT INTO public."PRECO_COLETADO" ("Preco", "UnidadeMedida", "DataColeta", "PostoCNPJ", "CombustivelID")
VALUES (5.770, 'R$ / litro', '2024-02-12', '2648712000147',
        (SELECT "ID_Combustivel" FROM public."COMBUSTIVEL" WHERE "Nome" = 'GASOLINA ADITIVADA'))
ON CONFLICT DO NOTHING;


INSERT INTO public."PRECO_COLETADO" ("Preco", "UnidadeMedida", "DataColeta", "PostoCNPJ", "CombustivelID")
VALUES (5.770, 'R$ / litro', '2024-02-19', '2648712000147',
        (SELECT "ID_Combustivel" FROM public."COMBUSTIVEL" WHERE "Nome" = 'GASOLINA ADITIVADA'))
ON CONFLICT DO NOTHING;


INSERT INTO public."PRECO_COLETADO" ("Preco", "UnidadeMedida", "DataColeta", "PostoCNPJ", "CombustivelID")
VALUES (5.770, 'R$ / litro', '2024-03-04', '2648712000147',
        (SELECT "ID_Combustivel" FROM public."COMBUSTIVEL" WHERE "Nome" = 'GASOLINA ADITIVADA'))
ON CONFLICT DO NOTHING;


INSERT INTO public."PRECO_COLETADO" ("Preco", "UnidadeMedida", "DataColeta", "PostoCNPJ", "CombustivelID")
VALUES (5.770, 'R$ / litro', '2024-03-11', '2648712000147',
        (SELECT "ID_Combustivel" FROM public."COMBUSTIVEL" WHERE "Nome" = 'GASOLINA ADITIVADA'))
ON CONFLICT DO NOTHING;


INSERT INTO public."PRECO_COLETADO" ("Preco", "UnidadeMedida", "DataColeta", "PostoCNPJ", "CombustivelID")
VALUES (5.770, 'R$ / litro', '2024-03-25', '2648712000147',
        (SELECT "ID_Combustivel" FROM public."COMBUSTIVEL" WHERE "Nome" = 'GASOLINA ADITIVADA'))
ON CONFLICT DO NOTHING;


INSERT INTO public."PRECO_COLETADO" ("Preco", "UnidadeMedida", "DataColeta", "PostoCNPJ", "CombustivelID")
VALUES (5.770, 'R$ / litro', '2024-04-02', '2648712000147',
        (SELECT "ID_Combustivel" FROM public."COMBUSTIVEL" WHERE "Nome" = 'GASOLINA ADITIVADA'))
ON CONFLICT DO NOTHING;


INSERT INTO public."PRECO_COLETADO" ("Preco", "UnidadeMedida", "DataColeta", "PostoCNPJ", "CombustivelID")
VALUES (5.770, 'R$ / litro', '2024-04-15', '2648712000147',
        (SELECT "ID_Combustivel" FROM public."COMBUSTIVEL" WHERE "Nome" = 'GASOLINA ADITIVADA'))
ON CONFLICT DO NOTHING;


INSERT INTO public."PRECO_COLETADO" ("Preco", "UnidadeMedida", "DataColeta", "PostoCNPJ", "CombustivelID")
VALUES (5.770, 'R$ / litro', '2024-04-22', '2648712000147',
        (SELECT "ID_Combustivel" FROM public."COMBUSTIVEL" WHERE "Nome" = 'GASOLINA ADITIVADA'))
ON CONFLICT DO NOTHING;


INSERT INTO public."PRECO_COLETADO" ("Preco", "UnidadeMedida", "DataColeta", "PostoCNPJ", "CombustivelID")
VALUES (5.840, 'R$ / litro', '2024-04-29', '2648712000147',
        (SELECT "ID_Combustivel" FROM public."COMBUSTIVEL" WHERE "Nome" = 'GASOLINA ADITIVADA'))
ON CONFLICT DO NOTHING;


INSERT INTO public."PRECO_COLETADO" ("Preco", "UnidadeMedida", "DataColeta", "PostoCNPJ", "CombustivelID")
VALUES (5.970, 'R$ / litro', '2024-05-06', '2648712000147',
        (SELECT "ID_Combustivel" FROM public."COMBUSTIVEL" WHERE "Nome" = 'GASOLINA ADITIVADA'))
ON CONFLICT DO NOTHING;


INSERT INTO public."PRECO_COLETADO" ("Preco", "UnidadeMedida", "DataColeta", "PostoCNPJ", "CombustivelID")
VALUES (5.970, 'R$ / litro', '2024-05-20', '2648712000147',
        (SELECT "ID_Combustivel" FROM public."COMBUSTIVEL" WHERE "Nome" = 'GASOLINA ADITIVADA'))
ON CONFLICT DO NOTHING;


INSERT INTO public."PRECO_COLETADO" ("Preco", "UnidadeMedida", "DataColeta", "PostoCNPJ", "CombustivelID")
VALUES (5.890, 'R$ / litro', '2024-05-27', '2648712000147',
        (SELECT "ID_Combustivel" FROM public."COMBUSTIVEL" WHERE "Nome" = 'GASOLINA ADITIVADA'))
ON CONFLICT DO NOTHING;


INSERT INTO public."PRECO_COLETADO" ("Preco", "UnidadeMedida", "DataColeta", "PostoCNPJ", "CombustivelID")
VALUES (5.890, 'R$ / litro', '2024-06-03', '2648712000147',
        (SELECT "ID_Combustivel" FROM public."COMBUSTIVEL" WHERE "Nome" = 'GASOLINA ADITIVADA'))
ON CONFLICT DO NOTHING;


INSERT INTO public."PRECO_COLETADO" ("Preco", "UnidadeMedida", "DataColeta", "PostoCNPJ", "CombustivelID")
VALUES (5.890, 'R$ / litro', '2024-06-17', '2648712000147',
        (SELECT "ID_Combustivel" FROM public."COMBUSTIVEL" WHERE "Nome" = 'GASOLINA ADITIVADA'))
ON CONFLICT DO NOTHING;


INSERT INTO public."PRECO_COLETADO" ("Preco", "UnidadeMedida", "DataColeta", "PostoCNPJ", "CombustivelID")
VALUES (5.890, 'R$ / litro', '2024-06-24', '2648712000147',
        (SELECT "ID_Combustivel" FROM public."COMBUSTIVEL" WHERE "Nome" = 'GASOLINA ADITIVADA'))
ON CONFLICT DO NOTHING;


INSERT INTO public."PRECO_COLETADO" ("Preco", "UnidadeMedida", "DataColeta", "PostoCNPJ", "CombustivelID")
VALUES (5.890, 'R$ / litro', '2024-07-01', '2648712000147',
        (SELECT "ID_Combustivel" FROM public."COMBUSTIVEL" WHERE "Nome" = 'GASOLINA ADITIVADA'))
ON CONFLICT DO NOTHING;


INSERT INTO public."PRECO_COLETADO" ("Preco", "UnidadeMedida", "DataColeta", "PostoCNPJ", "CombustivelID")
VALUES (5.890, 'R$ / litro', '2024-07-09', '2648712000147',
        (SELECT "ID_Combustivel" FROM public."COMBUSTIVEL" WHERE "Nome" = 'GASOLINA ADITIVADA'))
ON CONFLICT DO NOTHING;


INSERT INTO public."PRECO_COLETADO" ("Preco", "UnidadeMedida", "DataColeta", "PostoCNPJ", "CombustivelID")
VALUES (6.290, 'R$ / litro', '2024-07-16', '2648712000147',
        (SELECT "ID_Combustivel" FROM public."COMBUSTIVEL" WHERE "Nome" = 'GASOLINA ADITIVADA'))
ON CONFLICT DO NOTHING;


INSERT INTO public."PRECO_COLETADO" ("Preco", "UnidadeMedida", "DataColeta", "PostoCNPJ", "CombustivelID")
VALUES (6.250, 'R$ / litro', '2024-07-22', '2648712000147',
        (SELECT "ID_Combustivel" FROM public."COMBUSTIVEL" WHERE "Nome" = 'GASOLINA ADITIVADA'))
ON CONFLICT DO NOTHING;


INSERT INTO public."PRECO_COLETADO" ("Preco", "UnidadeMedida", "DataColeta", "PostoCNPJ", "CombustivelID")
VALUES (6.250, 'R$ / litro', '2024-07-29', '2648712000147',
        (SELECT "ID_Combustivel" FROM public."COMBUSTIVEL" WHERE "Nome" = 'GASOLINA ADITIVADA'))
ON CONFLICT DO NOTHING;


INSERT INTO public."PRECO_COLETADO" ("Preco", "UnidadeMedida", "DataColeta", "PostoCNPJ", "CombustivelID")
VALUES (6.250, 'R$ / litro', '2024-08-05', '2648712000147',
        (SELECT "ID_Combustivel" FROM public."COMBUSTIVEL" WHERE "Nome" = 'GASOLINA ADITIVADA'))
ON CONFLICT DO NOTHING;


INSERT INTO public."PRECO_COLETADO" ("Preco", "UnidadeMedida", "DataColeta", "PostoCNPJ", "CombustivelID")
VALUES (6.200, 'R$ / litro', '2024-08-12', '2648712000147',
        (SELECT "ID_Combustivel" FROM public."COMBUSTIVEL" WHERE "Nome" = 'GASOLINA ADITIVADA'))
ON CONFLICT DO NOTHING;


INSERT INTO public."PRECO_COLETADO" ("Preco", "UnidadeMedida", "DataColeta", "PostoCNPJ", "CombustivelID")
VALUES (6.200, 'R$ / litro', '2024-08-20', '2648712000147',
        (SELECT "ID_Combustivel" FROM public."COMBUSTIVEL" WHERE "Nome" = 'GASOLINA ADITIVADA'))
ON CONFLICT DO NOTHING;


INSERT INTO public."PRECO_COLETADO" ("Preco", "UnidadeMedida", "DataColeta", "PostoCNPJ", "CombustivelID")
VALUES (6.200, 'R$ / litro', '2024-08-26', '2648712000147',
        (SELECT "ID_Combustivel" FROM public."COMBUSTIVEL" WHERE "Nome" = 'GASOLINA ADITIVADA'))
ON CONFLICT DO NOTHING;


INSERT INTO public."PRECO_COLETADO" ("Preco", "UnidadeMedida", "DataColeta", "PostoCNPJ", "CombustivelID")
VALUES (6.200, 'R$ / litro', '2024-09-02', '2648712000147',
        (SELECT "ID_Combustivel" FROM public."COMBUSTIVEL" WHERE "Nome" = 'GASOLINA ADITIVADA'))
ON CONFLICT DO NOTHING;


INSERT INTO public."COMBUSTIVEL" ("Nome")
VALUES ('GASOLINA COMUM')
ON CONFLICT ("Nome") DO NOTHING;


INSERT INTO public."PRECO_COLETADO" ("Preco", "UnidadeMedida", "DataColeta", "PostoCNPJ", "CombustivelID")
VALUES (4.790, 'R$ / litro', '2022-10-24', '2648712000147',
        (SELECT "ID_Combustivel" FROM public."COMBUSTIVEL" WHERE "Nome" = 'GASOLINA COMUM'))
ON CONFLICT DO NOTHING;


INSERT INTO public."PRECO_COLETADO" ("Preco", "UnidadeMedida", "DataColeta", "PostoCNPJ", "CombustivelID")
VALUES (4.790, 'R$ / litro', '2022-10-31', '2648712000147',
        (SELECT "ID_Combustivel" FROM public."COMBUSTIVEL" WHERE "Nome" = 'GASOLINA COMUM'))
ON CONFLICT DO NOTHING;


INSERT INTO public."PRECO_COLETADO" ("Preco", "UnidadeMedida", "DataColeta", "PostoCNPJ", "CombustivelID")
VALUES (4.990, 'R$ / litro', '2022-11-14', '2648712000147',
        (SELECT "ID_Combustivel" FROM public."COMBUSTIVEL" WHERE "Nome" = 'GASOLINA COMUM'))
ON CONFLICT DO NOTHING;


INSERT INTO public."PRECO_COLETADO" ("Preco", "UnidadeMedida", "DataColeta", "PostoCNPJ", "CombustivelID")
VALUES (4.970, 'R$ / litro', '2022-11-22', '2648712000147',
        (SELECT "ID_Combustivel" FROM public."COMBUSTIVEL" WHERE "Nome" = 'GASOLINA COMUM'))
ON CONFLICT DO NOTHING;


INSERT INTO public."PRECO_COLETADO" ("Preco", "UnidadeMedida", "DataColeta", "PostoCNPJ", "CombustivelID")
VALUES (4.970, 'R$ / litro', '2022-12-05', '2648712000147',
        (SELECT "ID_Combustivel" FROM public."COMBUSTIVEL" WHERE "Nome" = 'GASOLINA COMUM'))
ON CONFLICT DO NOTHING;


INSERT INTO public."PRECO_COLETADO" ("Preco", "UnidadeMedida", "DataColeta", "PostoCNPJ", "CombustivelID")
VALUES (4.970, 'R$ / litro', '2022-12-12', '2648712000147',
        (SELECT "ID_Combustivel" FROM public."COMBUSTIVEL" WHERE "Nome" = 'GASOLINA COMUM'))
ON CONFLICT DO NOTHING;


INSERT INTO public."PRECO_COLETADO" ("Preco", "UnidadeMedida", "DataColeta", "PostoCNPJ", "CombustivelID")
VALUES (4.870, 'R$ / litro', '2022-12-22', '2648712000147',
        (SELECT "ID_Combustivel" FROM public."COMBUSTIVEL" WHERE "Nome" = 'GASOLINA COMUM'))
ON CONFLICT DO NOTHING;


INSERT INTO public."PRECO_COLETADO" ("Preco", "UnidadeMedida", "DataColeta", "PostoCNPJ", "CombustivelID")
VALUES (4.880, 'R$ / litro', '2022-12-26', '2648712000147',
        (SELECT "ID_Combustivel" FROM public."COMBUSTIVEL" WHERE "Nome" = 'GASOLINA COMUM'))
ON CONFLICT DO NOTHING;


INSERT INTO public."PRECO_COLETADO" ("Preco", "UnidadeMedida", "DataColeta", "PostoCNPJ", "CombustivelID")
VALUES (4.880, 'R$ / litro', '2023-01-03', '2648712000147',
        (SELECT "ID_Combustivel" FROM public."COMBUSTIVEL" WHERE "Nome" = 'GASOLINA COMUM'))
ON CONFLICT DO NOTHING;


INSERT INTO public."PRECO_COLETADO" ("Preco", "UnidadeMedida", "DataColeta", "PostoCNPJ", "CombustivelID")
VALUES (4.880, 'R$ / litro', '2023-01-09', '2648712000147',
        (SELECT "ID_Combustivel" FROM public."COMBUSTIVEL" WHERE "Nome" = 'GASOLINA COMUM'))
ON CONFLICT DO NOTHING;


INSERT INTO public."PRECO_COLETADO" ("Preco", "UnidadeMedida", "DataColeta", "PostoCNPJ", "CombustivelID")
VALUES (4.890, 'R$ / litro', '2023-01-16', '2648712000147',
        (SELECT "ID_Combustivel" FROM public."COMBUSTIVEL" WHERE "Nome" = 'GASOLINA COMUM'))
ON CONFLICT DO NOTHING;


INSERT INTO public."PRECO_COLETADO" ("Preco", "UnidadeMedida", "DataColeta", "PostoCNPJ", "CombustivelID")
VALUES (4.890, 'R$ / litro', '2023-01-23', '2648712000147',
        (SELECT "ID_Combustivel" FROM public."COMBUSTIVEL" WHERE "Nome" = 'GASOLINA COMUM'))
ON CONFLICT DO NOTHING;


INSERT INTO public."PRECO_COLETADO" ("Preco", "UnidadeMedida", "DataColeta", "PostoCNPJ", "CombustivelID")
VALUES (5.090, 'R$ / litro', '2023-01-30', '2648712000147',
        (SELECT "ID_Combustivel" FROM public."COMBUSTIVEL" WHERE "Nome" = 'GASOLINA COMUM'))
ON CONFLICT DO NOTHING;


INSERT INTO public."PRECO_COLETADO" ("Preco", "UnidadeMedida", "DataColeta", "PostoCNPJ", "CombustivelID")
VALUES (5.090, 'R$ / litro', '2023-02-06', '2648712000147',
        (SELECT "ID_Combustivel" FROM public."COMBUSTIVEL" WHERE "Nome" = 'GASOLINA COMUM'))
ON CONFLICT DO NOTHING;


INSERT INTO public."PRECO_COLETADO" ("Preco", "UnidadeMedida", "DataColeta", "PostoCNPJ", "CombustivelID")
VALUES (4.990, 'R$ / litro', '2023-02-13', '2648712000147',
        (SELECT "ID_Combustivel" FROM public."COMBUSTIVEL" WHERE "Nome" = 'GASOLINA COMUM'))
ON CONFLICT DO NOTHING;


INSERT INTO public."PRECO_COLETADO" ("Preco", "UnidadeMedida", "DataColeta", "PostoCNPJ", "CombustivelID")
VALUES (4.950, 'R$ / litro', '2023-02-20', '2648712000147',
        (SELECT "ID_Combustivel" FROM public."COMBUSTIVEL" WHERE "Nome" = 'GASOLINA COMUM'))
ON CONFLICT DO NOTHING;


INSERT INTO public."PRECO_COLETADO" ("Preco", "UnidadeMedida", "DataColeta", "PostoCNPJ", "CombustivelID")
VALUES (4.950, 'R$ / litro', '2023-02-27', '2648712000147',
        (SELECT "ID_Combustivel" FROM public."COMBUSTIVEL" WHERE "Nome" = 'GASOLINA COMUM'))
ON CONFLICT DO NOTHING;


INSERT INTO public."PRECO_COLETADO" ("Preco", "UnidadeMedida", "DataColeta", "PostoCNPJ", "CombustivelID")
VALUES (5.590, 'R$ / litro', '2023-03-06', '2648712000147',
        (SELECT "ID_Combustivel" FROM public."COMBUSTIVEL" WHERE "Nome" = 'GASOLINA COMUM'))
ON CONFLICT DO NOTHING;


INSERT INTO public."PRECO_COLETADO" ("Preco", "UnidadeMedida", "DataColeta", "PostoCNPJ", "CombustivelID")
VALUES (5.490, 'R$ / litro', '2023-03-16', '2648712000147',
        (SELECT "ID_Combustivel" FROM public."COMBUSTIVEL" WHERE "Nome" = 'GASOLINA COMUM'))
ON CONFLICT DO NOTHING;


INSERT INTO public."PRECO_COLETADO" ("Preco", "UnidadeMedida", "DataColeta", "PostoCNPJ", "CombustivelID")
VALUES (5.490, 'R$ / litro', '2023-03-21', '2648712000147',
        (SELECT "ID_Combustivel" FROM public."COMBUSTIVEL" WHERE "Nome" = 'GASOLINA COMUM'))
ON CONFLICT DO NOTHING;


INSERT INTO public."PRECO_COLETADO" ("Preco", "UnidadeMedida", "DataColeta", "PostoCNPJ", "CombustivelID")
VALUES (5.490, 'R$ / litro', '2023-03-27', '2648712000147',
        (SELECT "ID_Combustivel" FROM public."COMBUSTIVEL" WHERE "Nome" = 'GASOLINA COMUM'))
ON CONFLICT DO NOTHING;


INSERT INTO public."PRECO_COLETADO" ("Preco", "UnidadeMedida", "DataColeta", "PostoCNPJ", "CombustivelID")
VALUES (5.390, 'R$ / litro', '2023-04-04', '2648712000147',
        (SELECT "ID_Combustivel" FROM public."COMBUSTIVEL" WHERE "Nome" = 'GASOLINA COMUM'))
ON CONFLICT DO NOTHING;


INSERT INTO public."PRECO_COLETADO" ("Preco", "UnidadeMedida", "DataColeta", "PostoCNPJ", "CombustivelID")
VALUES (5.390, 'R$ / litro', '2023-04-11', '2648712000147',
        (SELECT "ID_Combustivel" FROM public."COMBUSTIVEL" WHERE "Nome" = 'GASOLINA COMUM'))
ON CONFLICT DO NOTHING;


INSERT INTO public."PRECO_COLETADO" ("Preco", "UnidadeMedida", "DataColeta", "PostoCNPJ", "CombustivelID")
VALUES (5.490, 'R$ / litro', '2023-04-17', '2648712000147',
        (SELECT "ID_Combustivel" FROM public."COMBUSTIVEL" WHERE "Nome" = 'GASOLINA COMUM'))
ON CONFLICT DO NOTHING;


INSERT INTO public."PRECO_COLETADO" ("Preco", "UnidadeMedida", "DataColeta", "PostoCNPJ", "CombustivelID")
VALUES (5.490, 'R$ / litro', '2023-04-24', '2648712000147',
        (SELECT "ID_Combustivel" FROM public."COMBUSTIVEL" WHERE "Nome" = 'GASOLINA COMUM'))
ON CONFLICT DO NOTHING;


INSERT INTO public."PRECO_COLETADO" ("Preco", "UnidadeMedida", "DataColeta", "PostoCNPJ", "CombustivelID")
VALUES (5.390, 'R$ / litro', '2023-05-09', '2648712000147',
        (SELECT "ID_Combustivel" FROM public."COMBUSTIVEL" WHERE "Nome" = 'GASOLINA COMUM'))
ON CONFLICT DO NOTHING;


INSERT INTO public."PRECO_COLETADO" ("Preco", "UnidadeMedida", "DataColeta", "PostoCNPJ", "CombustivelID")
VALUES (5.390, 'R$ / litro', '2023-05-15', '2648712000147',
        (SELECT "ID_Combustivel" FROM public."COMBUSTIVEL" WHERE "Nome" = 'GASOLINA COMUM'))
ON CONFLICT DO NOTHING;


INSERT INTO public."PRECO_COLETADO" ("Preco", "UnidadeMedida", "DataColeta", "PostoCNPJ", "CombustivelID")
VALUES (5.190, 'R$ / litro', '2023-05-23', '2648712000147',
        (SELECT "ID_Combustivel" FROM public."COMBUSTIVEL" WHERE "Nome" = 'GASOLINA COMUM'))
ON CONFLICT DO NOTHING;


INSERT INTO public."PRECO_COLETADO" ("Preco", "UnidadeMedida", "DataColeta", "PostoCNPJ", "CombustivelID")
VALUES (5.090, 'R$ / litro', '2023-05-29', '2648712000147',
        (SELECT "ID_Combustivel" FROM public."COMBUSTIVEL" WHERE "Nome" = 'GASOLINA COMUM'))
ON CONFLICT DO NOTHING;


INSERT INTO public."PRECO_COLETADO" ("Preco", "UnidadeMedida", "DataColeta", "PostoCNPJ", "CombustivelID")
VALUES (5.470, 'R$ / litro', '2023-06-05', '2648712000147',
        (SELECT "ID_Combustivel" FROM public."COMBUSTIVEL" WHERE "Nome" = 'GASOLINA COMUM'))
ON CONFLICT DO NOTHING;


INSERT INTO public."PRECO_COLETADO" ("Preco", "UnidadeMedida", "DataColeta", "PostoCNPJ", "CombustivelID")
VALUES (5.390, 'R$ / litro', '2023-06-13', '2648712000147',
        (SELECT "ID_Combustivel" FROM public."COMBUSTIVEL" WHERE "Nome" = 'GASOLINA COMUM'))
ON CONFLICT DO NOTHING;


INSERT INTO public."PRECO_COLETADO" ("Preco", "UnidadeMedida", "DataColeta", "PostoCNPJ", "CombustivelID")
VALUES (5.340, 'R$ / litro', '2023-06-20', '2648712000147',
        (SELECT "ID_Combustivel" FROM public."COMBUSTIVEL" WHERE "Nome" = 'GASOLINA COMUM'))
ON CONFLICT DO NOTHING;


INSERT INTO public."PRECO_COLETADO" ("Preco", "UnidadeMedida", "DataColeta", "PostoCNPJ", "CombustivelID")
VALUES (5.290, 'R$ / litro', '2023-06-27', '2648712000147',
        (SELECT "ID_Combustivel" FROM public."COMBUSTIVEL" WHERE "Nome" = 'GASOLINA COMUM'))
ON CONFLICT DO NOTHING;


INSERT INTO public."PRECO_COLETADO" ("Preco", "UnidadeMedida", "DataColeta", "PostoCNPJ", "CombustivelID")
VALUES (5.790, 'R$ / litro', '2023-07-04', '2648712000147',
        (SELECT "ID_Combustivel" FROM public."COMBUSTIVEL" WHERE "Nome" = 'GASOLINA COMUM'))
ON CONFLICT DO NOTHING;


INSERT INTO public."PRECO_COLETADO" ("Preco", "UnidadeMedida", "DataColeta", "PostoCNPJ", "CombustivelID")
VALUES (5.690, 'R$ / litro', '2023-07-10', '2648712000147',
        (SELECT "ID_Combustivel" FROM public."COMBUSTIVEL" WHERE "Nome" = 'GASOLINA COMUM'))
ON CONFLICT DO NOTHING;


INSERT INTO public."PRECO_COLETADO" ("Preco", "UnidadeMedida", "DataColeta", "PostoCNPJ", "CombustivelID")
VALUES (5.690, 'R$ / litro', '2023-07-17', '2648712000147',
        (SELECT "ID_Combustivel" FROM public."COMBUSTIVEL" WHERE "Nome" = 'GASOLINA COMUM'))
ON CONFLICT DO NOTHING;


INSERT INTO public."PRECO_COLETADO" ("Preco", "UnidadeMedida", "DataColeta", "PostoCNPJ", "CombustivelID")
VALUES (5.590, 'R$ / litro', '2023-07-24', '2648712000147',
        (SELECT "ID_Combustivel" FROM public."COMBUSTIVEL" WHERE "Nome" = 'GASOLINA COMUM'))
ON CONFLICT DO NOTHING;


INSERT INTO public."PRECO_COLETADO" ("Preco", "UnidadeMedida", "DataColeta", "PostoCNPJ", "CombustivelID")
VALUES (5.490, 'R$ / litro', '2023-07-31', '2648712000147',
        (SELECT "ID_Combustivel" FROM public."COMBUSTIVEL" WHERE "Nome" = 'GASOLINA COMUM'))
ON CONFLICT DO NOTHING;


INSERT INTO public."PRECO_COLETADO" ("Preco", "UnidadeMedida", "DataColeta", "PostoCNPJ", "CombustivelID")
VALUES (5.420, 'R$ / litro', '2023-08-15', '2648712000147',
        (SELECT "ID_Combustivel" FROM public."COMBUSTIVEL" WHERE "Nome" = 'GASOLINA COMUM'))
ON CONFLICT DO NOTHING;


INSERT INTO public."PRECO_COLETADO" ("Preco", "UnidadeMedida", "DataColeta", "PostoCNPJ", "CombustivelID")
VALUES (5.890, 'R$ / litro', '2023-08-22', '2648712000147',
        (SELECT "ID_Combustivel" FROM public."COMBUSTIVEL" WHERE "Nome" = 'GASOLINA COMUM'))
ON CONFLICT DO NOTHING;


INSERT INTO public."PRECO_COLETADO" ("Preco", "UnidadeMedida", "DataColeta", "PostoCNPJ", "CombustivelID")
VALUES (5.890, 'R$ / litro', '2023-08-30', '2648712000147',
        (SELECT "ID_Combustivel" FROM public."COMBUSTIVEL" WHERE "Nome" = 'GASOLINA COMUM'))
ON CONFLICT DO NOTHING;


INSERT INTO public."PRECO_COLETADO" ("Preco", "UnidadeMedida", "DataColeta", "PostoCNPJ", "CombustivelID")
VALUES (5.780, 'R$ / litro', '2023-09-07', '2648712000147',
        (SELECT "ID_Combustivel" FROM public."COMBUSTIVEL" WHERE "Nome" = 'GASOLINA COMUM'))
ON CONFLICT DO NOTHING;


INSERT INTO public."PRECO_COLETADO" ("Preco", "UnidadeMedida", "DataColeta", "PostoCNPJ", "CombustivelID")
VALUES (5.780, 'R$ / litro', '2023-09-12', '2648712000147',
        (SELECT "ID_Combustivel" FROM public."COMBUSTIVEL" WHERE "Nome" = 'GASOLINA COMUM'))
ON CONFLICT DO NOTHING;


INSERT INTO public."PRECO_COLETADO" ("Preco", "UnidadeMedida", "DataColeta", "PostoCNPJ", "CombustivelID")
VALUES (5.780, 'R$ / litro', '2023-09-19', '2648712000147',
        (SELECT "ID_Combustivel" FROM public."COMBUSTIVEL" WHERE "Nome" = 'GASOLINA COMUM'))
ON CONFLICT DO NOTHING;


INSERT INTO public."PRECO_COLETADO" ("Preco", "UnidadeMedida", "DataColeta", "PostoCNPJ", "CombustivelID")
VALUES (5.690, 'R$ / litro', '2023-09-26', '2648712000147',
        (SELECT "ID_Combustivel" FROM public."COMBUSTIVEL" WHERE "Nome" = 'GASOLINA COMUM'))
ON CONFLICT DO NOTHING;


INSERT INTO public."PRECO_COLETADO" ("Preco", "UnidadeMedida", "DataColeta", "PostoCNPJ", "CombustivelID")
VALUES (5.690, 'R$ / litro', '2023-10-03', '2648712000147',
        (SELECT "ID_Combustivel" FROM public."COMBUSTIVEL" WHERE "Nome" = 'GASOLINA COMUM'))
ON CONFLICT DO NOTHING;


INSERT INTO public."PRECO_COLETADO" ("Preco", "UnidadeMedida", "DataColeta", "PostoCNPJ", "CombustivelID")
VALUES (5.690, 'R$ / litro', '2023-10-10', '2648712000147',
        (SELECT "ID_Combustivel" FROM public."COMBUSTIVEL" WHERE "Nome" = 'GASOLINA COMUM'))
ON CONFLICT DO NOTHING;


INSERT INTO public."PRECO_COLETADO" ("Preco", "UnidadeMedida", "DataColeta", "PostoCNPJ", "CombustivelID")
VALUES (5.690, 'R$ / litro', '2023-10-16', '2648712000147',
        (SELECT "ID_Combustivel" FROM public."COMBUSTIVEL" WHERE "Nome" = 'GASOLINA COMUM'))
ON CONFLICT DO NOTHING;


INSERT INTO public."PRECO_COLETADO" ("Preco", "UnidadeMedida", "DataColeta", "PostoCNPJ", "CombustivelID")
VALUES (5.690, 'R$ / litro', '2023-10-24', '2648712000147',
        (SELECT "ID_Combustivel" FROM public."COMBUSTIVEL" WHERE "Nome" = 'GASOLINA COMUM'))
ON CONFLICT DO NOTHING;


INSERT INTO public."PRECO_COLETADO" ("Preco", "UnidadeMedida", "DataColeta", "PostoCNPJ", "CombustivelID")
VALUES (5.580, 'R$ / litro', '2023-10-31', '2648712000147',
        (SELECT "ID_Combustivel" FROM public."COMBUSTIVEL" WHERE "Nome" = 'GASOLINA COMUM'))
ON CONFLICT DO NOTHING;


INSERT INTO public."PRECO_COLETADO" ("Preco", "UnidadeMedida", "DataColeta", "PostoCNPJ", "CombustivelID")
VALUES (5.580, 'R$ / litro', '2023-11-07', '2648712000147',
        (SELECT "ID_Combustivel" FROM public."COMBUSTIVEL" WHERE "Nome" = 'GASOLINA COMUM'))
ON CONFLICT DO NOTHING;


INSERT INTO public."PRECO_COLETADO" ("Preco", "UnidadeMedida", "DataColeta", "PostoCNPJ", "CombustivelID")
VALUES (5.580, 'R$ / litro', '2023-11-14', '2648712000147',
        (SELECT "ID_Combustivel" FROM public."COMBUSTIVEL" WHERE "Nome" = 'GASOLINA COMUM'))
ON CONFLICT DO NOTHING;


INSERT INTO public."PRECO_COLETADO" ("Preco", "UnidadeMedida", "DataColeta", "PostoCNPJ", "CombustivelID")
VALUES (5.580, 'R$ / litro', '2023-11-21', '2648712000147',
        (SELECT "ID_Combustivel" FROM public."COMBUSTIVEL" WHERE "Nome" = 'GASOLINA COMUM'))
ON CONFLICT DO NOTHING;


INSERT INTO public."PRECO_COLETADO" ("Preco", "UnidadeMedida", "DataColeta", "PostoCNPJ", "CombustivelID")
VALUES (5.490, 'R$ / litro', '2023-11-28', '2648712000147',
        (SELECT "ID_Combustivel" FROM public."COMBUSTIVEL" WHERE "Nome" = 'GASOLINA COMUM'))
ON CONFLICT DO NOTHING;


INSERT INTO public."PRECO_COLETADO" ("Preco", "UnidadeMedida", "DataColeta", "PostoCNPJ", "CombustivelID")
VALUES (5.490, 'R$ / litro', '2023-12-06', '2648712000147',
        (SELECT "ID_Combustivel" FROM public."COMBUSTIVEL" WHERE "Nome" = 'GASOLINA COMUM'))
ON CONFLICT DO NOTHING;


INSERT INTO public."PRECO_COLETADO" ("Preco", "UnidadeMedida", "DataColeta", "PostoCNPJ", "CombustivelID")
VALUES (5.490, 'R$ / litro', '2023-12-13', '2648712000147',
        (SELECT "ID_Combustivel" FROM public."COMBUSTIVEL" WHERE "Nome" = 'GASOLINA COMUM'))
ON CONFLICT DO NOTHING;


INSERT INTO public."PRECO_COLETADO" ("Preco", "UnidadeMedida", "DataColeta", "PostoCNPJ", "CombustivelID")
VALUES (5.490, 'R$ / litro', '2023-12-26', '2648712000147',
        (SELECT "ID_Combustivel" FROM public."COMBUSTIVEL" WHERE "Nome" = 'GASOLINA COMUM'))
ON CONFLICT DO NOTHING;


INSERT INTO public."PRECO_COLETADO" ("Preco", "UnidadeMedida", "DataColeta", "PostoCNPJ", "CombustivelID")
VALUES (5.390, 'R$ / litro', '2024-01-03', '2648712000147',
        (SELECT "ID_Combustivel" FROM public."COMBUSTIVEL" WHERE "Nome" = 'GASOLINA COMUM'))
ON CONFLICT DO NOTHING;


INSERT INTO public."PRECO_COLETADO" ("Preco", "UnidadeMedida", "DataColeta", "PostoCNPJ", "CombustivelID")
VALUES (5.390, 'R$ / litro', '2024-01-08', '2648712000147',
        (SELECT "ID_Combustivel" FROM public."COMBUSTIVEL" WHERE "Nome" = 'GASOLINA COMUM'))
ON CONFLICT DO NOTHING;


INSERT INTO public."PRECO_COLETADO" ("Preco", "UnidadeMedida", "DataColeta", "PostoCNPJ", "CombustivelID")
VALUES (5.390, 'R$ / litro', '2024-01-15', '2648712000147',
        (SELECT "ID_Combustivel" FROM public."COMBUSTIVEL" WHERE "Nome" = 'GASOLINA COMUM'))
ON CONFLICT DO NOTHING;


INSERT INTO public."PRECO_COLETADO" ("Preco", "UnidadeMedida", "DataColeta", "PostoCNPJ", "CombustivelID")
VALUES (5.390, 'R$ / litro', '2024-01-22', '2648712000147',
        (SELECT "ID_Combustivel" FROM public."COMBUSTIVEL" WHERE "Nome" = 'GASOLINA COMUM'))
ON CONFLICT DO NOTHING;


INSERT INTO public."PRECO_COLETADO" ("Preco", "UnidadeMedida", "DataColeta", "PostoCNPJ", "CombustivelID")
VALUES (5.290, 'R$ / litro', '2024-01-29', '2648712000147',
        (SELECT "ID_Combustivel" FROM public."COMBUSTIVEL" WHERE "Nome" = 'GASOLINA COMUM'))
ON CONFLICT DO NOTHING;


INSERT INTO public."PRECO_COLETADO" ("Preco", "UnidadeMedida", "DataColeta", "PostoCNPJ", "CombustivelID")
VALUES (5.670, 'R$ / litro', '2024-02-05', '2648712000147',
        (SELECT "ID_Combustivel" FROM public."COMBUSTIVEL" WHERE "Nome" = 'GASOLINA COMUM'))
ON CONFLICT DO NOTHING;


INSERT INTO public."PRECO_COLETADO" ("Preco", "UnidadeMedida", "DataColeta", "PostoCNPJ", "CombustivelID")
VALUES (5.670, 'R$ / litro', '2024-02-12', '2648712000147',
        (SELECT "ID_Combustivel" FROM public."COMBUSTIVEL" WHERE "Nome" = 'GASOLINA COMUM'))
ON CONFLICT DO NOTHING;


INSERT INTO public."PRECO_COLETADO" ("Preco", "UnidadeMedida", "DataColeta", "PostoCNPJ", "CombustivelID")
VALUES (5.590, 'R$ / litro', '2024-02-19', '2648712000147',
        (SELECT "ID_Combustivel" FROM public."COMBUSTIVEL" WHERE "Nome" = 'GASOLINA COMUM'))
ON CONFLICT DO NOTHING;


INSERT INTO public."PRECO_COLETADO" ("Preco", "UnidadeMedida", "DataColeta", "PostoCNPJ", "CombustivelID")
VALUES (5.590, 'R$ / litro', '2024-03-04', '2648712000147',
        (SELECT "ID_Combustivel" FROM public."COMBUSTIVEL" WHERE "Nome" = 'GASOLINA COMUM'))
ON CONFLICT DO NOTHING;


INSERT INTO public."PRECO_COLETADO" ("Preco", "UnidadeMedida", "DataColeta", "PostoCNPJ", "CombustivelID")
VALUES (5.590, 'R$ / litro', '2024-03-11', '2648712000147',
        (SELECT "ID_Combustivel" FROM public."COMBUSTIVEL" WHERE "Nome" = 'GASOLINA COMUM'))
ON CONFLICT DO NOTHING;


INSERT INTO public."PRECO_COLETADO" ("Preco", "UnidadeMedida", "DataColeta", "PostoCNPJ", "CombustivelID")
VALUES (5.590, 'R$ / litro', '2024-03-25', '2648712000147',
        (SELECT "ID_Combustivel" FROM public."COMBUSTIVEL" WHERE "Nome" = 'GASOLINA COMUM'))
ON CONFLICT DO NOTHING;


INSERT INTO public."PRECO_COLETADO" ("Preco", "UnidadeMedida", "DataColeta", "PostoCNPJ", "CombustivelID")
VALUES (5.590, 'R$ / litro', '2024-04-02', '2648712000147',
        (SELECT "ID_Combustivel" FROM public."COMBUSTIVEL" WHERE "Nome" = 'GASOLINA COMUM'))
ON CONFLICT DO NOTHING;


INSERT INTO public."PRECO_COLETADO" ("Preco", "UnidadeMedida", "DataColeta", "PostoCNPJ", "CombustivelID")
VALUES (5.690, 'R$ / litro', '2024-04-15', '2648712000147',
        (SELECT "ID_Combustivel" FROM public."COMBUSTIVEL" WHERE "Nome" = 'GASOLINA COMUM'))
ON CONFLICT DO NOTHING;


INSERT INTO public."PRECO_COLETADO" ("Preco", "UnidadeMedida", "DataColeta", "PostoCNPJ", "CombustivelID")
VALUES (5.690, 'R$ / litro', '2024-04-22', '2648712000147',
        (SELECT "ID_Combustivel" FROM public."COMBUSTIVEL" WHERE "Nome" = 'GASOLINA COMUM'))
ON CONFLICT DO NOTHING;


INSERT INTO public."PRECO_COLETADO" ("Preco", "UnidadeMedida", "DataColeta", "PostoCNPJ", "CombustivelID")
VALUES (5.740, 'R$ / litro', '2024-04-29', '2648712000147',
        (SELECT "ID_Combustivel" FROM public."COMBUSTIVEL" WHERE "Nome" = 'GASOLINA COMUM'))
ON CONFLICT DO NOTHING;


INSERT INTO public."PRECO_COLETADO" ("Preco", "UnidadeMedida", "DataColeta", "PostoCNPJ", "CombustivelID")
VALUES (5.870, 'R$ / litro', '2024-05-06', '2648712000147',
        (SELECT "ID_Combustivel" FROM public."COMBUSTIVEL" WHERE "Nome" = 'GASOLINA COMUM'))
ON CONFLICT DO NOTHING;


INSERT INTO public."PRECO_COLETADO" ("Preco", "UnidadeMedida", "DataColeta", "PostoCNPJ", "CombustivelID")
VALUES (5.870, 'R$ / litro', '2024-05-20', '2648712000147',
        (SELECT "ID_Combustivel" FROM public."COMBUSTIVEL" WHERE "Nome" = 'GASOLINA COMUM'))
ON CONFLICT DO NOTHING;


INSERT INTO public."PRECO_COLETADO" ("Preco", "UnidadeMedida", "DataColeta", "PostoCNPJ", "CombustivelID")
VALUES (5.790, 'R$ / litro', '2024-05-27', '2648712000147',
        (SELECT "ID_Combustivel" FROM public."COMBUSTIVEL" WHERE "Nome" = 'GASOLINA COMUM'))
ON CONFLICT DO NOTHING;


INSERT INTO public."PRECO_COLETADO" ("Preco", "UnidadeMedida", "DataColeta", "PostoCNPJ", "CombustivelID")
VALUES (5.790, 'R$ / litro', '2024-06-03', '2648712000147',
        (SELECT "ID_Combustivel" FROM public."COMBUSTIVEL" WHERE "Nome" = 'GASOLINA COMUM'))
ON CONFLICT DO NOTHING;


INSERT INTO public."PRECO_COLETADO" ("Preco", "UnidadeMedida", "DataColeta", "PostoCNPJ", "CombustivelID")
VALUES (5.790, 'R$ / litro', '2024-06-17', '2648712000147',
        (SELECT "ID_Combustivel" FROM public."COMBUSTIVEL" WHERE "Nome" = 'GASOLINA COMUM'))
ON CONFLICT DO NOTHING;


INSERT INTO public."PRECO_COLETADO" ("Preco", "UnidadeMedida", "DataColeta", "PostoCNPJ", "CombustivelID")
VALUES (5.790, 'R$ / litro', '2024-06-24', '2648712000147',
        (SELECT "ID_Combustivel" FROM public."COMBUSTIVEL" WHERE "Nome" = 'GASOLINA COMUM'))
ON CONFLICT DO NOTHING;


INSERT INTO public."PRECO_COLETADO" ("Preco", "UnidadeMedida", "DataColeta", "PostoCNPJ", "CombustivelID")
VALUES (5.790, 'R$ / litro', '2024-07-01', '2648712000147',
        (SELECT "ID_Combustivel" FROM public."COMBUSTIVEL" WHERE "Nome" = 'GASOLINA COMUM'))
ON CONFLICT DO NOTHING;


INSERT INTO public."PRECO_COLETADO" ("Preco", "UnidadeMedida", "DataColeta", "PostoCNPJ", "CombustivelID")
VALUES (5.790, 'R$ / litro', '2024-07-09', '2648712000147',
        (SELECT "ID_Combustivel" FROM public."COMBUSTIVEL" WHERE "Nome" = 'GASOLINA COMUM'))
ON CONFLICT DO NOTHING;


INSERT INTO public."PRECO_COLETADO" ("Preco", "UnidadeMedida", "DataColeta", "PostoCNPJ", "CombustivelID")
VALUES (6.180, 'R$ / litro', '2024-07-16', '2648712000147',
        (SELECT "ID_Combustivel" FROM public."COMBUSTIVEL" WHERE "Nome" = 'GASOLINA COMUM'))
ON CONFLICT DO NOTHING;


INSERT INTO public."PRECO_COLETADO" ("Preco", "UnidadeMedida", "DataColeta", "PostoCNPJ", "CombustivelID")
VALUES (6.140, 'R$ / litro', '2024-07-22', '2648712000147',
        (SELECT "ID_Combustivel" FROM public."COMBUSTIVEL" WHERE "Nome" = 'GASOLINA COMUM'))
ON CONFLICT DO NOTHING;


INSERT INTO public."PRECO_COLETADO" ("Preco", "UnidadeMedida", "DataColeta", "PostoCNPJ", "CombustivelID")
VALUES (6.140, 'R$ / litro', '2024-07-29', '2648712000147',
        (SELECT "ID_Combustivel" FROM public."COMBUSTIVEL" WHERE "Nome" = 'GASOLINA COMUM'))
ON CONFLICT DO NOTHING;


INSERT INTO public."PRECO_COLETADO" ("Preco", "UnidadeMedida", "DataColeta", "PostoCNPJ", "CombustivelID")
VALUES (6.140, 'R$ / litro', '2024-08-05', '2648712000147',
        (SELECT "ID_Combustivel" FROM public."COMBUSTIVEL" WHERE "Nome" = 'GASOLINA COMUM'))
ON CONFLICT DO NOTHING;


INSERT INTO public."PRECO_COLETADO" ("Preco", "UnidadeMedida", "DataColeta", "PostoCNPJ", "CombustivelID")
VALUES (6.090, 'R$ / litro', '2024-08-12', '2648712000147',
        (SELECT "ID_Combustivel" FROM public."COMBUSTIVEL" WHERE "Nome" = 'GASOLINA COMUM'))
ON CONFLICT DO NOTHING;


INSERT INTO public."PRECO_COLETADO" ("Preco", "UnidadeMedida", "DataColeta", "PostoCNPJ", "CombustivelID")
VALUES (6.070, 'R$ / litro', '2024-08-20', '2648712000147',
        (SELECT "ID_Combustivel" FROM public."COMBUSTIVEL" WHERE "Nome" = 'GASOLINA COMUM'))
ON CONFLICT DO NOTHING;


INSERT INTO public."PRECO_COLETADO" ("Preco", "UnidadeMedida", "DataColeta", "PostoCNPJ", "CombustivelID")
VALUES (6.070, 'R$ / litro', '2024-08-26', '2648712000147',
        (SELECT "ID_Combustivel" FROM public."COMBUSTIVEL" WHERE "Nome" = 'GASOLINA COMUM'))
ON CONFLICT DO NOTHING;


INSERT INTO public."PRECO_COLETADO" ("Preco", "UnidadeMedida", "DataColeta", "PostoCNPJ", "CombustivelID")
VALUES (6.070, 'R$ / litro', '2024-09-02', '2648712000147',
        (SELECT "ID_Combustivel" FROM public."COMBUSTIVEL" WHERE "Nome" = 'GASOLINA COMUM'))
ON CONFLICT DO NOTHING;


INSERT INTO public."POSTO" ("CNPJ", "RazaoSocial", "NomeFantasia", "Bandeira", "Logradouro", "Numero", "Bairro", "Cidade", "Estado", "CEP")
VALUES ('1503536000192', 'POSTO MARCELA LTDA', 'POSTO MARCELA', 'VIBRA ENERGIA', 'RUA DO PESSEGUEIRO', 'S/N', 'DIVINO ESPÍRITO SANTO', 'VILA VELHA', 'ESPIRITO SANTO', '29107230')
ON CONFLICT ("CNPJ") DO NOTHING;


INSERT INTO public."COMBUSTIVEL" ("Nome")
VALUES ('ETANOL')
ON CONFLICT ("Nome") DO NOTHING;


INSERT INTO public."PRECO_COLETADO" ("Preco", "UnidadeMedida", "DataColeta", "PostoCNPJ", "CombustivelID")
VALUES (4.190, 'R$ / litro', '2022-10-24', '1503536000192',
        (SELECT "ID_Combustivel" FROM public."COMBUSTIVEL" WHERE "Nome" = 'ETANOL'))
ON CONFLICT DO NOTHING;


INSERT INTO public."PRECO_COLETADO" ("Preco", "UnidadeMedida", "DataColeta", "PostoCNPJ", "CombustivelID")
VALUES (4.190, 'R$ / litro', '2022-10-31', '1503536000192',
        (SELECT "ID_Combustivel" FROM public."COMBUSTIVEL" WHERE "Nome" = 'ETANOL'))
ON CONFLICT DO NOTHING;


INSERT INTO public."PRECO_COLETADO" ("Preco", "UnidadeMedida", "DataColeta", "PostoCNPJ", "CombustivelID")
VALUES (4.380, 'R$ / litro', '2022-11-22', '1503536000192',
        (SELECT "ID_Combustivel" FROM public."COMBUSTIVEL" WHERE "Nome" = 'ETANOL'))
ON CONFLICT DO NOTHING;


INSERT INTO public."PRECO_COLETADO" ("Preco", "UnidadeMedida", "DataColeta", "PostoCNPJ", "CombustivelID")
VALUES (4.290, 'R$ / litro', '2022-12-05', '1503536000192',
        (SELECT "ID_Combustivel" FROM public."COMBUSTIVEL" WHERE "Nome" = 'ETANOL'))
ON CONFLICT DO NOTHING;


INSERT INTO public."PRECO_COLETADO" ("Preco", "UnidadeMedida", "DataColeta", "PostoCNPJ", "CombustivelID")
VALUES (4.290, 'R$ / litro', '2022-12-12', '1503536000192',
        (SELECT "ID_Combustivel" FROM public."COMBUSTIVEL" WHERE "Nome" = 'ETANOL'))
ON CONFLICT DO NOTHING;


INSERT INTO public."PRECO_COLETADO" ("Preco", "UnidadeMedida", "DataColeta", "PostoCNPJ", "CombustivelID")
VALUES (4.290, 'R$ / litro', '2022-12-22', '1503536000192',
        (SELECT "ID_Combustivel" FROM public."COMBUSTIVEL" WHERE "Nome" = 'ETANOL'))
ON CONFLICT DO NOTHING;


INSERT INTO public."PRECO_COLETADO" ("Preco", "UnidadeMedida", "DataColeta", "PostoCNPJ", "CombustivelID")
VALUES (4.290, 'R$ / litro', '2022-12-26', '1503536000192',
        (SELECT "ID_Combustivel" FROM public."COMBUSTIVEL" WHERE "Nome" = 'ETANOL'))
ON CONFLICT DO NOTHING;


INSERT INTO public."PRECO_COLETADO" ("Preco", "UnidadeMedida", "DataColeta", "PostoCNPJ", "CombustivelID")
VALUES (4.290, 'R$ / litro', '2023-01-02', '1503536000192',
        (SELECT "ID_Combustivel" FROM public."COMBUSTIVEL" WHERE "Nome" = 'ETANOL'))
ON CONFLICT DO NOTHING;


INSERT INTO public."PRECO_COLETADO" ("Preco", "UnidadeMedida", "DataColeta", "PostoCNPJ", "CombustivelID")
VALUES (4.490, 'R$ / litro', '2023-01-09', '1503536000192',
        (SELECT "ID_Combustivel" FROM public."COMBUSTIVEL" WHERE "Nome" = 'ETANOL'))
ON CONFLICT DO NOTHING;


INSERT INTO public."PRECO_COLETADO" ("Preco", "UnidadeMedida", "DataColeta", "PostoCNPJ", "CombustivelID")
VALUES (4.490, 'R$ / litro', '2023-01-16', '1503536000192',
        (SELECT "ID_Combustivel" FROM public."COMBUSTIVEL" WHERE "Nome" = 'ETANOL'))
ON CONFLICT DO NOTHING;


INSERT INTO public."PRECO_COLETADO" ("Preco", "UnidadeMedida", "DataColeta", "PostoCNPJ", "CombustivelID")
VALUES (4.290, 'R$ / litro', '2023-01-23', '1503536000192',
        (SELECT "ID_Combustivel" FROM public."COMBUSTIVEL" WHERE "Nome" = 'ETANOL'))
ON CONFLICT DO NOTHING;


INSERT INTO public."PRECO_COLETADO" ("Preco", "UnidadeMedida", "DataColeta", "PostoCNPJ", "CombustivelID")
VALUES (4.290, 'R$ / litro', '2023-01-30', '1503536000192',
        (SELECT "ID_Combustivel" FROM public."COMBUSTIVEL" WHERE "Nome" = 'ETANOL'))
ON CONFLICT DO NOTHING;


INSERT INTO public."PRECO_COLETADO" ("Preco", "UnidadeMedida", "DataColeta", "PostoCNPJ", "CombustivelID")
VALUES (4.290, 'R$ / litro', '2023-02-06', '1503536000192',
        (SELECT "ID_Combustivel" FROM public."COMBUSTIVEL" WHERE "Nome" = 'ETANOL'))
ON CONFLICT DO NOTHING;


INSERT INTO public."PRECO_COLETADO" ("Preco", "UnidadeMedida", "DataColeta", "PostoCNPJ", "CombustivelID")
VALUES (4.290, 'R$ / litro', '2023-02-13', '1503536000192',
        (SELECT "ID_Combustivel" FROM public."COMBUSTIVEL" WHERE "Nome" = 'ETANOL'))
ON CONFLICT DO NOTHING;


INSERT INTO public."PRECO_COLETADO" ("Preco", "UnidadeMedida", "DataColeta", "PostoCNPJ", "CombustivelID")
VALUES (4.290, 'R$ / litro', '2023-02-20', '1503536000192',
        (SELECT "ID_Combustivel" FROM public."COMBUSTIVEL" WHERE "Nome" = 'ETANOL'))
ON CONFLICT DO NOTHING;


INSERT INTO public."PRECO_COLETADO" ("Preco", "UnidadeMedida", "DataColeta", "PostoCNPJ", "CombustivelID")
VALUES (4.290, 'R$ / litro', '2023-02-27', '1503536000192',
        (SELECT "ID_Combustivel" FROM public."COMBUSTIVEL" WHERE "Nome" = 'ETANOL'))
ON CONFLICT DO NOTHING;


INSERT INTO public."PRECO_COLETADO" ("Preco", "UnidadeMedida", "DataColeta", "PostoCNPJ", "CombustivelID")
VALUES (4.190, 'R$ / litro', '2023-03-06', '1503536000192',
        (SELECT "ID_Combustivel" FROM public."COMBUSTIVEL" WHERE "Nome" = 'ETANOL'))
ON CONFLICT DO NOTHING;


INSERT INTO public."PRECO_COLETADO" ("Preco", "UnidadeMedida", "DataColeta", "PostoCNPJ", "CombustivelID")
VALUES (4.190, 'R$ / litro', '2023-03-16', '1503536000192',
        (SELECT "ID_Combustivel" FROM public."COMBUSTIVEL" WHERE "Nome" = 'ETANOL'))
ON CONFLICT DO NOTHING;


INSERT INTO public."PRECO_COLETADO" ("Preco", "UnidadeMedida", "DataColeta", "PostoCNPJ", "CombustivelID")
VALUES (4.190, 'R$ / litro', '2023-03-21', '1503536000192',
        (SELECT "ID_Combustivel" FROM public."COMBUSTIVEL" WHERE "Nome" = 'ETANOL'))
ON CONFLICT DO NOTHING;


INSERT INTO public."PRECO_COLETADO" ("Preco", "UnidadeMedida", "DataColeta", "PostoCNPJ", "CombustivelID")
VALUES (4.190, 'R$ / litro', '2023-03-27', '1503536000192',
        (SELECT "ID_Combustivel" FROM public."COMBUSTIVEL" WHERE "Nome" = 'ETANOL'))
ON CONFLICT DO NOTHING;


INSERT INTO public."PRECO_COLETADO" ("Preco", "UnidadeMedida", "DataColeta", "PostoCNPJ", "CombustivelID")
VALUES (4.490, 'R$ / litro', '2023-04-04', '1503536000192',
        (SELECT "ID_Combustivel" FROM public."COMBUSTIVEL" WHERE "Nome" = 'ETANOL'))
ON CONFLICT DO NOTHING;


INSERT INTO public."PRECO_COLETADO" ("Preco", "UnidadeMedida", "DataColeta", "PostoCNPJ", "CombustivelID")
VALUES (4.490, 'R$ / litro', '2023-04-10', '1503536000192',
        (SELECT "ID_Combustivel" FROM public."COMBUSTIVEL" WHERE "Nome" = 'ETANOL'))
ON CONFLICT DO NOTHING;


INSERT INTO public."PRECO_COLETADO" ("Preco", "UnidadeMedida", "DataColeta", "PostoCNPJ", "CombustivelID")
VALUES (4.490, 'R$ / litro', '2023-04-17', '1503536000192',
        (SELECT "ID_Combustivel" FROM public."COMBUSTIVEL" WHERE "Nome" = 'ETANOL'))
ON CONFLICT DO NOTHING;


INSERT INTO public."PRECO_COLETADO" ("Preco", "UnidadeMedida", "DataColeta", "PostoCNPJ", "CombustivelID")
VALUES (4.590, 'R$ / litro', '2023-05-02', '1503536000192',
        (SELECT "ID_Combustivel" FROM public."COMBUSTIVEL" WHERE "Nome" = 'ETANOL'))
ON CONFLICT DO NOTHING;


INSERT INTO public."PRECO_COLETADO" ("Preco", "UnidadeMedida", "DataColeta", "PostoCNPJ", "CombustivelID")
VALUES (4.290, 'R$ / litro', '2023-05-29', '1503536000192',
        (SELECT "ID_Combustivel" FROM public."COMBUSTIVEL" WHERE "Nome" = 'ETANOL'))
ON CONFLICT DO NOTHING;


INSERT INTO public."PRECO_COLETADO" ("Preco", "UnidadeMedida", "DataColeta", "PostoCNPJ", "CombustivelID")
VALUES (4.290, 'R$ / litro', '2023-06-05', '1503536000192',
        (SELECT "ID_Combustivel" FROM public."COMBUSTIVEL" WHERE "Nome" = 'ETANOL'))
ON CONFLICT DO NOTHING;


INSERT INTO public."PRECO_COLETADO" ("Preco", "UnidadeMedida", "DataColeta", "PostoCNPJ", "CombustivelID")
VALUES (4.290, 'R$ / litro', '2023-06-13', '1503536000192',
        (SELECT "ID_Combustivel" FROM public."COMBUSTIVEL" WHERE "Nome" = 'ETANOL'))
ON CONFLICT DO NOTHING;


INSERT INTO public."PRECO_COLETADO" ("Preco", "UnidadeMedida", "DataColeta", "PostoCNPJ", "CombustivelID")
VALUES (3.990, 'R$ / litro', '2023-11-07', '1503536000192',
        (SELECT "ID_Combustivel" FROM public."COMBUSTIVEL" WHERE "Nome" = 'ETANOL'))
ON CONFLICT DO NOTHING;


INSERT INTO public."PRECO_COLETADO" ("Preco", "UnidadeMedida", "DataColeta", "PostoCNPJ", "CombustivelID")
VALUES (3.990, 'R$ / litro', '2023-12-20', '1503536000192',
        (SELECT "ID_Combustivel" FROM public."COMBUSTIVEL" WHERE "Nome" = 'ETANOL'))
ON CONFLICT DO NOTHING;


INSERT INTO public."PRECO_COLETADO" ("Preco", "UnidadeMedida", "DataColeta", "PostoCNPJ", "CombustivelID")
VALUES (4.190, 'R$ / litro', '2024-06-04', '1503536000192',
        (SELECT "ID_Combustivel" FROM public."COMBUSTIVEL" WHERE "Nome" = 'ETANOL'))
ON CONFLICT DO NOTHING;


INSERT INTO public."COMBUSTIVEL" ("Nome")
VALUES ('DIESEL S10')
ON CONFLICT ("Nome") DO NOTHING;


INSERT INTO public."PRECO_COLETADO" ("Preco", "UnidadeMedida", "DataColeta", "PostoCNPJ", "CombustivelID")
VALUES (6.390, 'R$ / litro', '2022-10-24', '1503536000192',
        (SELECT "ID_Combustivel" FROM public."COMBUSTIVEL" WHERE "Nome" = 'DIESEL S10'))
ON CONFLICT DO NOTHING;


INSERT INTO public."PRECO_COLETADO" ("Preco", "UnidadeMedida", "DataColeta", "PostoCNPJ", "CombustivelID")
VALUES (6.390, 'R$ / litro', '2022-10-31', '1503536000192',
        (SELECT "ID_Combustivel" FROM public."COMBUSTIVEL" WHERE "Nome" = 'DIESEL S10'))
ON CONFLICT DO NOTHING;


INSERT INTO public."PRECO_COLETADO" ("Preco", "UnidadeMedida", "DataColeta", "PostoCNPJ", "CombustivelID")
VALUES (6.390, 'R$ / litro', '2022-11-22', '1503536000192',
        (SELECT "ID_Combustivel" FROM public."COMBUSTIVEL" WHERE "Nome" = 'DIESEL S10'))
ON CONFLICT DO NOTHING;


INSERT INTO public."PRECO_COLETADO" ("Preco", "UnidadeMedida", "DataColeta", "PostoCNPJ", "CombustivelID")
VALUES (6.390, 'R$ / litro', '2022-12-05', '1503536000192',
        (SELECT "ID_Combustivel" FROM public."COMBUSTIVEL" WHERE "Nome" = 'DIESEL S10'))
ON CONFLICT DO NOTHING;


INSERT INTO public."PRECO_COLETADO" ("Preco", "UnidadeMedida", "DataColeta", "PostoCNPJ", "CombustivelID")
VALUES (6.390, 'R$ / litro', '2022-12-12', '1503536000192',
        (SELECT "ID_Combustivel" FROM public."COMBUSTIVEL" WHERE "Nome" = 'DIESEL S10'))
ON CONFLICT DO NOTHING;


INSERT INTO public."PRECO_COLETADO" ("Preco", "UnidadeMedida", "DataColeta", "PostoCNPJ", "CombustivelID")
VALUES (6.090, 'R$ / litro', '2022-12-22', '1503536000192',
        (SELECT "ID_Combustivel" FROM public."COMBUSTIVEL" WHERE "Nome" = 'DIESEL S10'))
ON CONFLICT DO NOTHING;


INSERT INTO public."PRECO_COLETADO" ("Preco", "UnidadeMedida", "DataColeta", "PostoCNPJ", "CombustivelID")
VALUES (6.090, 'R$ / litro', '2022-12-26', '1503536000192',
        (SELECT "ID_Combustivel" FROM public."COMBUSTIVEL" WHERE "Nome" = 'DIESEL S10'))
ON CONFLICT DO NOTHING;


INSERT INTO public."PRECO_COLETADO" ("Preco", "UnidadeMedida", "DataColeta", "PostoCNPJ", "CombustivelID")
VALUES (6.090, 'R$ / litro', '2023-01-02', '1503536000192',
        (SELECT "ID_Combustivel" FROM public."COMBUSTIVEL" WHERE "Nome" = 'DIESEL S10'))
ON CONFLICT DO NOTHING;


INSERT INTO public."PRECO_COLETADO" ("Preco", "UnidadeMedida", "DataColeta", "PostoCNPJ", "CombustivelID")
VALUES (6.140, 'R$ / litro', '2023-01-09', '1503536000192',
        (SELECT "ID_Combustivel" FROM public."COMBUSTIVEL" WHERE "Nome" = 'DIESEL S10'))
ON CONFLICT DO NOTHING;


INSERT INTO public."PRECO_COLETADO" ("Preco", "UnidadeMedida", "DataColeta", "PostoCNPJ", "CombustivelID")
VALUES (6.090, 'R$ / litro', '2023-01-16', '1503536000192',
        (SELECT "ID_Combustivel" FROM public."COMBUSTIVEL" WHERE "Nome" = 'DIESEL S10'))
ON CONFLICT DO NOTHING;


INSERT INTO public."PRECO_COLETADO" ("Preco", "UnidadeMedida", "DataColeta", "PostoCNPJ", "CombustivelID")
VALUES (6.090, 'R$ / litro', '2023-01-23', '1503536000192',
        (SELECT "ID_Combustivel" FROM public."COMBUSTIVEL" WHERE "Nome" = 'DIESEL S10'))
ON CONFLICT DO NOTHING;


INSERT INTO public."PRECO_COLETADO" ("Preco", "UnidadeMedida", "DataColeta", "PostoCNPJ", "CombustivelID")
VALUES (6.090, 'R$ / litro', '2023-01-30', '1503536000192',
        (SELECT "ID_Combustivel" FROM public."COMBUSTIVEL" WHERE "Nome" = 'DIESEL S10'))
ON CONFLICT DO NOTHING;


INSERT INTO public."PRECO_COLETADO" ("Preco", "UnidadeMedida", "DataColeta", "PostoCNPJ", "CombustivelID")
VALUES (6.090, 'R$ / litro', '2023-02-06', '1503536000192',
        (SELECT "ID_Combustivel" FROM public."COMBUSTIVEL" WHERE "Nome" = 'DIESEL S10'))
ON CONFLICT DO NOTHING;


INSERT INTO public."PRECO_COLETADO" ("Preco", "UnidadeMedida", "DataColeta", "PostoCNPJ", "CombustivelID")
VALUES (6.090, 'R$ / litro', '2023-02-13', '1503536000192',
        (SELECT "ID_Combustivel" FROM public."COMBUSTIVEL" WHERE "Nome" = 'DIESEL S10'))
ON CONFLICT DO NOTHING;


INSERT INTO public."PRECO_COLETADO" ("Preco", "UnidadeMedida", "DataColeta", "PostoCNPJ", "CombustivelID")
VALUES (5.790, 'R$ / litro', '2023-02-20', '1503536000192',
        (SELECT "ID_Combustivel" FROM public."COMBUSTIVEL" WHERE "Nome" = 'DIESEL S10'))
ON CONFLICT DO NOTHING;


INSERT INTO public."PRECO_COLETADO" ("Preco", "UnidadeMedida", "DataColeta", "PostoCNPJ", "CombustivelID")
VALUES (5.790, 'R$ / litro', '2023-02-27', '1503536000192',
        (SELECT "ID_Combustivel" FROM public."COMBUSTIVEL" WHERE "Nome" = 'DIESEL S10'))
ON CONFLICT DO NOTHING;


INSERT INTO public."PRECO_COLETADO" ("Preco", "UnidadeMedida", "DataColeta", "PostoCNPJ", "CombustivelID")
VALUES (5.790, 'R$ / litro', '2023-03-06', '1503536000192',
        (SELECT "ID_Combustivel" FROM public."COMBUSTIVEL" WHERE "Nome" = 'DIESEL S10'))
ON CONFLICT DO NOTHING;


INSERT INTO public."PRECO_COLETADO" ("Preco", "UnidadeMedida", "DataColeta", "PostoCNPJ", "CombustivelID")
VALUES (5.790, 'R$ / litro', '2023-03-16', '1503536000192',
        (SELECT "ID_Combustivel" FROM public."COMBUSTIVEL" WHERE "Nome" = 'DIESEL S10'))
ON CONFLICT DO NOTHING;


INSERT INTO public."PRECO_COLETADO" ("Preco", "UnidadeMedida", "DataColeta", "PostoCNPJ", "CombustivelID")
VALUES (5.790, 'R$ / litro', '2023-03-21', '1503536000192',
        (SELECT "ID_Combustivel" FROM public."COMBUSTIVEL" WHERE "Nome" = 'DIESEL S10'))
ON CONFLICT DO NOTHING;


INSERT INTO public."PRECO_COLETADO" ("Preco", "UnidadeMedida", "DataColeta", "PostoCNPJ", "CombustivelID")
VALUES (5.790, 'R$ / litro', '2023-03-27', '1503536000192',
        (SELECT "ID_Combustivel" FROM public."COMBUSTIVEL" WHERE "Nome" = 'DIESEL S10'))
ON CONFLICT DO NOTHING;


INSERT INTO public."PRECO_COLETADO" ("Preco", "UnidadeMedida", "DataColeta", "PostoCNPJ", "CombustivelID")
VALUES (5.690, 'R$ / litro', '2023-04-04', '1503536000192',
        (SELECT "ID_Combustivel" FROM public."COMBUSTIVEL" WHERE "Nome" = 'DIESEL S10'))
ON CONFLICT DO NOTHING;


INSERT INTO public."PRECO_COLETADO" ("Preco", "UnidadeMedida", "DataColeta", "PostoCNPJ", "CombustivelID")
VALUES (5.690, 'R$ / litro', '2023-04-10', '1503536000192',
        (SELECT "ID_Combustivel" FROM public."COMBUSTIVEL" WHERE "Nome" = 'DIESEL S10'))
ON CONFLICT DO NOTHING;


INSERT INTO public."PRECO_COLETADO" ("Preco", "UnidadeMedida", "DataColeta", "PostoCNPJ", "CombustivelID")
VALUES (5.690, 'R$ / litro', '2023-04-17', '1503536000192',
        (SELECT "ID_Combustivel" FROM public."COMBUSTIVEL" WHERE "Nome" = 'DIESEL S10'))
ON CONFLICT DO NOTHING;


INSERT INTO public."PRECO_COLETADO" ("Preco", "UnidadeMedida", "DataColeta", "PostoCNPJ", "CombustivelID")
VALUES (5.590, 'R$ / litro', '2023-05-02', '1503536000192',
        (SELECT "ID_Combustivel" FROM public."COMBUSTIVEL" WHERE "Nome" = 'DIESEL S10'))
ON CONFLICT DO NOTHING;


INSERT INTO public."PRECO_COLETADO" ("Preco", "UnidadeMedida", "DataColeta", "PostoCNPJ", "CombustivelID")
VALUES (5.490, 'R$ / litro', '2023-05-09', '1503536000192',
        (SELECT "ID_Combustivel" FROM public."COMBUSTIVEL" WHERE "Nome" = 'DIESEL S10'))
ON CONFLICT DO NOTHING;


INSERT INTO public."PRECO_COLETADO" ("Preco", "UnidadeMedida", "DataColeta", "PostoCNPJ", "CombustivelID")
VALUES (5.050, 'R$ / litro', '2023-05-22', '1503536000192',
        (SELECT "ID_Combustivel" FROM public."COMBUSTIVEL" WHERE "Nome" = 'DIESEL S10'))
ON CONFLICT DO NOTHING;


INSERT INTO public."PRECO_COLETADO" ("Preco", "UnidadeMedida", "DataColeta", "PostoCNPJ", "CombustivelID")
VALUES (5.090, 'R$ / litro', '2023-05-29', '1503536000192',
        (SELECT "ID_Combustivel" FROM public."COMBUSTIVEL" WHERE "Nome" = 'DIESEL S10'))
ON CONFLICT DO NOTHING;


INSERT INTO public."PRECO_COLETADO" ("Preco", "UnidadeMedida", "DataColeta", "PostoCNPJ", "CombustivelID")
VALUES (5.090, 'R$ / litro', '2023-06-05', '1503536000192',
        (SELECT "ID_Combustivel" FROM public."COMBUSTIVEL" WHERE "Nome" = 'DIESEL S10'))
ON CONFLICT DO NOTHING;


INSERT INTO public."PRECO_COLETADO" ("Preco", "UnidadeMedida", "DataColeta", "PostoCNPJ", "CombustivelID")
VALUES (5.090, 'R$ / litro', '2023-06-13', '1503536000192',
        (SELECT "ID_Combustivel" FROM public."COMBUSTIVEL" WHERE "Nome" = 'DIESEL S10'))
ON CONFLICT DO NOTHING;


INSERT INTO public."PRECO_COLETADO" ("Preco", "UnidadeMedida", "DataColeta", "PostoCNPJ", "CombustivelID")
VALUES (5.090, 'R$ / litro', '2023-06-20', '1503536000192',
        (SELECT "ID_Combustivel" FROM public."COMBUSTIVEL" WHERE "Nome" = 'DIESEL S10'))
ON CONFLICT DO NOTHING;


INSERT INTO public."PRECO_COLETADO" ("Preco", "UnidadeMedida", "DataColeta", "PostoCNPJ", "CombustivelID")
VALUES (5.090, 'R$ / litro', '2023-06-27', '1503536000192',
        (SELECT "ID_Combustivel" FROM public."COMBUSTIVEL" WHERE "Nome" = 'DIESEL S10'))
ON CONFLICT DO NOTHING;


INSERT INTO public."PRECO_COLETADO" ("Preco", "UnidadeMedida", "DataColeta", "PostoCNPJ", "CombustivelID")
VALUES (5.090, 'R$ / litro', '2023-07-04', '1503536000192',
        (SELECT "ID_Combustivel" FROM public."COMBUSTIVEL" WHERE "Nome" = 'DIESEL S10'))
ON CONFLICT DO NOTHING;


INSERT INTO public."PRECO_COLETADO" ("Preco", "UnidadeMedida", "DataColeta", "PostoCNPJ", "CombustivelID")
VALUES (5.090, 'R$ / litro', '2023-07-10', '1503536000192',
        (SELECT "ID_Combustivel" FROM public."COMBUSTIVEL" WHERE "Nome" = 'DIESEL S10'))
ON CONFLICT DO NOTHING;


INSERT INTO public."PRECO_COLETADO" ("Preco", "UnidadeMedida", "DataColeta", "PostoCNPJ", "CombustivelID")
VALUES (4.990, 'R$ / litro', '2023-07-17', '1503536000192',
        (SELECT "ID_Combustivel" FROM public."COMBUSTIVEL" WHERE "Nome" = 'DIESEL S10'))
ON CONFLICT DO NOTHING;


INSERT INTO public."PRECO_COLETADO" ("Preco", "UnidadeMedida", "DataColeta", "PostoCNPJ", "CombustivelID")
VALUES (4.990, 'R$ / litro', '2023-07-24', '1503536000192',
        (SELECT "ID_Combustivel" FROM public."COMBUSTIVEL" WHERE "Nome" = 'DIESEL S10'))
ON CONFLICT DO NOTHING;


INSERT INTO public."PRECO_COLETADO" ("Preco", "UnidadeMedida", "DataColeta", "PostoCNPJ", "CombustivelID")
VALUES (4.990, 'R$ / litro', '2023-07-31', '1503536000192',
        (SELECT "ID_Combustivel" FROM public."COMBUSTIVEL" WHERE "Nome" = 'DIESEL S10'))
ON CONFLICT DO NOTHING;


INSERT INTO public."PRECO_COLETADO" ("Preco", "UnidadeMedida", "DataColeta", "PostoCNPJ", "CombustivelID")
VALUES (4.990, 'R$ / litro', '2023-08-07', '1503536000192',
        (SELECT "ID_Combustivel" FROM public."COMBUSTIVEL" WHERE "Nome" = 'DIESEL S10'))
ON CONFLICT DO NOTHING;


INSERT INTO public."PRECO_COLETADO" ("Preco", "UnidadeMedida", "DataColeta", "PostoCNPJ", "CombustivelID")
VALUES (5.170, 'R$ / litro', '2023-08-15', '1503536000192',
        (SELECT "ID_Combustivel" FROM public."COMBUSTIVEL" WHERE "Nome" = 'DIESEL S10'))
ON CONFLICT DO NOTHING;


INSERT INTO public."PRECO_COLETADO" ("Preco", "UnidadeMedida", "DataColeta", "PostoCNPJ", "CombustivelID")
VALUES (5.990, 'R$ / litro', '2023-08-22', '1503536000192',
        (SELECT "ID_Combustivel" FROM public."COMBUSTIVEL" WHERE "Nome" = 'DIESEL S10'))
ON CONFLICT DO NOTHING;


INSERT INTO public."PRECO_COLETADO" ("Preco", "UnidadeMedida", "DataColeta", "PostoCNPJ", "CombustivelID")
VALUES (6.090, 'R$ / litro', '2023-09-07', '1503536000192',
        (SELECT "ID_Combustivel" FROM public."COMBUSTIVEL" WHERE "Nome" = 'DIESEL S10'))
ON CONFLICT DO NOTHING;


INSERT INTO public."PRECO_COLETADO" ("Preco", "UnidadeMedida", "DataColeta", "PostoCNPJ", "CombustivelID")
VALUES (6.090, 'R$ / litro', '2023-09-12', '1503536000192',
        (SELECT "ID_Combustivel" FROM public."COMBUSTIVEL" WHERE "Nome" = 'DIESEL S10'))
ON CONFLICT DO NOTHING;


INSERT INTO public."PRECO_COLETADO" ("Preco", "UnidadeMedida", "DataColeta", "PostoCNPJ", "CombustivelID")
VALUES (6.090, 'R$ / litro', '2023-09-19', '1503536000192',
        (SELECT "ID_Combustivel" FROM public."COMBUSTIVEL" WHERE "Nome" = 'DIESEL S10'))
ON CONFLICT DO NOTHING;


INSERT INTO public."PRECO_COLETADO" ("Preco", "UnidadeMedida", "DataColeta", "PostoCNPJ", "CombustivelID")
VALUES (6.090, 'R$ / litro', '2023-10-03', '1503536000192',
        (SELECT "ID_Combustivel" FROM public."COMBUSTIVEL" WHERE "Nome" = 'DIESEL S10'))
ON CONFLICT DO NOTHING;


INSERT INTO public."PRECO_COLETADO" ("Preco", "UnidadeMedida", "DataColeta", "PostoCNPJ", "CombustivelID")
VALUES (6.090, 'R$ / litro', '2023-10-10', '1503536000192',
        (SELECT "ID_Combustivel" FROM public."COMBUSTIVEL" WHERE "Nome" = 'DIESEL S10'))
ON CONFLICT DO NOTHING;


INSERT INTO public."PRECO_COLETADO" ("Preco", "UnidadeMedida", "DataColeta", "PostoCNPJ", "CombustivelID")
VALUES (6.090, 'R$ / litro', '2023-10-16', '1503536000192',
        (SELECT "ID_Combustivel" FROM public."COMBUSTIVEL" WHERE "Nome" = 'DIESEL S10'))
ON CONFLICT DO NOTHING;


INSERT INTO public."PRECO_COLETADO" ("Preco", "UnidadeMedida", "DataColeta", "PostoCNPJ", "CombustivelID")
VALUES (6.290, 'R$ / litro', '2023-10-24', '1503536000192',
        (SELECT "ID_Combustivel" FROM public."COMBUSTIVEL" WHERE "Nome" = 'DIESEL S10'))
ON CONFLICT DO NOTHING;


INSERT INTO public."PRECO_COLETADO" ("Preco", "UnidadeMedida", "DataColeta", "PostoCNPJ", "CombustivelID")
VALUES (6.190, 'R$ / litro', '2023-11-07', '1503536000192',
        (SELECT "ID_Combustivel" FROM public."COMBUSTIVEL" WHERE "Nome" = 'DIESEL S10'))
ON CONFLICT DO NOTHING;


INSERT INTO public."PRECO_COLETADO" ("Preco", "UnidadeMedida", "DataColeta", "PostoCNPJ", "CombustivelID")
VALUES (6.190, 'R$ / litro', '2023-11-14', '1503536000192',
        (SELECT "ID_Combustivel" FROM public."COMBUSTIVEL" WHERE "Nome" = 'DIESEL S10'))
ON CONFLICT DO NOTHING;


INSERT INTO public."PRECO_COLETADO" ("Preco", "UnidadeMedida", "DataColeta", "PostoCNPJ", "CombustivelID")
VALUES (6.090, 'R$ / litro', '2023-11-28', '1503536000192',
        (SELECT "ID_Combustivel" FROM public."COMBUSTIVEL" WHERE "Nome" = 'DIESEL S10'))
ON CONFLICT DO NOTHING;


INSERT INTO public."PRECO_COLETADO" ("Preco", "UnidadeMedida", "DataColeta", "PostoCNPJ", "CombustivelID")
VALUES (6.090, 'R$ / litro', '2023-12-06', '1503536000192',
        (SELECT "ID_Combustivel" FROM public."COMBUSTIVEL" WHERE "Nome" = 'DIESEL S10'))
ON CONFLICT DO NOTHING;


INSERT INTO public."PRECO_COLETADO" ("Preco", "UnidadeMedida", "DataColeta", "PostoCNPJ", "CombustivelID")
VALUES (5.990, 'R$ / litro', '2023-12-13', '1503536000192',
        (SELECT "ID_Combustivel" FROM public."COMBUSTIVEL" WHERE "Nome" = 'DIESEL S10'))
ON CONFLICT DO NOTHING;


INSERT INTO public."PRECO_COLETADO" ("Preco", "UnidadeMedida", "DataColeta", "PostoCNPJ", "CombustivelID")
VALUES (5.990, 'R$ / litro', '2023-12-20', '1503536000192',
        (SELECT "ID_Combustivel" FROM public."COMBUSTIVEL" WHERE "Nome" = 'DIESEL S10'))
ON CONFLICT DO NOTHING;


INSERT INTO public."PRECO_COLETADO" ("Preco", "UnidadeMedida", "DataColeta", "PostoCNPJ", "CombustivelID")
VALUES (5.990, 'R$ / litro', '2023-12-26', '1503536000192',
        (SELECT "ID_Combustivel" FROM public."COMBUSTIVEL" WHERE "Nome" = 'DIESEL S10'))
ON CONFLICT DO NOTHING;


INSERT INTO public."PRECO_COLETADO" ("Preco", "UnidadeMedida", "DataColeta", "PostoCNPJ", "CombustivelID")
VALUES (5.990, 'R$ / litro', '2024-01-08', '1503536000192',
        (SELECT "ID_Combustivel" FROM public."COMBUSTIVEL" WHERE "Nome" = 'DIESEL S10'))
ON CONFLICT DO NOTHING;


INSERT INTO public."PRECO_COLETADO" ("Preco", "UnidadeMedida", "DataColeta", "PostoCNPJ", "CombustivelID")
VALUES (5.890, 'R$ / litro', '2024-01-15', '1503536000192',
        (SELECT "ID_Combustivel" FROM public."COMBUSTIVEL" WHERE "Nome" = 'DIESEL S10'))
ON CONFLICT DO NOTHING;


INSERT INTO public."PRECO_COLETADO" ("Preco", "UnidadeMedida", "DataColeta", "PostoCNPJ", "CombustivelID")
VALUES (5.890, 'R$ / litro', '2024-01-22', '1503536000192',
        (SELECT "ID_Combustivel" FROM public."COMBUSTIVEL" WHERE "Nome" = 'DIESEL S10'))
ON CONFLICT DO NOTHING;


INSERT INTO public."PRECO_COLETADO" ("Preco", "UnidadeMedida", "DataColeta", "PostoCNPJ", "CombustivelID")
VALUES (5.890, 'R$ / litro', '2024-01-29', '1503536000192',
        (SELECT "ID_Combustivel" FROM public."COMBUSTIVEL" WHERE "Nome" = 'DIESEL S10'))
ON CONFLICT DO NOTHING;


INSERT INTO public."PRECO_COLETADO" ("Preco", "UnidadeMedida", "DataColeta", "PostoCNPJ", "CombustivelID")
VALUES (5.990, 'R$ / litro', '2024-02-05', '1503536000192',
        (SELECT "ID_Combustivel" FROM public."COMBUSTIVEL" WHERE "Nome" = 'DIESEL S10'))
ON CONFLICT DO NOTHING;


INSERT INTO public."PRECO_COLETADO" ("Preco", "UnidadeMedida", "DataColeta", "PostoCNPJ", "CombustivelID")
VALUES (5.990, 'R$ / litro', '2024-02-12', '1503536000192',
        (SELECT "ID_Combustivel" FROM public."COMBUSTIVEL" WHERE "Nome" = 'DIESEL S10'))
ON CONFLICT DO NOTHING;


INSERT INTO public."PRECO_COLETADO" ("Preco", "UnidadeMedida", "DataColeta", "PostoCNPJ", "CombustivelID")
VALUES (5.990, 'R$ / litro', '2024-02-19', '1503536000192',
        (SELECT "ID_Combustivel" FROM public."COMBUSTIVEL" WHERE "Nome" = 'DIESEL S10'))
ON CONFLICT DO NOTHING;


INSERT INTO public."PRECO_COLETADO" ("Preco", "UnidadeMedida", "DataColeta", "PostoCNPJ", "CombustivelID")
VALUES (5.990, 'R$ / litro', '2024-02-26', '1503536000192',
        (SELECT "ID_Combustivel" FROM public."COMBUSTIVEL" WHERE "Nome" = 'DIESEL S10'))
ON CONFLICT DO NOTHING;


INSERT INTO public."PRECO_COLETADO" ("Preco", "UnidadeMedida", "DataColeta", "PostoCNPJ", "CombustivelID")
VALUES (5.990, 'R$ / litro', '2024-03-04', '1503536000192',
        (SELECT "ID_Combustivel" FROM public."COMBUSTIVEL" WHERE "Nome" = 'DIESEL S10'))
ON CONFLICT DO NOTHING;


INSERT INTO public."PRECO_COLETADO" ("Preco", "UnidadeMedida", "DataColeta", "PostoCNPJ", "CombustivelID")
VALUES (5.990, 'R$ / litro', '2024-03-11', '1503536000192',
        (SELECT "ID_Combustivel" FROM public."COMBUSTIVEL" WHERE "Nome" = 'DIESEL S10'))
ON CONFLICT DO NOTHING;


INSERT INTO public."PRECO_COLETADO" ("Preco", "UnidadeMedida", "DataColeta", "PostoCNPJ", "CombustivelID")
VALUES (5.990, 'R$ / litro', '2024-03-18', '1503536000192',
        (SELECT "ID_Combustivel" FROM public."COMBUSTIVEL" WHERE "Nome" = 'DIESEL S10'))
ON CONFLICT DO NOTHING;


INSERT INTO public."PRECO_COLETADO" ("Preco", "UnidadeMedida", "DataColeta", "PostoCNPJ", "CombustivelID")
VALUES (5.890, 'R$ / litro', '2024-03-25', '1503536000192',
        (SELECT "ID_Combustivel" FROM public."COMBUSTIVEL" WHERE "Nome" = 'DIESEL S10'))
ON CONFLICT DO NOTHING;


INSERT INTO public."PRECO_COLETADO" ("Preco", "UnidadeMedida", "DataColeta", "PostoCNPJ", "CombustivelID")
VALUES (5.990, 'R$ / litro', '2024-04-02', '1503536000192',
        (SELECT "ID_Combustivel" FROM public."COMBUSTIVEL" WHERE "Nome" = 'DIESEL S10'))
ON CONFLICT DO NOTHING;


INSERT INTO public."PRECO_COLETADO" ("Preco", "UnidadeMedida", "DataColeta", "PostoCNPJ", "CombustivelID")
VALUES (5.990, 'R$ / litro', '2024-04-08', '1503536000192',
        (SELECT "ID_Combustivel" FROM public."COMBUSTIVEL" WHERE "Nome" = 'DIESEL S10'))
ON CONFLICT DO NOTHING;


INSERT INTO public."PRECO_COLETADO" ("Preco", "UnidadeMedida", "DataColeta", "PostoCNPJ", "CombustivelID")
VALUES (5.990, 'R$ / litro', '2024-04-15', '1503536000192',
        (SELECT "ID_Combustivel" FROM public."COMBUSTIVEL" WHERE "Nome" = 'DIESEL S10'))
ON CONFLICT DO NOTHING;


INSERT INTO public."PRECO_COLETADO" ("Preco", "UnidadeMedida", "DataColeta", "PostoCNPJ", "CombustivelID")
VALUES (5.990, 'R$ / litro', '2024-04-22', '1503536000192',
        (SELECT "ID_Combustivel" FROM public."COMBUSTIVEL" WHERE "Nome" = 'DIESEL S10'))
ON CONFLICT DO NOTHING;


INSERT INTO public."PRECO_COLETADO" ("Preco", "UnidadeMedida", "DataColeta", "PostoCNPJ", "CombustivelID")
VALUES (5.990, 'R$ / litro', '2024-04-29', '1503536000192',
        (SELECT "ID_Combustivel" FROM public."COMBUSTIVEL" WHERE "Nome" = 'DIESEL S10'))
ON CONFLICT DO NOTHING;


INSERT INTO public."PRECO_COLETADO" ("Preco", "UnidadeMedida", "DataColeta", "PostoCNPJ", "CombustivelID")
VALUES (5.990, 'R$ / litro', '2024-05-06', '1503536000192',
        (SELECT "ID_Combustivel" FROM public."COMBUSTIVEL" WHERE "Nome" = 'DIESEL S10'))
ON CONFLICT DO NOTHING;


INSERT INTO public."PRECO_COLETADO" ("Preco", "UnidadeMedida", "DataColeta", "PostoCNPJ", "CombustivelID")
VALUES (5.990, 'R$ / litro', '2024-05-14', '1503536000192',
        (SELECT "ID_Combustivel" FROM public."COMBUSTIVEL" WHERE "Nome" = 'DIESEL S10'))
ON CONFLICT DO NOTHING;


INSERT INTO public."PRECO_COLETADO" ("Preco", "UnidadeMedida", "DataColeta", "PostoCNPJ", "CombustivelID")
VALUES (5.990, 'R$ / litro', '2024-05-20', '1503536000192',
        (SELECT "ID_Combustivel" FROM public."COMBUSTIVEL" WHERE "Nome" = 'DIESEL S10'))
ON CONFLICT DO NOTHING;


INSERT INTO public."PRECO_COLETADO" ("Preco", "UnidadeMedida", "DataColeta", "PostoCNPJ", "CombustivelID")
VALUES (5.990, 'R$ / litro', '2024-05-27', '1503536000192',
        (SELECT "ID_Combustivel" FROM public."COMBUSTIVEL" WHERE "Nome" = 'DIESEL S10'))
ON CONFLICT DO NOTHING;


INSERT INTO public."PRECO_COLETADO" ("Preco", "UnidadeMedida", "DataColeta", "PostoCNPJ", "CombustivelID")
VALUES (5.990, 'R$ / litro', '2024-06-04', '1503536000192',
        (SELECT "ID_Combustivel" FROM public."COMBUSTIVEL" WHERE "Nome" = 'DIESEL S10'))
ON CONFLICT DO NOTHING;


INSERT INTO public."PRECO_COLETADO" ("Preco", "UnidadeMedida", "DataColeta", "PostoCNPJ", "CombustivelID")
VALUES (5.990, 'R$ / litro', '2024-06-10', '1503536000192',
        (SELECT "ID_Combustivel" FROM public."COMBUSTIVEL" WHERE "Nome" = 'DIESEL S10'))
ON CONFLICT DO NOTHING;


INSERT INTO public."PRECO_COLETADO" ("Preco", "UnidadeMedida", "DataColeta", "PostoCNPJ", "CombustivelID")
VALUES (5.990, 'R$ / litro', '2024-06-17', '1503536000192',
        (SELECT "ID_Combustivel" FROM public."COMBUSTIVEL" WHERE "Nome" = 'DIESEL S10'))
ON CONFLICT DO NOTHING;


INSERT INTO public."PRECO_COLETADO" ("Preco", "UnidadeMedida", "DataColeta", "PostoCNPJ", "CombustivelID")
VALUES (5.990, 'R$ / litro', '2024-06-24', '1503536000192',
        (SELECT "ID_Combustivel" FROM public."COMBUSTIVEL" WHERE "Nome" = 'DIESEL S10'))
ON CONFLICT DO NOTHING;


INSERT INTO public."PRECO_COLETADO" ("Preco", "UnidadeMedida", "DataColeta", "PostoCNPJ", "CombustivelID")
VALUES (5.990, 'R$ / litro', '2024-07-01', '1503536000192',
        (SELECT "ID_Combustivel" FROM public."COMBUSTIVEL" WHERE "Nome" = 'DIESEL S10'))
ON CONFLICT DO NOTHING;


INSERT INTO public."PRECO_COLETADO" ("Preco", "UnidadeMedida", "DataColeta", "PostoCNPJ", "CombustivelID")
VALUES (5.990, 'R$ / litro', '2024-07-09', '1503536000192',
        (SELECT "ID_Combustivel" FROM public."COMBUSTIVEL" WHERE "Nome" = 'DIESEL S10'))
ON CONFLICT DO NOTHING;


INSERT INTO public."PRECO_COLETADO" ("Preco", "UnidadeMedida", "DataColeta", "PostoCNPJ", "CombustivelID")
VALUES (5.990, 'R$ / litro', '2024-07-16', '1503536000192',
        (SELECT "ID_Combustivel" FROM public."COMBUSTIVEL" WHERE "Nome" = 'DIESEL S10'))
ON CONFLICT DO NOTHING;


INSERT INTO public."PRECO_COLETADO" ("Preco", "UnidadeMedida", "DataColeta", "PostoCNPJ", "CombustivelID")
VALUES (5.990, 'R$ / litro', '2024-07-22', '1503536000192',
        (SELECT "ID_Combustivel" FROM public."COMBUSTIVEL" WHERE "Nome" = 'DIESEL S10'))
ON CONFLICT DO NOTHING;


INSERT INTO public."PRECO_COLETADO" ("Preco", "UnidadeMedida", "DataColeta", "PostoCNPJ", "CombustivelID")
VALUES (5.990, 'R$ / litro', '2024-07-29', '1503536000192',
        (SELECT "ID_Combustivel" FROM public."COMBUSTIVEL" WHERE "Nome" = 'DIESEL S10'))
ON CONFLICT DO NOTHING;


INSERT INTO public."PRECO_COLETADO" ("Preco", "UnidadeMedida", "DataColeta", "PostoCNPJ", "CombustivelID")
VALUES (5.990, 'R$ / litro', '2024-08-05', '1503536000192',
        (SELECT "ID_Combustivel" FROM public."COMBUSTIVEL" WHERE "Nome" = 'DIESEL S10'))
ON CONFLICT DO NOTHING;


INSERT INTO public."PRECO_COLETADO" ("Preco", "UnidadeMedida", "DataColeta", "PostoCNPJ", "CombustivelID")
VALUES (5.990, 'R$ / litro', '2024-08-12', '1503536000192',
        (SELECT "ID_Combustivel" FROM public."COMBUSTIVEL" WHERE "Nome" = 'DIESEL S10'))
ON CONFLICT DO NOTHING;


INSERT INTO public."PRECO_COLETADO" ("Preco", "UnidadeMedida", "DataColeta", "PostoCNPJ", "CombustivelID")
VALUES (5.990, 'R$ / litro', '2024-08-20', '1503536000192',
        (SELECT "ID_Combustivel" FROM public."COMBUSTIVEL" WHERE "Nome" = 'DIESEL S10'))
ON CONFLICT DO NOTHING;


INSERT INTO public."PRECO_COLETADO" ("Preco", "UnidadeMedida", "DataColeta", "PostoCNPJ", "CombustivelID")
VALUES (5.990, 'R$ / litro', '2024-08-26', '1503536000192',
        (SELECT "ID_Combustivel" FROM public."COMBUSTIVEL" WHERE "Nome" = 'DIESEL S10'))
ON CONFLICT DO NOTHING;


INSERT INTO public."PRECO_COLETADO" ("Preco", "UnidadeMedida", "DataColeta", "PostoCNPJ", "CombustivelID")
VALUES (5.990, 'R$ / litro', '2024-09-02', '1503536000192',
        (SELECT "ID_Combustivel" FROM public."COMBUSTIVEL" WHERE "Nome" = 'DIESEL S10'))
ON CONFLICT DO NOTHING;


INSERT INTO public."COMBUSTIVEL" ("Nome")
VALUES ('GASOLINA ADITIVADA')
ON CONFLICT ("Nome") DO NOTHING;


INSERT INTO public."PRECO_COLETADO" ("Preco", "UnidadeMedida", "DataColeta", "PostoCNPJ", "CombustivelID")
VALUES (4.990, 'R$ / litro', '2022-10-24', '1503536000192',
        (SELECT "ID_Combustivel" FROM public."COMBUSTIVEL" WHERE "Nome" = 'GASOLINA ADITIVADA'))
ON CONFLICT DO NOTHING;


INSERT INTO public."PRECO_COLETADO" ("Preco", "UnidadeMedida", "DataColeta", "PostoCNPJ", "CombustivelID")
VALUES (4.990, 'R$ / litro', '2022-10-31', '1503536000192',
        (SELECT "ID_Combustivel" FROM public."COMBUSTIVEL" WHERE "Nome" = 'GASOLINA ADITIVADA'))
ON CONFLICT DO NOTHING;


INSERT INTO public."PRECO_COLETADO" ("Preco", "UnidadeMedida", "DataColeta", "PostoCNPJ", "CombustivelID")
VALUES (5.190, 'R$ / litro', '2022-11-22', '1503536000192',
        (SELECT "ID_Combustivel" FROM public."COMBUSTIVEL" WHERE "Nome" = 'GASOLINA ADITIVADA'))
ON CONFLICT DO NOTHING;


INSERT INTO public."PRECO_COLETADO" ("Preco", "UnidadeMedida", "DataColeta", "PostoCNPJ", "CombustivelID")
VALUES (5.190, 'R$ / litro', '2022-12-05', '1503536000192',
        (SELECT "ID_Combustivel" FROM public."COMBUSTIVEL" WHERE "Nome" = 'GASOLINA ADITIVADA'))
ON CONFLICT DO NOTHING;


INSERT INTO public."PRECO_COLETADO" ("Preco", "UnidadeMedida", "DataColeta", "PostoCNPJ", "CombustivelID")
VALUES (5.190, 'R$ / litro', '2022-12-12', '1503536000192',
        (SELECT "ID_Combustivel" FROM public."COMBUSTIVEL" WHERE "Nome" = 'GASOLINA ADITIVADA'))
ON CONFLICT DO NOTHING;


INSERT INTO public."PRECO_COLETADO" ("Preco", "UnidadeMedida", "DataColeta", "PostoCNPJ", "CombustivelID")
VALUES (5.090, 'R$ / litro', '2022-12-22', '1503536000192',
        (SELECT "ID_Combustivel" FROM public."COMBUSTIVEL" WHERE "Nome" = 'GASOLINA ADITIVADA'))
ON CONFLICT DO NOTHING;


INSERT INTO public."PRECO_COLETADO" ("Preco", "UnidadeMedida", "DataColeta", "PostoCNPJ", "CombustivelID")
VALUES (5.090, 'R$ / litro', '2022-12-26', '1503536000192',
        (SELECT "ID_Combustivel" FROM public."COMBUSTIVEL" WHERE "Nome" = 'GASOLINA ADITIVADA'))
ON CONFLICT DO NOTHING;


INSERT INTO public."PRECO_COLETADO" ("Preco", "UnidadeMedida", "DataColeta", "PostoCNPJ", "CombustivelID")
VALUES (5.090, 'R$ / litro', '2023-01-02', '1503536000192',
        (SELECT "ID_Combustivel" FROM public."COMBUSTIVEL" WHERE "Nome" = 'GASOLINA ADITIVADA'))
ON CONFLICT DO NOTHING;


INSERT INTO public."PRECO_COLETADO" ("Preco", "UnidadeMedida", "DataColeta", "PostoCNPJ", "CombustivelID")
VALUES (5.180, 'R$ / litro', '2023-01-09', '1503536000192',
        (SELECT "ID_Combustivel" FROM public."COMBUSTIVEL" WHERE "Nome" = 'GASOLINA ADITIVADA'))
ON CONFLICT DO NOTHING;


INSERT INTO public."PRECO_COLETADO" ("Preco", "UnidadeMedida", "DataColeta", "PostoCNPJ", "CombustivelID")
VALUES (5.180, 'R$ / litro', '2023-01-16', '1503536000192',
        (SELECT "ID_Combustivel" FROM public."COMBUSTIVEL" WHERE "Nome" = 'GASOLINA ADITIVADA'))
ON CONFLICT DO NOTHING;


INSERT INTO public."PRECO_COLETADO" ("Preco", "UnidadeMedida", "DataColeta", "PostoCNPJ", "CombustivelID")
VALUES (5.180, 'R$ / litro', '2023-01-23', '1503536000192',
        (SELECT "ID_Combustivel" FROM public."COMBUSTIVEL" WHERE "Nome" = 'GASOLINA ADITIVADA'))
ON CONFLICT DO NOTHING;


INSERT INTO public."PRECO_COLETADO" ("Preco", "UnidadeMedida", "DataColeta", "PostoCNPJ", "CombustivelID")
VALUES (5.290, 'R$ / litro', '2023-01-30', '1503536000192',
        (SELECT "ID_Combustivel" FROM public."COMBUSTIVEL" WHERE "Nome" = 'GASOLINA ADITIVADA'))
ON CONFLICT DO NOTHING;


INSERT INTO public."PRECO_COLETADO" ("Preco", "UnidadeMedida", "DataColeta", "PostoCNPJ", "CombustivelID")
VALUES (5.190, 'R$ / litro', '2023-02-06', '1503536000192',
        (SELECT "ID_Combustivel" FROM public."COMBUSTIVEL" WHERE "Nome" = 'GASOLINA ADITIVADA'))
ON CONFLICT DO NOTHING;


INSERT INTO public."PRECO_COLETADO" ("Preco", "UnidadeMedida", "DataColeta", "PostoCNPJ", "CombustivelID")
VALUES (5.190, 'R$ / litro', '2023-02-13', '1503536000192',
        (SELECT "ID_Combustivel" FROM public."COMBUSTIVEL" WHERE "Nome" = 'GASOLINA ADITIVADA'))
ON CONFLICT DO NOTHING;


INSERT INTO public."PRECO_COLETADO" ("Preco", "UnidadeMedida", "DataColeta", "PostoCNPJ", "CombustivelID")
VALUES (5.190, 'R$ / litro', '2023-02-20', '1503536000192',
        (SELECT "ID_Combustivel" FROM public."COMBUSTIVEL" WHERE "Nome" = 'GASOLINA ADITIVADA'))
ON CONFLICT DO NOTHING;


INSERT INTO public."PRECO_COLETADO" ("Preco", "UnidadeMedida", "DataColeta", "PostoCNPJ", "CombustivelID")
VALUES (5.190, 'R$ / litro', '2023-02-27', '1503536000192',
        (SELECT "ID_Combustivel" FROM public."COMBUSTIVEL" WHERE "Nome" = 'GASOLINA ADITIVADA'))
ON CONFLICT DO NOTHING;


INSERT INTO public."PRECO_COLETADO" ("Preco", "UnidadeMedida", "DataColeta", "PostoCNPJ", "CombustivelID")
VALUES (5.790, 'R$ / litro', '2023-03-06', '1503536000192',
        (SELECT "ID_Combustivel" FROM public."COMBUSTIVEL" WHERE "Nome" = 'GASOLINA ADITIVADA'))
ON CONFLICT DO NOTHING;


INSERT INTO public."PRECO_COLETADO" ("Preco", "UnidadeMedida", "DataColeta", "PostoCNPJ", "CombustivelID")
VALUES (5.670, 'R$ / litro', '2023-03-16', '1503536000192',
        (SELECT "ID_Combustivel" FROM public."COMBUSTIVEL" WHERE "Nome" = 'GASOLINA ADITIVADA'))
ON CONFLICT DO NOTHING;


INSERT INTO public."PRECO_COLETADO" ("Preco", "UnidadeMedida", "DataColeta", "PostoCNPJ", "CombustivelID")
VALUES (5.590, 'R$ / litro', '2023-03-21', '1503536000192',
        (SELECT "ID_Combustivel" FROM public."COMBUSTIVEL" WHERE "Nome" = 'GASOLINA ADITIVADA'))
ON CONFLICT DO NOTHING;


INSERT INTO public."PRECO_COLETADO" ("Preco", "UnidadeMedida", "DataColeta", "PostoCNPJ", "CombustivelID")
VALUES (5.550, 'R$ / litro', '2023-03-27', '1503536000192',
        (SELECT "ID_Combustivel" FROM public."COMBUSTIVEL" WHERE "Nome" = 'GASOLINA ADITIVADA'))
ON CONFLICT DO NOTHING;


INSERT INTO public."PRECO_COLETADO" ("Preco", "UnidadeMedida", "DataColeta", "PostoCNPJ", "CombustivelID")
VALUES (5.490, 'R$ / litro', '2023-04-04', '1503536000192',
        (SELECT "ID_Combustivel" FROM public."COMBUSTIVEL" WHERE "Nome" = 'GASOLINA ADITIVADA'))
ON CONFLICT DO NOTHING;


INSERT INTO public."PRECO_COLETADO" ("Preco", "UnidadeMedida", "DataColeta", "PostoCNPJ", "CombustivelID")
VALUES (5.590, 'R$ / litro', '2023-04-10', '1503536000192',
        (SELECT "ID_Combustivel" FROM public."COMBUSTIVEL" WHERE "Nome" = 'GASOLINA ADITIVADA'))
ON CONFLICT DO NOTHING;


INSERT INTO public."PRECO_COLETADO" ("Preco", "UnidadeMedida", "DataColeta", "PostoCNPJ", "CombustivelID")
VALUES (5.690, 'R$ / litro', '2023-04-17', '1503536000192',
        (SELECT "ID_Combustivel" FROM public."COMBUSTIVEL" WHERE "Nome" = 'GASOLINA ADITIVADA'))
ON CONFLICT DO NOTHING;


INSERT INTO public."PRECO_COLETADO" ("Preco", "UnidadeMedida", "DataColeta", "PostoCNPJ", "CombustivelID")
VALUES (5.590, 'R$ / litro', '2023-05-02', '1503536000192',
        (SELECT "ID_Combustivel" FROM public."COMBUSTIVEL" WHERE "Nome" = 'GASOLINA ADITIVADA'))
ON CONFLICT DO NOTHING;


INSERT INTO public."PRECO_COLETADO" ("Preco", "UnidadeMedida", "DataColeta", "PostoCNPJ", "CombustivelID")
VALUES (5.490, 'R$ / litro', '2023-05-09', '1503536000192',
        (SELECT "ID_Combustivel" FROM public."COMBUSTIVEL" WHERE "Nome" = 'GASOLINA ADITIVADA'))
ON CONFLICT DO NOTHING;


INSERT INTO public."PRECO_COLETADO" ("Preco", "UnidadeMedida", "DataColeta", "PostoCNPJ", "CombustivelID")
VALUES (5.420, 'R$ / litro', '2023-05-22', '1503536000192',
        (SELECT "ID_Combustivel" FROM public."COMBUSTIVEL" WHERE "Nome" = 'GASOLINA ADITIVADA'))
ON CONFLICT DO NOTHING;


INSERT INTO public."PRECO_COLETADO" ("Preco", "UnidadeMedida", "DataColeta", "PostoCNPJ", "CombustivelID")
VALUES (5.220, 'R$ / litro', '2023-05-29', '1503536000192',
        (SELECT "ID_Combustivel" FROM public."COMBUSTIVEL" WHERE "Nome" = 'GASOLINA ADITIVADA'))
ON CONFLICT DO NOTHING;


INSERT INTO public."PRECO_COLETADO" ("Preco", "UnidadeMedida", "DataColeta", "PostoCNPJ", "CombustivelID")
VALUES (5.690, 'R$ / litro', '2023-06-05', '1503536000192',
        (SELECT "ID_Combustivel" FROM public."COMBUSTIVEL" WHERE "Nome" = 'GASOLINA ADITIVADA'))
ON CONFLICT DO NOTHING;


INSERT INTO public."PRECO_COLETADO" ("Preco", "UnidadeMedida", "DataColeta", "PostoCNPJ", "CombustivelID")
VALUES (5.540, 'R$ / litro', '2023-06-13', '1503536000192',
        (SELECT "ID_Combustivel" FROM public."COMBUSTIVEL" WHERE "Nome" = 'GASOLINA ADITIVADA'))
ON CONFLICT DO NOTHING;


INSERT INTO public."PRECO_COLETADO" ("Preco", "UnidadeMedida", "DataColeta", "PostoCNPJ", "CombustivelID")
VALUES (5.490, 'R$ / litro', '2023-06-20', '1503536000192',
        (SELECT "ID_Combustivel" FROM public."COMBUSTIVEL" WHERE "Nome" = 'GASOLINA ADITIVADA'))
ON CONFLICT DO NOTHING;


INSERT INTO public."PRECO_COLETADO" ("Preco", "UnidadeMedida", "DataColeta", "PostoCNPJ", "CombustivelID")
VALUES (5.490, 'R$ / litro', '2023-06-27', '1503536000192',
        (SELECT "ID_Combustivel" FROM public."COMBUSTIVEL" WHERE "Nome" = 'GASOLINA ADITIVADA'))
ON CONFLICT DO NOTHING;


INSERT INTO public."PRECO_COLETADO" ("Preco", "UnidadeMedida", "DataColeta", "PostoCNPJ", "CombustivelID")
VALUES (5.840, 'R$ / litro', '2023-07-04', '1503536000192',
        (SELECT "ID_Combustivel" FROM public."COMBUSTIVEL" WHERE "Nome" = 'GASOLINA ADITIVADA'))
ON CONFLICT DO NOTHING;


INSERT INTO public."PRECO_COLETADO" ("Preco", "UnidadeMedida", "DataColeta", "PostoCNPJ", "CombustivelID")
VALUES (5.840, 'R$ / litro', '2023-07-10', '1503536000192',
        (SELECT "ID_Combustivel" FROM public."COMBUSTIVEL" WHERE "Nome" = 'GASOLINA ADITIVADA'))
ON CONFLICT DO NOTHING;


INSERT INTO public."PRECO_COLETADO" ("Preco", "UnidadeMedida", "DataColeta", "PostoCNPJ", "CombustivelID")
VALUES (5.740, 'R$ / litro', '2023-07-17', '1503536000192',
        (SELECT "ID_Combustivel" FROM public."COMBUSTIVEL" WHERE "Nome" = 'GASOLINA ADITIVADA'))
ON CONFLICT DO NOTHING;


INSERT INTO public."PRECO_COLETADO" ("Preco", "UnidadeMedida", "DataColeta", "PostoCNPJ", "CombustivelID")
VALUES (5.740, 'R$ / litro', '2023-07-24', '1503536000192',
        (SELECT "ID_Combustivel" FROM public."COMBUSTIVEL" WHERE "Nome" = 'GASOLINA ADITIVADA'))
ON CONFLICT DO NOTHING;


INSERT INTO public."PRECO_COLETADO" ("Preco", "UnidadeMedida", "DataColeta", "PostoCNPJ", "CombustivelID")
VALUES (5.640, 'R$ / litro', '2023-07-31', '1503536000192',
        (SELECT "ID_Combustivel" FROM public."COMBUSTIVEL" WHERE "Nome" = 'GASOLINA ADITIVADA'))
ON CONFLICT DO NOTHING;


INSERT INTO public."PRECO_COLETADO" ("Preco", "UnidadeMedida", "DataColeta", "PostoCNPJ", "CombustivelID")
VALUES (5.580, 'R$ / litro', '2023-08-07', '1503536000192',
        (SELECT "ID_Combustivel" FROM public."COMBUSTIVEL" WHERE "Nome" = 'GASOLINA ADITIVADA'))
ON CONFLICT DO NOTHING;


INSERT INTO public."PRECO_COLETADO" ("Preco", "UnidadeMedida", "DataColeta", "PostoCNPJ", "CombustivelID")
VALUES (5.500, 'R$ / litro', '2023-08-15', '1503536000192',
        (SELECT "ID_Combustivel" FROM public."COMBUSTIVEL" WHERE "Nome" = 'GASOLINA ADITIVADA'))
ON CONFLICT DO NOTHING;


INSERT INTO public."PRECO_COLETADO" ("Preco", "UnidadeMedida", "DataColeta", "PostoCNPJ", "CombustivelID")
VALUES (5.940, 'R$ / litro', '2023-08-22', '1503536000192',
        (SELECT "ID_Combustivel" FROM public."COMBUSTIVEL" WHERE "Nome" = 'GASOLINA ADITIVADA'))
ON CONFLICT DO NOTHING;


INSERT INTO public."PRECO_COLETADO" ("Preco", "UnidadeMedida", "DataColeta", "PostoCNPJ", "CombustivelID")
VALUES (5.940, 'R$ / litro', '2023-09-07', '1503536000192',
        (SELECT "ID_Combustivel" FROM public."COMBUSTIVEL" WHERE "Nome" = 'GASOLINA ADITIVADA'))
ON CONFLICT DO NOTHING;


INSERT INTO public."PRECO_COLETADO" ("Preco", "UnidadeMedida", "DataColeta", "PostoCNPJ", "CombustivelID")
VALUES (5.840, 'R$ / litro', '2023-09-12', '1503536000192',
        (SELECT "ID_Combustivel" FROM public."COMBUSTIVEL" WHERE "Nome" = 'GASOLINA ADITIVADA'))
ON CONFLICT DO NOTHING;


INSERT INTO public."PRECO_COLETADO" ("Preco", "UnidadeMedida", "DataColeta", "PostoCNPJ", "CombustivelID")
VALUES (5.840, 'R$ / litro', '2023-09-19', '1503536000192',
        (SELECT "ID_Combustivel" FROM public."COMBUSTIVEL" WHERE "Nome" = 'GASOLINA ADITIVADA'))
ON CONFLICT DO NOTHING;


INSERT INTO public."PRECO_COLETADO" ("Preco", "UnidadeMedida", "DataColeta", "PostoCNPJ", "CombustivelID")
VALUES (5.740, 'R$ / litro', '2023-10-03', '1503536000192',
        (SELECT "ID_Combustivel" FROM public."COMBUSTIVEL" WHERE "Nome" = 'GASOLINA ADITIVADA'))
ON CONFLICT DO NOTHING;


INSERT INTO public."PRECO_COLETADO" ("Preco", "UnidadeMedida", "DataColeta", "PostoCNPJ", "CombustivelID")
VALUES (5.740, 'R$ / litro', '2023-10-10', '1503536000192',
        (SELECT "ID_Combustivel" FROM public."COMBUSTIVEL" WHERE "Nome" = 'GASOLINA ADITIVADA'))
ON CONFLICT DO NOTHING;


INSERT INTO public."PRECO_COLETADO" ("Preco", "UnidadeMedida", "DataColeta", "PostoCNPJ", "CombustivelID")
VALUES (5.740, 'R$ / litro', '2023-10-16', '1503536000192',
        (SELECT "ID_Combustivel" FROM public."COMBUSTIVEL" WHERE "Nome" = 'GASOLINA ADITIVADA'))
ON CONFLICT DO NOTHING;


INSERT INTO public."PRECO_COLETADO" ("Preco", "UnidadeMedida", "DataColeta", "PostoCNPJ", "CombustivelID")
VALUES (5.740, 'R$ / litro', '2023-10-24', '1503536000192',
        (SELECT "ID_Combustivel" FROM public."COMBUSTIVEL" WHERE "Nome" = 'GASOLINA ADITIVADA'))
ON CONFLICT DO NOTHING;


INSERT INTO public."PRECO_COLETADO" ("Preco", "UnidadeMedida", "DataColeta", "PostoCNPJ", "CombustivelID")
VALUES (5.640, 'R$ / litro', '2023-11-07', '1503536000192',
        (SELECT "ID_Combustivel" FROM public."COMBUSTIVEL" WHERE "Nome" = 'GASOLINA ADITIVADA'))
ON CONFLICT DO NOTHING;


INSERT INTO public."PRECO_COLETADO" ("Preco", "UnidadeMedida", "DataColeta", "PostoCNPJ", "CombustivelID")
VALUES (5.520, 'R$ / litro', '2023-11-14', '1503536000192',
        (SELECT "ID_Combustivel" FROM public."COMBUSTIVEL" WHERE "Nome" = 'GASOLINA ADITIVADA'))
ON CONFLICT DO NOTHING;


INSERT INTO public."PRECO_COLETADO" ("Preco", "UnidadeMedida", "DataColeta", "PostoCNPJ", "CombustivelID")
VALUES (5.640, 'R$ / litro', '2023-11-28', '1503536000192',
        (SELECT "ID_Combustivel" FROM public."COMBUSTIVEL" WHERE "Nome" = 'GASOLINA ADITIVADA'))
ON CONFLICT DO NOTHING;


INSERT INTO public."PRECO_COLETADO" ("Preco", "UnidadeMedida", "DataColeta", "PostoCNPJ", "CombustivelID")
VALUES (5.640, 'R$ / litro', '2023-12-06', '1503536000192',
        (SELECT "ID_Combustivel" FROM public."COMBUSTIVEL" WHERE "Nome" = 'GASOLINA ADITIVADA'))
ON CONFLICT DO NOTHING;


INSERT INTO public."PRECO_COLETADO" ("Preco", "UnidadeMedida", "DataColeta", "PostoCNPJ", "CombustivelID")
VALUES (5.640, 'R$ / litro', '2023-12-13', '1503536000192',
        (SELECT "ID_Combustivel" FROM public."COMBUSTIVEL" WHERE "Nome" = 'GASOLINA ADITIVADA'))
ON CONFLICT DO NOTHING;


INSERT INTO public."PRECO_COLETADO" ("Preco", "UnidadeMedida", "DataColeta", "PostoCNPJ", "CombustivelID")
VALUES (5.540, 'R$ / litro', '2023-12-20', '1503536000192',
        (SELECT "ID_Combustivel" FROM public."COMBUSTIVEL" WHERE "Nome" = 'GASOLINA ADITIVADA'))
ON CONFLICT DO NOTHING;


INSERT INTO public."PRECO_COLETADO" ("Preco", "UnidadeMedida", "DataColeta", "PostoCNPJ", "CombustivelID")
VALUES (5.440, 'R$ / litro', '2023-12-26', '1503536000192',
        (SELECT "ID_Combustivel" FROM public."COMBUSTIVEL" WHERE "Nome" = 'GASOLINA ADITIVADA'))
ON CONFLICT DO NOTHING;


INSERT INTO public."PRECO_COLETADO" ("Preco", "UnidadeMedida", "DataColeta", "PostoCNPJ", "CombustivelID")
VALUES (5.590, 'R$ / litro', '2024-01-08', '1503536000192',
        (SELECT "ID_Combustivel" FROM public."COMBUSTIVEL" WHERE "Nome" = 'GASOLINA ADITIVADA'))
ON CONFLICT DO NOTHING;


INSERT INTO public."PRECO_COLETADO" ("Preco", "UnidadeMedida", "DataColeta", "PostoCNPJ", "CombustivelID")
VALUES (5.590, 'R$ / litro', '2024-01-15', '1503536000192',
        (SELECT "ID_Combustivel" FROM public."COMBUSTIVEL" WHERE "Nome" = 'GASOLINA ADITIVADA'))
ON CONFLICT DO NOTHING;


INSERT INTO public."PRECO_COLETADO" ("Preco", "UnidadeMedida", "DataColeta", "PostoCNPJ", "CombustivelID")
VALUES (5.590, 'R$ / litro', '2024-01-22', '1503536000192',
        (SELECT "ID_Combustivel" FROM public."COMBUSTIVEL" WHERE "Nome" = 'GASOLINA ADITIVADA'))
ON CONFLICT DO NOTHING;


INSERT INTO public."PRECO_COLETADO" ("Preco", "UnidadeMedida", "DataColeta", "PostoCNPJ", "CombustivelID")
VALUES (5.590, 'R$ / litro', '2024-01-29', '1503536000192',
        (SELECT "ID_Combustivel" FROM public."COMBUSTIVEL" WHERE "Nome" = 'GASOLINA ADITIVADA'))
ON CONFLICT DO NOTHING;


INSERT INTO public."PRECO_COLETADO" ("Preco", "UnidadeMedida", "DataColeta", "PostoCNPJ", "CombustivelID")
VALUES (5.890, 'R$ / litro', '2024-02-05', '1503536000192',
        (SELECT "ID_Combustivel" FROM public."COMBUSTIVEL" WHERE "Nome" = 'GASOLINA ADITIVADA'))
ON CONFLICT DO NOTHING;


INSERT INTO public."PRECO_COLETADO" ("Preco", "UnidadeMedida", "DataColeta", "PostoCNPJ", "CombustivelID")
VALUES (5.890, 'R$ / litro', '2024-02-12', '1503536000192',
        (SELECT "ID_Combustivel" FROM public."COMBUSTIVEL" WHERE "Nome" = 'GASOLINA ADITIVADA'))
ON CONFLICT DO NOTHING;


INSERT INTO public."PRECO_COLETADO" ("Preco", "UnidadeMedida", "DataColeta", "PostoCNPJ", "CombustivelID")
VALUES (5.890, 'R$ / litro', '2024-02-19', '1503536000192',
        (SELECT "ID_Combustivel" FROM public."COMBUSTIVEL" WHERE "Nome" = 'GASOLINA ADITIVADA'))
ON CONFLICT DO NOTHING;


INSERT INTO public."PRECO_COLETADO" ("Preco", "UnidadeMedida", "DataColeta", "PostoCNPJ", "CombustivelID")
VALUES (5.890, 'R$ / litro', '2024-02-26', '1503536000192',
        (SELECT "ID_Combustivel" FROM public."COMBUSTIVEL" WHERE "Nome" = 'GASOLINA ADITIVADA'))
ON CONFLICT DO NOTHING;


INSERT INTO public."PRECO_COLETADO" ("Preco", "UnidadeMedida", "DataColeta", "PostoCNPJ", "CombustivelID")
VALUES (5.890, 'R$ / litro', '2024-03-04', '1503536000192',
        (SELECT "ID_Combustivel" FROM public."COMBUSTIVEL" WHERE "Nome" = 'GASOLINA ADITIVADA'))
ON CONFLICT DO NOTHING;


INSERT INTO public."PRECO_COLETADO" ("Preco", "UnidadeMedida", "DataColeta", "PostoCNPJ", "CombustivelID")
VALUES (5.790, 'R$ / litro', '2024-03-11', '1503536000192',
        (SELECT "ID_Combustivel" FROM public."COMBUSTIVEL" WHERE "Nome" = 'GASOLINA ADITIVADA'))
ON CONFLICT DO NOTHING;


INSERT INTO public."PRECO_COLETADO" ("Preco", "UnidadeMedida", "DataColeta", "PostoCNPJ", "CombustivelID")
VALUES (5.790, 'R$ / litro', '2024-03-18', '1503536000192',
        (SELECT "ID_Combustivel" FROM public."COMBUSTIVEL" WHERE "Nome" = 'GASOLINA ADITIVADA'))
ON CONFLICT DO NOTHING;


INSERT INTO public."PRECO_COLETADO" ("Preco", "UnidadeMedida", "DataColeta", "PostoCNPJ", "CombustivelID")
VALUES (5.790, 'R$ / litro', '2024-03-25', '1503536000192',
        (SELECT "ID_Combustivel" FROM public."COMBUSTIVEL" WHERE "Nome" = 'GASOLINA ADITIVADA'))
ON CONFLICT DO NOTHING;


INSERT INTO public."PRECO_COLETADO" ("Preco", "UnidadeMedida", "DataColeta", "PostoCNPJ", "CombustivelID")
VALUES (5.890, 'R$ / litro', '2024-04-02', '1503536000192',
        (SELECT "ID_Combustivel" FROM public."COMBUSTIVEL" WHERE "Nome" = 'GASOLINA ADITIVADA'))
ON CONFLICT DO NOTHING;


INSERT INTO public."PRECO_COLETADO" ("Preco", "UnidadeMedida", "DataColeta", "PostoCNPJ", "CombustivelID")
VALUES (5.890, 'R$ / litro', '2024-04-08', '1503536000192',
        (SELECT "ID_Combustivel" FROM public."COMBUSTIVEL" WHERE "Nome" = 'GASOLINA ADITIVADA'))
ON CONFLICT DO NOTHING;


INSERT INTO public."PRECO_COLETADO" ("Preco", "UnidadeMedida", "DataColeta", "PostoCNPJ", "CombustivelID")
VALUES (5.890, 'R$ / litro', '2024-04-15', '1503536000192',
        (SELECT "ID_Combustivel" FROM public."COMBUSTIVEL" WHERE "Nome" = 'GASOLINA ADITIVADA'))
ON CONFLICT DO NOTHING;


INSERT INTO public."PRECO_COLETADO" ("Preco", "UnidadeMedida", "DataColeta", "PostoCNPJ", "CombustivelID")
VALUES (5.770, 'R$ / litro', '2024-04-22', '1503536000192',
        (SELECT "ID_Combustivel" FROM public."COMBUSTIVEL" WHERE "Nome" = 'GASOLINA ADITIVADA'))
ON CONFLICT DO NOTHING;


INSERT INTO public."PRECO_COLETADO" ("Preco", "UnidadeMedida", "DataColeta", "PostoCNPJ", "CombustivelID")
VALUES (6.090, 'R$ / litro', '2024-04-29', '1503536000192',
        (SELECT "ID_Combustivel" FROM public."COMBUSTIVEL" WHERE "Nome" = 'GASOLINA ADITIVADA'))
ON CONFLICT DO NOTHING;


INSERT INTO public."PRECO_COLETADO" ("Preco", "UnidadeMedida", "DataColeta", "PostoCNPJ", "CombustivelID")
VALUES (6.090, 'R$ / litro', '2024-05-06', '1503536000192',
        (SELECT "ID_Combustivel" FROM public."COMBUSTIVEL" WHERE "Nome" = 'GASOLINA ADITIVADA'))
ON CONFLICT DO NOTHING;


INSERT INTO public."PRECO_COLETADO" ("Preco", "UnidadeMedida", "DataColeta", "PostoCNPJ", "CombustivelID")
VALUES (6.090, 'R$ / litro', '2024-05-14', '1503536000192',
        (SELECT "ID_Combustivel" FROM public."COMBUSTIVEL" WHERE "Nome" = 'GASOLINA ADITIVADA'))
ON CONFLICT DO NOTHING;


INSERT INTO public."PRECO_COLETADO" ("Preco", "UnidadeMedida", "DataColeta", "PostoCNPJ", "CombustivelID")
VALUES (6.090, 'R$ / litro', '2024-05-20', '1503536000192',
        (SELECT "ID_Combustivel" FROM public."COMBUSTIVEL" WHERE "Nome" = 'GASOLINA ADITIVADA'))
ON CONFLICT DO NOTHING;


INSERT INTO public."PRECO_COLETADO" ("Preco", "UnidadeMedida", "DataColeta", "PostoCNPJ", "CombustivelID")
VALUES (6.090, 'R$ / litro', '2024-05-27', '1503536000192',
        (SELECT "ID_Combustivel" FROM public."COMBUSTIVEL" WHERE "Nome" = 'GASOLINA ADITIVADA'))
ON CONFLICT DO NOTHING;


INSERT INTO public."PRECO_COLETADO" ("Preco", "UnidadeMedida", "DataColeta", "PostoCNPJ", "CombustivelID")
VALUES (5.990, 'R$ / litro', '2024-06-04', '1503536000192',
        (SELECT "ID_Combustivel" FROM public."COMBUSTIVEL" WHERE "Nome" = 'GASOLINA ADITIVADA'))
ON CONFLICT DO NOTHING;


INSERT INTO public."PRECO_COLETADO" ("Preco", "UnidadeMedida", "DataColeta", "PostoCNPJ", "CombustivelID")
VALUES (5.990, 'R$ / litro', '2024-06-10', '1503536000192',
        (SELECT "ID_Combustivel" FROM public."COMBUSTIVEL" WHERE "Nome" = 'GASOLINA ADITIVADA'))
ON CONFLICT DO NOTHING;


INSERT INTO public."PRECO_COLETADO" ("Preco", "UnidadeMedida", "DataColeta", "PostoCNPJ", "CombustivelID")
VALUES (5.990, 'R$ / litro', '2024-06-17', '1503536000192',
        (SELECT "ID_Combustivel" FROM public."COMBUSTIVEL" WHERE "Nome" = 'GASOLINA ADITIVADA'))
ON CONFLICT DO NOTHING;


INSERT INTO public."PRECO_COLETADO" ("Preco", "UnidadeMedida", "DataColeta", "PostoCNPJ", "CombustivelID")
VALUES (5.990, 'R$ / litro', '2024-06-24', '1503536000192',
        (SELECT "ID_Combustivel" FROM public."COMBUSTIVEL" WHERE "Nome" = 'GASOLINA ADITIVADA'))
ON CONFLICT DO NOTHING;


INSERT INTO public."PRECO_COLETADO" ("Preco", "UnidadeMedida", "DataColeta", "PostoCNPJ", "CombustivelID")
VALUES (5.990, 'R$ / litro', '2024-07-01', '1503536000192',
        (SELECT "ID_Combustivel" FROM public."COMBUSTIVEL" WHERE "Nome" = 'GASOLINA ADITIVADA'))
ON CONFLICT DO NOTHING;


INSERT INTO public."PRECO_COLETADO" ("Preco", "UnidadeMedida", "DataColeta", "PostoCNPJ", "CombustivelID")
VALUES (5.990, 'R$ / litro', '2024-07-09', '1503536000192',
        (SELECT "ID_Combustivel" FROM public."COMBUSTIVEL" WHERE "Nome" = 'GASOLINA ADITIVADA'))
ON CONFLICT DO NOTHING;


INSERT INTO public."PRECO_COLETADO" ("Preco", "UnidadeMedida", "DataColeta", "PostoCNPJ", "CombustivelID")
VALUES (6.390, 'R$ / litro', '2024-07-16', '1503536000192',
        (SELECT "ID_Combustivel" FROM public."COMBUSTIVEL" WHERE "Nome" = 'GASOLINA ADITIVADA'))
ON CONFLICT DO NOTHING;


INSERT INTO public."PRECO_COLETADO" ("Preco", "UnidadeMedida", "DataColeta", "PostoCNPJ", "CombustivelID")
VALUES (6.350, 'R$ / litro', '2024-07-22', '1503536000192',
        (SELECT "ID_Combustivel" FROM public."COMBUSTIVEL" WHERE "Nome" = 'GASOLINA ADITIVADA'))
ON CONFLICT DO NOTHING;


INSERT INTO public."PRECO_COLETADO" ("Preco", "UnidadeMedida", "DataColeta", "PostoCNPJ", "CombustivelID")
VALUES (6.350, 'R$ / litro', '2024-07-29', '1503536000192',
        (SELECT "ID_Combustivel" FROM public."COMBUSTIVEL" WHERE "Nome" = 'GASOLINA ADITIVADA'))
ON CONFLICT DO NOTHING;


INSERT INTO public."PRECO_COLETADO" ("Preco", "UnidadeMedida", "DataColeta", "PostoCNPJ", "CombustivelID")
VALUES (6.350, 'R$ / litro', '2024-08-05', '1503536000192',
        (SELECT "ID_Combustivel" FROM public."COMBUSTIVEL" WHERE "Nome" = 'GASOLINA ADITIVADA'))
ON CONFLICT DO NOTHING;


INSERT INTO public."PRECO_COLETADO" ("Preco", "UnidadeMedida", "DataColeta", "PostoCNPJ", "CombustivelID")
VALUES (6.290, 'R$ / litro', '2024-08-12', '1503536000192',
        (SELECT "ID_Combustivel" FROM public."COMBUSTIVEL" WHERE "Nome" = 'GASOLINA ADITIVADA'))
ON CONFLICT DO NOTHING;


INSERT INTO public."PRECO_COLETADO" ("Preco", "UnidadeMedida", "DataColeta", "PostoCNPJ", "CombustivelID")
VALUES (6.290, 'R$ / litro', '2024-08-20', '1503536000192',
        (SELECT "ID_Combustivel" FROM public."COMBUSTIVEL" WHERE "Nome" = 'GASOLINA ADITIVADA'))
ON CONFLICT DO NOTHING;


INSERT INTO public."PRECO_COLETADO" ("Preco", "UnidadeMedida", "DataColeta", "PostoCNPJ", "CombustivelID")
VALUES (6.290, 'R$ / litro', '2024-08-26', '1503536000192',
        (SELECT "ID_Combustivel" FROM public."COMBUSTIVEL" WHERE "Nome" = 'GASOLINA ADITIVADA'))
ON CONFLICT DO NOTHING;


INSERT INTO public."PRECO_COLETADO" ("Preco", "UnidadeMedida", "DataColeta", "PostoCNPJ", "CombustivelID")
VALUES (6.290, 'R$ / litro', '2024-09-02', '1503536000192',
        (SELECT "ID_Combustivel" FROM public."COMBUSTIVEL" WHERE "Nome" = 'GASOLINA ADITIVADA'))
ON CONFLICT DO NOTHING;


INSERT INTO public."COMBUSTIVEL" ("Nome")
VALUES ('GASOLINA COMUM')
ON CONFLICT ("Nome") DO NOTHING;


INSERT INTO public."PRECO_COLETADO" ("Preco", "UnidadeMedida", "DataColeta", "PostoCNPJ", "CombustivelID")
VALUES (4.790, 'R$ / litro', '2022-10-24', '1503536000192',
        (SELECT "ID_Combustivel" FROM public."COMBUSTIVEL" WHERE "Nome" = 'GASOLINA COMUM'))
ON CONFLICT DO NOTHING;


INSERT INTO public."PRECO_COLETADO" ("Preco", "UnidadeMedida", "DataColeta", "PostoCNPJ", "CombustivelID")
VALUES (4.790, 'R$ / litro', '2022-10-31', '1503536000192',
        (SELECT "ID_Combustivel" FROM public."COMBUSTIVEL" WHERE "Nome" = 'GASOLINA COMUM'))
ON CONFLICT DO NOTHING;


INSERT INTO public."PRECO_COLETADO" ("Preco", "UnidadeMedida", "DataColeta", "PostoCNPJ", "CombustivelID")
VALUES (4.990, 'R$ / litro', '2022-11-22', '1503536000192',
        (SELECT "ID_Combustivel" FROM public."COMBUSTIVEL" WHERE "Nome" = 'GASOLINA COMUM'))
ON CONFLICT DO NOTHING;


INSERT INTO public."PRECO_COLETADO" ("Preco", "UnidadeMedida", "DataColeta", "PostoCNPJ", "CombustivelID")
VALUES (4.990, 'R$ / litro', '2022-12-05', '1503536000192',
        (SELECT "ID_Combustivel" FROM public."COMBUSTIVEL" WHERE "Nome" = 'GASOLINA COMUM'))
ON CONFLICT DO NOTHING;


INSERT INTO public."PRECO_COLETADO" ("Preco", "UnidadeMedida", "DataColeta", "PostoCNPJ", "CombustivelID")
VALUES (4.990, 'R$ / litro', '2022-12-12', '1503536000192',
        (SELECT "ID_Combustivel" FROM public."COMBUSTIVEL" WHERE "Nome" = 'GASOLINA COMUM'))
ON CONFLICT DO NOTHING;


INSERT INTO public."PRECO_COLETADO" ("Preco", "UnidadeMedida", "DataColeta", "PostoCNPJ", "CombustivelID")
VALUES (4.880, 'R$ / litro', '2022-12-22', '1503536000192',
        (SELECT "ID_Combustivel" FROM public."COMBUSTIVEL" WHERE "Nome" = 'GASOLINA COMUM'))
ON CONFLICT DO NOTHING;


INSERT INTO public."PRECO_COLETADO" ("Preco", "UnidadeMedida", "DataColeta", "PostoCNPJ", "CombustivelID")
VALUES (4.880, 'R$ / litro', '2022-12-26', '1503536000192',
        (SELECT "ID_Combustivel" FROM public."COMBUSTIVEL" WHERE "Nome" = 'GASOLINA COMUM'))
ON CONFLICT DO NOTHING;


INSERT INTO public."PRECO_COLETADO" ("Preco", "UnidadeMedida", "DataColeta", "PostoCNPJ", "CombustivelID")
VALUES (4.880, 'R$ / litro', '2023-01-02', '1503536000192',
        (SELECT "ID_Combustivel" FROM public."COMBUSTIVEL" WHERE "Nome" = 'GASOLINA COMUM'))
ON CONFLICT DO NOTHING;


INSERT INTO public."PRECO_COLETADO" ("Preco", "UnidadeMedida", "DataColeta", "PostoCNPJ", "CombustivelID")
VALUES (4.980, 'R$ / litro', '2023-01-09', '1503536000192',
        (SELECT "ID_Combustivel" FROM public."COMBUSTIVEL" WHERE "Nome" = 'GASOLINA COMUM'))
ON CONFLICT DO NOTHING;


INSERT INTO public."PRECO_COLETADO" ("Preco", "UnidadeMedida", "DataColeta", "PostoCNPJ", "CombustivelID")
VALUES (4.980, 'R$ / litro', '2023-01-16', '1503536000192',
        (SELECT "ID_Combustivel" FROM public."COMBUSTIVEL" WHERE "Nome" = 'GASOLINA COMUM'))
ON CONFLICT DO NOTHING;


INSERT INTO public."PRECO_COLETADO" ("Preco", "UnidadeMedida", "DataColeta", "PostoCNPJ", "CombustivelID")
VALUES (4.980, 'R$ / litro', '2023-01-23', '1503536000192',
        (SELECT "ID_Combustivel" FROM public."COMBUSTIVEL" WHERE "Nome" = 'GASOLINA COMUM'))
ON CONFLICT DO NOTHING;


INSERT INTO public."PRECO_COLETADO" ("Preco", "UnidadeMedida", "DataColeta", "PostoCNPJ", "CombustivelID")
VALUES (5.090, 'R$ / litro', '2023-01-30', '1503536000192',
        (SELECT "ID_Combustivel" FROM public."COMBUSTIVEL" WHERE "Nome" = 'GASOLINA COMUM'))
ON CONFLICT DO NOTHING;


INSERT INTO public."PRECO_COLETADO" ("Preco", "UnidadeMedida", "DataColeta", "PostoCNPJ", "CombustivelID")
VALUES (4.990, 'R$ / litro', '2023-02-06', '1503536000192',
        (SELECT "ID_Combustivel" FROM public."COMBUSTIVEL" WHERE "Nome" = 'GASOLINA COMUM'))
ON CONFLICT DO NOTHING;


INSERT INTO public."PRECO_COLETADO" ("Preco", "UnidadeMedida", "DataColeta", "PostoCNPJ", "CombustivelID")
VALUES (4.990, 'R$ / litro', '2023-02-13', '1503536000192',
        (SELECT "ID_Combustivel" FROM public."COMBUSTIVEL" WHERE "Nome" = 'GASOLINA COMUM'))
ON CONFLICT DO NOTHING;


INSERT INTO public."PRECO_COLETADO" ("Preco", "UnidadeMedida", "DataColeta", "PostoCNPJ", "CombustivelID")
VALUES (4.990, 'R$ / litro', '2023-02-20', '1503536000192',
        (SELECT "ID_Combustivel" FROM public."COMBUSTIVEL" WHERE "Nome" = 'GASOLINA COMUM'))
ON CONFLICT DO NOTHING;


INSERT INTO public."PRECO_COLETADO" ("Preco", "UnidadeMedida", "DataColeta", "PostoCNPJ", "CombustivelID")
VALUES (4.990, 'R$ / litro', '2023-02-27', '1503536000192',
        (SELECT "ID_Combustivel" FROM public."COMBUSTIVEL" WHERE "Nome" = 'GASOLINA COMUM'))
ON CONFLICT DO NOTHING;


INSERT INTO public."PRECO_COLETADO" ("Preco", "UnidadeMedida", "DataColeta", "PostoCNPJ", "CombustivelID")
VALUES (5.590, 'R$ / litro', '2023-03-06', '1503536000192',
        (SELECT "ID_Combustivel" FROM public."COMBUSTIVEL" WHERE "Nome" = 'GASOLINA COMUM'))
ON CONFLICT DO NOTHING;


INSERT INTO public."PRECO_COLETADO" ("Preco", "UnidadeMedida", "DataColeta", "PostoCNPJ", "CombustivelID")
VALUES (5.470, 'R$ / litro', '2023-03-16', '1503536000192',
        (SELECT "ID_Combustivel" FROM public."COMBUSTIVEL" WHERE "Nome" = 'GASOLINA COMUM'))
ON CONFLICT DO NOTHING;


INSERT INTO public."PRECO_COLETADO" ("Preco", "UnidadeMedida", "DataColeta", "PostoCNPJ", "CombustivelID")
VALUES (5.390, 'R$ / litro', '2023-03-21', '1503536000192',
        (SELECT "ID_Combustivel" FROM public."COMBUSTIVEL" WHERE "Nome" = 'GASOLINA COMUM'))
ON CONFLICT DO NOTHING;


INSERT INTO public."PRECO_COLETADO" ("Preco", "UnidadeMedida", "DataColeta", "PostoCNPJ", "CombustivelID")
VALUES (5.350, 'R$ / litro', '2023-03-27', '1503536000192',
        (SELECT "ID_Combustivel" FROM public."COMBUSTIVEL" WHERE "Nome" = 'GASOLINA COMUM'))
ON CONFLICT DO NOTHING;


INSERT INTO public."PRECO_COLETADO" ("Preco", "UnidadeMedida", "DataColeta", "PostoCNPJ", "CombustivelID")
VALUES (5.290, 'R$ / litro', '2023-04-04', '1503536000192',
        (SELECT "ID_Combustivel" FROM public."COMBUSTIVEL" WHERE "Nome" = 'GASOLINA COMUM'))
ON CONFLICT DO NOTHING;


INSERT INTO public."PRECO_COLETADO" ("Preco", "UnidadeMedida", "DataColeta", "PostoCNPJ", "CombustivelID")
VALUES (5.390, 'R$ / litro', '2023-04-10', '1503536000192',
        (SELECT "ID_Combustivel" FROM public."COMBUSTIVEL" WHERE "Nome" = 'GASOLINA COMUM'))
ON CONFLICT DO NOTHING;


INSERT INTO public."PRECO_COLETADO" ("Preco", "UnidadeMedida", "DataColeta", "PostoCNPJ", "CombustivelID")
VALUES (5.490, 'R$ / litro', '2023-04-17', '1503536000192',
        (SELECT "ID_Combustivel" FROM public."COMBUSTIVEL" WHERE "Nome" = 'GASOLINA COMUM'))
ON CONFLICT DO NOTHING;


INSERT INTO public."PRECO_COLETADO" ("Preco", "UnidadeMedida", "DataColeta", "PostoCNPJ", "CombustivelID")
VALUES (5.390, 'R$ / litro', '2023-05-02', '1503536000192',
        (SELECT "ID_Combustivel" FROM public."COMBUSTIVEL" WHERE "Nome" = 'GASOLINA COMUM'))
ON CONFLICT DO NOTHING;


INSERT INTO public."PRECO_COLETADO" ("Preco", "UnidadeMedida", "DataColeta", "PostoCNPJ", "CombustivelID")
VALUES (5.290, 'R$ / litro', '2023-05-09', '1503536000192',
        (SELECT "ID_Combustivel" FROM public."COMBUSTIVEL" WHERE "Nome" = 'GASOLINA COMUM'))
ON CONFLICT DO NOTHING;


INSERT INTO public."PRECO_COLETADO" ("Preco", "UnidadeMedida", "DataColeta", "PostoCNPJ", "CombustivelID")
VALUES (5.020, 'R$ / litro', '2023-05-22', '1503536000192',
        (SELECT "ID_Combustivel" FROM public."COMBUSTIVEL" WHERE "Nome" = 'GASOLINA COMUM'))
ON CONFLICT DO NOTHING;


INSERT INTO public."PRECO_COLETADO" ("Preco", "UnidadeMedida", "DataColeta", "PostoCNPJ", "CombustivelID")
VALUES (5.020, 'R$ / litro', '2023-05-29', '1503536000192',
        (SELECT "ID_Combustivel" FROM public."COMBUSTIVEL" WHERE "Nome" = 'GASOLINA COMUM'))
ON CONFLICT DO NOTHING;


INSERT INTO public."PRECO_COLETADO" ("Preco", "UnidadeMedida", "DataColeta", "PostoCNPJ", "CombustivelID")
VALUES (5.490, 'R$ / litro', '2023-06-05', '1503536000192',
        (SELECT "ID_Combustivel" FROM public."COMBUSTIVEL" WHERE "Nome" = 'GASOLINA COMUM'))
ON CONFLICT DO NOTHING;


INSERT INTO public."PRECO_COLETADO" ("Preco", "UnidadeMedida", "DataColeta", "PostoCNPJ", "CombustivelID")
VALUES (5.340, 'R$ / litro', '2023-06-13', '1503536000192',
        (SELECT "ID_Combustivel" FROM public."COMBUSTIVEL" WHERE "Nome" = 'GASOLINA COMUM'))
ON CONFLICT DO NOTHING;


INSERT INTO public."PRECO_COLETADO" ("Preco", "UnidadeMedida", "DataColeta", "PostoCNPJ", "CombustivelID")
VALUES (5.290, 'R$ / litro', '2023-06-20', '1503536000192',
        (SELECT "ID_Combustivel" FROM public."COMBUSTIVEL" WHERE "Nome" = 'GASOLINA COMUM'))
ON CONFLICT DO NOTHING;


INSERT INTO public."PRECO_COLETADO" ("Preco", "UnidadeMedida", "DataColeta", "PostoCNPJ", "CombustivelID")
VALUES (5.290, 'R$ / litro', '2023-06-27', '1503536000192',
        (SELECT "ID_Combustivel" FROM public."COMBUSTIVEL" WHERE "Nome" = 'GASOLINA COMUM'))
ON CONFLICT DO NOTHING;


INSERT INTO public."PRECO_COLETADO" ("Preco", "UnidadeMedida", "DataColeta", "PostoCNPJ", "CombustivelID")
VALUES (5.790, 'R$ / litro', '2023-07-04', '1503536000192',
        (SELECT "ID_Combustivel" FROM public."COMBUSTIVEL" WHERE "Nome" = 'GASOLINA COMUM'))
ON CONFLICT DO NOTHING;


INSERT INTO public."PRECO_COLETADO" ("Preco", "UnidadeMedida", "DataColeta", "PostoCNPJ", "CombustivelID")
VALUES (5.790, 'R$ / litro', '2023-07-10', '1503536000192',
        (SELECT "ID_Combustivel" FROM public."COMBUSTIVEL" WHERE "Nome" = 'GASOLINA COMUM'))
ON CONFLICT DO NOTHING;


INSERT INTO public."PRECO_COLETADO" ("Preco", "UnidadeMedida", "DataColeta", "PostoCNPJ", "CombustivelID")
VALUES (5.690, 'R$ / litro', '2023-07-17', '1503536000192',
        (SELECT "ID_Combustivel" FROM public."COMBUSTIVEL" WHERE "Nome" = 'GASOLINA COMUM'))
ON CONFLICT DO NOTHING;


INSERT INTO public."PRECO_COLETADO" ("Preco", "UnidadeMedida", "DataColeta", "PostoCNPJ", "CombustivelID")
VALUES (5.690, 'R$ / litro', '2023-07-24', '1503536000192',
        (SELECT "ID_Combustivel" FROM public."COMBUSTIVEL" WHERE "Nome" = 'GASOLINA COMUM'))
ON CONFLICT DO NOTHING;


INSERT INTO public."PRECO_COLETADO" ("Preco", "UnidadeMedida", "DataColeta", "PostoCNPJ", "CombustivelID")
VALUES (5.590, 'R$ / litro', '2023-07-31', '1503536000192',
        (SELECT "ID_Combustivel" FROM public."COMBUSTIVEL" WHERE "Nome" = 'GASOLINA COMUM'))
ON CONFLICT DO NOTHING;


INSERT INTO public."PRECO_COLETADO" ("Preco", "UnidadeMedida", "DataColeta", "PostoCNPJ", "CombustivelID")
VALUES (5.530, 'R$ / litro', '2023-08-07', '1503536000192',
        (SELECT "ID_Combustivel" FROM public."COMBUSTIVEL" WHERE "Nome" = 'GASOLINA COMUM'))
ON CONFLICT DO NOTHING;


INSERT INTO public."PRECO_COLETADO" ("Preco", "UnidadeMedida", "DataColeta", "PostoCNPJ", "CombustivelID")
VALUES (5.450, 'R$ / litro', '2023-08-15', '1503536000192',
        (SELECT "ID_Combustivel" FROM public."COMBUSTIVEL" WHERE "Nome" = 'GASOLINA COMUM'))
ON CONFLICT DO NOTHING;


INSERT INTO public."PRECO_COLETADO" ("Preco", "UnidadeMedida", "DataColeta", "PostoCNPJ", "CombustivelID")
VALUES (5.890, 'R$ / litro', '2023-08-22', '1503536000192',
        (SELECT "ID_Combustivel" FROM public."COMBUSTIVEL" WHERE "Nome" = 'GASOLINA COMUM'))
ON CONFLICT DO NOTHING;


INSERT INTO public."PRECO_COLETADO" ("Preco", "UnidadeMedida", "DataColeta", "PostoCNPJ", "CombustivelID")
VALUES (5.890, 'R$ / litro', '2023-09-07', '1503536000192',
        (SELECT "ID_Combustivel" FROM public."COMBUSTIVEL" WHERE "Nome" = 'GASOLINA COMUM'))
ON CONFLICT DO NOTHING;


INSERT INTO public."PRECO_COLETADO" ("Preco", "UnidadeMedida", "DataColeta", "PostoCNPJ", "CombustivelID")
VALUES (5.790, 'R$ / litro', '2023-09-12', '1503536000192',
        (SELECT "ID_Combustivel" FROM public."COMBUSTIVEL" WHERE "Nome" = 'GASOLINA COMUM'))
ON CONFLICT DO NOTHING;


INSERT INTO public."PRECO_COLETADO" ("Preco", "UnidadeMedida", "DataColeta", "PostoCNPJ", "CombustivelID")
VALUES (5.790, 'R$ / litro', '2023-09-19', '1503536000192',
        (SELECT "ID_Combustivel" FROM public."COMBUSTIVEL" WHERE "Nome" = 'GASOLINA COMUM'))
ON CONFLICT DO NOTHING;


INSERT INTO public."PRECO_COLETADO" ("Preco", "UnidadeMedida", "DataColeta", "PostoCNPJ", "CombustivelID")
VALUES (5.690, 'R$ / litro', '2023-10-03', '1503536000192',
        (SELECT "ID_Combustivel" FROM public."COMBUSTIVEL" WHERE "Nome" = 'GASOLINA COMUM'))
ON CONFLICT DO NOTHING;


INSERT INTO public."PRECO_COLETADO" ("Preco", "UnidadeMedida", "DataColeta", "PostoCNPJ", "CombustivelID")
VALUES (5.690, 'R$ / litro', '2023-10-10', '1503536000192',
        (SELECT "ID_Combustivel" FROM public."COMBUSTIVEL" WHERE "Nome" = 'GASOLINA COMUM'))
ON CONFLICT DO NOTHING;


INSERT INTO public."PRECO_COLETADO" ("Preco", "UnidadeMedida", "DataColeta", "PostoCNPJ", "CombustivelID")
VALUES (5.690, 'R$ / litro', '2023-10-16', '1503536000192',
        (SELECT "ID_Combustivel" FROM public."COMBUSTIVEL" WHERE "Nome" = 'GASOLINA COMUM'))
ON CONFLICT DO NOTHING;


INSERT INTO public."PRECO_COLETADO" ("Preco", "UnidadeMedida", "DataColeta", "PostoCNPJ", "CombustivelID")
VALUES (5.690, 'R$ / litro', '2023-10-24', '1503536000192',
        (SELECT "ID_Combustivel" FROM public."COMBUSTIVEL" WHERE "Nome" = 'GASOLINA COMUM'))
ON CONFLICT DO NOTHING;


INSERT INTO public."PRECO_COLETADO" ("Preco", "UnidadeMedida", "DataColeta", "PostoCNPJ", "CombustivelID")
VALUES (5.590, 'R$ / litro', '2023-11-07', '1503536000192',
        (SELECT "ID_Combustivel" FROM public."COMBUSTIVEL" WHERE "Nome" = 'GASOLINA COMUM'))
ON CONFLICT DO NOTHING;


INSERT INTO public."PRECO_COLETADO" ("Preco", "UnidadeMedida", "DataColeta", "PostoCNPJ", "CombustivelID")
VALUES (5.470, 'R$ / litro', '2023-11-14', '1503536000192',
        (SELECT "ID_Combustivel" FROM public."COMBUSTIVEL" WHERE "Nome" = 'GASOLINA COMUM'))
ON CONFLICT DO NOTHING;


INSERT INTO public."PRECO_COLETADO" ("Preco", "UnidadeMedida", "DataColeta", "PostoCNPJ", "CombustivelID")
VALUES (5.590, 'R$ / litro', '2023-11-28', '1503536000192',
        (SELECT "ID_Combustivel" FROM public."COMBUSTIVEL" WHERE "Nome" = 'GASOLINA COMUM'))
ON CONFLICT DO NOTHING;


INSERT INTO public."PRECO_COLETADO" ("Preco", "UnidadeMedida", "DataColeta", "PostoCNPJ", "CombustivelID")
VALUES (5.590, 'R$ / litro', '2023-12-06', '1503536000192',
        (SELECT "ID_Combustivel" FROM public."COMBUSTIVEL" WHERE "Nome" = 'GASOLINA COMUM'))
ON CONFLICT DO NOTHING;


INSERT INTO public."PRECO_COLETADO" ("Preco", "UnidadeMedida", "DataColeta", "PostoCNPJ", "CombustivelID")
VALUES (5.590, 'R$ / litro', '2023-12-13', '1503536000192',
        (SELECT "ID_Combustivel" FROM public."COMBUSTIVEL" WHERE "Nome" = 'GASOLINA COMUM'))
ON CONFLICT DO NOTHING;


INSERT INTO public."PRECO_COLETADO" ("Preco", "UnidadeMedida", "DataColeta", "PostoCNPJ", "CombustivelID")
VALUES (5.490, 'R$ / litro', '2023-12-20', '1503536000192',
        (SELECT "ID_Combustivel" FROM public."COMBUSTIVEL" WHERE "Nome" = 'GASOLINA COMUM'))
ON CONFLICT DO NOTHING;


INSERT INTO public."PRECO_COLETADO" ("Preco", "UnidadeMedida", "DataColeta", "PostoCNPJ", "CombustivelID")
VALUES (5.390, 'R$ / litro', '2023-12-26', '1503536000192',
        (SELECT "ID_Combustivel" FROM public."COMBUSTIVEL" WHERE "Nome" = 'GASOLINA COMUM'))
ON CONFLICT DO NOTHING;


INSERT INTO public."PRECO_COLETADO" ("Preco", "UnidadeMedida", "DataColeta", "PostoCNPJ", "CombustivelID")
VALUES (5.390, 'R$ / litro', '2024-01-08', '1503536000192',
        (SELECT "ID_Combustivel" FROM public."COMBUSTIVEL" WHERE "Nome" = 'GASOLINA COMUM'))
ON CONFLICT DO NOTHING;


INSERT INTO public."PRECO_COLETADO" ("Preco", "UnidadeMedida", "DataColeta", "PostoCNPJ", "CombustivelID")
VALUES (5.390, 'R$ / litro', '2024-01-15', '1503536000192',
        (SELECT "ID_Combustivel" FROM public."COMBUSTIVEL" WHERE "Nome" = 'GASOLINA COMUM'))
ON CONFLICT DO NOTHING;


INSERT INTO public."PRECO_COLETADO" ("Preco", "UnidadeMedida", "DataColeta", "PostoCNPJ", "CombustivelID")
VALUES (5.390, 'R$ / litro', '2024-01-22', '1503536000192',
        (SELECT "ID_Combustivel" FROM public."COMBUSTIVEL" WHERE "Nome" = 'GASOLINA COMUM'))
ON CONFLICT DO NOTHING;


INSERT INTO public."PRECO_COLETADO" ("Preco", "UnidadeMedida", "DataColeta", "PostoCNPJ", "CombustivelID")
VALUES (5.390, 'R$ / litro', '2024-01-29', '1503536000192',
        (SELECT "ID_Combustivel" FROM public."COMBUSTIVEL" WHERE "Nome" = 'GASOLINA COMUM'))
ON CONFLICT DO NOTHING;


INSERT INTO public."PRECO_COLETADO" ("Preco", "UnidadeMedida", "DataColeta", "PostoCNPJ", "CombustivelID")
VALUES (5.690, 'R$ / litro', '2024-02-05', '1503536000192',
        (SELECT "ID_Combustivel" FROM public."COMBUSTIVEL" WHERE "Nome" = 'GASOLINA COMUM'))
ON CONFLICT DO NOTHING;


INSERT INTO public."PRECO_COLETADO" ("Preco", "UnidadeMedida", "DataColeta", "PostoCNPJ", "CombustivelID")
VALUES (5.690, 'R$ / litro', '2024-02-12', '1503536000192',
        (SELECT "ID_Combustivel" FROM public."COMBUSTIVEL" WHERE "Nome" = 'GASOLINA COMUM'))
ON CONFLICT DO NOTHING;


INSERT INTO public."PRECO_COLETADO" ("Preco", "UnidadeMedida", "DataColeta", "PostoCNPJ", "CombustivelID")
VALUES (5.690, 'R$ / litro', '2024-02-19', '1503536000192',
        (SELECT "ID_Combustivel" FROM public."COMBUSTIVEL" WHERE "Nome" = 'GASOLINA COMUM'))
ON CONFLICT DO NOTHING;


INSERT INTO public."PRECO_COLETADO" ("Preco", "UnidadeMedida", "DataColeta", "PostoCNPJ", "CombustivelID")
VALUES (5.690, 'R$ / litro', '2024-02-26', '1503536000192',
        (SELECT "ID_Combustivel" FROM public."COMBUSTIVEL" WHERE "Nome" = 'GASOLINA COMUM'))
ON CONFLICT DO NOTHING;


INSERT INTO public."PRECO_COLETADO" ("Preco", "UnidadeMedida", "DataColeta", "PostoCNPJ", "CombustivelID")
VALUES (5.690, 'R$ / litro', '2024-03-04', '1503536000192',
        (SELECT "ID_Combustivel" FROM public."COMBUSTIVEL" WHERE "Nome" = 'GASOLINA COMUM'))
ON CONFLICT DO NOTHING;


INSERT INTO public."PRECO_COLETADO" ("Preco", "UnidadeMedida", "DataColeta", "PostoCNPJ", "CombustivelID")
VALUES (5.590, 'R$ / litro', '2024-03-11', '1503536000192',
        (SELECT "ID_Combustivel" FROM public."COMBUSTIVEL" WHERE "Nome" = 'GASOLINA COMUM'))
ON CONFLICT DO NOTHING;


INSERT INTO public."PRECO_COLETADO" ("Preco", "UnidadeMedida", "DataColeta", "PostoCNPJ", "CombustivelID")
VALUES (5.590, 'R$ / litro', '2024-03-18', '1503536000192',
        (SELECT "ID_Combustivel" FROM public."COMBUSTIVEL" WHERE "Nome" = 'GASOLINA COMUM'))
ON CONFLICT DO NOTHING;


INSERT INTO public."PRECO_COLETADO" ("Preco", "UnidadeMedida", "DataColeta", "PostoCNPJ", "CombustivelID")
VALUES (5.590, 'R$ / litro', '2024-03-25', '1503536000192',
        (SELECT "ID_Combustivel" FROM public."COMBUSTIVEL" WHERE "Nome" = 'GASOLINA COMUM'))
ON CONFLICT DO NOTHING;


INSERT INTO public."PRECO_COLETADO" ("Preco", "UnidadeMedida", "DataColeta", "PostoCNPJ", "CombustivelID")
VALUES (5.690, 'R$ / litro', '2024-04-02', '1503536000192',
        (SELECT "ID_Combustivel" FROM public."COMBUSTIVEL" WHERE "Nome" = 'GASOLINA COMUM'))
ON CONFLICT DO NOTHING;


INSERT INTO public."PRECO_COLETADO" ("Preco", "UnidadeMedida", "DataColeta", "PostoCNPJ", "CombustivelID")
VALUES (5.690, 'R$ / litro', '2024-04-08', '1503536000192',
        (SELECT "ID_Combustivel" FROM public."COMBUSTIVEL" WHERE "Nome" = 'GASOLINA COMUM'))
ON CONFLICT DO NOTHING;


INSERT INTO public."PRECO_COLETADO" ("Preco", "UnidadeMedida", "DataColeta", "PostoCNPJ", "CombustivelID")
VALUES (5.690, 'R$ / litro', '2024-04-15', '1503536000192',
        (SELECT "ID_Combustivel" FROM public."COMBUSTIVEL" WHERE "Nome" = 'GASOLINA COMUM'))
ON CONFLICT DO NOTHING;


INSERT INTO public."PRECO_COLETADO" ("Preco", "UnidadeMedida", "DataColeta", "PostoCNPJ", "CombustivelID")
VALUES (5.570, 'R$ / litro', '2024-04-22', '1503536000192',
        (SELECT "ID_Combustivel" FROM public."COMBUSTIVEL" WHERE "Nome" = 'GASOLINA COMUM'))
ON CONFLICT DO NOTHING;


INSERT INTO public."PRECO_COLETADO" ("Preco", "UnidadeMedida", "DataColeta", "PostoCNPJ", "CombustivelID")
VALUES (5.890, 'R$ / litro', '2024-04-29', '1503536000192',
        (SELECT "ID_Combustivel" FROM public."COMBUSTIVEL" WHERE "Nome" = 'GASOLINA COMUM'))
ON CONFLICT DO NOTHING;


INSERT INTO public."PRECO_COLETADO" ("Preco", "UnidadeMedida", "DataColeta", "PostoCNPJ", "CombustivelID")
VALUES (5.890, 'R$ / litro', '2024-05-06', '1503536000192',
        (SELECT "ID_Combustivel" FROM public."COMBUSTIVEL" WHERE "Nome" = 'GASOLINA COMUM'))
ON CONFLICT DO NOTHING;


INSERT INTO public."PRECO_COLETADO" ("Preco", "UnidadeMedida", "DataColeta", "PostoCNPJ", "CombustivelID")
VALUES (5.890, 'R$ / litro', '2024-05-14', '1503536000192',
        (SELECT "ID_Combustivel" FROM public."COMBUSTIVEL" WHERE "Nome" = 'GASOLINA COMUM'))
ON CONFLICT DO NOTHING;


INSERT INTO public."PRECO_COLETADO" ("Preco", "UnidadeMedida", "DataColeta", "PostoCNPJ", "CombustivelID")
VALUES (5.890, 'R$ / litro', '2024-05-20', '1503536000192',
        (SELECT "ID_Combustivel" FROM public."COMBUSTIVEL" WHERE "Nome" = 'GASOLINA COMUM'))
ON CONFLICT DO NOTHING;


INSERT INTO public."PRECO_COLETADO" ("Preco", "UnidadeMedida", "DataColeta", "PostoCNPJ", "CombustivelID")
VALUES (5.890, 'R$ / litro', '2024-05-27', '1503536000192',
        (SELECT "ID_Combustivel" FROM public."COMBUSTIVEL" WHERE "Nome" = 'GASOLINA COMUM'))
ON CONFLICT DO NOTHING;


INSERT INTO public."PRECO_COLETADO" ("Preco", "UnidadeMedida", "DataColeta", "PostoCNPJ", "CombustivelID")
VALUES (5.790, 'R$ / litro', '2024-06-04', '1503536000192',
        (SELECT "ID_Combustivel" FROM public."COMBUSTIVEL" WHERE "Nome" = 'GASOLINA COMUM'))
ON CONFLICT DO NOTHING;


INSERT INTO public."PRECO_COLETADO" ("Preco", "UnidadeMedida", "DataColeta", "PostoCNPJ", "CombustivelID")
VALUES (5.790, 'R$ / litro', '2024-06-10', '1503536000192',
        (SELECT "ID_Combustivel" FROM public."COMBUSTIVEL" WHERE "Nome" = 'GASOLINA COMUM'))
ON CONFLICT DO NOTHING;


INSERT INTO public."PRECO_COLETADO" ("Preco", "UnidadeMedida", "DataColeta", "PostoCNPJ", "CombustivelID")
VALUES (5.790, 'R$ / litro', '2024-06-17', '1503536000192',
        (SELECT "ID_Combustivel" FROM public."COMBUSTIVEL" WHERE "Nome" = 'GASOLINA COMUM'))
ON CONFLICT DO NOTHING;


INSERT INTO public."PRECO_COLETADO" ("Preco", "UnidadeMedida", "DataColeta", "PostoCNPJ", "CombustivelID")
VALUES (5.790, 'R$ / litro', '2024-06-24', '1503536000192',
        (SELECT "ID_Combustivel" FROM public."COMBUSTIVEL" WHERE "Nome" = 'GASOLINA COMUM'))
ON CONFLICT DO NOTHING;


INSERT INTO public."PRECO_COLETADO" ("Preco", "UnidadeMedida", "DataColeta", "PostoCNPJ", "CombustivelID")
VALUES (5.790, 'R$ / litro', '2024-07-01', '1503536000192',
        (SELECT "ID_Combustivel" FROM public."COMBUSTIVEL" WHERE "Nome" = 'GASOLINA COMUM'))
ON CONFLICT DO NOTHING;


INSERT INTO public."PRECO_COLETADO" ("Preco", "UnidadeMedida", "DataColeta", "PostoCNPJ", "CombustivelID")
VALUES (5.790, 'R$ / litro', '2024-07-09', '1503536000192',
        (SELECT "ID_Combustivel" FROM public."COMBUSTIVEL" WHERE "Nome" = 'GASOLINA COMUM'))
ON CONFLICT DO NOTHING;


INSERT INTO public."PRECO_COLETADO" ("Preco", "UnidadeMedida", "DataColeta", "PostoCNPJ", "CombustivelID")
VALUES (6.190, 'R$ / litro', '2024-07-16', '1503536000192',
        (SELECT "ID_Combustivel" FROM public."COMBUSTIVEL" WHERE "Nome" = 'GASOLINA COMUM'))
ON CONFLICT DO NOTHING;


INSERT INTO public."PRECO_COLETADO" ("Preco", "UnidadeMedida", "DataColeta", "PostoCNPJ", "CombustivelID")
VALUES (6.150, 'R$ / litro', '2024-07-22', '1503536000192',
        (SELECT "ID_Combustivel" FROM public."COMBUSTIVEL" WHERE "Nome" = 'GASOLINA COMUM'))
ON CONFLICT DO NOTHING;


INSERT INTO public."PRECO_COLETADO" ("Preco", "UnidadeMedida", "DataColeta", "PostoCNPJ", "CombustivelID")
VALUES (6.150, 'R$ / litro', '2024-07-29', '1503536000192',
        (SELECT "ID_Combustivel" FROM public."COMBUSTIVEL" WHERE "Nome" = 'GASOLINA COMUM'))
ON CONFLICT DO NOTHING;


INSERT INTO public."PRECO_COLETADO" ("Preco", "UnidadeMedida", "DataColeta", "PostoCNPJ", "CombustivelID")
VALUES (6.150, 'R$ / litro', '2024-08-05', '1503536000192',
        (SELECT "ID_Combustivel" FROM public."COMBUSTIVEL" WHERE "Nome" = 'GASOLINA COMUM'))
ON CONFLICT DO NOTHING;


INSERT INTO public."PRECO_COLETADO" ("Preco", "UnidadeMedida", "DataColeta", "PostoCNPJ", "CombustivelID")
VALUES (6.090, 'R$ / litro', '2024-08-12', '1503536000192',
        (SELECT "ID_Combustivel" FROM public."COMBUSTIVEL" WHERE "Nome" = 'GASOLINA COMUM'))
ON CONFLICT DO NOTHING;


INSERT INTO public."PRECO_COLETADO" ("Preco", "UnidadeMedida", "DataColeta", "PostoCNPJ", "CombustivelID")
VALUES (6.090, 'R$ / litro', '2024-08-20', '1503536000192',
        (SELECT "ID_Combustivel" FROM public."COMBUSTIVEL" WHERE "Nome" = 'GASOLINA COMUM'))
ON CONFLICT DO NOTHING;


INSERT INTO public."PRECO_COLETADO" ("Preco", "UnidadeMedida", "DataColeta", "PostoCNPJ", "CombustivelID")
VALUES (6.090, 'R$ / litro', '2024-08-26', '1503536000192',
        (SELECT "ID_Combustivel" FROM public."COMBUSTIVEL" WHERE "Nome" = 'GASOLINA COMUM'))
ON CONFLICT DO NOTHING;


INSERT INTO public."PRECO_COLETADO" ("Preco", "UnidadeMedida", "DataColeta", "PostoCNPJ", "CombustivelID")
VALUES (6.090, 'R$ / litro', '2024-09-02', '1503536000192',
        (SELECT "ID_Combustivel" FROM public."COMBUSTIVEL" WHERE "Nome" = 'GASOLINA COMUM'))
ON CONFLICT DO NOTHING;


INSERT INTO public."POSTO" ("CNPJ", "RazaoSocial", "NomeFantasia", "Bandeira", "Logradouro", "Numero", "Bairro", "Cidade", "Estado", "CEP")
VALUES ('1166046000148', 'POSTO TIBERIO LTDA', 'POSTO TIBERIO', 'VIBRA ENERGIA', 'RODOVIA CARLOS LINDEMBERG', '386', 'JABURUNA', 'VILA VELHA', 'ESPIRITO SANTO', '29123600')
ON CONFLICT ("CNPJ") DO NOTHING;


INSERT INTO public."COMBUSTIVEL" ("Nome")
VALUES ('ETANOL')
ON CONFLICT ("Nome") DO NOTHING;


INSERT INTO public."PRECO_COLETADO" ("Preco", "UnidadeMedida", "DataColeta", "PostoCNPJ", "CombustivelID")
VALUES (3.990, 'R$ / litro', '2022-10-24', '1166046000148',
        (SELECT "ID_Combustivel" FROM public."COMBUSTIVEL" WHERE "Nome" = 'ETANOL'))
ON CONFLICT DO NOTHING;


INSERT INTO public."PRECO_COLETADO" ("Preco", "UnidadeMedida", "DataColeta", "PostoCNPJ", "CombustivelID")
VALUES (3.990, 'R$ / litro', '2022-10-31', '1166046000148',
        (SELECT "ID_Combustivel" FROM public."COMBUSTIVEL" WHERE "Nome" = 'ETANOL'))
ON CONFLICT DO NOTHING;


INSERT INTO public."PRECO_COLETADO" ("Preco", "UnidadeMedida", "DataColeta", "PostoCNPJ", "CombustivelID")
VALUES (4.190, 'R$ / litro', '2022-11-14', '1166046000148',
        (SELECT "ID_Combustivel" FROM public."COMBUSTIVEL" WHERE "Nome" = 'ETANOL'))
ON CONFLICT DO NOTHING;


INSERT INTO public."PRECO_COLETADO" ("Preco", "UnidadeMedida", "DataColeta", "PostoCNPJ", "CombustivelID")
VALUES (4.190, 'R$ / litro', '2022-11-22', '1166046000148',
        (SELECT "ID_Combustivel" FROM public."COMBUSTIVEL" WHERE "Nome" = 'ETANOL'))
ON CONFLICT DO NOTHING;


INSERT INTO public."PRECO_COLETADO" ("Preco", "UnidadeMedida", "DataColeta", "PostoCNPJ", "CombustivelID")
VALUES (4.190, 'R$ / litro', '2022-12-05', '1166046000148',
        (SELECT "ID_Combustivel" FROM public."COMBUSTIVEL" WHERE "Nome" = 'ETANOL'))
ON CONFLICT DO NOTHING;


INSERT INTO public."PRECO_COLETADO" ("Preco", "UnidadeMedida", "DataColeta", "PostoCNPJ", "CombustivelID")
VALUES (4.290, 'R$ / litro', '2022-12-12', '1166046000148',
        (SELECT "ID_Combustivel" FROM public."COMBUSTIVEL" WHERE "Nome" = 'ETANOL'))
ON CONFLICT DO NOTHING;


INSERT INTO public."PRECO_COLETADO" ("Preco", "UnidadeMedida", "DataColeta", "PostoCNPJ", "CombustivelID")
VALUES (4.290, 'R$ / litro', '2022-12-22', '1166046000148',
        (SELECT "ID_Combustivel" FROM public."COMBUSTIVEL" WHERE "Nome" = 'ETANOL'))
ON CONFLICT DO NOTHING;


INSERT INTO public."PRECO_COLETADO" ("Preco", "UnidadeMedida", "DataColeta", "PostoCNPJ", "CombustivelID")
VALUES (4.290, 'R$ / litro', '2022-12-26', '1166046000148',
        (SELECT "ID_Combustivel" FROM public."COMBUSTIVEL" WHERE "Nome" = 'ETANOL'))
ON CONFLICT DO NOTHING;


INSERT INTO public."PRECO_COLETADO" ("Preco", "UnidadeMedida", "DataColeta", "PostoCNPJ", "CombustivelID")
VALUES (4.290, 'R$ / litro', '2023-01-02', '1166046000148',
        (SELECT "ID_Combustivel" FROM public."COMBUSTIVEL" WHERE "Nome" = 'ETANOL'))
ON CONFLICT DO NOTHING;


INSERT INTO public."PRECO_COLETADO" ("Preco", "UnidadeMedida", "DataColeta", "PostoCNPJ", "CombustivelID")
VALUES (4.290, 'R$ / litro', '2023-01-09', '1166046000148',
        (SELECT "ID_Combustivel" FROM public."COMBUSTIVEL" WHERE "Nome" = 'ETANOL'))
ON CONFLICT DO NOTHING;


INSERT INTO public."PRECO_COLETADO" ("Preco", "UnidadeMedida", "DataColeta", "PostoCNPJ", "CombustivelID")
VALUES (4.290, 'R$ / litro', '2023-01-16', '1166046000148',
        (SELECT "ID_Combustivel" FROM public."COMBUSTIVEL" WHERE "Nome" = 'ETANOL'))
ON CONFLICT DO NOTHING;


INSERT INTO public."PRECO_COLETADO" ("Preco", "UnidadeMedida", "DataColeta", "PostoCNPJ", "CombustivelID")
VALUES (4.290, 'R$ / litro', '2023-01-23', '1166046000148',
        (SELECT "ID_Combustivel" FROM public."COMBUSTIVEL" WHERE "Nome" = 'ETANOL'))
ON CONFLICT DO NOTHING;


INSERT INTO public."PRECO_COLETADO" ("Preco", "UnidadeMedida", "DataColeta", "PostoCNPJ", "CombustivelID")
VALUES (4.290, 'R$ / litro', '2023-01-30', '1166046000148',
        (SELECT "ID_Combustivel" FROM public."COMBUSTIVEL" WHERE "Nome" = 'ETANOL'))
ON CONFLICT DO NOTHING;


INSERT INTO public."PRECO_COLETADO" ("Preco", "UnidadeMedida", "DataColeta", "PostoCNPJ", "CombustivelID")
VALUES (4.290, 'R$ / litro', '2023-02-06', '1166046000148',
        (SELECT "ID_Combustivel" FROM public."COMBUSTIVEL" WHERE "Nome" = 'ETANOL'))
ON CONFLICT DO NOTHING;


INSERT INTO public."PRECO_COLETADO" ("Preco", "UnidadeMedida", "DataColeta", "PostoCNPJ", "CombustivelID")
VALUES (4.290, 'R$ / litro', '2023-02-13', '1166046000148',
        (SELECT "ID_Combustivel" FROM public."COMBUSTIVEL" WHERE "Nome" = 'ETANOL'))
ON CONFLICT DO NOTHING;


INSERT INTO public."PRECO_COLETADO" ("Preco", "UnidadeMedida", "DataColeta", "PostoCNPJ", "CombustivelID")
VALUES (4.380, 'R$ / litro', '2023-02-27', '1166046000148',
        (SELECT "ID_Combustivel" FROM public."COMBUSTIVEL" WHERE "Nome" = 'ETANOL'))
ON CONFLICT DO NOTHING;


INSERT INTO public."PRECO_COLETADO" ("Preco", "UnidadeMedida", "DataColeta", "PostoCNPJ", "CombustivelID")
VALUES (4.490, 'R$ / litro', '2023-03-06', '1166046000148',
        (SELECT "ID_Combustivel" FROM public."COMBUSTIVEL" WHERE "Nome" = 'ETANOL'))
ON CONFLICT DO NOTHING;


INSERT INTO public."PRECO_COLETADO" ("Preco", "UnidadeMedida", "DataColeta", "PostoCNPJ", "CombustivelID")
VALUES (4.490, 'R$ / litro', '2023-03-16', '1166046000148',
        (SELECT "ID_Combustivel" FROM public."COMBUSTIVEL" WHERE "Nome" = 'ETANOL'))
ON CONFLICT DO NOTHING;


INSERT INTO public."PRECO_COLETADO" ("Preco", "UnidadeMedida", "DataColeta", "PostoCNPJ", "CombustivelID")
VALUES (4.490, 'R$ / litro', '2023-03-27', '1166046000148',
        (SELECT "ID_Combustivel" FROM public."COMBUSTIVEL" WHERE "Nome" = 'ETANOL'))
ON CONFLICT DO NOTHING;


INSERT INTO public."PRECO_COLETADO" ("Preco", "UnidadeMedida", "DataColeta", "PostoCNPJ", "CombustivelID")
VALUES (4.490, 'R$ / litro', '2023-04-04', '1166046000148',
        (SELECT "ID_Combustivel" FROM public."COMBUSTIVEL" WHERE "Nome" = 'ETANOL'))
ON CONFLICT DO NOTHING;


INSERT INTO public."PRECO_COLETADO" ("Preco", "UnidadeMedida", "DataColeta", "PostoCNPJ", "CombustivelID")
VALUES (4.490, 'R$ / litro', '2023-04-10', '1166046000148',
        (SELECT "ID_Combustivel" FROM public."COMBUSTIVEL" WHERE "Nome" = 'ETANOL'))
ON CONFLICT DO NOTHING;


INSERT INTO public."PRECO_COLETADO" ("Preco", "UnidadeMedida", "DataColeta", "PostoCNPJ", "CombustivelID")
VALUES (4.490, 'R$ / litro', '2023-04-17', '1166046000148',
        (SELECT "ID_Combustivel" FROM public."COMBUSTIVEL" WHERE "Nome" = 'ETANOL'))
ON CONFLICT DO NOTHING;


INSERT INTO public."PRECO_COLETADO" ("Preco", "UnidadeMedida", "DataColeta", "PostoCNPJ", "CombustivelID")
VALUES (4.490, 'R$ / litro', '2023-04-24', '1166046000148',
        (SELECT "ID_Combustivel" FROM public."COMBUSTIVEL" WHERE "Nome" = 'ETANOL'))
ON CONFLICT DO NOTHING;


INSERT INTO public."PRECO_COLETADO" ("Preco", "UnidadeMedida", "DataColeta", "PostoCNPJ", "CombustivelID")
VALUES (4.690, 'R$ / litro', '2023-05-02', '1166046000148',
        (SELECT "ID_Combustivel" FROM public."COMBUSTIVEL" WHERE "Nome" = 'ETANOL'))
ON CONFLICT DO NOTHING;


INSERT INTO public."PRECO_COLETADO" ("Preco", "UnidadeMedida", "DataColeta", "PostoCNPJ", "CombustivelID")
VALUES (4.690, 'R$ / litro', '2023-05-09', '1166046000148',
        (SELECT "ID_Combustivel" FROM public."COMBUSTIVEL" WHERE "Nome" = 'ETANOL'))
ON CONFLICT DO NOTHING;


INSERT INTO public."PRECO_COLETADO" ("Preco", "UnidadeMedida", "DataColeta", "PostoCNPJ", "CombustivelID")
VALUES (4.690, 'R$ / litro', '2023-05-15', '1166046000148',
        (SELECT "ID_Combustivel" FROM public."COMBUSTIVEL" WHERE "Nome" = 'ETANOL'))
ON CONFLICT DO NOTHING;


INSERT INTO public."PRECO_COLETADO" ("Preco", "UnidadeMedida", "DataColeta", "PostoCNPJ", "CombustivelID")
VALUES (4.690, 'R$ / litro', '2023-05-22', '1166046000148',
        (SELECT "ID_Combustivel" FROM public."COMBUSTIVEL" WHERE "Nome" = 'ETANOL'))
ON CONFLICT DO NOTHING;


INSERT INTO public."PRECO_COLETADO" ("Preco", "UnidadeMedida", "DataColeta", "PostoCNPJ", "CombustivelID")
VALUES (4.690, 'R$ / litro', '2023-05-29', '1166046000148',
        (SELECT "ID_Combustivel" FROM public."COMBUSTIVEL" WHERE "Nome" = 'ETANOL'))
ON CONFLICT DO NOTHING;


INSERT INTO public."PRECO_COLETADO" ("Preco", "UnidadeMedida", "DataColeta", "PostoCNPJ", "CombustivelID")
VALUES (4.690, 'R$ / litro', '2023-06-05', '1166046000148',
        (SELECT "ID_Combustivel" FROM public."COMBUSTIVEL" WHERE "Nome" = 'ETANOL'))
ON CONFLICT DO NOTHING;


INSERT INTO public."PRECO_COLETADO" ("Preco", "UnidadeMedida", "DataColeta", "PostoCNPJ", "CombustivelID")
VALUES (4.390, 'R$ / litro', '2023-06-13', '1166046000148',
        (SELECT "ID_Combustivel" FROM public."COMBUSTIVEL" WHERE "Nome" = 'ETANOL'))
ON CONFLICT DO NOTHING;


INSERT INTO public."PRECO_COLETADO" ("Preco", "UnidadeMedida", "DataColeta", "PostoCNPJ", "CombustivelID")
VALUES (4.390, 'R$ / litro', '2023-06-20', '1166046000148',
        (SELECT "ID_Combustivel" FROM public."COMBUSTIVEL" WHERE "Nome" = 'ETANOL'))
ON CONFLICT DO NOTHING;


INSERT INTO public."PRECO_COLETADO" ("Preco", "UnidadeMedida", "DataColeta", "PostoCNPJ", "CombustivelID")
VALUES (4.390, 'R$ / litro', '2023-06-27', '1166046000148',
        (SELECT "ID_Combustivel" FROM public."COMBUSTIVEL" WHERE "Nome" = 'ETANOL'))
ON CONFLICT DO NOTHING;


INSERT INTO public."PRECO_COLETADO" ("Preco", "UnidadeMedida", "DataColeta", "PostoCNPJ", "CombustivelID")
VALUES (4.390, 'R$ / litro', '2023-07-04', '1166046000148',
        (SELECT "ID_Combustivel" FROM public."COMBUSTIVEL" WHERE "Nome" = 'ETANOL'))
ON CONFLICT DO NOTHING;


INSERT INTO public."PRECO_COLETADO" ("Preco", "UnidadeMedida", "DataColeta", "PostoCNPJ", "CombustivelID")
VALUES (4.390, 'R$ / litro', '2023-07-10', '1166046000148',
        (SELECT "ID_Combustivel" FROM public."COMBUSTIVEL" WHERE "Nome" = 'ETANOL'))
ON CONFLICT DO NOTHING;


INSERT INTO public."PRECO_COLETADO" ("Preco", "UnidadeMedida", "DataColeta", "PostoCNPJ", "CombustivelID")
VALUES (4.390, 'R$ / litro', '2023-07-17', '1166046000148',
        (SELECT "ID_Combustivel" FROM public."COMBUSTIVEL" WHERE "Nome" = 'ETANOL'))
ON CONFLICT DO NOTHING;


INSERT INTO public."PRECO_COLETADO" ("Preco", "UnidadeMedida", "DataColeta", "PostoCNPJ", "CombustivelID")
VALUES (4.390, 'R$ / litro', '2023-07-24', '1166046000148',
        (SELECT "ID_Combustivel" FROM public."COMBUSTIVEL" WHERE "Nome" = 'ETANOL'))
ON CONFLICT DO NOTHING;


INSERT INTO public."PRECO_COLETADO" ("Preco", "UnidadeMedida", "DataColeta", "PostoCNPJ", "CombustivelID")
VALUES (4.390, 'R$ / litro', '2023-07-31', '1166046000148',
        (SELECT "ID_Combustivel" FROM public."COMBUSTIVEL" WHERE "Nome" = 'ETANOL'))
ON CONFLICT DO NOTHING;


INSERT INTO public."PRECO_COLETADO" ("Preco", "UnidadeMedida", "DataColeta", "PostoCNPJ", "CombustivelID")
VALUES (4.390, 'R$ / litro', '2023-08-07', '1166046000148',
        (SELECT "ID_Combustivel" FROM public."COMBUSTIVEL" WHERE "Nome" = 'ETANOL'))
ON CONFLICT DO NOTHING;


INSERT INTO public."PRECO_COLETADO" ("Preco", "UnidadeMedida", "DataColeta", "PostoCNPJ", "CombustivelID")
VALUES (4.390, 'R$ / litro', '2023-08-15', '1166046000148',
        (SELECT "ID_Combustivel" FROM public."COMBUSTIVEL" WHERE "Nome" = 'ETANOL'))
ON CONFLICT DO NOTHING;


INSERT INTO public."PRECO_COLETADO" ("Preco", "UnidadeMedida", "DataColeta", "PostoCNPJ", "CombustivelID")
VALUES (4.490, 'R$ / litro', '2023-08-21', '1166046000148',
        (SELECT "ID_Combustivel" FROM public."COMBUSTIVEL" WHERE "Nome" = 'ETANOL'))
ON CONFLICT DO NOTHING;


INSERT INTO public."PRECO_COLETADO" ("Preco", "UnidadeMedida", "DataColeta", "PostoCNPJ", "CombustivelID")
VALUES (4.490, 'R$ / litro', '2023-08-30', '1166046000148',
        (SELECT "ID_Combustivel" FROM public."COMBUSTIVEL" WHERE "Nome" = 'ETANOL'))
ON CONFLICT DO NOTHING;


INSERT INTO public."PRECO_COLETADO" ("Preco", "UnidadeMedida", "DataColeta", "PostoCNPJ", "CombustivelID")
VALUES (4.490, 'R$ / litro', '2023-09-07', '1166046000148',
        (SELECT "ID_Combustivel" FROM public."COMBUSTIVEL" WHERE "Nome" = 'ETANOL'))
ON CONFLICT DO NOTHING;


INSERT INTO public."PRECO_COLETADO" ("Preco", "UnidadeMedida", "DataColeta", "PostoCNPJ", "CombustivelID")
VALUES (4.490, 'R$ / litro', '2023-09-12', '1166046000148',
        (SELECT "ID_Combustivel" FROM public."COMBUSTIVEL" WHERE "Nome" = 'ETANOL'))
ON CONFLICT DO NOTHING;


INSERT INTO public."PRECO_COLETADO" ("Preco", "UnidadeMedida", "DataColeta", "PostoCNPJ", "CombustivelID")
VALUES (4.490, 'R$ / litro', '2023-09-19', '1166046000148',
        (SELECT "ID_Combustivel" FROM public."COMBUSTIVEL" WHERE "Nome" = 'ETANOL'))
ON CONFLICT DO NOTHING;


INSERT INTO public."PRECO_COLETADO" ("Preco", "UnidadeMedida", "DataColeta", "PostoCNPJ", "CombustivelID")
VALUES (4.490, 'R$ / litro', '2023-09-26', '1166046000148',
        (SELECT "ID_Combustivel" FROM public."COMBUSTIVEL" WHERE "Nome" = 'ETANOL'))
ON CONFLICT DO NOTHING;


INSERT INTO public."PRECO_COLETADO" ("Preco", "UnidadeMedida", "DataColeta", "PostoCNPJ", "CombustivelID")
VALUES (4.490, 'R$ / litro', '2023-10-03', '1166046000148',
        (SELECT "ID_Combustivel" FROM public."COMBUSTIVEL" WHERE "Nome" = 'ETANOL'))
ON CONFLICT DO NOTHING;


INSERT INTO public."PRECO_COLETADO" ("Preco", "UnidadeMedida", "DataColeta", "PostoCNPJ", "CombustivelID")
VALUES (4.490, 'R$ / litro', '2023-10-10', '1166046000148',
        (SELECT "ID_Combustivel" FROM public."COMBUSTIVEL" WHERE "Nome" = 'ETANOL'))
ON CONFLICT DO NOTHING;


INSERT INTO public."PRECO_COLETADO" ("Preco", "UnidadeMedida", "DataColeta", "PostoCNPJ", "CombustivelID")
VALUES (4.490, 'R$ / litro', '2023-10-16', '1166046000148',
        (SELECT "ID_Combustivel" FROM public."COMBUSTIVEL" WHERE "Nome" = 'ETANOL'))
ON CONFLICT DO NOTHING;


INSERT INTO public."PRECO_COLETADO" ("Preco", "UnidadeMedida", "DataColeta", "PostoCNPJ", "CombustivelID")
VALUES (4.490, 'R$ / litro', '2023-10-24', '1166046000148',
        (SELECT "ID_Combustivel" FROM public."COMBUSTIVEL" WHERE "Nome" = 'ETANOL'))
ON CONFLICT DO NOTHING;


INSERT INTO public."PRECO_COLETADO" ("Preco", "UnidadeMedida", "DataColeta", "PostoCNPJ", "CombustivelID")
VALUES (4.490, 'R$ / litro', '2023-10-31', '1166046000148',
        (SELECT "ID_Combustivel" FROM public."COMBUSTIVEL" WHERE "Nome" = 'ETANOL'))
ON CONFLICT DO NOTHING;


INSERT INTO public."PRECO_COLETADO" ("Preco", "UnidadeMedida", "DataColeta", "PostoCNPJ", "CombustivelID")
VALUES (4.490, 'R$ / litro', '2023-11-07', '1166046000148',
        (SELECT "ID_Combustivel" FROM public."COMBUSTIVEL" WHERE "Nome" = 'ETANOL'))
ON CONFLICT DO NOTHING;


INSERT INTO public."PRECO_COLETADO" ("Preco", "UnidadeMedida", "DataColeta", "PostoCNPJ", "CombustivelID")
VALUES (4.490, 'R$ / litro', '2023-11-14', '1166046000148',
        (SELECT "ID_Combustivel" FROM public."COMBUSTIVEL" WHERE "Nome" = 'ETANOL'))
ON CONFLICT DO NOTHING;


INSERT INTO public."PRECO_COLETADO" ("Preco", "UnidadeMedida", "DataColeta", "PostoCNPJ", "CombustivelID")
VALUES (4.490, 'R$ / litro', '2023-11-21', '1166046000148',
        (SELECT "ID_Combustivel" FROM public."COMBUSTIVEL" WHERE "Nome" = 'ETANOL'))
ON CONFLICT DO NOTHING;


INSERT INTO public."PRECO_COLETADO" ("Preco", "UnidadeMedida", "DataColeta", "PostoCNPJ", "CombustivelID")
VALUES (4.490, 'R$ / litro', '2023-11-28', '1166046000148',
        (SELECT "ID_Combustivel" FROM public."COMBUSTIVEL" WHERE "Nome" = 'ETANOL'))
ON CONFLICT DO NOTHING;


INSERT INTO public."PRECO_COLETADO" ("Preco", "UnidadeMedida", "DataColeta", "PostoCNPJ", "CombustivelID")
VALUES (4.490, 'R$ / litro', '2023-12-06', '1166046000148',
        (SELECT "ID_Combustivel" FROM public."COMBUSTIVEL" WHERE "Nome" = 'ETANOL'))
ON CONFLICT DO NOTHING;


INSERT INTO public."PRECO_COLETADO" ("Preco", "UnidadeMedida", "DataColeta", "PostoCNPJ", "CombustivelID")
VALUES (4.490, 'R$ / litro', '2023-12-13', '1166046000148',
        (SELECT "ID_Combustivel" FROM public."COMBUSTIVEL" WHERE "Nome" = 'ETANOL'))
ON CONFLICT DO NOTHING;


INSERT INTO public."PRECO_COLETADO" ("Preco", "UnidadeMedida", "DataColeta", "PostoCNPJ", "CombustivelID")
VALUES (4.490, 'R$ / litro', '2023-12-26', '1166046000148',
        (SELECT "ID_Combustivel" FROM public."COMBUSTIVEL" WHERE "Nome" = 'ETANOL'))
ON CONFLICT DO NOTHING;


INSERT INTO public."PRECO_COLETADO" ("Preco", "UnidadeMedida", "DataColeta", "PostoCNPJ", "CombustivelID")
VALUES (4.490, 'R$ / litro', '2024-01-03', '1166046000148',
        (SELECT "ID_Combustivel" FROM public."COMBUSTIVEL" WHERE "Nome" = 'ETANOL'))
ON CONFLICT DO NOTHING;


INSERT INTO public."PRECO_COLETADO" ("Preco", "UnidadeMedida", "DataColeta", "PostoCNPJ", "CombustivelID")
VALUES (4.490, 'R$ / litro', '2024-01-08', '1166046000148',
        (SELECT "ID_Combustivel" FROM public."COMBUSTIVEL" WHERE "Nome" = 'ETANOL'))
ON CONFLICT DO NOTHING;


INSERT INTO public."PRECO_COLETADO" ("Preco", "UnidadeMedida", "DataColeta", "PostoCNPJ", "CombustivelID")
VALUES (4.490, 'R$ / litro', '2024-01-15', '1166046000148',
        (SELECT "ID_Combustivel" FROM public."COMBUSTIVEL" WHERE "Nome" = 'ETANOL'))
ON CONFLICT DO NOTHING;


INSERT INTO public."PRECO_COLETADO" ("Preco", "UnidadeMedida", "DataColeta", "PostoCNPJ", "CombustivelID")
VALUES (4.490, 'R$ / litro', '2024-01-22', '1166046000148',
        (SELECT "ID_Combustivel" FROM public."COMBUSTIVEL" WHERE "Nome" = 'ETANOL'))
ON CONFLICT DO NOTHING;


INSERT INTO public."PRECO_COLETADO" ("Preco", "UnidadeMedida", "DataColeta", "PostoCNPJ", "CombustivelID")
VALUES (4.490, 'R$ / litro', '2024-01-29', '1166046000148',
        (SELECT "ID_Combustivel" FROM public."COMBUSTIVEL" WHERE "Nome" = 'ETANOL'))
ON CONFLICT DO NOTHING;


INSERT INTO public."PRECO_COLETADO" ("Preco", "UnidadeMedida", "DataColeta", "PostoCNPJ", "CombustivelID")
VALUES (4.490, 'R$ / litro', '2024-02-05', '1166046000148',
        (SELECT "ID_Combustivel" FROM public."COMBUSTIVEL" WHERE "Nome" = 'ETANOL'))
ON CONFLICT DO NOTHING;


INSERT INTO public."PRECO_COLETADO" ("Preco", "UnidadeMedida", "DataColeta", "PostoCNPJ", "CombustivelID")
VALUES (3.990, 'R$ / litro', '2024-02-12', '1166046000148',
        (SELECT "ID_Combustivel" FROM public."COMBUSTIVEL" WHERE "Nome" = 'ETANOL'))
ON CONFLICT DO NOTHING;


INSERT INTO public."PRECO_COLETADO" ("Preco", "UnidadeMedida", "DataColeta", "PostoCNPJ", "CombustivelID")
VALUES (3.990, 'R$ / litro', '2024-02-19', '1166046000148',
        (SELECT "ID_Combustivel" FROM public."COMBUSTIVEL" WHERE "Nome" = 'ETANOL'))
ON CONFLICT DO NOTHING;


INSERT INTO public."PRECO_COLETADO" ("Preco", "UnidadeMedida", "DataColeta", "PostoCNPJ", "CombustivelID")
VALUES (3.990, 'R$ / litro', '2024-02-26', '1166046000148',
        (SELECT "ID_Combustivel" FROM public."COMBUSTIVEL" WHERE "Nome" = 'ETANOL'))
ON CONFLICT DO NOTHING;


INSERT INTO public."PRECO_COLETADO" ("Preco", "UnidadeMedida", "DataColeta", "PostoCNPJ", "CombustivelID")
VALUES (3.990, 'R$ / litro', '2024-03-04', '1166046000148',
        (SELECT "ID_Combustivel" FROM public."COMBUSTIVEL" WHERE "Nome" = 'ETANOL'))
ON CONFLICT DO NOTHING;


INSERT INTO public."PRECO_COLETADO" ("Preco", "UnidadeMedida", "DataColeta", "PostoCNPJ", "CombustivelID")
VALUES (3.990, 'R$ / litro', '2024-03-11', '1166046000148',
        (SELECT "ID_Combustivel" FROM public."COMBUSTIVEL" WHERE "Nome" = 'ETANOL'))
ON CONFLICT DO NOTHING;


INSERT INTO public."PRECO_COLETADO" ("Preco", "UnidadeMedida", "DataColeta", "PostoCNPJ", "CombustivelID")
VALUES (3.990, 'R$ / litro', '2024-03-18', '1166046000148',
        (SELECT "ID_Combustivel" FROM public."COMBUSTIVEL" WHERE "Nome" = 'ETANOL'))
ON CONFLICT DO NOTHING;


INSERT INTO public."PRECO_COLETADO" ("Preco", "UnidadeMedida", "DataColeta", "PostoCNPJ", "CombustivelID")
VALUES (3.990, 'R$ / litro', '2024-03-25', '1166046000148',
        (SELECT "ID_Combustivel" FROM public."COMBUSTIVEL" WHERE "Nome" = 'ETANOL'))
ON CONFLICT DO NOTHING;


INSERT INTO public."PRECO_COLETADO" ("Preco", "UnidadeMedida", "DataColeta", "PostoCNPJ", "CombustivelID")
VALUES (3.990, 'R$ / litro', '2024-04-01', '1166046000148',
        (SELECT "ID_Combustivel" FROM public."COMBUSTIVEL" WHERE "Nome" = 'ETANOL'))
ON CONFLICT DO NOTHING;


INSERT INTO public."PRECO_COLETADO" ("Preco", "UnidadeMedida", "DataColeta", "PostoCNPJ", "CombustivelID")
VALUES (3.990, 'R$ / litro', '2024-04-08', '1166046000148',
        (SELECT "ID_Combustivel" FROM public."COMBUSTIVEL" WHERE "Nome" = 'ETANOL'))
ON CONFLICT DO NOTHING;


INSERT INTO public."PRECO_COLETADO" ("Preco", "UnidadeMedida", "DataColeta", "PostoCNPJ", "CombustivelID")
VALUES (4.390, 'R$ / litro', '2024-04-15', '1166046000148',
        (SELECT "ID_Combustivel" FROM public."COMBUSTIVEL" WHERE "Nome" = 'ETANOL'))
ON CONFLICT DO NOTHING;


INSERT INTO public."PRECO_COLETADO" ("Preco", "UnidadeMedida", "DataColeta", "PostoCNPJ", "CombustivelID")
VALUES (4.390, 'R$ / litro', '2024-04-29', '1166046000148',
        (SELECT "ID_Combustivel" FROM public."COMBUSTIVEL" WHERE "Nome" = 'ETANOL'))
ON CONFLICT DO NOTHING;


INSERT INTO public."PRECO_COLETADO" ("Preco", "UnidadeMedida", "DataColeta", "PostoCNPJ", "CombustivelID")
VALUES (4.390, 'R$ / litro', '2024-05-27', '1166046000148',
        (SELECT "ID_Combustivel" FROM public."COMBUSTIVEL" WHERE "Nome" = 'ETANOL'))
ON CONFLICT DO NOTHING;


INSERT INTO public."PRECO_COLETADO" ("Preco", "UnidadeMedida", "DataColeta", "PostoCNPJ", "CombustivelID")
VALUES (4.390, 'R$ / litro', '2024-06-17', '1166046000148',
        (SELECT "ID_Combustivel" FROM public."COMBUSTIVEL" WHERE "Nome" = 'ETANOL'))
ON CONFLICT DO NOTHING;


INSERT INTO public."PRECO_COLETADO" ("Preco", "UnidadeMedida", "DataColeta", "PostoCNPJ", "CombustivelID")
VALUES (4.390, 'R$ / litro', '2024-06-24', '1166046000148',
        (SELECT "ID_Combustivel" FROM public."COMBUSTIVEL" WHERE "Nome" = 'ETANOL'))
ON CONFLICT DO NOTHING;


INSERT INTO public."PRECO_COLETADO" ("Preco", "UnidadeMedida", "DataColeta", "PostoCNPJ", "CombustivelID")
VALUES (4.390, 'R$ / litro', '2024-07-01', '1166046000148',
        (SELECT "ID_Combustivel" FROM public."COMBUSTIVEL" WHERE "Nome" = 'ETANOL'))
ON CONFLICT DO NOTHING;


INSERT INTO public."PRECO_COLETADO" ("Preco", "UnidadeMedida", "DataColeta", "PostoCNPJ", "CombustivelID")
VALUES (4.390, 'R$ / litro', '2024-07-09', '1166046000148',
        (SELECT "ID_Combustivel" FROM public."COMBUSTIVEL" WHERE "Nome" = 'ETANOL'))
ON CONFLICT DO NOTHING;


INSERT INTO public."PRECO_COLETADO" ("Preco", "UnidadeMedida", "DataColeta", "PostoCNPJ", "CombustivelID")
VALUES (4.390, 'R$ / litro', '2024-07-16', '1166046000148',
        (SELECT "ID_Combustivel" FROM public."COMBUSTIVEL" WHERE "Nome" = 'ETANOL'))
ON CONFLICT DO NOTHING;


INSERT INTO public."PRECO_COLETADO" ("Preco", "UnidadeMedida", "DataColeta", "PostoCNPJ", "CombustivelID")
VALUES (4.490, 'R$ / litro', '2024-07-22', '1166046000148',
        (SELECT "ID_Combustivel" FROM public."COMBUSTIVEL" WHERE "Nome" = 'ETANOL'))
ON CONFLICT DO NOTHING;


INSERT INTO public."PRECO_COLETADO" ("Preco", "UnidadeMedida", "DataColeta", "PostoCNPJ", "CombustivelID")
VALUES (4.490, 'R$ / litro', '2024-07-29', '1166046000148',
        (SELECT "ID_Combustivel" FROM public."COMBUSTIVEL" WHERE "Nome" = 'ETANOL'))
ON CONFLICT DO NOTHING;


INSERT INTO public."PRECO_COLETADO" ("Preco", "UnidadeMedida", "DataColeta", "PostoCNPJ", "CombustivelID")
VALUES (4.490, 'R$ / litro', '2024-08-05', '1166046000148',
        (SELECT "ID_Combustivel" FROM public."COMBUSTIVEL" WHERE "Nome" = 'ETANOL'))
ON CONFLICT DO NOTHING;


INSERT INTO public."PRECO_COLETADO" ("Preco", "UnidadeMedida", "DataColeta", "PostoCNPJ", "CombustivelID")
VALUES (4.490, 'R$ / litro', '2024-08-14', '1166046000148',
        (SELECT "ID_Combustivel" FROM public."COMBUSTIVEL" WHERE "Nome" = 'ETANOL'))
ON CONFLICT DO NOTHING;


INSERT INTO public."PRECO_COLETADO" ("Preco", "UnidadeMedida", "DataColeta", "PostoCNPJ", "CombustivelID")
VALUES (4.490, 'R$ / litro', '2024-08-20', '1166046000148',
        (SELECT "ID_Combustivel" FROM public."COMBUSTIVEL" WHERE "Nome" = 'ETANOL'))
ON CONFLICT DO NOTHING;


INSERT INTO public."PRECO_COLETADO" ("Preco", "UnidadeMedida", "DataColeta", "PostoCNPJ", "CombustivelID")
VALUES (4.490, 'R$ / litro', '2024-08-26', '1166046000148',
        (SELECT "ID_Combustivel" FROM public."COMBUSTIVEL" WHERE "Nome" = 'ETANOL'))
ON CONFLICT DO NOTHING;


INSERT INTO public."PRECO_COLETADO" ("Preco", "UnidadeMedida", "DataColeta", "PostoCNPJ", "CombustivelID")
VALUES (4.490, 'R$ / litro', '2024-09-02', '1166046000148',
        (SELECT "ID_Combustivel" FROM public."COMBUSTIVEL" WHERE "Nome" = 'ETANOL'))
ON CONFLICT DO NOTHING;


INSERT INTO public."COMBUSTIVEL" ("Nome")
VALUES ('DIESEL S10')
ON CONFLICT ("Nome") DO NOTHING;


INSERT INTO public."PRECO_COLETADO" ("Preco", "UnidadeMedida", "DataColeta", "PostoCNPJ", "CombustivelID")
VALUES (6.750, 'R$ / litro', '2022-10-24', '1166046000148',
        (SELECT "ID_Combustivel" FROM public."COMBUSTIVEL" WHERE "Nome" = 'DIESEL S10'))
ON CONFLICT DO NOTHING;


INSERT INTO public."PRECO_COLETADO" ("Preco", "UnidadeMedida", "DataColeta", "PostoCNPJ", "CombustivelID")
VALUES (6.750, 'R$ / litro', '2022-10-31', '1166046000148',
        (SELECT "ID_Combustivel" FROM public."COMBUSTIVEL" WHERE "Nome" = 'DIESEL S10'))
ON CONFLICT DO NOTHING;


INSERT INTO public."PRECO_COLETADO" ("Preco", "UnidadeMedida", "DataColeta", "PostoCNPJ", "CombustivelID")
VALUES (6.750, 'R$ / litro', '2022-11-14', '1166046000148',
        (SELECT "ID_Combustivel" FROM public."COMBUSTIVEL" WHERE "Nome" = 'DIESEL S10'))
ON CONFLICT DO NOTHING;


INSERT INTO public."PRECO_COLETADO" ("Preco", "UnidadeMedida", "DataColeta", "PostoCNPJ", "CombustivelID")
VALUES (6.750, 'R$ / litro', '2022-11-22', '1166046000148',
        (SELECT "ID_Combustivel" FROM public."COMBUSTIVEL" WHERE "Nome" = 'DIESEL S10'))
ON CONFLICT DO NOTHING;


INSERT INTO public."PRECO_COLETADO" ("Preco", "UnidadeMedida", "DataColeta", "PostoCNPJ", "CombustivelID")
VALUES (6.590, 'R$ / litro', '2022-12-05', '1166046000148',
        (SELECT "ID_Combustivel" FROM public."COMBUSTIVEL" WHERE "Nome" = 'DIESEL S10'))
ON CONFLICT DO NOTHING;


INSERT INTO public."PRECO_COLETADO" ("Preco", "UnidadeMedida", "DataColeta", "PostoCNPJ", "CombustivelID")
VALUES (6.590, 'R$ / litro', '2022-12-12', '1166046000148',
        (SELECT "ID_Combustivel" FROM public."COMBUSTIVEL" WHERE "Nome" = 'DIESEL S10'))
ON CONFLICT DO NOTHING;


INSERT INTO public."PRECO_COLETADO" ("Preco", "UnidadeMedida", "DataColeta", "PostoCNPJ", "CombustivelID")
VALUES (6.290, 'R$ / litro', '2022-12-22', '1166046000148',
        (SELECT "ID_Combustivel" FROM public."COMBUSTIVEL" WHERE "Nome" = 'DIESEL S10'))
ON CONFLICT DO NOTHING;


INSERT INTO public."PRECO_COLETADO" ("Preco", "UnidadeMedida", "DataColeta", "PostoCNPJ", "CombustivelID")
VALUES (6.290, 'R$ / litro', '2022-12-26', '1166046000148',
        (SELECT "ID_Combustivel" FROM public."COMBUSTIVEL" WHERE "Nome" = 'DIESEL S10'))
ON CONFLICT DO NOTHING;


INSERT INTO public."PRECO_COLETADO" ("Preco", "UnidadeMedida", "DataColeta", "PostoCNPJ", "CombustivelID")
VALUES (6.150, 'R$ / litro', '2023-01-02', '1166046000148',
        (SELECT "ID_Combustivel" FROM public."COMBUSTIVEL" WHERE "Nome" = 'DIESEL S10'))
ON CONFLICT DO NOTHING;


INSERT INTO public."PRECO_COLETADO" ("Preco", "UnidadeMedida", "DataColeta", "PostoCNPJ", "CombustivelID")
VALUES (6.150, 'R$ / litro', '2023-01-09', '1166046000148',
        (SELECT "ID_Combustivel" FROM public."COMBUSTIVEL" WHERE "Nome" = 'DIESEL S10'))
ON CONFLICT DO NOTHING;


INSERT INTO public."PRECO_COLETADO" ("Preco", "UnidadeMedida", "DataColeta", "PostoCNPJ", "CombustivelID")
VALUES (6.150, 'R$ / litro', '2023-01-16', '1166046000148',
        (SELECT "ID_Combustivel" FROM public."COMBUSTIVEL" WHERE "Nome" = 'DIESEL S10'))
ON CONFLICT DO NOTHING;


INSERT INTO public."PRECO_COLETADO" ("Preco", "UnidadeMedida", "DataColeta", "PostoCNPJ", "CombustivelID")
VALUES (6.150, 'R$ / litro', '2023-01-23', '1166046000148',
        (SELECT "ID_Combustivel" FROM public."COMBUSTIVEL" WHERE "Nome" = 'DIESEL S10'))
ON CONFLICT DO NOTHING;


INSERT INTO public."PRECO_COLETADO" ("Preco", "UnidadeMedida", "DataColeta", "PostoCNPJ", "CombustivelID")
VALUES (6.150, 'R$ / litro', '2023-01-30', '1166046000148',
        (SELECT "ID_Combustivel" FROM public."COMBUSTIVEL" WHERE "Nome" = 'DIESEL S10'))
ON CONFLICT DO NOTHING;


INSERT INTO public."PRECO_COLETADO" ("Preco", "UnidadeMedida", "DataColeta", "PostoCNPJ", "CombustivelID")
VALUES (5.970, 'R$ / litro', '2023-02-13', '1166046000148',
        (SELECT "ID_Combustivel" FROM public."COMBUSTIVEL" WHERE "Nome" = 'DIESEL S10'))
ON CONFLICT DO NOTHING;


INSERT INTO public."PRECO_COLETADO" ("Preco", "UnidadeMedida", "DataColeta", "PostoCNPJ", "CombustivelID")
VALUES (5.970, 'R$ / litro', '2023-02-27', '1166046000148',
        (SELECT "ID_Combustivel" FROM public."COMBUSTIVEL" WHERE "Nome" = 'DIESEL S10'))
ON CONFLICT DO NOTHING;


INSERT INTO public."PRECO_COLETADO" ("Preco", "UnidadeMedida", "DataColeta", "PostoCNPJ", "CombustivelID")
VALUES (5.970, 'R$ / litro', '2023-03-06', '1166046000148',
        (SELECT "ID_Combustivel" FROM public."COMBUSTIVEL" WHERE "Nome" = 'DIESEL S10'))
ON CONFLICT DO NOTHING;


INSERT INTO public."PRECO_COLETADO" ("Preco", "UnidadeMedida", "DataColeta", "PostoCNPJ", "CombustivelID")
VALUES (5.970, 'R$ / litro', '2023-03-16', '1166046000148',
        (SELECT "ID_Combustivel" FROM public."COMBUSTIVEL" WHERE "Nome" = 'DIESEL S10'))
ON CONFLICT DO NOTHING;


INSERT INTO public."PRECO_COLETADO" ("Preco", "UnidadeMedida", "DataColeta", "PostoCNPJ", "CombustivelID")
VALUES (5.590, 'R$ / litro', '2023-03-27', '1166046000148',
        (SELECT "ID_Combustivel" FROM public."COMBUSTIVEL" WHERE "Nome" = 'DIESEL S10'))
ON CONFLICT DO NOTHING;


INSERT INTO public."PRECO_COLETADO" ("Preco", "UnidadeMedida", "DataColeta", "PostoCNPJ", "CombustivelID")
VALUES (5.590, 'R$ / litro', '2023-04-04', '1166046000148',
        (SELECT "ID_Combustivel" FROM public."COMBUSTIVEL" WHERE "Nome" = 'DIESEL S10'))
ON CONFLICT DO NOTHING;


INSERT INTO public."PRECO_COLETADO" ("Preco", "UnidadeMedida", "DataColeta", "PostoCNPJ", "CombustivelID")
VALUES (5.590, 'R$ / litro', '2023-04-10', '1166046000148',
        (SELECT "ID_Combustivel" FROM public."COMBUSTIVEL" WHERE "Nome" = 'DIESEL S10'))
ON CONFLICT DO NOTHING;


INSERT INTO public."PRECO_COLETADO" ("Preco", "UnidadeMedida", "DataColeta", "PostoCNPJ", "CombustivelID")
VALUES (5.590, 'R$ / litro', '2023-04-17', '1166046000148',
        (SELECT "ID_Combustivel" FROM public."COMBUSTIVEL" WHERE "Nome" = 'DIESEL S10'))
ON CONFLICT DO NOTHING;


INSERT INTO public."PRECO_COLETADO" ("Preco", "UnidadeMedida", "DataColeta", "PostoCNPJ", "CombustivelID")
VALUES (5.590, 'R$ / litro', '2023-04-24', '1166046000148',
        (SELECT "ID_Combustivel" FROM public."COMBUSTIVEL" WHERE "Nome" = 'DIESEL S10'))
ON CONFLICT DO NOTHING;


INSERT INTO public."PRECO_COLETADO" ("Preco", "UnidadeMedida", "DataColeta", "PostoCNPJ", "CombustivelID")
VALUES (5.590, 'R$ / litro', '2023-05-02', '1166046000148',
        (SELECT "ID_Combustivel" FROM public."COMBUSTIVEL" WHERE "Nome" = 'DIESEL S10'))
ON CONFLICT DO NOTHING;


INSERT INTO public."PRECO_COLETADO" ("Preco", "UnidadeMedida", "DataColeta", "PostoCNPJ", "CombustivelID")
VALUES (5.590, 'R$ / litro', '2023-05-09', '1166046000148',
        (SELECT "ID_Combustivel" FROM public."COMBUSTIVEL" WHERE "Nome" = 'DIESEL S10'))
ON CONFLICT DO NOTHING;


INSERT INTO public."PRECO_COLETADO" ("Preco", "UnidadeMedida", "DataColeta", "PostoCNPJ", "CombustivelID")
VALUES (5.590, 'R$ / litro', '2023-05-15', '1166046000148',
        (SELECT "ID_Combustivel" FROM public."COMBUSTIVEL" WHERE "Nome" = 'DIESEL S10'))
ON CONFLICT DO NOTHING;


INSERT INTO public."PRECO_COLETADO" ("Preco", "UnidadeMedida", "DataColeta", "PostoCNPJ", "CombustivelID")
VALUES (5.190, 'R$ / litro', '2023-05-22', '1166046000148',
        (SELECT "ID_Combustivel" FROM public."COMBUSTIVEL" WHERE "Nome" = 'DIESEL S10'))
ON CONFLICT DO NOTHING;


INSERT INTO public."PRECO_COLETADO" ("Preco", "UnidadeMedida", "DataColeta", "PostoCNPJ", "CombustivelID")
VALUES (5.190, 'R$ / litro', '2023-05-29', '1166046000148',
        (SELECT "ID_Combustivel" FROM public."COMBUSTIVEL" WHERE "Nome" = 'DIESEL S10'))
ON CONFLICT DO NOTHING;


INSERT INTO public."PRECO_COLETADO" ("Preco", "UnidadeMedida", "DataColeta", "PostoCNPJ", "CombustivelID")
VALUES (5.190, 'R$ / litro', '2023-06-05', '1166046000148',
        (SELECT "ID_Combustivel" FROM public."COMBUSTIVEL" WHERE "Nome" = 'DIESEL S10'))
ON CONFLICT DO NOTHING;


INSERT INTO public."PRECO_COLETADO" ("Preco", "UnidadeMedida", "DataColeta", "PostoCNPJ", "CombustivelID")
VALUES (5.090, 'R$ / litro', '2023-06-13', '1166046000148',
        (SELECT "ID_Combustivel" FROM public."COMBUSTIVEL" WHERE "Nome" = 'DIESEL S10'))
ON CONFLICT DO NOTHING;


INSERT INTO public."PRECO_COLETADO" ("Preco", "UnidadeMedida", "DataColeta", "PostoCNPJ", "CombustivelID")
VALUES (5.090, 'R$ / litro', '2023-06-20', '1166046000148',
        (SELECT "ID_Combustivel" FROM public."COMBUSTIVEL" WHERE "Nome" = 'DIESEL S10'))
ON CONFLICT DO NOTHING;


INSERT INTO public."PRECO_COLETADO" ("Preco", "UnidadeMedida", "DataColeta", "PostoCNPJ", "CombustivelID")
VALUES (5.090, 'R$ / litro', '2023-06-27', '1166046000148',
        (SELECT "ID_Combustivel" FROM public."COMBUSTIVEL" WHERE "Nome" = 'DIESEL S10'))
ON CONFLICT DO NOTHING;


INSERT INTO public."PRECO_COLETADO" ("Preco", "UnidadeMedida", "DataColeta", "PostoCNPJ", "CombustivelID")
VALUES (5.090, 'R$ / litro', '2023-07-04', '1166046000148',
        (SELECT "ID_Combustivel" FROM public."COMBUSTIVEL" WHERE "Nome" = 'DIESEL S10'))
ON CONFLICT DO NOTHING;


INSERT INTO public."PRECO_COLETADO" ("Preco", "UnidadeMedida", "DataColeta", "PostoCNPJ", "CombustivelID")
VALUES (5.090, 'R$ / litro', '2023-07-10', '1166046000148',
        (SELECT "ID_Combustivel" FROM public."COMBUSTIVEL" WHERE "Nome" = 'DIESEL S10'))
ON CONFLICT DO NOTHING;


INSERT INTO public."PRECO_COLETADO" ("Preco", "UnidadeMedida", "DataColeta", "PostoCNPJ", "CombustivelID")
VALUES (5.090, 'R$ / litro', '2023-07-17', '1166046000148',
        (SELECT "ID_Combustivel" FROM public."COMBUSTIVEL" WHERE "Nome" = 'DIESEL S10'))
ON CONFLICT DO NOTHING;


INSERT INTO public."PRECO_COLETADO" ("Preco", "UnidadeMedida", "DataColeta", "PostoCNPJ", "CombustivelID")
VALUES (5.090, 'R$ / litro', '2023-07-24', '1166046000148',
        (SELECT "ID_Combustivel" FROM public."COMBUSTIVEL" WHERE "Nome" = 'DIESEL S10'))
ON CONFLICT DO NOTHING;


INSERT INTO public."PRECO_COLETADO" ("Preco", "UnidadeMedida", "DataColeta", "PostoCNPJ", "CombustivelID")
VALUES (5.090, 'R$ / litro', '2023-07-31', '1166046000148',
        (SELECT "ID_Combustivel" FROM public."COMBUSTIVEL" WHERE "Nome" = 'DIESEL S10'))
ON CONFLICT DO NOTHING;


INSERT INTO public."PRECO_COLETADO" ("Preco", "UnidadeMedida", "DataColeta", "PostoCNPJ", "CombustivelID")
VALUES (5.090, 'R$ / litro', '2023-08-07', '1166046000148',
        (SELECT "ID_Combustivel" FROM public."COMBUSTIVEL" WHERE "Nome" = 'DIESEL S10'))
ON CONFLICT DO NOTHING;


INSERT INTO public."PRECO_COLETADO" ("Preco", "UnidadeMedida", "DataColeta", "PostoCNPJ", "CombustivelID")
VALUES (5.090, 'R$ / litro', '2023-08-15', '1166046000148',
        (SELECT "ID_Combustivel" FROM public."COMBUSTIVEL" WHERE "Nome" = 'DIESEL S10'))
ON CONFLICT DO NOTHING;


INSERT INTO public."PRECO_COLETADO" ("Preco", "UnidadeMedida", "DataColeta", "PostoCNPJ", "CombustivelID")
VALUES (5.990, 'R$ / litro', '2023-08-21', '1166046000148',
        (SELECT "ID_Combustivel" FROM public."COMBUSTIVEL" WHERE "Nome" = 'DIESEL S10'))
ON CONFLICT DO NOTHING;


INSERT INTO public."PRECO_COLETADO" ("Preco", "UnidadeMedida", "DataColeta", "PostoCNPJ", "CombustivelID")
VALUES (5.990, 'R$ / litro', '2023-08-30', '1166046000148',
        (SELECT "ID_Combustivel" FROM public."COMBUSTIVEL" WHERE "Nome" = 'DIESEL S10'))
ON CONFLICT DO NOTHING;


INSERT INTO public."PRECO_COLETADO" ("Preco", "UnidadeMedida", "DataColeta", "PostoCNPJ", "CombustivelID")
VALUES (6.290, 'R$ / litro', '2023-09-07', '1166046000148',
        (SELECT "ID_Combustivel" FROM public."COMBUSTIVEL" WHERE "Nome" = 'DIESEL S10'))
ON CONFLICT DO NOTHING;


INSERT INTO public."PRECO_COLETADO" ("Preco", "UnidadeMedida", "DataColeta", "PostoCNPJ", "CombustivelID")
VALUES (6.290, 'R$ / litro', '2023-09-12', '1166046000148',
        (SELECT "ID_Combustivel" FROM public."COMBUSTIVEL" WHERE "Nome" = 'DIESEL S10'))
ON CONFLICT DO NOTHING;


INSERT INTO public."PRECO_COLETADO" ("Preco", "UnidadeMedida", "DataColeta", "PostoCNPJ", "CombustivelID")
VALUES (6.290, 'R$ / litro', '2023-09-19', '1166046000148',
        (SELECT "ID_Combustivel" FROM public."COMBUSTIVEL" WHERE "Nome" = 'DIESEL S10'))
ON CONFLICT DO NOTHING;


INSERT INTO public."PRECO_COLETADO" ("Preco", "UnidadeMedida", "DataColeta", "PostoCNPJ", "CombustivelID")
VALUES (6.290, 'R$ / litro', '2023-09-26', '1166046000148',
        (SELECT "ID_Combustivel" FROM public."COMBUSTIVEL" WHERE "Nome" = 'DIESEL S10'))
ON CONFLICT DO NOTHING;


INSERT INTO public."PRECO_COLETADO" ("Preco", "UnidadeMedida", "DataColeta", "PostoCNPJ", "CombustivelID")
VALUES (6.290, 'R$ / litro', '2023-10-03', '1166046000148',
        (SELECT "ID_Combustivel" FROM public."COMBUSTIVEL" WHERE "Nome" = 'DIESEL S10'))
ON CONFLICT DO NOTHING;


INSERT INTO public."PRECO_COLETADO" ("Preco", "UnidadeMedida", "DataColeta", "PostoCNPJ", "CombustivelID")
VALUES (6.290, 'R$ / litro', '2023-10-10', '1166046000148',
        (SELECT "ID_Combustivel" FROM public."COMBUSTIVEL" WHERE "Nome" = 'DIESEL S10'))
ON CONFLICT DO NOTHING;


INSERT INTO public."PRECO_COLETADO" ("Preco", "UnidadeMedida", "DataColeta", "PostoCNPJ", "CombustivelID")
VALUES (6.290, 'R$ / litro', '2023-10-16', '1166046000148',
        (SELECT "ID_Combustivel" FROM public."COMBUSTIVEL" WHERE "Nome" = 'DIESEL S10'))
ON CONFLICT DO NOTHING;


INSERT INTO public."PRECO_COLETADO" ("Preco", "UnidadeMedida", "DataColeta", "PostoCNPJ", "CombustivelID")
VALUES (6.290, 'R$ / litro', '2023-10-24', '1166046000148',
        (SELECT "ID_Combustivel" FROM public."COMBUSTIVEL" WHERE "Nome" = 'DIESEL S10'))
ON CONFLICT DO NOTHING;


INSERT INTO public."PRECO_COLETADO" ("Preco", "UnidadeMedida", "DataColeta", "PostoCNPJ", "CombustivelID")
VALUES (6.290, 'R$ / litro', '2023-10-31', '1166046000148',
        (SELECT "ID_Combustivel" FROM public."COMBUSTIVEL" WHERE "Nome" = 'DIESEL S10'))
ON CONFLICT DO NOTHING;


INSERT INTO public."PRECO_COLETADO" ("Preco", "UnidadeMedida", "DataColeta", "PostoCNPJ", "CombustivelID")
VALUES (6.090, 'R$ / litro', '2023-11-07', '1166046000148',
        (SELECT "ID_Combustivel" FROM public."COMBUSTIVEL" WHERE "Nome" = 'DIESEL S10'))
ON CONFLICT DO NOTHING;


INSERT INTO public."PRECO_COLETADO" ("Preco", "UnidadeMedida", "DataColeta", "PostoCNPJ", "CombustivelID")
VALUES (6.090, 'R$ / litro', '2023-11-14', '1166046000148',
        (SELECT "ID_Combustivel" FROM public."COMBUSTIVEL" WHERE "Nome" = 'DIESEL S10'))
ON CONFLICT DO NOTHING;


INSERT INTO public."PRECO_COLETADO" ("Preco", "UnidadeMedida", "DataColeta", "PostoCNPJ", "CombustivelID")
VALUES (6.090, 'R$ / litro', '2023-11-21', '1166046000148',
        (SELECT "ID_Combustivel" FROM public."COMBUSTIVEL" WHERE "Nome" = 'DIESEL S10'))
ON CONFLICT DO NOTHING;


INSERT INTO public."PRECO_COLETADO" ("Preco", "UnidadeMedida", "DataColeta", "PostoCNPJ", "CombustivelID")
VALUES (6.090, 'R$ / litro', '2023-11-28', '1166046000148',
        (SELECT "ID_Combustivel" FROM public."COMBUSTIVEL" WHERE "Nome" = 'DIESEL S10'))
ON CONFLICT DO NOTHING;


INSERT INTO public."PRECO_COLETADO" ("Preco", "UnidadeMedida", "DataColeta", "PostoCNPJ", "CombustivelID")
VALUES (6.090, 'R$ / litro', '2023-12-06', '1166046000148',
        (SELECT "ID_Combustivel" FROM public."COMBUSTIVEL" WHERE "Nome" = 'DIESEL S10'))
ON CONFLICT DO NOTHING;


INSERT INTO public."PRECO_COLETADO" ("Preco", "UnidadeMedida", "DataColeta", "PostoCNPJ", "CombustivelID")
VALUES (6.090, 'R$ / litro', '2023-12-13', '1166046000148',
        (SELECT "ID_Combustivel" FROM public."COMBUSTIVEL" WHERE "Nome" = 'DIESEL S10'))
ON CONFLICT DO NOTHING;


INSERT INTO public."PRECO_COLETADO" ("Preco", "UnidadeMedida", "DataColeta", "PostoCNPJ", "CombustivelID")
VALUES (5.890, 'R$ / litro', '2023-12-26', '1166046000148',
        (SELECT "ID_Combustivel" FROM public."COMBUSTIVEL" WHERE "Nome" = 'DIESEL S10'))
ON CONFLICT DO NOTHING;


INSERT INTO public."PRECO_COLETADO" ("Preco", "UnidadeMedida", "DataColeta", "PostoCNPJ", "CombustivelID")
VALUES (5.890, 'R$ / litro', '2024-01-03', '1166046000148',
        (SELECT "ID_Combustivel" FROM public."COMBUSTIVEL" WHERE "Nome" = 'DIESEL S10'))
ON CONFLICT DO NOTHING;


INSERT INTO public."PRECO_COLETADO" ("Preco", "UnidadeMedida", "DataColeta", "PostoCNPJ", "CombustivelID")
VALUES (5.890, 'R$ / litro', '2024-01-08', '1166046000148',
        (SELECT "ID_Combustivel" FROM public."COMBUSTIVEL" WHERE "Nome" = 'DIESEL S10'))
ON CONFLICT DO NOTHING;


INSERT INTO public."PRECO_COLETADO" ("Preco", "UnidadeMedida", "DataColeta", "PostoCNPJ", "CombustivelID")
VALUES (5.890, 'R$ / litro', '2024-01-15', '1166046000148',
        (SELECT "ID_Combustivel" FROM public."COMBUSTIVEL" WHERE "Nome" = 'DIESEL S10'))
ON CONFLICT DO NOTHING;


INSERT INTO public."PRECO_COLETADO" ("Preco", "UnidadeMedida", "DataColeta", "PostoCNPJ", "CombustivelID")
VALUES (5.890, 'R$ / litro', '2024-01-22', '1166046000148',
        (SELECT "ID_Combustivel" FROM public."COMBUSTIVEL" WHERE "Nome" = 'DIESEL S10'))
ON CONFLICT DO NOTHING;


INSERT INTO public."PRECO_COLETADO" ("Preco", "UnidadeMedida", "DataColeta", "PostoCNPJ", "CombustivelID")
VALUES (5.890, 'R$ / litro', '2024-01-29', '1166046000148',
        (SELECT "ID_Combustivel" FROM public."COMBUSTIVEL" WHERE "Nome" = 'DIESEL S10'))
ON CONFLICT DO NOTHING;


INSERT INTO public."PRECO_COLETADO" ("Preco", "UnidadeMedida", "DataColeta", "PostoCNPJ", "CombustivelID")
VALUES (6.190, 'R$ / litro', '2024-02-05', '1166046000148',
        (SELECT "ID_Combustivel" FROM public."COMBUSTIVEL" WHERE "Nome" = 'DIESEL S10'))
ON CONFLICT DO NOTHING;


INSERT INTO public."PRECO_COLETADO" ("Preco", "UnidadeMedida", "DataColeta", "PostoCNPJ", "CombustivelID")
VALUES (5.990, 'R$ / litro', '2024-02-12', '1166046000148',
        (SELECT "ID_Combustivel" FROM public."COMBUSTIVEL" WHERE "Nome" = 'DIESEL S10'))
ON CONFLICT DO NOTHING;


INSERT INTO public."PRECO_COLETADO" ("Preco", "UnidadeMedida", "DataColeta", "PostoCNPJ", "CombustivelID")
VALUES (5.990, 'R$ / litro', '2024-02-19', '1166046000148',
        (SELECT "ID_Combustivel" FROM public."COMBUSTIVEL" WHERE "Nome" = 'DIESEL S10'))
ON CONFLICT DO NOTHING;


INSERT INTO public."PRECO_COLETADO" ("Preco", "UnidadeMedida", "DataColeta", "PostoCNPJ", "CombustivelID")
VALUES (5.990, 'R$ / litro', '2024-02-26', '1166046000148',
        (SELECT "ID_Combustivel" FROM public."COMBUSTIVEL" WHERE "Nome" = 'DIESEL S10'))
ON CONFLICT DO NOTHING;


INSERT INTO public."PRECO_COLETADO" ("Preco", "UnidadeMedida", "DataColeta", "PostoCNPJ", "CombustivelID")
VALUES (5.990, 'R$ / litro', '2024-03-04', '1166046000148',
        (SELECT "ID_Combustivel" FROM public."COMBUSTIVEL" WHERE "Nome" = 'DIESEL S10'))
ON CONFLICT DO NOTHING;


INSERT INTO public."PRECO_COLETADO" ("Preco", "UnidadeMedida", "DataColeta", "PostoCNPJ", "CombustivelID")
VALUES (5.990, 'R$ / litro', '2024-03-11', '1166046000148',
        (SELECT "ID_Combustivel" FROM public."COMBUSTIVEL" WHERE "Nome" = 'DIESEL S10'))
ON CONFLICT DO NOTHING;


INSERT INTO public."PRECO_COLETADO" ("Preco", "UnidadeMedida", "DataColeta", "PostoCNPJ", "CombustivelID")
VALUES (5.990, 'R$ / litro', '2024-03-18', '1166046000148',
        (SELECT "ID_Combustivel" FROM public."COMBUSTIVEL" WHERE "Nome" = 'DIESEL S10'))
ON CONFLICT DO NOTHING;


INSERT INTO public."PRECO_COLETADO" ("Preco", "UnidadeMedida", "DataColeta", "PostoCNPJ", "CombustivelID")
VALUES (5.990, 'R$ / litro', '2024-03-25', '1166046000148',
        (SELECT "ID_Combustivel" FROM public."COMBUSTIVEL" WHERE "Nome" = 'DIESEL S10'))
ON CONFLICT DO NOTHING;


INSERT INTO public."PRECO_COLETADO" ("Preco", "UnidadeMedida", "DataColeta", "PostoCNPJ", "CombustivelID")
VALUES (5.980, 'R$ / litro', '2024-04-01', '1166046000148',
        (SELECT "ID_Combustivel" FROM public."COMBUSTIVEL" WHERE "Nome" = 'DIESEL S10'))
ON CONFLICT DO NOTHING;


INSERT INTO public."PRECO_COLETADO" ("Preco", "UnidadeMedida", "DataColeta", "PostoCNPJ", "CombustivelID")
VALUES (5.980, 'R$ / litro', '2024-04-08', '1166046000148',
        (SELECT "ID_Combustivel" FROM public."COMBUSTIVEL" WHERE "Nome" = 'DIESEL S10'))
ON CONFLICT DO NOTHING;


INSERT INTO public."PRECO_COLETADO" ("Preco", "UnidadeMedida", "DataColeta", "PostoCNPJ", "CombustivelID")
VALUES (5.980, 'R$ / litro', '2024-04-15', '1166046000148',
        (SELECT "ID_Combustivel" FROM public."COMBUSTIVEL" WHERE "Nome" = 'DIESEL S10'))
ON CONFLICT DO NOTHING;


INSERT INTO public."PRECO_COLETADO" ("Preco", "UnidadeMedida", "DataColeta", "PostoCNPJ", "CombustivelID")
VALUES (5.980, 'R$ / litro', '2024-04-29', '1166046000148',
        (SELECT "ID_Combustivel" FROM public."COMBUSTIVEL" WHERE "Nome" = 'DIESEL S10'))
ON CONFLICT DO NOTHING;


INSERT INTO public."PRECO_COLETADO" ("Preco", "UnidadeMedida", "DataColeta", "PostoCNPJ", "CombustivelID")
VALUES (5.990, 'R$ / litro', '2024-05-06', '1166046000148',
        (SELECT "ID_Combustivel" FROM public."COMBUSTIVEL" WHERE "Nome" = 'DIESEL S10'))
ON CONFLICT DO NOTHING;


INSERT INTO public."PRECO_COLETADO" ("Preco", "UnidadeMedida", "DataColeta", "PostoCNPJ", "CombustivelID")
VALUES (5.990, 'R$ / litro', '2024-05-20', '1166046000148',
        (SELECT "ID_Combustivel" FROM public."COMBUSTIVEL" WHERE "Nome" = 'DIESEL S10'))
ON CONFLICT DO NOTHING;


INSERT INTO public."PRECO_COLETADO" ("Preco", "UnidadeMedida", "DataColeta", "PostoCNPJ", "CombustivelID")
VALUES (5.990, 'R$ / litro', '2024-05-27', '1166046000148',
        (SELECT "ID_Combustivel" FROM public."COMBUSTIVEL" WHERE "Nome" = 'DIESEL S10'))
ON CONFLICT DO NOTHING;


INSERT INTO public."PRECO_COLETADO" ("Preco", "UnidadeMedida", "DataColeta", "PostoCNPJ", "CombustivelID")
VALUES (5.990, 'R$ / litro', '2024-06-17', '1166046000148',
        (SELECT "ID_Combustivel" FROM public."COMBUSTIVEL" WHERE "Nome" = 'DIESEL S10'))
ON CONFLICT DO NOTHING;


INSERT INTO public."PRECO_COLETADO" ("Preco", "UnidadeMedida", "DataColeta", "PostoCNPJ", "CombustivelID")
VALUES (5.990, 'R$ / litro', '2024-06-24', '1166046000148',
        (SELECT "ID_Combustivel" FROM public."COMBUSTIVEL" WHERE "Nome" = 'DIESEL S10'))
ON CONFLICT DO NOTHING;


INSERT INTO public."PRECO_COLETADO" ("Preco", "UnidadeMedida", "DataColeta", "PostoCNPJ", "CombustivelID")
VALUES (5.990, 'R$ / litro', '2024-07-01', '1166046000148',
        (SELECT "ID_Combustivel" FROM public."COMBUSTIVEL" WHERE "Nome" = 'DIESEL S10'))
ON CONFLICT DO NOTHING;


INSERT INTO public."PRECO_COLETADO" ("Preco", "UnidadeMedida", "DataColeta", "PostoCNPJ", "CombustivelID")
VALUES (5.990, 'R$ / litro', '2024-07-09', '1166046000148',
        (SELECT "ID_Combustivel" FROM public."COMBUSTIVEL" WHERE "Nome" = 'DIESEL S10'))
ON CONFLICT DO NOTHING;


INSERT INTO public."PRECO_COLETADO" ("Preco", "UnidadeMedida", "DataColeta", "PostoCNPJ", "CombustivelID")
VALUES (5.990, 'R$ / litro', '2024-07-16', '1166046000148',
        (SELECT "ID_Combustivel" FROM public."COMBUSTIVEL" WHERE "Nome" = 'DIESEL S10'))
ON CONFLICT DO NOTHING;


INSERT INTO public."PRECO_COLETADO" ("Preco", "UnidadeMedida", "DataColeta", "PostoCNPJ", "CombustivelID")
VALUES (5.990, 'R$ / litro', '2024-07-22', '1166046000148',
        (SELECT "ID_Combustivel" FROM public."COMBUSTIVEL" WHERE "Nome" = 'DIESEL S10'))
ON CONFLICT DO NOTHING;


INSERT INTO public."PRECO_COLETADO" ("Preco", "UnidadeMedida", "DataColeta", "PostoCNPJ", "CombustivelID")
VALUES (5.990, 'R$ / litro', '2024-07-29', '1166046000148',
        (SELECT "ID_Combustivel" FROM public."COMBUSTIVEL" WHERE "Nome" = 'DIESEL S10'))
ON CONFLICT DO NOTHING;


INSERT INTO public."PRECO_COLETADO" ("Preco", "UnidadeMedida", "DataColeta", "PostoCNPJ", "CombustivelID")
VALUES (5.990, 'R$ / litro', '2024-08-05', '1166046000148',
        (SELECT "ID_Combustivel" FROM public."COMBUSTIVEL" WHERE "Nome" = 'DIESEL S10'))
ON CONFLICT DO NOTHING;


INSERT INTO public."PRECO_COLETADO" ("Preco", "UnidadeMedida", "DataColeta", "PostoCNPJ", "CombustivelID")
VALUES (5.990, 'R$ / litro', '2024-08-14', '1166046000148',
        (SELECT "ID_Combustivel" FROM public."COMBUSTIVEL" WHERE "Nome" = 'DIESEL S10'))
ON CONFLICT DO NOTHING;


INSERT INTO public."PRECO_COLETADO" ("Preco", "UnidadeMedida", "DataColeta", "PostoCNPJ", "CombustivelID")
VALUES (5.990, 'R$ / litro', '2024-08-20', '1166046000148',
        (SELECT "ID_Combustivel" FROM public."COMBUSTIVEL" WHERE "Nome" = 'DIESEL S10'))
ON CONFLICT DO NOTHING;


INSERT INTO public."PRECO_COLETADO" ("Preco", "UnidadeMedida", "DataColeta", "PostoCNPJ", "CombustivelID")
VALUES (5.990, 'R$ / litro', '2024-08-26', '1166046000148',
        (SELECT "ID_Combustivel" FROM public."COMBUSTIVEL" WHERE "Nome" = 'DIESEL S10'))
ON CONFLICT DO NOTHING;


INSERT INTO public."PRECO_COLETADO" ("Preco", "UnidadeMedida", "DataColeta", "PostoCNPJ", "CombustivelID")
VALUES (5.990, 'R$ / litro', '2024-09-02', '1166046000148',
        (SELECT "ID_Combustivel" FROM public."COMBUSTIVEL" WHERE "Nome" = 'DIESEL S10'))
ON CONFLICT DO NOTHING;


INSERT INTO public."COMBUSTIVEL" ("Nome")
VALUES ('GASOLINA ADITIVADA')
ON CONFLICT ("Nome") DO NOTHING;


INSERT INTO public."PRECO_COLETADO" ("Preco", "UnidadeMedida", "DataColeta", "PostoCNPJ", "CombustivelID")
VALUES (4.990, 'R$ / litro', '2022-10-24', '1166046000148',
        (SELECT "ID_Combustivel" FROM public."COMBUSTIVEL" WHERE "Nome" = 'GASOLINA ADITIVADA'))
ON CONFLICT DO NOTHING;


INSERT INTO public."PRECO_COLETADO" ("Preco", "UnidadeMedida", "DataColeta", "PostoCNPJ", "CombustivelID")
VALUES (4.990, 'R$ / litro', '2022-10-31', '1166046000148',
        (SELECT "ID_Combustivel" FROM public."COMBUSTIVEL" WHERE "Nome" = 'GASOLINA ADITIVADA'))
ON CONFLICT DO NOTHING;


INSERT INTO public."PRECO_COLETADO" ("Preco", "UnidadeMedida", "DataColeta", "PostoCNPJ", "CombustivelID")
VALUES (5.290, 'R$ / litro', '2022-11-14', '1166046000148',
        (SELECT "ID_Combustivel" FROM public."COMBUSTIVEL" WHERE "Nome" = 'GASOLINA ADITIVADA'))
ON CONFLICT DO NOTHING;


INSERT INTO public."PRECO_COLETADO" ("Preco", "UnidadeMedida", "DataColeta", "PostoCNPJ", "CombustivelID")
VALUES (5.290, 'R$ / litro', '2022-11-22', '1166046000148',
        (SELECT "ID_Combustivel" FROM public."COMBUSTIVEL" WHERE "Nome" = 'GASOLINA ADITIVADA'))
ON CONFLICT DO NOTHING;


INSERT INTO public."PRECO_COLETADO" ("Preco", "UnidadeMedida", "DataColeta", "PostoCNPJ", "CombustivelID")
VALUES (5.290, 'R$ / litro', '2022-12-05', '1166046000148',
        (SELECT "ID_Combustivel" FROM public."COMBUSTIVEL" WHERE "Nome" = 'GASOLINA ADITIVADA'))
ON CONFLICT DO NOTHING;


INSERT INTO public."PRECO_COLETADO" ("Preco", "UnidadeMedida", "DataColeta", "PostoCNPJ", "CombustivelID")
VALUES (5.190, 'R$ / litro', '2022-12-12', '1166046000148',
        (SELECT "ID_Combustivel" FROM public."COMBUSTIVEL" WHERE "Nome" = 'GASOLINA ADITIVADA'))
ON CONFLICT DO NOTHING;


INSERT INTO public."PRECO_COLETADO" ("Preco", "UnidadeMedida", "DataColeta", "PostoCNPJ", "CombustivelID")
VALUES (5.090, 'R$ / litro', '2022-12-22', '1166046000148',
        (SELECT "ID_Combustivel" FROM public."COMBUSTIVEL" WHERE "Nome" = 'GASOLINA ADITIVADA'))
ON CONFLICT DO NOTHING;


INSERT INTO public."PRECO_COLETADO" ("Preco", "UnidadeMedida", "DataColeta", "PostoCNPJ", "CombustivelID")
VALUES (5.090, 'R$ / litro', '2022-12-26', '1166046000148',
        (SELECT "ID_Combustivel" FROM public."COMBUSTIVEL" WHERE "Nome" = 'GASOLINA ADITIVADA'))
ON CONFLICT DO NOTHING;


INSERT INTO public."PRECO_COLETADO" ("Preco", "UnidadeMedida", "DataColeta", "PostoCNPJ", "CombustivelID")
VALUES (5.340, 'R$ / litro', '2023-01-02', '1166046000148',
        (SELECT "ID_Combustivel" FROM public."COMBUSTIVEL" WHERE "Nome" = 'GASOLINA ADITIVADA'))
ON CONFLICT DO NOTHING;


INSERT INTO public."PRECO_COLETADO" ("Preco", "UnidadeMedida", "DataColeta", "PostoCNPJ", "CombustivelID")
VALUES (5.150, 'R$ / litro', '2023-01-09', '1166046000148',
        (SELECT "ID_Combustivel" FROM public."COMBUSTIVEL" WHERE "Nome" = 'GASOLINA ADITIVADA'))
ON CONFLICT DO NOTHING;


INSERT INTO public."PRECO_COLETADO" ("Preco", "UnidadeMedida", "DataColeta", "PostoCNPJ", "CombustivelID")
VALUES (5.150, 'R$ / litro', '2023-01-16', '1166046000148',
        (SELECT "ID_Combustivel" FROM public."COMBUSTIVEL" WHERE "Nome" = 'GASOLINA ADITIVADA'))
ON CONFLICT DO NOTHING;


INSERT INTO public."PRECO_COLETADO" ("Preco", "UnidadeMedida", "DataColeta", "PostoCNPJ", "CombustivelID")
VALUES (5.090, 'R$ / litro', '2023-01-23', '1166046000148',
        (SELECT "ID_Combustivel" FROM public."COMBUSTIVEL" WHERE "Nome" = 'GASOLINA ADITIVADA'))
ON CONFLICT DO NOTHING;


INSERT INTO public."PRECO_COLETADO" ("Preco", "UnidadeMedida", "DataColeta", "PostoCNPJ", "CombustivelID")
VALUES (5.390, 'R$ / litro', '2023-01-30', '1166046000148',
        (SELECT "ID_Combustivel" FROM public."COMBUSTIVEL" WHERE "Nome" = 'GASOLINA ADITIVADA'))
ON CONFLICT DO NOTHING;


INSERT INTO public."PRECO_COLETADO" ("Preco", "UnidadeMedida", "DataColeta", "PostoCNPJ", "CombustivelID")
VALUES (5.390, 'R$ / litro', '2023-02-06', '1166046000148',
        (SELECT "ID_Combustivel" FROM public."COMBUSTIVEL" WHERE "Nome" = 'GASOLINA ADITIVADA'))
ON CONFLICT DO NOTHING;


INSERT INTO public."PRECO_COLETADO" ("Preco", "UnidadeMedida", "DataColeta", "PostoCNPJ", "CombustivelID")
VALUES (5.260, 'R$ / litro', '2023-02-13', '1166046000148',
        (SELECT "ID_Combustivel" FROM public."COMBUSTIVEL" WHERE "Nome" = 'GASOLINA ADITIVADA'))
ON CONFLICT DO NOTHING;


INSERT INTO public."PRECO_COLETADO" ("Preco", "UnidadeMedida", "DataColeta", "PostoCNPJ", "CombustivelID")
VALUES (5.340, 'R$ / litro', '2023-02-27', '1166046000148',
        (SELECT "ID_Combustivel" FROM public."COMBUSTIVEL" WHERE "Nome" = 'GASOLINA ADITIVADA'))
ON CONFLICT DO NOTHING;


INSERT INTO public."PRECO_COLETADO" ("Preco", "UnidadeMedida", "DataColeta", "PostoCNPJ", "CombustivelID")
VALUES (5.890, 'R$ / litro', '2023-03-06', '1166046000148',
        (SELECT "ID_Combustivel" FROM public."COMBUSTIVEL" WHERE "Nome" = 'GASOLINA ADITIVADA'))
ON CONFLICT DO NOTHING;


INSERT INTO public."PRECO_COLETADO" ("Preco", "UnidadeMedida", "DataColeta", "PostoCNPJ", "CombustivelID")
VALUES (5.890, 'R$ / litro', '2023-03-16', '1166046000148',
        (SELECT "ID_Combustivel" FROM public."COMBUSTIVEL" WHERE "Nome" = 'GASOLINA ADITIVADA'))
ON CONFLICT DO NOTHING;


INSERT INTO public."PRECO_COLETADO" ("Preco", "UnidadeMedida", "DataColeta", "PostoCNPJ", "CombustivelID")
VALUES (5.790, 'R$ / litro', '2023-03-27', '1166046000148',
        (SELECT "ID_Combustivel" FROM public."COMBUSTIVEL" WHERE "Nome" = 'GASOLINA ADITIVADA'))
ON CONFLICT DO NOTHING;


INSERT INTO public."PRECO_COLETADO" ("Preco", "UnidadeMedida", "DataColeta", "PostoCNPJ", "CombustivelID")
VALUES (5.590, 'R$ / litro', '2023-04-04', '1166046000148',
        (SELECT "ID_Combustivel" FROM public."COMBUSTIVEL" WHERE "Nome" = 'GASOLINA ADITIVADA'))
ON CONFLICT DO NOTHING;


INSERT INTO public."PRECO_COLETADO" ("Preco", "UnidadeMedida", "DataColeta", "PostoCNPJ", "CombustivelID")
VALUES (5.690, 'R$ / litro', '2023-04-10', '1166046000148',
        (SELECT "ID_Combustivel" FROM public."COMBUSTIVEL" WHERE "Nome" = 'GASOLINA ADITIVADA'))
ON CONFLICT DO NOTHING;


INSERT INTO public."PRECO_COLETADO" ("Preco", "UnidadeMedida", "DataColeta", "PostoCNPJ", "CombustivelID")
VALUES (5.690, 'R$ / litro', '2023-04-17', '1166046000148',
        (SELECT "ID_Combustivel" FROM public."COMBUSTIVEL" WHERE "Nome" = 'GASOLINA ADITIVADA'))
ON CONFLICT DO NOTHING;


INSERT INTO public."PRECO_COLETADO" ("Preco", "UnidadeMedida", "DataColeta", "PostoCNPJ", "CombustivelID")
VALUES (5.590, 'R$ / litro', '2023-04-24', '1166046000148',
        (SELECT "ID_Combustivel" FROM public."COMBUSTIVEL" WHERE "Nome" = 'GASOLINA ADITIVADA'))
ON CONFLICT DO NOTHING;


INSERT INTO public."PRECO_COLETADO" ("Preco", "UnidadeMedida", "DataColeta", "PostoCNPJ", "CombustivelID")
VALUES (5.690, 'R$ / litro', '2023-05-02', '1166046000148',
        (SELECT "ID_Combustivel" FROM public."COMBUSTIVEL" WHERE "Nome" = 'GASOLINA ADITIVADA'))
ON CONFLICT DO NOTHING;


INSERT INTO public."PRECO_COLETADO" ("Preco", "UnidadeMedida", "DataColeta", "PostoCNPJ", "CombustivelID")
VALUES (5.690, 'R$ / litro', '2023-05-09', '1166046000148',
        (SELECT "ID_Combustivel" FROM public."COMBUSTIVEL" WHERE "Nome" = 'GASOLINA ADITIVADA'))
ON CONFLICT DO NOTHING;


INSERT INTO public."PRECO_COLETADO" ("Preco", "UnidadeMedida", "DataColeta", "PostoCNPJ", "CombustivelID")
VALUES (5.690, 'R$ / litro', '2023-05-15', '1166046000148',
        (SELECT "ID_Combustivel" FROM public."COMBUSTIVEL" WHERE "Nome" = 'GASOLINA ADITIVADA'))
ON CONFLICT DO NOTHING;


INSERT INTO public."PRECO_COLETADO" ("Preco", "UnidadeMedida", "DataColeta", "PostoCNPJ", "CombustivelID")
VALUES (5.490, 'R$ / litro', '2023-05-22', '1166046000148',
        (SELECT "ID_Combustivel" FROM public."COMBUSTIVEL" WHERE "Nome" = 'GASOLINA ADITIVADA'))
ON CONFLICT DO NOTHING;


INSERT INTO public."PRECO_COLETADO" ("Preco", "UnidadeMedida", "DataColeta", "PostoCNPJ", "CombustivelID")
VALUES (5.430, 'R$ / litro', '2023-05-29', '1166046000148',
        (SELECT "ID_Combustivel" FROM public."COMBUSTIVEL" WHERE "Nome" = 'GASOLINA ADITIVADA'))
ON CONFLICT DO NOTHING;


INSERT INTO public."PRECO_COLETADO" ("Preco", "UnidadeMedida", "DataColeta", "PostoCNPJ", "CombustivelID")
VALUES (5.790, 'R$ / litro', '2023-06-05', '1166046000148',
        (SELECT "ID_Combustivel" FROM public."COMBUSTIVEL" WHERE "Nome" = 'GASOLINA ADITIVADA'))
ON CONFLICT DO NOTHING;


INSERT INTO public."PRECO_COLETADO" ("Preco", "UnidadeMedida", "DataColeta", "PostoCNPJ", "CombustivelID")
VALUES (5.690, 'R$ / litro', '2023-06-13', '1166046000148',
        (SELECT "ID_Combustivel" FROM public."COMBUSTIVEL" WHERE "Nome" = 'GASOLINA ADITIVADA'))
ON CONFLICT DO NOTHING;


INSERT INTO public."PRECO_COLETADO" ("Preco", "UnidadeMedida", "DataColeta", "PostoCNPJ", "CombustivelID")
VALUES (5.590, 'R$ / litro', '2023-06-20', '1166046000148',
        (SELECT "ID_Combustivel" FROM public."COMBUSTIVEL" WHERE "Nome" = 'GASOLINA ADITIVADA'))
ON CONFLICT DO NOTHING;


INSERT INTO public."PRECO_COLETADO" ("Preco", "UnidadeMedida", "DataColeta", "PostoCNPJ", "CombustivelID")
VALUES (5.540, 'R$ / litro', '2023-06-27', '1166046000148',
        (SELECT "ID_Combustivel" FROM public."COMBUSTIVEL" WHERE "Nome" = 'GASOLINA ADITIVADA'))
ON CONFLICT DO NOTHING;


INSERT INTO public."PRECO_COLETADO" ("Preco", "UnidadeMedida", "DataColeta", "PostoCNPJ", "CombustivelID")
VALUES (6.090, 'R$ / litro', '2023-07-04', '1166046000148',
        (SELECT "ID_Combustivel" FROM public."COMBUSTIVEL" WHERE "Nome" = 'GASOLINA ADITIVADA'))
ON CONFLICT DO NOTHING;


INSERT INTO public."PRECO_COLETADO" ("Preco", "UnidadeMedida", "DataColeta", "PostoCNPJ", "CombustivelID")
VALUES (6.090, 'R$ / litro', '2023-07-10', '1166046000148',
        (SELECT "ID_Combustivel" FROM public."COMBUSTIVEL" WHERE "Nome" = 'GASOLINA ADITIVADA'))
ON CONFLICT DO NOTHING;


INSERT INTO public."PRECO_COLETADO" ("Preco", "UnidadeMedida", "DataColeta", "PostoCNPJ", "CombustivelID")
VALUES (5.990, 'R$ / litro', '2023-07-17', '1166046000148',
        (SELECT "ID_Combustivel" FROM public."COMBUSTIVEL" WHERE "Nome" = 'GASOLINA ADITIVADA'))
ON CONFLICT DO NOTHING;


INSERT INTO public."PRECO_COLETADO" ("Preco", "UnidadeMedida", "DataColeta", "PostoCNPJ", "CombustivelID")
VALUES (5.690, 'R$ / litro', '2023-07-24', '1166046000148',
        (SELECT "ID_Combustivel" FROM public."COMBUSTIVEL" WHERE "Nome" = 'GASOLINA ADITIVADA'))
ON CONFLICT DO NOTHING;


INSERT INTO public."PRECO_COLETADO" ("Preco", "UnidadeMedida", "DataColeta", "PostoCNPJ", "CombustivelID")
VALUES (5.690, 'R$ / litro', '2023-07-31', '1166046000148',
        (SELECT "ID_Combustivel" FROM public."COMBUSTIVEL" WHERE "Nome" = 'GASOLINA ADITIVADA'))
ON CONFLICT DO NOTHING;


INSERT INTO public."PRECO_COLETADO" ("Preco", "UnidadeMedida", "DataColeta", "PostoCNPJ", "CombustivelID")
VALUES (5.690, 'R$ / litro', '2023-08-07', '1166046000148',
        (SELECT "ID_Combustivel" FROM public."COMBUSTIVEL" WHERE "Nome" = 'GASOLINA ADITIVADA'))
ON CONFLICT DO NOTHING;


INSERT INTO public."PRECO_COLETADO" ("Preco", "UnidadeMedida", "DataColeta", "PostoCNPJ", "CombustivelID")
VALUES (5.540, 'R$ / litro', '2023-08-15', '1166046000148',
        (SELECT "ID_Combustivel" FROM public."COMBUSTIVEL" WHERE "Nome" = 'GASOLINA ADITIVADA'))
ON CONFLICT DO NOTHING;


INSERT INTO public."PRECO_COLETADO" ("Preco", "UnidadeMedida", "DataColeta", "PostoCNPJ", "CombustivelID")
VALUES (6.240, 'R$ / litro', '2023-08-21', '1166046000148',
        (SELECT "ID_Combustivel" FROM public."COMBUSTIVEL" WHERE "Nome" = 'GASOLINA ADITIVADA'))
ON CONFLICT DO NOTHING;


INSERT INTO public."PRECO_COLETADO" ("Preco", "UnidadeMedida", "DataColeta", "PostoCNPJ", "CombustivelID")
VALUES (5.940, 'R$ / litro', '2023-08-30', '1166046000148',
        (SELECT "ID_Combustivel" FROM public."COMBUSTIVEL" WHERE "Nome" = 'GASOLINA ADITIVADA'))
ON CONFLICT DO NOTHING;


INSERT INTO public."PRECO_COLETADO" ("Preco", "UnidadeMedida", "DataColeta", "PostoCNPJ", "CombustivelID")
VALUES (5.890, 'R$ / litro', '2023-09-07', '1166046000148',
        (SELECT "ID_Combustivel" FROM public."COMBUSTIVEL" WHERE "Nome" = 'GASOLINA ADITIVADA'))
ON CONFLICT DO NOTHING;


INSERT INTO public."PRECO_COLETADO" ("Preco", "UnidadeMedida", "DataColeta", "PostoCNPJ", "CombustivelID")
VALUES (5.890, 'R$ / litro', '2023-09-12', '1166046000148',
        (SELECT "ID_Combustivel" FROM public."COMBUSTIVEL" WHERE "Nome" = 'GASOLINA ADITIVADA'))
ON CONFLICT DO NOTHING;


INSERT INTO public."PRECO_COLETADO" ("Preco", "UnidadeMedida", "DataColeta", "PostoCNPJ", "CombustivelID")
VALUES (5.790, 'R$ / litro', '2023-09-19', '1166046000148',
        (SELECT "ID_Combustivel" FROM public."COMBUSTIVEL" WHERE "Nome" = 'GASOLINA ADITIVADA'))
ON CONFLICT DO NOTHING;


INSERT INTO public."PRECO_COLETADO" ("Preco", "UnidadeMedida", "DataColeta", "PostoCNPJ", "CombustivelID")
VALUES (5.790, 'R$ / litro', '2023-09-26', '1166046000148',
        (SELECT "ID_Combustivel" FROM public."COMBUSTIVEL" WHERE "Nome" = 'GASOLINA ADITIVADA'))
ON CONFLICT DO NOTHING;


INSERT INTO public."PRECO_COLETADO" ("Preco", "UnidadeMedida", "DataColeta", "PostoCNPJ", "CombustivelID")
VALUES (5.990, 'R$ / litro', '2023-10-03', '1166046000148',
        (SELECT "ID_Combustivel" FROM public."COMBUSTIVEL" WHERE "Nome" = 'GASOLINA ADITIVADA'))
ON CONFLICT DO NOTHING;


INSERT INTO public."PRECO_COLETADO" ("Preco", "UnidadeMedida", "DataColeta", "PostoCNPJ", "CombustivelID")
VALUES (5.940, 'R$ / litro', '2023-10-10', '1166046000148',
        (SELECT "ID_Combustivel" FROM public."COMBUSTIVEL" WHERE "Nome" = 'GASOLINA ADITIVADA'))
ON CONFLICT DO NOTHING;


INSERT INTO public."PRECO_COLETADO" ("Preco", "UnidadeMedida", "DataColeta", "PostoCNPJ", "CombustivelID")
VALUES (5.940, 'R$ / litro', '2023-10-16', '1166046000148',
        (SELECT "ID_Combustivel" FROM public."COMBUSTIVEL" WHERE "Nome" = 'GASOLINA ADITIVADA'))
ON CONFLICT DO NOTHING;


INSERT INTO public."PRECO_COLETADO" ("Preco", "UnidadeMedida", "DataColeta", "PostoCNPJ", "CombustivelID")
VALUES (5.790, 'R$ / litro', '2023-10-24', '1166046000148',
        (SELECT "ID_Combustivel" FROM public."COMBUSTIVEL" WHERE "Nome" = 'GASOLINA ADITIVADA'))
ON CONFLICT DO NOTHING;


INSERT INTO public."PRECO_COLETADO" ("Preco", "UnidadeMedida", "DataColeta", "PostoCNPJ", "CombustivelID")
VALUES (5.790, 'R$ / litro', '2023-10-31', '1166046000148',
        (SELECT "ID_Combustivel" FROM public."COMBUSTIVEL" WHERE "Nome" = 'GASOLINA ADITIVADA'))
ON CONFLICT DO NOTHING;


INSERT INTO public."PRECO_COLETADO" ("Preco", "UnidadeMedida", "DataColeta", "PostoCNPJ", "CombustivelID")
VALUES (5.790, 'R$ / litro', '2023-11-07', '1166046000148',
        (SELECT "ID_Combustivel" FROM public."COMBUSTIVEL" WHERE "Nome" = 'GASOLINA ADITIVADA'))
ON CONFLICT DO NOTHING;


INSERT INTO public."PRECO_COLETADO" ("Preco", "UnidadeMedida", "DataColeta", "PostoCNPJ", "CombustivelID")
VALUES (5.690, 'R$ / litro', '2023-11-14', '1166046000148',
        (SELECT "ID_Combustivel" FROM public."COMBUSTIVEL" WHERE "Nome" = 'GASOLINA ADITIVADA'))
ON CONFLICT DO NOTHING;


INSERT INTO public."PRECO_COLETADO" ("Preco", "UnidadeMedida", "DataColeta", "PostoCNPJ", "CombustivelID")
VALUES (5.690, 'R$ / litro', '2023-11-21', '1166046000148',
        (SELECT "ID_Combustivel" FROM public."COMBUSTIVEL" WHERE "Nome" = 'GASOLINA ADITIVADA'))
ON CONFLICT DO NOTHING;


INSERT INTO public."PRECO_COLETADO" ("Preco", "UnidadeMedida", "DataColeta", "PostoCNPJ", "CombustivelID")
VALUES (5.990, 'R$ / litro', '2023-11-28', '1166046000148',
        (SELECT "ID_Combustivel" FROM public."COMBUSTIVEL" WHERE "Nome" = 'GASOLINA ADITIVADA'))
ON CONFLICT DO NOTHING;


INSERT INTO public."PRECO_COLETADO" ("Preco", "UnidadeMedida", "DataColeta", "PostoCNPJ", "CombustivelID")
VALUES (5.790, 'R$ / litro', '2023-12-06', '1166046000148',
        (SELECT "ID_Combustivel" FROM public."COMBUSTIVEL" WHERE "Nome" = 'GASOLINA ADITIVADA'))
ON CONFLICT DO NOTHING;


INSERT INTO public."PRECO_COLETADO" ("Preco", "UnidadeMedida", "DataColeta", "PostoCNPJ", "CombustivelID")
VALUES (5.790, 'R$ / litro', '2023-12-13', '1166046000148',
        (SELECT "ID_Combustivel" FROM public."COMBUSTIVEL" WHERE "Nome" = 'GASOLINA ADITIVADA'))
ON CONFLICT DO NOTHING;


INSERT INTO public."PRECO_COLETADO" ("Preco", "UnidadeMedida", "DataColeta", "PostoCNPJ", "CombustivelID")
VALUES (5.690, 'R$ / litro', '2023-12-26', '1166046000148',
        (SELECT "ID_Combustivel" FROM public."COMBUSTIVEL" WHERE "Nome" = 'GASOLINA ADITIVADA'))
ON CONFLICT DO NOTHING;


INSERT INTO public."PRECO_COLETADO" ("Preco", "UnidadeMedida", "DataColeta", "PostoCNPJ", "CombustivelID")
VALUES (5.690, 'R$ / litro', '2024-01-03', '1166046000148',
        (SELECT "ID_Combustivel" FROM public."COMBUSTIVEL" WHERE "Nome" = 'GASOLINA ADITIVADA'))
ON CONFLICT DO NOTHING;


INSERT INTO public."PRECO_COLETADO" ("Preco", "UnidadeMedida", "DataColeta", "PostoCNPJ", "CombustivelID")
VALUES (5.690, 'R$ / litro', '2024-01-08', '1166046000148',
        (SELECT "ID_Combustivel" FROM public."COMBUSTIVEL" WHERE "Nome" = 'GASOLINA ADITIVADA'))
ON CONFLICT DO NOTHING;


INSERT INTO public."PRECO_COLETADO" ("Preco", "UnidadeMedida", "DataColeta", "PostoCNPJ", "CombustivelID")
VALUES (5.590, 'R$ / litro', '2024-01-15', '1166046000148',
        (SELECT "ID_Combustivel" FROM public."COMBUSTIVEL" WHERE "Nome" = 'GASOLINA ADITIVADA'))
ON CONFLICT DO NOTHING;


INSERT INTO public."PRECO_COLETADO" ("Preco", "UnidadeMedida", "DataColeta", "PostoCNPJ", "CombustivelID")
VALUES (5.590, 'R$ / litro', '2024-01-22', '1166046000148',
        (SELECT "ID_Combustivel" FROM public."COMBUSTIVEL" WHERE "Nome" = 'GASOLINA ADITIVADA'))
ON CONFLICT DO NOTHING;


INSERT INTO public."PRECO_COLETADO" ("Preco", "UnidadeMedida", "DataColeta", "PostoCNPJ", "CombustivelID")
VALUES (5.590, 'R$ / litro', '2024-01-29', '1166046000148',
        (SELECT "ID_Combustivel" FROM public."COMBUSTIVEL" WHERE "Nome" = 'GASOLINA ADITIVADA'))
ON CONFLICT DO NOTHING;


INSERT INTO public."PRECO_COLETADO" ("Preco", "UnidadeMedida", "DataColeta", "PostoCNPJ", "CombustivelID")
VALUES (5.990, 'R$ / litro', '2024-02-05', '1166046000148',
        (SELECT "ID_Combustivel" FROM public."COMBUSTIVEL" WHERE "Nome" = 'GASOLINA ADITIVADA'))
ON CONFLICT DO NOTHING;


INSERT INTO public."PRECO_COLETADO" ("Preco", "UnidadeMedida", "DataColeta", "PostoCNPJ", "CombustivelID")
VALUES (5.990, 'R$ / litro', '2024-02-12', '1166046000148',
        (SELECT "ID_Combustivel" FROM public."COMBUSTIVEL" WHERE "Nome" = 'GASOLINA ADITIVADA'))
ON CONFLICT DO NOTHING;


INSERT INTO public."PRECO_COLETADO" ("Preco", "UnidadeMedida", "DataColeta", "PostoCNPJ", "CombustivelID")
VALUES (5.890, 'R$ / litro', '2024-02-19', '1166046000148',
        (SELECT "ID_Combustivel" FROM public."COMBUSTIVEL" WHERE "Nome" = 'GASOLINA ADITIVADA'))
ON CONFLICT DO NOTHING;


INSERT INTO public."PRECO_COLETADO" ("Preco", "UnidadeMedida", "DataColeta", "PostoCNPJ", "CombustivelID")
VALUES (5.890, 'R$ / litro', '2024-02-26', '1166046000148',
        (SELECT "ID_Combustivel" FROM public."COMBUSTIVEL" WHERE "Nome" = 'GASOLINA ADITIVADA'))
ON CONFLICT DO NOTHING;


INSERT INTO public."PRECO_COLETADO" ("Preco", "UnidadeMedida", "DataColeta", "PostoCNPJ", "CombustivelID")
VALUES (5.890, 'R$ / litro', '2024-03-04', '1166046000148',
        (SELECT "ID_Combustivel" FROM public."COMBUSTIVEL" WHERE "Nome" = 'GASOLINA ADITIVADA'))
ON CONFLICT DO NOTHING;


INSERT INTO public."PRECO_COLETADO" ("Preco", "UnidadeMedida", "DataColeta", "PostoCNPJ", "CombustivelID")
VALUES (5.890, 'R$ / litro', '2024-03-11', '1166046000148',
        (SELECT "ID_Combustivel" FROM public."COMBUSTIVEL" WHERE "Nome" = 'GASOLINA ADITIVADA'))
ON CONFLICT DO NOTHING;


INSERT INTO public."PRECO_COLETADO" ("Preco", "UnidadeMedida", "DataColeta", "PostoCNPJ", "CombustivelID")
VALUES (5.790, 'R$ / litro', '2024-03-18', '1166046000148',
        (SELECT "ID_Combustivel" FROM public."COMBUSTIVEL" WHERE "Nome" = 'GASOLINA ADITIVADA'))
ON CONFLICT DO NOTHING;


INSERT INTO public."PRECO_COLETADO" ("Preco", "UnidadeMedida", "DataColeta", "PostoCNPJ", "CombustivelID")
VALUES (5.790, 'R$ / litro', '2024-03-25', '1166046000148',
        (SELECT "ID_Combustivel" FROM public."COMBUSTIVEL" WHERE "Nome" = 'GASOLINA ADITIVADA'))
ON CONFLICT DO NOTHING;


INSERT INTO public."PRECO_COLETADO" ("Preco", "UnidadeMedida", "DataColeta", "PostoCNPJ", "CombustivelID")
VALUES (5.790, 'R$ / litro', '2024-04-01', '1166046000148',
        (SELECT "ID_Combustivel" FROM public."COMBUSTIVEL" WHERE "Nome" = 'GASOLINA ADITIVADA'))
ON CONFLICT DO NOTHING;


INSERT INTO public."PRECO_COLETADO" ("Preco", "UnidadeMedida", "DataColeta", "PostoCNPJ", "CombustivelID")
VALUES (5.890, 'R$ / litro', '2024-04-08', '1166046000148',
        (SELECT "ID_Combustivel" FROM public."COMBUSTIVEL" WHERE "Nome" = 'GASOLINA ADITIVADA'))
ON CONFLICT DO NOTHING;


INSERT INTO public."PRECO_COLETADO" ("Preco", "UnidadeMedida", "DataColeta", "PostoCNPJ", "CombustivelID")
VALUES (5.890, 'R$ / litro', '2024-04-15', '1166046000148',
        (SELECT "ID_Combustivel" FROM public."COMBUSTIVEL" WHERE "Nome" = 'GASOLINA ADITIVADA'))
ON CONFLICT DO NOTHING;


INSERT INTO public."PRECO_COLETADO" ("Preco", "UnidadeMedida", "DataColeta", "PostoCNPJ", "CombustivelID")
VALUES (6.190, 'R$ / litro', '2024-04-29', '1166046000148',
        (SELECT "ID_Combustivel" FROM public."COMBUSTIVEL" WHERE "Nome" = 'GASOLINA ADITIVADA'))
ON CONFLICT DO NOTHING;


INSERT INTO public."PRECO_COLETADO" ("Preco", "UnidadeMedida", "DataColeta", "PostoCNPJ", "CombustivelID")
VALUES (6.090, 'R$ / litro', '2024-05-27', '1166046000148',
        (SELECT "ID_Combustivel" FROM public."COMBUSTIVEL" WHERE "Nome" = 'GASOLINA ADITIVADA'))
ON CONFLICT DO NOTHING;


INSERT INTO public."PRECO_COLETADO" ("Preco", "UnidadeMedida", "DataColeta", "PostoCNPJ", "CombustivelID")
VALUES (6.090, 'R$ / litro', '2024-06-17', '1166046000148',
        (SELECT "ID_Combustivel" FROM public."COMBUSTIVEL" WHERE "Nome" = 'GASOLINA ADITIVADA'))
ON CONFLICT DO NOTHING;


INSERT INTO public."PRECO_COLETADO" ("Preco", "UnidadeMedida", "DataColeta", "PostoCNPJ", "CombustivelID")
VALUES (6.090, 'R$ / litro', '2024-06-24', '1166046000148',
        (SELECT "ID_Combustivel" FROM public."COMBUSTIVEL" WHERE "Nome" = 'GASOLINA ADITIVADA'))
ON CONFLICT DO NOTHING;


INSERT INTO public."PRECO_COLETADO" ("Preco", "UnidadeMedida", "DataColeta", "PostoCNPJ", "CombustivelID")
VALUES (6.090, 'R$ / litro', '2024-07-01', '1166046000148',
        (SELECT "ID_Combustivel" FROM public."COMBUSTIVEL" WHERE "Nome" = 'GASOLINA ADITIVADA'))
ON CONFLICT DO NOTHING;


INSERT INTO public."PRECO_COLETADO" ("Preco", "UnidadeMedida", "DataColeta", "PostoCNPJ", "CombustivelID")
VALUES (5.990, 'R$ / litro', '2024-07-09', '1166046000148',
        (SELECT "ID_Combustivel" FROM public."COMBUSTIVEL" WHERE "Nome" = 'GASOLINA ADITIVADA'))
ON CONFLICT DO NOTHING;


INSERT INTO public."PRECO_COLETADO" ("Preco", "UnidadeMedida", "DataColeta", "PostoCNPJ", "CombustivelID")
VALUES (6.370, 'R$ / litro', '2024-07-16', '1166046000148',
        (SELECT "ID_Combustivel" FROM public."COMBUSTIVEL" WHERE "Nome" = 'GASOLINA ADITIVADA'))
ON CONFLICT DO NOTHING;


INSERT INTO public."PRECO_COLETADO" ("Preco", "UnidadeMedida", "DataColeta", "PostoCNPJ", "CombustivelID")
VALUES (6.420, 'R$ / litro', '2024-07-22', '1166046000148',
        (SELECT "ID_Combustivel" FROM public."COMBUSTIVEL" WHERE "Nome" = 'GASOLINA ADITIVADA'))
ON CONFLICT DO NOTHING;


INSERT INTO public."PRECO_COLETADO" ("Preco", "UnidadeMedida", "DataColeta", "PostoCNPJ", "CombustivelID")
VALUES (6.380, 'R$ / litro', '2024-07-29', '1166046000148',
        (SELECT "ID_Combustivel" FROM public."COMBUSTIVEL" WHERE "Nome" = 'GASOLINA ADITIVADA'))
ON CONFLICT DO NOTHING;


INSERT INTO public."PRECO_COLETADO" ("Preco", "UnidadeMedida", "DataColeta", "PostoCNPJ", "CombustivelID")
VALUES (6.370, 'R$ / litro', '2024-08-05', '1166046000148',
        (SELECT "ID_Combustivel" FROM public."COMBUSTIVEL" WHERE "Nome" = 'GASOLINA ADITIVADA'))
ON CONFLICT DO NOTHING;


INSERT INTO public."PRECO_COLETADO" ("Preco", "UnidadeMedida", "DataColeta", "PostoCNPJ", "CombustivelID")
VALUES (6.270, 'R$ / litro', '2024-08-14', '1166046000148',
        (SELECT "ID_Combustivel" FROM public."COMBUSTIVEL" WHERE "Nome" = 'GASOLINA ADITIVADA'))
ON CONFLICT DO NOTHING;


INSERT INTO public."PRECO_COLETADO" ("Preco", "UnidadeMedida", "DataColeta", "PostoCNPJ", "CombustivelID")
VALUES (6.270, 'R$ / litro', '2024-08-20', '1166046000148',
        (SELECT "ID_Combustivel" FROM public."COMBUSTIVEL" WHERE "Nome" = 'GASOLINA ADITIVADA'))
ON CONFLICT DO NOTHING;


INSERT INTO public."PRECO_COLETADO" ("Preco", "UnidadeMedida", "DataColeta", "PostoCNPJ", "CombustivelID")
VALUES (6.270, 'R$ / litro', '2024-08-26', '1166046000148',
        (SELECT "ID_Combustivel" FROM public."COMBUSTIVEL" WHERE "Nome" = 'GASOLINA ADITIVADA'))
ON CONFLICT DO NOTHING;


INSERT INTO public."PRECO_COLETADO" ("Preco", "UnidadeMedida", "DataColeta", "PostoCNPJ", "CombustivelID")
VALUES (6.250, 'R$ / litro', '2024-09-02', '1166046000148',
        (SELECT "ID_Combustivel" FROM public."COMBUSTIVEL" WHERE "Nome" = 'GASOLINA ADITIVADA'))
ON CONFLICT DO NOTHING;


INSERT INTO public."COMBUSTIVEL" ("Nome")
VALUES ('GASOLINA COMUM')
ON CONFLICT ("Nome") DO NOTHING;


INSERT INTO public."PRECO_COLETADO" ("Preco", "UnidadeMedida", "DataColeta", "PostoCNPJ", "CombustivelID")
VALUES (4.990, 'R$ / litro', '2022-10-24', '1166046000148',
        (SELECT "ID_Combustivel" FROM public."COMBUSTIVEL" WHERE "Nome" = 'GASOLINA COMUM'))
ON CONFLICT DO NOTHING;


INSERT INTO public."PRECO_COLETADO" ("Preco", "UnidadeMedida", "DataColeta", "PostoCNPJ", "CombustivelID")
VALUES (4.690, 'R$ / litro', '2022-10-31', '1166046000148',
        (SELECT "ID_Combustivel" FROM public."COMBUSTIVEL" WHERE "Nome" = 'GASOLINA COMUM'))
ON CONFLICT DO NOTHING;


INSERT INTO public."PRECO_COLETADO" ("Preco", "UnidadeMedida", "DataColeta", "PostoCNPJ", "CombustivelID")
VALUES (4.990, 'R$ / litro', '2022-11-14', '1166046000148',
        (SELECT "ID_Combustivel" FROM public."COMBUSTIVEL" WHERE "Nome" = 'GASOLINA COMUM'))
ON CONFLICT DO NOTHING;


INSERT INTO public."PRECO_COLETADO" ("Preco", "UnidadeMedida", "DataColeta", "PostoCNPJ", "CombustivelID")
VALUES (4.990, 'R$ / litro', '2022-11-22', '1166046000148',
        (SELECT "ID_Combustivel" FROM public."COMBUSTIVEL" WHERE "Nome" = 'GASOLINA COMUM'))
ON CONFLICT DO NOTHING;


INSERT INTO public."PRECO_COLETADO" ("Preco", "UnidadeMedida", "DataColeta", "PostoCNPJ", "CombustivelID")
VALUES (4.990, 'R$ / litro', '2022-12-05', '1166046000148',
        (SELECT "ID_Combustivel" FROM public."COMBUSTIVEL" WHERE "Nome" = 'GASOLINA COMUM'))
ON CONFLICT DO NOTHING;


INSERT INTO public."PRECO_COLETADO" ("Preco", "UnidadeMedida", "DataColeta", "PostoCNPJ", "CombustivelID")
VALUES (4.930, 'R$ / litro', '2022-12-12', '1166046000148',
        (SELECT "ID_Combustivel" FROM public."COMBUSTIVEL" WHERE "Nome" = 'GASOLINA COMUM'))
ON CONFLICT DO NOTHING;


INSERT INTO public."PRECO_COLETADO" ("Preco", "UnidadeMedida", "DataColeta", "PostoCNPJ", "CombustivelID")
VALUES (4.880, 'R$ / litro', '2022-12-22', '1166046000148',
        (SELECT "ID_Combustivel" FROM public."COMBUSTIVEL" WHERE "Nome" = 'GASOLINA COMUM'))
ON CONFLICT DO NOTHING;


INSERT INTO public."PRECO_COLETADO" ("Preco", "UnidadeMedida", "DataColeta", "PostoCNPJ", "CombustivelID")
VALUES (4.880, 'R$ / litro', '2022-12-26', '1166046000148',
        (SELECT "ID_Combustivel" FROM public."COMBUSTIVEL" WHERE "Nome" = 'GASOLINA COMUM'))
ON CONFLICT DO NOTHING;


INSERT INTO public."PRECO_COLETADO" ("Preco", "UnidadeMedida", "DataColeta", "PostoCNPJ", "CombustivelID")
VALUES (4.980, 'R$ / litro', '2023-01-02', '1166046000148',
        (SELECT "ID_Combustivel" FROM public."COMBUSTIVEL" WHERE "Nome" = 'GASOLINA COMUM'))
ON CONFLICT DO NOTHING;


INSERT INTO public."PRECO_COLETADO" ("Preco", "UnidadeMedida", "DataColeta", "PostoCNPJ", "CombustivelID")
VALUES (4.840, 'R$ / litro', '2023-01-09', '1166046000148',
        (SELECT "ID_Combustivel" FROM public."COMBUSTIVEL" WHERE "Nome" = 'GASOLINA COMUM'))
ON CONFLICT DO NOTHING;


INSERT INTO public."PRECO_COLETADO" ("Preco", "UnidadeMedida", "DataColeta", "PostoCNPJ", "CombustivelID")
VALUES (4.850, 'R$ / litro', '2023-01-16', '1166046000148',
        (SELECT "ID_Combustivel" FROM public."COMBUSTIVEL" WHERE "Nome" = 'GASOLINA COMUM'))
ON CONFLICT DO NOTHING;


INSERT INTO public."PRECO_COLETADO" ("Preco", "UnidadeMedida", "DataColeta", "PostoCNPJ", "CombustivelID")
VALUES (4.790, 'R$ / litro', '2023-01-23', '1166046000148',
        (SELECT "ID_Combustivel" FROM public."COMBUSTIVEL" WHERE "Nome" = 'GASOLINA COMUM'))
ON CONFLICT DO NOTHING;


INSERT INTO public."PRECO_COLETADO" ("Preco", "UnidadeMedida", "DataColeta", "PostoCNPJ", "CombustivelID")
VALUES (5.090, 'R$ / litro', '2023-01-30', '1166046000148',
        (SELECT "ID_Combustivel" FROM public."COMBUSTIVEL" WHERE "Nome" = 'GASOLINA COMUM'))
ON CONFLICT DO NOTHING;


INSERT INTO public."PRECO_COLETADO" ("Preco", "UnidadeMedida", "DataColeta", "PostoCNPJ", "CombustivelID")
VALUES (5.390, 'R$ / litro', '2023-02-06', '1166046000148',
        (SELECT "ID_Combustivel" FROM public."COMBUSTIVEL" WHERE "Nome" = 'GASOLINA COMUM'))
ON CONFLICT DO NOTHING;


INSERT INTO public."PRECO_COLETADO" ("Preco", "UnidadeMedida", "DataColeta", "PostoCNPJ", "CombustivelID")
VALUES (4.960, 'R$ / litro', '2023-02-13', '1166046000148',
        (SELECT "ID_Combustivel" FROM public."COMBUSTIVEL" WHERE "Nome" = 'GASOLINA COMUM'))
ON CONFLICT DO NOTHING;


INSERT INTO public."PRECO_COLETADO" ("Preco", "UnidadeMedida", "DataColeta", "PostoCNPJ", "CombustivelID")
VALUES (4.990, 'R$ / litro', '2023-02-27', '1166046000148',
        (SELECT "ID_Combustivel" FROM public."COMBUSTIVEL" WHERE "Nome" = 'GASOLINA COMUM'))
ON CONFLICT DO NOTHING;


INSERT INTO public."PRECO_COLETADO" ("Preco", "UnidadeMedida", "DataColeta", "PostoCNPJ", "CombustivelID")
VALUES (5.490, 'R$ / litro', '2023-03-06', '1166046000148',
        (SELECT "ID_Combustivel" FROM public."COMBUSTIVEL" WHERE "Nome" = 'GASOLINA COMUM'))
ON CONFLICT DO NOTHING;


INSERT INTO public."PRECO_COLETADO" ("Preco", "UnidadeMedida", "DataColeta", "PostoCNPJ", "CombustivelID")
VALUES (5.890, 'R$ / litro', '2023-03-16', '1166046000148',
        (SELECT "ID_Combustivel" FROM public."COMBUSTIVEL" WHERE "Nome" = 'GASOLINA COMUM'))
ON CONFLICT DO NOTHING;


INSERT INTO public."PRECO_COLETADO" ("Preco", "UnidadeMedida", "DataColeta", "PostoCNPJ", "CombustivelID")
VALUES (5.390, 'R$ / litro', '2023-03-27', '1166046000148',
        (SELECT "ID_Combustivel" FROM public."COMBUSTIVEL" WHERE "Nome" = 'GASOLINA COMUM'))
ON CONFLICT DO NOTHING;


INSERT INTO public."PRECO_COLETADO" ("Preco", "UnidadeMedida", "DataColeta", "PostoCNPJ", "CombustivelID")
VALUES (5.290, 'R$ / litro', '2023-04-04', '1166046000148',
        (SELECT "ID_Combustivel" FROM public."COMBUSTIVEL" WHERE "Nome" = 'GASOLINA COMUM'))
ON CONFLICT DO NOTHING;


INSERT INTO public."PRECO_COLETADO" ("Preco", "UnidadeMedida", "DataColeta", "PostoCNPJ", "CombustivelID")
VALUES (5.390, 'R$ / litro', '2023-04-10', '1166046000148',
        (SELECT "ID_Combustivel" FROM public."COMBUSTIVEL" WHERE "Nome" = 'GASOLINA COMUM'))
ON CONFLICT DO NOTHING;


INSERT INTO public."PRECO_COLETADO" ("Preco", "UnidadeMedida", "DataColeta", "PostoCNPJ", "CombustivelID")
VALUES (5.390, 'R$ / litro', '2023-04-17', '1166046000148',
        (SELECT "ID_Combustivel" FROM public."COMBUSTIVEL" WHERE "Nome" = 'GASOLINA COMUM'))
ON CONFLICT DO NOTHING;


INSERT INTO public."PRECO_COLETADO" ("Preco", "UnidadeMedida", "DataColeta", "PostoCNPJ", "CombustivelID")
VALUES (5.240, 'R$ / litro', '2023-04-24', '1166046000148',
        (SELECT "ID_Combustivel" FROM public."COMBUSTIVEL" WHERE "Nome" = 'GASOLINA COMUM'))
ON CONFLICT DO NOTHING;


INSERT INTO public."PRECO_COLETADO" ("Preco", "UnidadeMedida", "DataColeta", "PostoCNPJ", "CombustivelID")
VALUES (5.340, 'R$ / litro', '2023-05-02', '1166046000148',
        (SELECT "ID_Combustivel" FROM public."COMBUSTIVEL" WHERE "Nome" = 'GASOLINA COMUM'))
ON CONFLICT DO NOTHING;


INSERT INTO public."PRECO_COLETADO" ("Preco", "UnidadeMedida", "DataColeta", "PostoCNPJ", "CombustivelID")
VALUES (5.390, 'R$ / litro', '2023-05-09', '1166046000148',
        (SELECT "ID_Combustivel" FROM public."COMBUSTIVEL" WHERE "Nome" = 'GASOLINA COMUM'))
ON CONFLICT DO NOTHING;


INSERT INTO public."PRECO_COLETADO" ("Preco", "UnidadeMedida", "DataColeta", "PostoCNPJ", "CombustivelID")
VALUES (5.390, 'R$ / litro', '2023-05-15', '1166046000148',
        (SELECT "ID_Combustivel" FROM public."COMBUSTIVEL" WHERE "Nome" = 'GASOLINA COMUM'))
ON CONFLICT DO NOTHING;


INSERT INTO public."PRECO_COLETADO" ("Preco", "UnidadeMedida", "DataColeta", "PostoCNPJ", "CombustivelID")
VALUES (5.080, 'R$ / litro', '2023-05-22', '1166046000148',
        (SELECT "ID_Combustivel" FROM public."COMBUSTIVEL" WHERE "Nome" = 'GASOLINA COMUM'))
ON CONFLICT DO NOTHING;


INSERT INTO public."PRECO_COLETADO" ("Preco", "UnidadeMedida", "DataColeta", "PostoCNPJ", "CombustivelID")
VALUES (5.080, 'R$ / litro', '2023-05-29', '1166046000148',
        (SELECT "ID_Combustivel" FROM public."COMBUSTIVEL" WHERE "Nome" = 'GASOLINA COMUM'))
ON CONFLICT DO NOTHING;


INSERT INTO public."PRECO_COLETADO" ("Preco", "UnidadeMedida", "DataColeta", "PostoCNPJ", "CombustivelID")
VALUES (5.490, 'R$ / litro', '2023-06-05', '1166046000148',
        (SELECT "ID_Combustivel" FROM public."COMBUSTIVEL" WHERE "Nome" = 'GASOLINA COMUM'))
ON CONFLICT DO NOTHING;


INSERT INTO public."PRECO_COLETADO" ("Preco", "UnidadeMedida", "DataColeta", "PostoCNPJ", "CombustivelID")
VALUES (5.350, 'R$ / litro', '2023-06-13', '1166046000148',
        (SELECT "ID_Combustivel" FROM public."COMBUSTIVEL" WHERE "Nome" = 'GASOLINA COMUM'))
ON CONFLICT DO NOTHING;


INSERT INTO public."PRECO_COLETADO" ("Preco", "UnidadeMedida", "DataColeta", "PostoCNPJ", "CombustivelID")
VALUES (5.290, 'R$ / litro', '2023-06-20', '1166046000148',
        (SELECT "ID_Combustivel" FROM public."COMBUSTIVEL" WHERE "Nome" = 'GASOLINA COMUM'))
ON CONFLICT DO NOTHING;


INSERT INTO public."PRECO_COLETADO" ("Preco", "UnidadeMedida", "DataColeta", "PostoCNPJ", "CombustivelID")
VALUES (5.240, 'R$ / litro', '2023-06-27', '1166046000148',
        (SELECT "ID_Combustivel" FROM public."COMBUSTIVEL" WHERE "Nome" = 'GASOLINA COMUM'))
ON CONFLICT DO NOTHING;


INSERT INTO public."PRECO_COLETADO" ("Preco", "UnidadeMedida", "DataColeta", "PostoCNPJ", "CombustivelID")
VALUES (5.790, 'R$ / litro', '2023-07-04', '1166046000148',
        (SELECT "ID_Combustivel" FROM public."COMBUSTIVEL" WHERE "Nome" = 'GASOLINA COMUM'))
ON CONFLICT DO NOTHING;


INSERT INTO public."PRECO_COLETADO" ("Preco", "UnidadeMedida", "DataColeta", "PostoCNPJ", "CombustivelID")
VALUES (5.790, 'R$ / litro', '2023-07-10', '1166046000148',
        (SELECT "ID_Combustivel" FROM public."COMBUSTIVEL" WHERE "Nome" = 'GASOLINA COMUM'))
ON CONFLICT DO NOTHING;


INSERT INTO public."PRECO_COLETADO" ("Preco", "UnidadeMedida", "DataColeta", "PostoCNPJ", "CombustivelID")
VALUES (5.690, 'R$ / litro', '2023-07-17', '1166046000148',
        (SELECT "ID_Combustivel" FROM public."COMBUSTIVEL" WHERE "Nome" = 'GASOLINA COMUM'))
ON CONFLICT DO NOTHING;


INSERT INTO public."PRECO_COLETADO" ("Preco", "UnidadeMedida", "DataColeta", "PostoCNPJ", "CombustivelID")
VALUES (5.390, 'R$ / litro', '2023-07-24', '1166046000148',
        (SELECT "ID_Combustivel" FROM public."COMBUSTIVEL" WHERE "Nome" = 'GASOLINA COMUM'))
ON CONFLICT DO NOTHING;


INSERT INTO public."PRECO_COLETADO" ("Preco", "UnidadeMedida", "DataColeta", "PostoCNPJ", "CombustivelID")
VALUES (5.390, 'R$ / litro', '2023-07-31', '1166046000148',
        (SELECT "ID_Combustivel" FROM public."COMBUSTIVEL" WHERE "Nome" = 'GASOLINA COMUM'))
ON CONFLICT DO NOTHING;


INSERT INTO public."PRECO_COLETADO" ("Preco", "UnidadeMedida", "DataColeta", "PostoCNPJ", "CombustivelID")
VALUES (5.390, 'R$ / litro', '2023-08-07', '1166046000148',
        (SELECT "ID_Combustivel" FROM public."COMBUSTIVEL" WHERE "Nome" = 'GASOLINA COMUM'))
ON CONFLICT DO NOTHING;


INSERT INTO public."PRECO_COLETADO" ("Preco", "UnidadeMedida", "DataColeta", "PostoCNPJ", "CombustivelID")
VALUES (5.540, 'R$ / litro', '2023-08-15', '1166046000148',
        (SELECT "ID_Combustivel" FROM public."COMBUSTIVEL" WHERE "Nome" = 'GASOLINA COMUM'))
ON CONFLICT DO NOTHING;


INSERT INTO public."PRECO_COLETADO" ("Preco", "UnidadeMedida", "DataColeta", "PostoCNPJ", "CombustivelID")
VALUES (5.890, 'R$ / litro', '2023-08-21', '1166046000148',
        (SELECT "ID_Combustivel" FROM public."COMBUSTIVEL" WHERE "Nome" = 'GASOLINA COMUM'))
ON CONFLICT DO NOTHING;


INSERT INTO public."PRECO_COLETADO" ("Preco", "UnidadeMedida", "DataColeta", "PostoCNPJ", "CombustivelID")
VALUES (5.590, 'R$ / litro', '2023-08-30', '1166046000148',
        (SELECT "ID_Combustivel" FROM public."COMBUSTIVEL" WHERE "Nome" = 'GASOLINA COMUM'))
ON CONFLICT DO NOTHING;


INSERT INTO public."PRECO_COLETADO" ("Preco", "UnidadeMedida", "DataColeta", "PostoCNPJ", "CombustivelID")
VALUES (5.590, 'R$ / litro', '2023-09-07', '1166046000148',
        (SELECT "ID_Combustivel" FROM public."COMBUSTIVEL" WHERE "Nome" = 'GASOLINA COMUM'))
ON CONFLICT DO NOTHING;


INSERT INTO public."PRECO_COLETADO" ("Preco", "UnidadeMedida", "DataColeta", "PostoCNPJ", "CombustivelID")
VALUES (5.590, 'R$ / litro', '2023-09-12', '1166046000148',
        (SELECT "ID_Combustivel" FROM public."COMBUSTIVEL" WHERE "Nome" = 'GASOLINA COMUM'))
ON CONFLICT DO NOTHING;


INSERT INTO public."PRECO_COLETADO" ("Preco", "UnidadeMedida", "DataColeta", "PostoCNPJ", "CombustivelID")
VALUES (5.490, 'R$ / litro', '2023-09-19', '1166046000148',
        (SELECT "ID_Combustivel" FROM public."COMBUSTIVEL" WHERE "Nome" = 'GASOLINA COMUM'))
ON CONFLICT DO NOTHING;


INSERT INTO public."PRECO_COLETADO" ("Preco", "UnidadeMedida", "DataColeta", "PostoCNPJ", "CombustivelID")
VALUES (5.790, 'R$ / litro', '2023-09-26', '1166046000148',
        (SELECT "ID_Combustivel" FROM public."COMBUSTIVEL" WHERE "Nome" = 'GASOLINA COMUM'))
ON CONFLICT DO NOTHING;


INSERT INTO public."PRECO_COLETADO" ("Preco", "UnidadeMedida", "DataColeta", "PostoCNPJ", "CombustivelID")
VALUES (5.790, 'R$ / litro', '2023-10-03', '1166046000148',
        (SELECT "ID_Combustivel" FROM public."COMBUSTIVEL" WHERE "Nome" = 'GASOLINA COMUM'))
ON CONFLICT DO NOTHING;


INSERT INTO public."PRECO_COLETADO" ("Preco", "UnidadeMedida", "DataColeta", "PostoCNPJ", "CombustivelID")
VALUES (5.640, 'R$ / litro', '2023-10-10', '1166046000148',
        (SELECT "ID_Combustivel" FROM public."COMBUSTIVEL" WHERE "Nome" = 'GASOLINA COMUM'))
ON CONFLICT DO NOTHING;


INSERT INTO public."PRECO_COLETADO" ("Preco", "UnidadeMedida", "DataColeta", "PostoCNPJ", "CombustivelID")
VALUES (5.940, 'R$ / litro', '2023-10-16', '1166046000148',
        (SELECT "ID_Combustivel" FROM public."COMBUSTIVEL" WHERE "Nome" = 'GASOLINA COMUM'))
ON CONFLICT DO NOTHING;


INSERT INTO public."PRECO_COLETADO" ("Preco", "UnidadeMedida", "DataColeta", "PostoCNPJ", "CombustivelID")
VALUES (5.490, 'R$ / litro', '2023-10-24', '1166046000148',
        (SELECT "ID_Combustivel" FROM public."COMBUSTIVEL" WHERE "Nome" = 'GASOLINA COMUM'))
ON CONFLICT DO NOTHING;


INSERT INTO public."PRECO_COLETADO" ("Preco", "UnidadeMedida", "DataColeta", "PostoCNPJ", "CombustivelID")
VALUES (5.490, 'R$ / litro', '2023-10-31', '1166046000148',
        (SELECT "ID_Combustivel" FROM public."COMBUSTIVEL" WHERE "Nome" = 'GASOLINA COMUM'))
ON CONFLICT DO NOTHING;


INSERT INTO public."PRECO_COLETADO" ("Preco", "UnidadeMedida", "DataColeta", "PostoCNPJ", "CombustivelID")
VALUES (5.490, 'R$ / litro', '2023-11-07', '1166046000148',
        (SELECT "ID_Combustivel" FROM public."COMBUSTIVEL" WHERE "Nome" = 'GASOLINA COMUM'))
ON CONFLICT DO NOTHING;


INSERT INTO public."PRECO_COLETADO" ("Preco", "UnidadeMedida", "DataColeta", "PostoCNPJ", "CombustivelID")
VALUES (5.390, 'R$ / litro', '2023-11-14', '1166046000148',
        (SELECT "ID_Combustivel" FROM public."COMBUSTIVEL" WHERE "Nome" = 'GASOLINA COMUM'))
ON CONFLICT DO NOTHING;


INSERT INTO public."PRECO_COLETADO" ("Preco", "UnidadeMedida", "DataColeta", "PostoCNPJ", "CombustivelID")
VALUES (5.390, 'R$ / litro', '2023-11-21', '1166046000148',
        (SELECT "ID_Combustivel" FROM public."COMBUSTIVEL" WHERE "Nome" = 'GASOLINA COMUM'))
ON CONFLICT DO NOTHING;


INSERT INTO public."PRECO_COLETADO" ("Preco", "UnidadeMedida", "DataColeta", "PostoCNPJ", "CombustivelID")
VALUES (5.690, 'R$ / litro', '2023-11-28', '1166046000148',
        (SELECT "ID_Combustivel" FROM public."COMBUSTIVEL" WHERE "Nome" = 'GASOLINA COMUM'))
ON CONFLICT DO NOTHING;


INSERT INTO public."PRECO_COLETADO" ("Preco", "UnidadeMedida", "DataColeta", "PostoCNPJ", "CombustivelID")
VALUES (5.490, 'R$ / litro', '2023-12-06', '1166046000148',
        (SELECT "ID_Combustivel" FROM public."COMBUSTIVEL" WHERE "Nome" = 'GASOLINA COMUM'))
ON CONFLICT DO NOTHING;


INSERT INTO public."PRECO_COLETADO" ("Preco", "UnidadeMedida", "DataColeta", "PostoCNPJ", "CombustivelID")
VALUES (5.390, 'R$ / litro', '2023-12-13', '1166046000148',
        (SELECT "ID_Combustivel" FROM public."COMBUSTIVEL" WHERE "Nome" = 'GASOLINA COMUM'))
ON CONFLICT DO NOTHING;


INSERT INTO public."PRECO_COLETADO" ("Preco", "UnidadeMedida", "DataColeta", "PostoCNPJ", "CombustivelID")
VALUES (5.690, 'R$ / litro', '2023-12-26', '1166046000148',
        (SELECT "ID_Combustivel" FROM public."COMBUSTIVEL" WHERE "Nome" = 'GASOLINA COMUM'))
ON CONFLICT DO NOTHING;


INSERT INTO public."PRECO_COLETADO" ("Preco", "UnidadeMedida", "DataColeta", "PostoCNPJ", "CombustivelID")
VALUES (5.290, 'R$ / litro', '2024-01-03', '1166046000148',
        (SELECT "ID_Combustivel" FROM public."COMBUSTIVEL" WHERE "Nome" = 'GASOLINA COMUM'))
ON CONFLICT DO NOTHING;


INSERT INTO public."PRECO_COLETADO" ("Preco", "UnidadeMedida", "DataColeta", "PostoCNPJ", "CombustivelID")
VALUES (5.290, 'R$ / litro', '2024-01-08', '1166046000148',
        (SELECT "ID_Combustivel" FROM public."COMBUSTIVEL" WHERE "Nome" = 'GASOLINA COMUM'))
ON CONFLICT DO NOTHING;


INSERT INTO public."PRECO_COLETADO" ("Preco", "UnidadeMedida", "DataColeta", "PostoCNPJ", "CombustivelID")
VALUES (5.290, 'R$ / litro', '2024-01-15', '1166046000148',
        (SELECT "ID_Combustivel" FROM public."COMBUSTIVEL" WHERE "Nome" = 'GASOLINA COMUM'))
ON CONFLICT DO NOTHING;


INSERT INTO public."PRECO_COLETADO" ("Preco", "UnidadeMedida", "DataColeta", "PostoCNPJ", "CombustivelID")
VALUES (5.590, 'R$ / litro', '2024-01-29', '1166046000148',
        (SELECT "ID_Combustivel" FROM public."COMBUSTIVEL" WHERE "Nome" = 'GASOLINA COMUM'))
ON CONFLICT DO NOTHING;


INSERT INTO public."PRECO_COLETADO" ("Preco", "UnidadeMedida", "DataColeta", "PostoCNPJ", "CombustivelID")
VALUES (5.690, 'R$ / litro', '2024-02-05', '1166046000148',
        (SELECT "ID_Combustivel" FROM public."COMBUSTIVEL" WHERE "Nome" = 'GASOLINA COMUM'))
ON CONFLICT DO NOTHING;


INSERT INTO public."PRECO_COLETADO" ("Preco", "UnidadeMedida", "DataColeta", "PostoCNPJ", "CombustivelID")
VALUES (5.690, 'R$ / litro', '2024-02-12', '1166046000148',
        (SELECT "ID_Combustivel" FROM public."COMBUSTIVEL" WHERE "Nome" = 'GASOLINA COMUM'))
ON CONFLICT DO NOTHING;


INSERT INTO public."PRECO_COLETADO" ("Preco", "UnidadeMedida", "DataColeta", "PostoCNPJ", "CombustivelID")
VALUES (5.890, 'R$ / litro', '2024-02-19', '1166046000148',
        (SELECT "ID_Combustivel" FROM public."COMBUSTIVEL" WHERE "Nome" = 'GASOLINA COMUM'))
ON CONFLICT DO NOTHING;


INSERT INTO public."PRECO_COLETADO" ("Preco", "UnidadeMedida", "DataColeta", "PostoCNPJ", "CombustivelID")
VALUES (5.590, 'R$ / litro', '2024-02-26', '1166046000148',
        (SELECT "ID_Combustivel" FROM public."COMBUSTIVEL" WHERE "Nome" = 'GASOLINA COMUM'))
ON CONFLICT DO NOTHING;


INSERT INTO public."PRECO_COLETADO" ("Preco", "UnidadeMedida", "DataColeta", "PostoCNPJ", "CombustivelID")
VALUES (5.590, 'R$ / litro', '2024-03-04', '1166046000148',
        (SELECT "ID_Combustivel" FROM public."COMBUSTIVEL" WHERE "Nome" = 'GASOLINA COMUM'))
ON CONFLICT DO NOTHING;


INSERT INTO public."PRECO_COLETADO" ("Preco", "UnidadeMedida", "DataColeta", "PostoCNPJ", "CombustivelID")
VALUES (5.590, 'R$ / litro', '2024-03-11', '1166046000148',
        (SELECT "ID_Combustivel" FROM public."COMBUSTIVEL" WHERE "Nome" = 'GASOLINA COMUM'))
ON CONFLICT DO NOTHING;


INSERT INTO public."PRECO_COLETADO" ("Preco", "UnidadeMedida", "DataColeta", "PostoCNPJ", "CombustivelID")
VALUES (5.790, 'R$ / litro', '2024-03-18', '1166046000148',
        (SELECT "ID_Combustivel" FROM public."COMBUSTIVEL" WHERE "Nome" = 'GASOLINA COMUM'))
ON CONFLICT DO NOTHING;


INSERT INTO public."PRECO_COLETADO" ("Preco", "UnidadeMedida", "DataColeta", "PostoCNPJ", "CombustivelID")
VALUES (5.790, 'R$ / litro', '2024-03-25', '1166046000148',
        (SELECT "ID_Combustivel" FROM public."COMBUSTIVEL" WHERE "Nome" = 'GASOLINA COMUM'))
ON CONFLICT DO NOTHING;


INSERT INTO public."PRECO_COLETADO" ("Preco", "UnidadeMedida", "DataColeta", "PostoCNPJ", "CombustivelID")
VALUES (5.790, 'R$ / litro', '2024-04-01', '1166046000148',
        (SELECT "ID_Combustivel" FROM public."COMBUSTIVEL" WHERE "Nome" = 'GASOLINA COMUM'))
ON CONFLICT DO NOTHING;


INSERT INTO public."PRECO_COLETADO" ("Preco", "UnidadeMedida", "DataColeta", "PostoCNPJ", "CombustivelID")
VALUES (5.890, 'R$ / litro', '2024-04-08', '1166046000148',
        (SELECT "ID_Combustivel" FROM public."COMBUSTIVEL" WHERE "Nome" = 'GASOLINA COMUM'))
ON CONFLICT DO NOTHING;


INSERT INTO public."PRECO_COLETADO" ("Preco", "UnidadeMedida", "DataColeta", "PostoCNPJ", "CombustivelID")
VALUES (5.590, 'R$ / litro', '2024-04-15', '1166046000148',
        (SELECT "ID_Combustivel" FROM public."COMBUSTIVEL" WHERE "Nome" = 'GASOLINA COMUM'))
ON CONFLICT DO NOTHING;


INSERT INTO public."PRECO_COLETADO" ("Preco", "UnidadeMedida", "DataColeta", "PostoCNPJ", "CombustivelID")
VALUES (5.890, 'R$ / litro', '2024-04-29', '1166046000148',
        (SELECT "ID_Combustivel" FROM public."COMBUSTIVEL" WHERE "Nome" = 'GASOLINA COMUM'))
ON CONFLICT DO NOTHING;


INSERT INTO public."PRECO_COLETADO" ("Preco", "UnidadeMedida", "DataColeta", "PostoCNPJ", "CombustivelID")
VALUES (5.890, 'R$ / litro', '2024-05-06', '1166046000148',
        (SELECT "ID_Combustivel" FROM public."COMBUSTIVEL" WHERE "Nome" = 'GASOLINA COMUM'))
ON CONFLICT DO NOTHING;


INSERT INTO public."PRECO_COLETADO" ("Preco", "UnidadeMedida", "DataColeta", "PostoCNPJ", "CombustivelID")
VALUES (5.890, 'R$ / litro', '2024-05-20', '1166046000148',
        (SELECT "ID_Combustivel" FROM public."COMBUSTIVEL" WHERE "Nome" = 'GASOLINA COMUM'))
ON CONFLICT DO NOTHING;


INSERT INTO public."PRECO_COLETADO" ("Preco", "UnidadeMedida", "DataColeta", "PostoCNPJ", "CombustivelID")
VALUES (5.780, 'R$ / litro', '2024-05-27', '1166046000148',
        (SELECT "ID_Combustivel" FROM public."COMBUSTIVEL" WHERE "Nome" = 'GASOLINA COMUM'))
ON CONFLICT DO NOTHING;


INSERT INTO public."PRECO_COLETADO" ("Preco", "UnidadeMedida", "DataColeta", "PostoCNPJ", "CombustivelID")
VALUES (5.780, 'R$ / litro', '2024-06-17', '1166046000148',
        (SELECT "ID_Combustivel" FROM public."COMBUSTIVEL" WHERE "Nome" = 'GASOLINA COMUM'))
ON CONFLICT DO NOTHING;


INSERT INTO public."PRECO_COLETADO" ("Preco", "UnidadeMedida", "DataColeta", "PostoCNPJ", "CombustivelID")
VALUES (5.780, 'R$ / litro', '2024-06-24', '1166046000148',
        (SELECT "ID_Combustivel" FROM public."COMBUSTIVEL" WHERE "Nome" = 'GASOLINA COMUM'))
ON CONFLICT DO NOTHING;


INSERT INTO public."PRECO_COLETADO" ("Preco", "UnidadeMedida", "DataColeta", "PostoCNPJ", "CombustivelID")
VALUES (5.780, 'R$ / litro', '2024-07-01', '1166046000148',
        (SELECT "ID_Combustivel" FROM public."COMBUSTIVEL" WHERE "Nome" = 'GASOLINA COMUM'))
ON CONFLICT DO NOTHING;


INSERT INTO public."PRECO_COLETADO" ("Preco", "UnidadeMedida", "DataColeta", "PostoCNPJ", "CombustivelID")
VALUES (5.990, 'R$ / litro', '2024-07-09', '1166046000148',
        (SELECT "ID_Combustivel" FROM public."COMBUSTIVEL" WHERE "Nome" = 'GASOLINA COMUM'))
ON CONFLICT DO NOTHING;


INSERT INTO public."PRECO_COLETADO" ("Preco", "UnidadeMedida", "DataColeta", "PostoCNPJ", "CombustivelID")
VALUES (6.170, 'R$ / litro', '2024-07-16', '1166046000148',
        (SELECT "ID_Combustivel" FROM public."COMBUSTIVEL" WHERE "Nome" = 'GASOLINA COMUM'))
ON CONFLICT DO NOTHING;


INSERT INTO public."PRECO_COLETADO" ("Preco", "UnidadeMedida", "DataColeta", "PostoCNPJ", "CombustivelID")
VALUES (6.120, 'R$ / litro', '2024-07-22', '1166046000148',
        (SELECT "ID_Combustivel" FROM public."COMBUSTIVEL" WHERE "Nome" = 'GASOLINA COMUM'))
ON CONFLICT DO NOTHING;


INSERT INTO public."PRECO_COLETADO" ("Preco", "UnidadeMedida", "DataColeta", "PostoCNPJ", "CombustivelID")
VALUES (6.080, 'R$ / litro', '2024-07-29', '1166046000148',
        (SELECT "ID_Combustivel" FROM public."COMBUSTIVEL" WHERE "Nome" = 'GASOLINA COMUM'))
ON CONFLICT DO NOTHING;


INSERT INTO public."PRECO_COLETADO" ("Preco", "UnidadeMedida", "DataColeta", "PostoCNPJ", "CombustivelID")
VALUES (6.070, 'R$ / litro', '2024-08-05', '1166046000148',
        (SELECT "ID_Combustivel" FROM public."COMBUSTIVEL" WHERE "Nome" = 'GASOLINA COMUM'))
ON CONFLICT DO NOTHING;


INSERT INTO public."PRECO_COLETADO" ("Preco", "UnidadeMedida", "DataColeta", "PostoCNPJ", "CombustivelID")
VALUES (6.060, 'R$ / litro', '2024-08-14', '1166046000148',
        (SELECT "ID_Combustivel" FROM public."COMBUSTIVEL" WHERE "Nome" = 'GASOLINA COMUM'))
ON CONFLICT DO NOTHING;


INSERT INTO public."PRECO_COLETADO" ("Preco", "UnidadeMedida", "DataColeta", "PostoCNPJ", "CombustivelID")
VALUES (6.060, 'R$ / litro', '2024-08-20', '1166046000148',
        (SELECT "ID_Combustivel" FROM public."COMBUSTIVEL" WHERE "Nome" = 'GASOLINA COMUM'))
ON CONFLICT DO NOTHING;


INSERT INTO public."PRECO_COLETADO" ("Preco", "UnidadeMedida", "DataColeta", "PostoCNPJ", "CombustivelID")
VALUES (6.060, 'R$ / litro', '2024-08-26', '1166046000148',
        (SELECT "ID_Combustivel" FROM public."COMBUSTIVEL" WHERE "Nome" = 'GASOLINA COMUM'))
ON CONFLICT DO NOTHING;


INSERT INTO public."PRECO_COLETADO" ("Preco", "UnidadeMedida", "DataColeta", "PostoCNPJ", "CombustivelID")
VALUES (6.050, 'R$ / litro', '2024-09-02', '1166046000148',
        (SELECT "ID_Combustivel" FROM public."COMBUSTIVEL" WHERE "Nome" = 'GASOLINA COMUM'))
ON CONFLICT DO NOTHING;


INSERT INTO public."COMBUSTIVEL" ("Nome")
VALUES ('DIESEL S500')
ON CONFLICT ("Nome") DO NOTHING;


INSERT INTO public."PRECO_COLETADO" ("Preco", "UnidadeMedida", "DataColeta", "PostoCNPJ", "CombustivelID")
VALUES (6.150, 'R$ / litro', '2023-02-06', '1166046000148',
        (SELECT "ID_Combustivel" FROM public."COMBUSTIVEL" WHERE "Nome" = 'DIESEL S500'))
ON CONFLICT DO NOTHING;


INSERT INTO public."POSTO" ("CNPJ", "RazaoSocial", "NomeFantasia", "Bandeira", "Logradouro", "Numero", "Bairro", "Cidade", "Estado", "CEP")
VALUES ('1635041000206', 'ITAPARICA PETROLEO E COMERCIO LTDA', 'NOVAMARCA', 'RAIZEN', 'AVENIDA CARLOS LINDENBERG', '1395', 'COBI DE CIMA', 'VILA VELHA', 'ESPIRITO SANTO', '29117730')
ON CONFLICT ("CNPJ") DO NOTHING;


INSERT INTO public."COMBUSTIVEL" ("Nome")
VALUES ('ETANOL')
ON CONFLICT ("Nome") DO NOTHING;


INSERT INTO public."PRECO_COLETADO" ("Preco", "UnidadeMedida", "DataColeta", "PostoCNPJ", "CombustivelID")
VALUES (4.790, 'R$ / litro', '2022-08-04', '1635041000206',
        (SELECT "ID_Combustivel" FROM public."COMBUSTIVEL" WHERE "Nome" = 'ETANOL'))
ON CONFLICT DO NOTHING;


INSERT INTO public."PRECO_COLETADO" ("Preco", "UnidadeMedida", "DataColeta", "PostoCNPJ", "CombustivelID")
VALUES (4.790, 'R$ / litro', '2022-08-08', '1635041000206',
        (SELECT "ID_Combustivel" FROM public."COMBUSTIVEL" WHERE "Nome" = 'ETANOL'))
ON CONFLICT DO NOTHING;


INSERT INTO public."PRECO_COLETADO" ("Preco", "UnidadeMedida", "DataColeta", "PostoCNPJ", "CombustivelID")
VALUES (4.790, 'R$ / litro', '2022-08-15', '1635041000206',
        (SELECT "ID_Combustivel" FROM public."COMBUSTIVEL" WHERE "Nome" = 'ETANOL'))
ON CONFLICT DO NOTHING;


INSERT INTO public."PRECO_COLETADO" ("Preco", "UnidadeMedida", "DataColeta", "PostoCNPJ", "CombustivelID")
VALUES (4.790, 'R$ / litro', '2022-08-24', '1635041000206',
        (SELECT "ID_Combustivel" FROM public."COMBUSTIVEL" WHERE "Nome" = 'ETANOL'))
ON CONFLICT DO NOTHING;


INSERT INTO public."PRECO_COLETADO" ("Preco", "UnidadeMedida", "DataColeta", "PostoCNPJ", "CombustivelID")
VALUES (4.790, 'R$ / litro', '2022-09-01', '1635041000206',
        (SELECT "ID_Combustivel" FROM public."COMBUSTIVEL" WHERE "Nome" = 'ETANOL'))
ON CONFLICT DO NOTHING;


INSERT INTO public."PRECO_COLETADO" ("Preco", "UnidadeMedida", "DataColeta", "PostoCNPJ", "CombustivelID")
VALUES (3.990, 'R$ / litro', '2022-10-24', '1635041000206',
        (SELECT "ID_Combustivel" FROM public."COMBUSTIVEL" WHERE "Nome" = 'ETANOL'))
ON CONFLICT DO NOTHING;


INSERT INTO public."PRECO_COLETADO" ("Preco", "UnidadeMedida", "DataColeta", "PostoCNPJ", "CombustivelID")
VALUES (3.990, 'R$ / litro', '2022-10-31', '1635041000206',
        (SELECT "ID_Combustivel" FROM public."COMBUSTIVEL" WHERE "Nome" = 'ETANOL'))
ON CONFLICT DO NOTHING;


INSERT INTO public."PRECO_COLETADO" ("Preco", "UnidadeMedida", "DataColeta", "PostoCNPJ", "CombustivelID")
VALUES (4.190, 'R$ / litro', '2022-11-14', '1635041000206',
        (SELECT "ID_Combustivel" FROM public."COMBUSTIVEL" WHERE "Nome" = 'ETANOL'))
ON CONFLICT DO NOTHING;


INSERT INTO public."PRECO_COLETADO" ("Preco", "UnidadeMedida", "DataColeta", "PostoCNPJ", "CombustivelID")
VALUES (4.190, 'R$ / litro', '2022-11-22', '1635041000206',
        (SELECT "ID_Combustivel" FROM public."COMBUSTIVEL" WHERE "Nome" = 'ETANOL'))
ON CONFLICT DO NOTHING;


INSERT INTO public."PRECO_COLETADO" ("Preco", "UnidadeMedida", "DataColeta", "PostoCNPJ", "CombustivelID")
VALUES (4.190, 'R$ / litro', '2022-12-05', '1635041000206',
        (SELECT "ID_Combustivel" FROM public."COMBUSTIVEL" WHERE "Nome" = 'ETANOL'))
ON CONFLICT DO NOTHING;


INSERT INTO public."PRECO_COLETADO" ("Preco", "UnidadeMedida", "DataColeta", "PostoCNPJ", "CombustivelID")
VALUES (4.190, 'R$ / litro', '2022-12-12', '1635041000206',
        (SELECT "ID_Combustivel" FROM public."COMBUSTIVEL" WHERE "Nome" = 'ETANOL'))
ON CONFLICT DO NOTHING;


INSERT INTO public."PRECO_COLETADO" ("Preco", "UnidadeMedida", "DataColeta", "PostoCNPJ", "CombustivelID")
VALUES (3.990, 'R$ / litro', '2022-12-22', '1635041000206',
        (SELECT "ID_Combustivel" FROM public."COMBUSTIVEL" WHERE "Nome" = 'ETANOL'))
ON CONFLICT DO NOTHING;


INSERT INTO public."PRECO_COLETADO" ("Preco", "UnidadeMedida", "DataColeta", "PostoCNPJ", "CombustivelID")
VALUES (4.290, 'R$ / litro', '2023-01-03', '1635041000206',
        (SELECT "ID_Combustivel" FROM public."COMBUSTIVEL" WHERE "Nome" = 'ETANOL'))
ON CONFLICT DO NOTHING;


INSERT INTO public."PRECO_COLETADO" ("Preco", "UnidadeMedida", "DataColeta", "PostoCNPJ", "CombustivelID")
VALUES (4.290, 'R$ / litro', '2023-01-10', '1635041000206',
        (SELECT "ID_Combustivel" FROM public."COMBUSTIVEL" WHERE "Nome" = 'ETANOL'))
ON CONFLICT DO NOTHING;


INSERT INTO public."PRECO_COLETADO" ("Preco", "UnidadeMedida", "DataColeta", "PostoCNPJ", "CombustivelID")
VALUES (4.290, 'R$ / litro', '2023-01-16', '1635041000206',
        (SELECT "ID_Combustivel" FROM public."COMBUSTIVEL" WHERE "Nome" = 'ETANOL'))
ON CONFLICT DO NOTHING;


INSERT INTO public."PRECO_COLETADO" ("Preco", "UnidadeMedida", "DataColeta", "PostoCNPJ", "CombustivelID")
VALUES (4.290, 'R$ / litro', '2023-01-23', '1635041000206',
        (SELECT "ID_Combustivel" FROM public."COMBUSTIVEL" WHERE "Nome" = 'ETANOL'))
ON CONFLICT DO NOTHING;


INSERT INTO public."PRECO_COLETADO" ("Preco", "UnidadeMedida", "DataColeta", "PostoCNPJ", "CombustivelID")
VALUES (4.290, 'R$ / litro', '2023-01-30', '1635041000206',
        (SELECT "ID_Combustivel" FROM public."COMBUSTIVEL" WHERE "Nome" = 'ETANOL'))
ON CONFLICT DO NOTHING;


INSERT INTO public."PRECO_COLETADO" ("Preco", "UnidadeMedida", "DataColeta", "PostoCNPJ", "CombustivelID")
VALUES (4.290, 'R$ / litro', '2023-02-06', '1635041000206',
        (SELECT "ID_Combustivel" FROM public."COMBUSTIVEL" WHERE "Nome" = 'ETANOL'))
ON CONFLICT DO NOTHING;


INSERT INTO public."PRECO_COLETADO" ("Preco", "UnidadeMedida", "DataColeta", "PostoCNPJ", "CombustivelID")
VALUES (4.290, 'R$ / litro', '2023-02-13', '1635041000206',
        (SELECT "ID_Combustivel" FROM public."COMBUSTIVEL" WHERE "Nome" = 'ETANOL'))
ON CONFLICT DO NOTHING;


INSERT INTO public."PRECO_COLETADO" ("Preco", "UnidadeMedida", "DataColeta", "PostoCNPJ", "CombustivelID")
VALUES (4.290, 'R$ / litro', '2023-02-20', '1635041000206',
        (SELECT "ID_Combustivel" FROM public."COMBUSTIVEL" WHERE "Nome" = 'ETANOL'))
ON CONFLICT DO NOTHING;


INSERT INTO public."PRECO_COLETADO" ("Preco", "UnidadeMedida", "DataColeta", "PostoCNPJ", "CombustivelID")
VALUES (4.290, 'R$ / litro', '2023-02-27', '1635041000206',
        (SELECT "ID_Combustivel" FROM public."COMBUSTIVEL" WHERE "Nome" = 'ETANOL'))
ON CONFLICT DO NOTHING;


INSERT INTO public."PRECO_COLETADO" ("Preco", "UnidadeMedida", "DataColeta", "PostoCNPJ", "CombustivelID")
VALUES (4.290, 'R$ / litro', '2023-03-06', '1635041000206',
        (SELECT "ID_Combustivel" FROM public."COMBUSTIVEL" WHERE "Nome" = 'ETANOL'))
ON CONFLICT DO NOTHING;


INSERT INTO public."PRECO_COLETADO" ("Preco", "UnidadeMedida", "DataColeta", "PostoCNPJ", "CombustivelID")
VALUES (4.290, 'R$ / litro', '2023-03-16', '1635041000206',
        (SELECT "ID_Combustivel" FROM public."COMBUSTIVEL" WHERE "Nome" = 'ETANOL'))
ON CONFLICT DO NOTHING;


INSERT INTO public."PRECO_COLETADO" ("Preco", "UnidadeMedida", "DataColeta", "PostoCNPJ", "CombustivelID")
VALUES (4.290, 'R$ / litro', '2023-03-21', '1635041000206',
        (SELECT "ID_Combustivel" FROM public."COMBUSTIVEL" WHERE "Nome" = 'ETANOL'))
ON CONFLICT DO NOTHING;


INSERT INTO public."PRECO_COLETADO" ("Preco", "UnidadeMedida", "DataColeta", "PostoCNPJ", "CombustivelID")
VALUES (4.290, 'R$ / litro', '2023-03-27', '1635041000206',
        (SELECT "ID_Combustivel" FROM public."COMBUSTIVEL" WHERE "Nome" = 'ETANOL'))
ON CONFLICT DO NOTHING;


INSERT INTO public."PRECO_COLETADO" ("Preco", "UnidadeMedida", "DataColeta", "PostoCNPJ", "CombustivelID")
VALUES (4.290, 'R$ / litro', '2023-04-04', '1635041000206',
        (SELECT "ID_Combustivel" FROM public."COMBUSTIVEL" WHERE "Nome" = 'ETANOL'))
ON CONFLICT DO NOTHING;


INSERT INTO public."PRECO_COLETADO" ("Preco", "UnidadeMedida", "DataColeta", "PostoCNPJ", "CombustivelID")
VALUES (4.290, 'R$ / litro', '2023-04-11', '1635041000206',
        (SELECT "ID_Combustivel" FROM public."COMBUSTIVEL" WHERE "Nome" = 'ETANOL'))
ON CONFLICT DO NOTHING;


INSERT INTO public."PRECO_COLETADO" ("Preco", "UnidadeMedida", "DataColeta", "PostoCNPJ", "CombustivelID")
VALUES (4.290, 'R$ / litro', '2023-04-17', '1635041000206',
        (SELECT "ID_Combustivel" FROM public."COMBUSTIVEL" WHERE "Nome" = 'ETANOL'))
ON CONFLICT DO NOTHING;


INSERT INTO public."PRECO_COLETADO" ("Preco", "UnidadeMedida", "DataColeta", "PostoCNPJ", "CombustivelID")
VALUES (4.290, 'R$ / litro', '2023-04-24', '1635041000206',
        (SELECT "ID_Combustivel" FROM public."COMBUSTIVEL" WHERE "Nome" = 'ETANOL'))
ON CONFLICT DO NOTHING;


INSERT INTO public."PRECO_COLETADO" ("Preco", "UnidadeMedida", "DataColeta", "PostoCNPJ", "CombustivelID")
VALUES (4.690, 'R$ / litro', '2023-05-03', '1635041000206',
        (SELECT "ID_Combustivel" FROM public."COMBUSTIVEL" WHERE "Nome" = 'ETANOL'))
ON CONFLICT DO NOTHING;


INSERT INTO public."PRECO_COLETADO" ("Preco", "UnidadeMedida", "DataColeta", "PostoCNPJ", "CombustivelID")
VALUES (4.690, 'R$ / litro', '2023-05-09', '1635041000206',
        (SELECT "ID_Combustivel" FROM public."COMBUSTIVEL" WHERE "Nome" = 'ETANOL'))
ON CONFLICT DO NOTHING;


INSERT INTO public."PRECO_COLETADO" ("Preco", "UnidadeMedida", "DataColeta", "PostoCNPJ", "CombustivelID")
VALUES (4.690, 'R$ / litro', '2023-05-15', '1635041000206',
        (SELECT "ID_Combustivel" FROM public."COMBUSTIVEL" WHERE "Nome" = 'ETANOL'))
ON CONFLICT DO NOTHING;


INSERT INTO public."PRECO_COLETADO" ("Preco", "UnidadeMedida", "DataColeta", "PostoCNPJ", "CombustivelID")
VALUES (4.690, 'R$ / litro', '2023-05-23', '1635041000206',
        (SELECT "ID_Combustivel" FROM public."COMBUSTIVEL" WHERE "Nome" = 'ETANOL'))
ON CONFLICT DO NOTHING;


INSERT INTO public."PRECO_COLETADO" ("Preco", "UnidadeMedida", "DataColeta", "PostoCNPJ", "CombustivelID")
VALUES (4.690, 'R$ / litro', '2023-05-30', '1635041000206',
        (SELECT "ID_Combustivel" FROM public."COMBUSTIVEL" WHERE "Nome" = 'ETANOL'))
ON CONFLICT DO NOTHING;


INSERT INTO public."PRECO_COLETADO" ("Preco", "UnidadeMedida", "DataColeta", "PostoCNPJ", "CombustivelID")
VALUES (4.690, 'R$ / litro', '2023-06-05', '1635041000206',
        (SELECT "ID_Combustivel" FROM public."COMBUSTIVEL" WHERE "Nome" = 'ETANOL'))
ON CONFLICT DO NOTHING;


INSERT INTO public."PRECO_COLETADO" ("Preco", "UnidadeMedida", "DataColeta", "PostoCNPJ", "CombustivelID")
VALUES (4.690, 'R$ / litro', '2023-06-13', '1635041000206',
        (SELECT "ID_Combustivel" FROM public."COMBUSTIVEL" WHERE "Nome" = 'ETANOL'))
ON CONFLICT DO NOTHING;


INSERT INTO public."PRECO_COLETADO" ("Preco", "UnidadeMedida", "DataColeta", "PostoCNPJ", "CombustivelID")
VALUES (4.690, 'R$ / litro', '2023-06-20', '1635041000206',
        (SELECT "ID_Combustivel" FROM public."COMBUSTIVEL" WHERE "Nome" = 'ETANOL'))
ON CONFLICT DO NOTHING;


INSERT INTO public."PRECO_COLETADO" ("Preco", "UnidadeMedida", "DataColeta", "PostoCNPJ", "CombustivelID")
VALUES (4.390, 'R$ / litro', '2023-06-27', '1635041000206',
        (SELECT "ID_Combustivel" FROM public."COMBUSTIVEL" WHERE "Nome" = 'ETANOL'))
ON CONFLICT DO NOTHING;


INSERT INTO public."PRECO_COLETADO" ("Preco", "UnidadeMedida", "DataColeta", "PostoCNPJ", "CombustivelID")
VALUES (4.390, 'R$ / litro', '2023-07-04', '1635041000206',
        (SELECT "ID_Combustivel" FROM public."COMBUSTIVEL" WHERE "Nome" = 'ETANOL'))
ON CONFLICT DO NOTHING;


INSERT INTO public."PRECO_COLETADO" ("Preco", "UnidadeMedida", "DataColeta", "PostoCNPJ", "CombustivelID")
VALUES (4.390, 'R$ / litro', '2023-07-10', '1635041000206',
        (SELECT "ID_Combustivel" FROM public."COMBUSTIVEL" WHERE "Nome" = 'ETANOL'))
ON CONFLICT DO NOTHING;


INSERT INTO public."PRECO_COLETADO" ("Preco", "UnidadeMedida", "DataColeta", "PostoCNPJ", "CombustivelID")
VALUES (4.390, 'R$ / litro', '2023-07-17', '1635041000206',
        (SELECT "ID_Combustivel" FROM public."COMBUSTIVEL" WHERE "Nome" = 'ETANOL'))
ON CONFLICT DO NOTHING;


INSERT INTO public."PRECO_COLETADO" ("Preco", "UnidadeMedida", "DataColeta", "PostoCNPJ", "CombustivelID")
VALUES (4.390, 'R$ / litro', '2023-07-24', '1635041000206',
        (SELECT "ID_Combustivel" FROM public."COMBUSTIVEL" WHERE "Nome" = 'ETANOL'))
ON CONFLICT DO NOTHING;


INSERT INTO public."PRECO_COLETADO" ("Preco", "UnidadeMedida", "DataColeta", "PostoCNPJ", "CombustivelID")
VALUES (4.390, 'R$ / litro', '2023-07-31', '1635041000206',
        (SELECT "ID_Combustivel" FROM public."COMBUSTIVEL" WHERE "Nome" = 'ETANOL'))
ON CONFLICT DO NOTHING;


INSERT INTO public."PRECO_COLETADO" ("Preco", "UnidadeMedida", "DataColeta", "PostoCNPJ", "CombustivelID")
VALUES (4.390, 'R$ / litro', '2023-08-07', '1635041000206',
        (SELECT "ID_Combustivel" FROM public."COMBUSTIVEL" WHERE "Nome" = 'ETANOL'))
ON CONFLICT DO NOTHING;


INSERT INTO public."PRECO_COLETADO" ("Preco", "UnidadeMedida", "DataColeta", "PostoCNPJ", "CombustivelID")
VALUES (4.390, 'R$ / litro', '2023-08-15', '1635041000206',
        (SELECT "ID_Combustivel" FROM public."COMBUSTIVEL" WHERE "Nome" = 'ETANOL'))
ON CONFLICT DO NOTHING;


INSERT INTO public."PRECO_COLETADO" ("Preco", "UnidadeMedida", "DataColeta", "PostoCNPJ", "CombustivelID")
VALUES (4.390, 'R$ / litro', '2023-08-22', '1635041000206',
        (SELECT "ID_Combustivel" FROM public."COMBUSTIVEL" WHERE "Nome" = 'ETANOL'))
ON CONFLICT DO NOTHING;


INSERT INTO public."PRECO_COLETADO" ("Preco", "UnidadeMedida", "DataColeta", "PostoCNPJ", "CombustivelID")
VALUES (4.390, 'R$ / litro', '2023-08-30', '1635041000206',
        (SELECT "ID_Combustivel" FROM public."COMBUSTIVEL" WHERE "Nome" = 'ETANOL'))
ON CONFLICT DO NOTHING;


INSERT INTO public."PRECO_COLETADO" ("Preco", "UnidadeMedida", "DataColeta", "PostoCNPJ", "CombustivelID")
VALUES (4.390, 'R$ / litro', '2023-09-07', '1635041000206',
        (SELECT "ID_Combustivel" FROM public."COMBUSTIVEL" WHERE "Nome" = 'ETANOL'))
ON CONFLICT DO NOTHING;


INSERT INTO public."PRECO_COLETADO" ("Preco", "UnidadeMedida", "DataColeta", "PostoCNPJ", "CombustivelID")
VALUES (4.390, 'R$ / litro', '2023-09-12', '1635041000206',
        (SELECT "ID_Combustivel" FROM public."COMBUSTIVEL" WHERE "Nome" = 'ETANOL'))
ON CONFLICT DO NOTHING;


INSERT INTO public."PRECO_COLETADO" ("Preco", "UnidadeMedida", "DataColeta", "PostoCNPJ", "CombustivelID")
VALUES (4.390, 'R$ / litro', '2023-09-19', '1635041000206',
        (SELECT "ID_Combustivel" FROM public."COMBUSTIVEL" WHERE "Nome" = 'ETANOL'))
ON CONFLICT DO NOTHING;


INSERT INTO public."PRECO_COLETADO" ("Preco", "UnidadeMedida", "DataColeta", "PostoCNPJ", "CombustivelID")
VALUES (4.390, 'R$ / litro', '2023-09-26', '1635041000206',
        (SELECT "ID_Combustivel" FROM public."COMBUSTIVEL" WHERE "Nome" = 'ETANOL'))
ON CONFLICT DO NOTHING;


INSERT INTO public."PRECO_COLETADO" ("Preco", "UnidadeMedida", "DataColeta", "PostoCNPJ", "CombustivelID")
VALUES (4.390, 'R$ / litro', '2023-10-03', '1635041000206',
        (SELECT "ID_Combustivel" FROM public."COMBUSTIVEL" WHERE "Nome" = 'ETANOL'))
ON CONFLICT DO NOTHING;


INSERT INTO public."PRECO_COLETADO" ("Preco", "UnidadeMedida", "DataColeta", "PostoCNPJ", "CombustivelID")
VALUES (4.390, 'R$ / litro', '2023-10-10', '1635041000206',
        (SELECT "ID_Combustivel" FROM public."COMBUSTIVEL" WHERE "Nome" = 'ETANOL'))
ON CONFLICT DO NOTHING;


INSERT INTO public."PRECO_COLETADO" ("Preco", "UnidadeMedida", "DataColeta", "PostoCNPJ", "CombustivelID")
VALUES (4.390, 'R$ / litro', '2023-10-16', '1635041000206',
        (SELECT "ID_Combustivel" FROM public."COMBUSTIVEL" WHERE "Nome" = 'ETANOL'))
ON CONFLICT DO NOTHING;


INSERT INTO public."PRECO_COLETADO" ("Preco", "UnidadeMedida", "DataColeta", "PostoCNPJ", "CombustivelID")
VALUES (4.390, 'R$ / litro', '2023-10-24', '1635041000206',
        (SELECT "ID_Combustivel" FROM public."COMBUSTIVEL" WHERE "Nome" = 'ETANOL'))
ON CONFLICT DO NOTHING;


INSERT INTO public."PRECO_COLETADO" ("Preco", "UnidadeMedida", "DataColeta", "PostoCNPJ", "CombustivelID")
VALUES (4.390, 'R$ / litro', '2023-10-31', '1635041000206',
        (SELECT "ID_Combustivel" FROM public."COMBUSTIVEL" WHERE "Nome" = 'ETANOL'))
ON CONFLICT DO NOTHING;


INSERT INTO public."PRECO_COLETADO" ("Preco", "UnidadeMedida", "DataColeta", "PostoCNPJ", "CombustivelID")
VALUES (4.390, 'R$ / litro', '2023-11-07', '1635041000206',
        (SELECT "ID_Combustivel" FROM public."COMBUSTIVEL" WHERE "Nome" = 'ETANOL'))
ON CONFLICT DO NOTHING;


INSERT INTO public."PRECO_COLETADO" ("Preco", "UnidadeMedida", "DataColeta", "PostoCNPJ", "CombustivelID")
VALUES (4.390, 'R$ / litro', '2023-11-14', '1635041000206',
        (SELECT "ID_Combustivel" FROM public."COMBUSTIVEL" WHERE "Nome" = 'ETANOL'))
ON CONFLICT DO NOTHING;


INSERT INTO public."PRECO_COLETADO" ("Preco", "UnidadeMedida", "DataColeta", "PostoCNPJ", "CombustivelID")
VALUES (4.390, 'R$ / litro', '2023-11-21', '1635041000206',
        (SELECT "ID_Combustivel" FROM public."COMBUSTIVEL" WHERE "Nome" = 'ETANOL'))
ON CONFLICT DO NOTHING;


INSERT INTO public."PRECO_COLETADO" ("Preco", "UnidadeMedida", "DataColeta", "PostoCNPJ", "CombustivelID")
VALUES (4.390, 'R$ / litro', '2023-11-28', '1635041000206',
        (SELECT "ID_Combustivel" FROM public."COMBUSTIVEL" WHERE "Nome" = 'ETANOL'))
ON CONFLICT DO NOTHING;


INSERT INTO public."PRECO_COLETADO" ("Preco", "UnidadeMedida", "DataColeta", "PostoCNPJ", "CombustivelID")
VALUES (4.390, 'R$ / litro', '2023-12-06', '1635041000206',
        (SELECT "ID_Combustivel" FROM public."COMBUSTIVEL" WHERE "Nome" = 'ETANOL'))
ON CONFLICT DO NOTHING;


INSERT INTO public."PRECO_COLETADO" ("Preco", "UnidadeMedida", "DataColeta", "PostoCNPJ", "CombustivelID")
VALUES (4.390, 'R$ / litro', '2023-12-13', '1635041000206',
        (SELECT "ID_Combustivel" FROM public."COMBUSTIVEL" WHERE "Nome" = 'ETANOL'))
ON CONFLICT DO NOTHING;


INSERT INTO public."PRECO_COLETADO" ("Preco", "UnidadeMedida", "DataColeta", "PostoCNPJ", "CombustivelID")
VALUES (4.290, 'R$ / litro', '2023-12-20', '1635041000206',
        (SELECT "ID_Combustivel" FROM public."COMBUSTIVEL" WHERE "Nome" = 'ETANOL'))
ON CONFLICT DO NOTHING;


INSERT INTO public."PRECO_COLETADO" ("Preco", "UnidadeMedida", "DataColeta", "PostoCNPJ", "CombustivelID")
VALUES (4.290, 'R$ / litro', '2023-12-26', '1635041000206',
        (SELECT "ID_Combustivel" FROM public."COMBUSTIVEL" WHERE "Nome" = 'ETANOL'))
ON CONFLICT DO NOTHING;


INSERT INTO public."PRECO_COLETADO" ("Preco", "UnidadeMedida", "DataColeta", "PostoCNPJ", "CombustivelID")
VALUES (4.290, 'R$ / litro', '2024-01-05', '1635041000206',
        (SELECT "ID_Combustivel" FROM public."COMBUSTIVEL" WHERE "Nome" = 'ETANOL'))
ON CONFLICT DO NOTHING;


INSERT INTO public."PRECO_COLETADO" ("Preco", "UnidadeMedida", "DataColeta", "PostoCNPJ", "CombustivelID")
VALUES (4.290, 'R$ / litro', '2024-01-08', '1635041000206',
        (SELECT "ID_Combustivel" FROM public."COMBUSTIVEL" WHERE "Nome" = 'ETANOL'))
ON CONFLICT DO NOTHING;


INSERT INTO public."PRECO_COLETADO" ("Preco", "UnidadeMedida", "DataColeta", "PostoCNPJ", "CombustivelID")
VALUES (4.390, 'R$ / litro', '2024-01-15', '1635041000206',
        (SELECT "ID_Combustivel" FROM public."COMBUSTIVEL" WHERE "Nome" = 'ETANOL'))
ON CONFLICT DO NOTHING;


INSERT INTO public."PRECO_COLETADO" ("Preco", "UnidadeMedida", "DataColeta", "PostoCNPJ", "CombustivelID")
VALUES (3.790, 'R$ / litro', '2024-01-29', '1635041000206',
        (SELECT "ID_Combustivel" FROM public."COMBUSTIVEL" WHERE "Nome" = 'ETANOL'))
ON CONFLICT DO NOTHING;


INSERT INTO public."PRECO_COLETADO" ("Preco", "UnidadeMedida", "DataColeta", "PostoCNPJ", "CombustivelID")
VALUES (3.790, 'R$ / litro', '2024-02-05', '1635041000206',
        (SELECT "ID_Combustivel" FROM public."COMBUSTIVEL" WHERE "Nome" = 'ETANOL'))
ON CONFLICT DO NOTHING;


INSERT INTO public."PRECO_COLETADO" ("Preco", "UnidadeMedida", "DataColeta", "PostoCNPJ", "CombustivelID")
VALUES (3.990, 'R$ / litro', '2024-02-12', '1635041000206',
        (SELECT "ID_Combustivel" FROM public."COMBUSTIVEL" WHERE "Nome" = 'ETANOL'))
ON CONFLICT DO NOTHING;


INSERT INTO public."PRECO_COLETADO" ("Preco", "UnidadeMedida", "DataColeta", "PostoCNPJ", "CombustivelID")
VALUES (3.990, 'R$ / litro', '2024-02-19', '1635041000206',
        (SELECT "ID_Combustivel" FROM public."COMBUSTIVEL" WHERE "Nome" = 'ETANOL'))
ON CONFLICT DO NOTHING;


INSERT INTO public."PRECO_COLETADO" ("Preco", "UnidadeMedida", "DataColeta", "PostoCNPJ", "CombustivelID")
VALUES (3.990, 'R$ / litro', '2024-02-26', '1635041000206',
        (SELECT "ID_Combustivel" FROM public."COMBUSTIVEL" WHERE "Nome" = 'ETANOL'))
ON CONFLICT DO NOTHING;


INSERT INTO public."PRECO_COLETADO" ("Preco", "UnidadeMedida", "DataColeta", "PostoCNPJ", "CombustivelID")
VALUES (3.990, 'R$ / litro', '2024-03-04', '1635041000206',
        (SELECT "ID_Combustivel" FROM public."COMBUSTIVEL" WHERE "Nome" = 'ETANOL'))
ON CONFLICT DO NOTHING;


INSERT INTO public."PRECO_COLETADO" ("Preco", "UnidadeMedida", "DataColeta", "PostoCNPJ", "CombustivelID")
VALUES (3.990, 'R$ / litro', '2024-03-11', '1635041000206',
        (SELECT "ID_Combustivel" FROM public."COMBUSTIVEL" WHERE "Nome" = 'ETANOL'))
ON CONFLICT DO NOTHING;


INSERT INTO public."PRECO_COLETADO" ("Preco", "UnidadeMedida", "DataColeta", "PostoCNPJ", "CombustivelID")
VALUES (3.990, 'R$ / litro', '2024-03-18', '1635041000206',
        (SELECT "ID_Combustivel" FROM public."COMBUSTIVEL" WHERE "Nome" = 'ETANOL'))
ON CONFLICT DO NOTHING;


INSERT INTO public."PRECO_COLETADO" ("Preco", "UnidadeMedida", "DataColeta", "PostoCNPJ", "CombustivelID")
VALUES (3.990, 'R$ / litro', '2024-03-25', '1635041000206',
        (SELECT "ID_Combustivel" FROM public."COMBUSTIVEL" WHERE "Nome" = 'ETANOL'))
ON CONFLICT DO NOTHING;


INSERT INTO public."PRECO_COLETADO" ("Preco", "UnidadeMedida", "DataColeta", "PostoCNPJ", "CombustivelID")
VALUES (3.890, 'R$ / litro', '2024-04-01', '1635041000206',
        (SELECT "ID_Combustivel" FROM public."COMBUSTIVEL" WHERE "Nome" = 'ETANOL'))
ON CONFLICT DO NOTHING;


INSERT INTO public."PRECO_COLETADO" ("Preco", "UnidadeMedida", "DataColeta", "PostoCNPJ", "CombustivelID")
VALUES (3.890, 'R$ / litro', '2024-04-08', '1635041000206',
        (SELECT "ID_Combustivel" FROM public."COMBUSTIVEL" WHERE "Nome" = 'ETANOL'))
ON CONFLICT DO NOTHING;


INSERT INTO public."PRECO_COLETADO" ("Preco", "UnidadeMedida", "DataColeta", "PostoCNPJ", "CombustivelID")
VALUES (3.890, 'R$ / litro', '2024-04-15', '1635041000206',
        (SELECT "ID_Combustivel" FROM public."COMBUSTIVEL" WHERE "Nome" = 'ETANOL'))
ON CONFLICT DO NOTHING;


INSERT INTO public."PRECO_COLETADO" ("Preco", "UnidadeMedida", "DataColeta", "PostoCNPJ", "CombustivelID")
VALUES (3.890, 'R$ / litro', '2024-04-22', '1635041000206',
        (SELECT "ID_Combustivel" FROM public."COMBUSTIVEL" WHERE "Nome" = 'ETANOL'))
ON CONFLICT DO NOTHING;


INSERT INTO public."PRECO_COLETADO" ("Preco", "UnidadeMedida", "DataColeta", "PostoCNPJ", "CombustivelID")
VALUES (3.990, 'R$ / litro', '2024-04-29', '1635041000206',
        (SELECT "ID_Combustivel" FROM public."COMBUSTIVEL" WHERE "Nome" = 'ETANOL'))
ON CONFLICT DO NOTHING;


INSERT INTO public."PRECO_COLETADO" ("Preco", "UnidadeMedida", "DataColeta", "PostoCNPJ", "CombustivelID")
VALUES (3.990, 'R$ / litro', '2024-05-06', '1635041000206',
        (SELECT "ID_Combustivel" FROM public."COMBUSTIVEL" WHERE "Nome" = 'ETANOL'))
ON CONFLICT DO NOTHING;


INSERT INTO public."PRECO_COLETADO" ("Preco", "UnidadeMedida", "DataColeta", "PostoCNPJ", "CombustivelID")
VALUES (3.990, 'R$ / litro', '2024-05-13', '1635041000206',
        (SELECT "ID_Combustivel" FROM public."COMBUSTIVEL" WHERE "Nome" = 'ETANOL'))
ON CONFLICT DO NOTHING;


INSERT INTO public."PRECO_COLETADO" ("Preco", "UnidadeMedida", "DataColeta", "PostoCNPJ", "CombustivelID")
VALUES (3.990, 'R$ / litro', '2024-05-20', '1635041000206',
        (SELECT "ID_Combustivel" FROM public."COMBUSTIVEL" WHERE "Nome" = 'ETANOL'))
ON CONFLICT DO NOTHING;


INSERT INTO public."PRECO_COLETADO" ("Preco", "UnidadeMedida", "DataColeta", "PostoCNPJ", "CombustivelID")
VALUES (3.990, 'R$ / litro', '2024-05-27', '1635041000206',
        (SELECT "ID_Combustivel" FROM public."COMBUSTIVEL" WHERE "Nome" = 'ETANOL'))
ON CONFLICT DO NOTHING;


INSERT INTO public."PRECO_COLETADO" ("Preco", "UnidadeMedida", "DataColeta", "PostoCNPJ", "CombustivelID")
VALUES (3.990, 'R$ / litro', '2024-06-03', '1635041000206',
        (SELECT "ID_Combustivel" FROM public."COMBUSTIVEL" WHERE "Nome" = 'ETANOL'))
ON CONFLICT DO NOTHING;


INSERT INTO public."PRECO_COLETADO" ("Preco", "UnidadeMedida", "DataColeta", "PostoCNPJ", "CombustivelID")
VALUES (3.990, 'R$ / litro', '2024-06-17', '1635041000206',
        (SELECT "ID_Combustivel" FROM public."COMBUSTIVEL" WHERE "Nome" = 'ETANOL'))
ON CONFLICT DO NOTHING;


INSERT INTO public."PRECO_COLETADO" ("Preco", "UnidadeMedida", "DataColeta", "PostoCNPJ", "CombustivelID")
VALUES (3.990, 'R$ / litro', '2024-06-24', '1635041000206',
        (SELECT "ID_Combustivel" FROM public."COMBUSTIVEL" WHERE "Nome" = 'ETANOL'))
ON CONFLICT DO NOTHING;


INSERT INTO public."PRECO_COLETADO" ("Preco", "UnidadeMedida", "DataColeta", "PostoCNPJ", "CombustivelID")
VALUES (3.990, 'R$ / litro', '2024-07-01', '1635041000206',
        (SELECT "ID_Combustivel" FROM public."COMBUSTIVEL" WHERE "Nome" = 'ETANOL'))
ON CONFLICT DO NOTHING;


INSERT INTO public."PRECO_COLETADO" ("Preco", "UnidadeMedida", "DataColeta", "PostoCNPJ", "CombustivelID")
VALUES (3.990, 'R$ / litro', '2024-07-09', '1635041000206',
        (SELECT "ID_Combustivel" FROM public."COMBUSTIVEL" WHERE "Nome" = 'ETANOL'))
ON CONFLICT DO NOTHING;


INSERT INTO public."PRECO_COLETADO" ("Preco", "UnidadeMedida", "DataColeta", "PostoCNPJ", "CombustivelID")
VALUES (4.290, 'R$ / litro', '2024-07-16', '1635041000206',
        (SELECT "ID_Combustivel" FROM public."COMBUSTIVEL" WHERE "Nome" = 'ETANOL'))
ON CONFLICT DO NOTHING;


INSERT INTO public."PRECO_COLETADO" ("Preco", "UnidadeMedida", "DataColeta", "PostoCNPJ", "CombustivelID")
VALUES (4.290, 'R$ / litro', '2024-07-22', '1635041000206',
        (SELECT "ID_Combustivel" FROM public."COMBUSTIVEL" WHERE "Nome" = 'ETANOL'))
ON CONFLICT DO NOTHING;


INSERT INTO public."PRECO_COLETADO" ("Preco", "UnidadeMedida", "DataColeta", "PostoCNPJ", "CombustivelID")
VALUES (4.290, 'R$ / litro', '2024-07-29', '1635041000206',
        (SELECT "ID_Combustivel" FROM public."COMBUSTIVEL" WHERE "Nome" = 'ETANOL'))
ON CONFLICT DO NOTHING;


INSERT INTO public."PRECO_COLETADO" ("Preco", "UnidadeMedida", "DataColeta", "PostoCNPJ", "CombustivelID")
VALUES (4.290, 'R$ / litro', '2024-08-05', '1635041000206',
        (SELECT "ID_Combustivel" FROM public."COMBUSTIVEL" WHERE "Nome" = 'ETANOL'))
ON CONFLICT DO NOTHING;


INSERT INTO public."PRECO_COLETADO" ("Preco", "UnidadeMedida", "DataColeta", "PostoCNPJ", "CombustivelID")
VALUES (4.290, 'R$ / litro', '2024-08-12', '1635041000206',
        (SELECT "ID_Combustivel" FROM public."COMBUSTIVEL" WHERE "Nome" = 'ETANOL'))
ON CONFLICT DO NOTHING;


INSERT INTO public."PRECO_COLETADO" ("Preco", "UnidadeMedida", "DataColeta", "PostoCNPJ", "CombustivelID")
VALUES (4.290, 'R$ / litro', '2024-08-20', '1635041000206',
        (SELECT "ID_Combustivel" FROM public."COMBUSTIVEL" WHERE "Nome" = 'ETANOL'))
ON CONFLICT DO NOTHING;


INSERT INTO public."PRECO_COLETADO" ("Preco", "UnidadeMedida", "DataColeta", "PostoCNPJ", "CombustivelID")
VALUES (4.290, 'R$ / litro', '2024-08-26', '1635041000206',
        (SELECT "ID_Combustivel" FROM public."COMBUSTIVEL" WHERE "Nome" = 'ETANOL'))
ON CONFLICT DO NOTHING;


INSERT INTO public."PRECO_COLETADO" ("Preco", "UnidadeMedida", "DataColeta", "PostoCNPJ", "CombustivelID")
VALUES (4.390, 'R$ / litro', '2024-09-02', '1635041000206',
        (SELECT "ID_Combustivel" FROM public."COMBUSTIVEL" WHERE "Nome" = 'ETANOL'))
ON CONFLICT DO NOTHING;


INSERT INTO public."COMBUSTIVEL" ("Nome")
VALUES ('DIESEL S500')
ON CONFLICT ("Nome") DO NOTHING;


INSERT INTO public."PRECO_COLETADO" ("Preco", "UnidadeMedida", "DataColeta", "PostoCNPJ", "CombustivelID")
VALUES (7.090, 'R$ / litro', '2022-08-04', '1635041000206',
        (SELECT "ID_Combustivel" FROM public."COMBUSTIVEL" WHERE "Nome" = 'DIESEL S500'))
ON CONFLICT DO NOTHING;


INSERT INTO public."PRECO_COLETADO" ("Preco", "UnidadeMedida", "DataColeta", "PostoCNPJ", "CombustivelID")
VALUES (7.090, 'R$ / litro', '2022-08-08', '1635041000206',
        (SELECT "ID_Combustivel" FROM public."COMBUSTIVEL" WHERE "Nome" = 'DIESEL S500'))
ON CONFLICT DO NOTHING;


INSERT INTO public."PRECO_COLETADO" ("Preco", "UnidadeMedida", "DataColeta", "PostoCNPJ", "CombustivelID")
VALUES (7.090, 'R$ / litro', '2022-08-15', '1635041000206',
        (SELECT "ID_Combustivel" FROM public."COMBUSTIVEL" WHERE "Nome" = 'DIESEL S500'))
ON CONFLICT DO NOTHING;


INSERT INTO public."PRECO_COLETADO" ("Preco", "UnidadeMedida", "DataColeta", "PostoCNPJ", "CombustivelID")
VALUES (6.790, 'R$ / litro', '2022-08-24', '1635041000206',
        (SELECT "ID_Combustivel" FROM public."COMBUSTIVEL" WHERE "Nome" = 'DIESEL S500'))
ON CONFLICT DO NOTHING;


INSERT INTO public."PRECO_COLETADO" ("Preco", "UnidadeMedida", "DataColeta", "PostoCNPJ", "CombustivelID")
VALUES (6.790, 'R$ / litro', '2022-09-01', '1635041000206',
        (SELECT "ID_Combustivel" FROM public."COMBUSTIVEL" WHERE "Nome" = 'DIESEL S500'))
ON CONFLICT DO NOTHING;


INSERT INTO public."PRECO_COLETADO" ("Preco", "UnidadeMedida", "DataColeta", "PostoCNPJ", "CombustivelID")
VALUES (6.790, 'R$ / litro', '2022-10-24', '1635041000206',
        (SELECT "ID_Combustivel" FROM public."COMBUSTIVEL" WHERE "Nome" = 'DIESEL S500'))
ON CONFLICT DO NOTHING;


INSERT INTO public."PRECO_COLETADO" ("Preco", "UnidadeMedida", "DataColeta", "PostoCNPJ", "CombustivelID")
VALUES (6.790, 'R$ / litro', '2022-10-31', '1635041000206',
        (SELECT "ID_Combustivel" FROM public."COMBUSTIVEL" WHERE "Nome" = 'DIESEL S500'))
ON CONFLICT DO NOTHING;


INSERT INTO public."PRECO_COLETADO" ("Preco", "UnidadeMedida", "DataColeta", "PostoCNPJ", "CombustivelID")
VALUES (6.790, 'R$ / litro', '2022-11-14', '1635041000206',
        (SELECT "ID_Combustivel" FROM public."COMBUSTIVEL" WHERE "Nome" = 'DIESEL S500'))
ON CONFLICT DO NOTHING;


INSERT INTO public."PRECO_COLETADO" ("Preco", "UnidadeMedida", "DataColeta", "PostoCNPJ", "CombustivelID")
VALUES (6.790, 'R$ / litro', '2022-11-22', '1635041000206',
        (SELECT "ID_Combustivel" FROM public."COMBUSTIVEL" WHERE "Nome" = 'DIESEL S500'))
ON CONFLICT DO NOTHING;


INSERT INTO public."PRECO_COLETADO" ("Preco", "UnidadeMedida", "DataColeta", "PostoCNPJ", "CombustivelID")
VALUES (6.290, 'R$ / litro', '2022-12-05', '1635041000206',
        (SELECT "ID_Combustivel" FROM public."COMBUSTIVEL" WHERE "Nome" = 'DIESEL S500'))
ON CONFLICT DO NOTHING;


INSERT INTO public."PRECO_COLETADO" ("Preco", "UnidadeMedida", "DataColeta", "PostoCNPJ", "CombustivelID")
VALUES (6.290, 'R$ / litro', '2022-12-12', '1635041000206',
        (SELECT "ID_Combustivel" FROM public."COMBUSTIVEL" WHERE "Nome" = 'DIESEL S500'))
ON CONFLICT DO NOTHING;


INSERT INTO public."PRECO_COLETADO" ("Preco", "UnidadeMedida", "DataColeta", "PostoCNPJ", "CombustivelID")
VALUES (5.990, 'R$ / litro', '2022-12-22', '1635041000206',
        (SELECT "ID_Combustivel" FROM public."COMBUSTIVEL" WHERE "Nome" = 'DIESEL S500'))
ON CONFLICT DO NOTHING;


INSERT INTO public."PRECO_COLETADO" ("Preco", "UnidadeMedida", "DataColeta", "PostoCNPJ", "CombustivelID")
VALUES (5.990, 'R$ / litro', '2022-12-26', '1635041000206',
        (SELECT "ID_Combustivel" FROM public."COMBUSTIVEL" WHERE "Nome" = 'DIESEL S500'))
ON CONFLICT DO NOTHING;


INSERT INTO public."PRECO_COLETADO" ("Preco", "UnidadeMedida", "DataColeta", "PostoCNPJ", "CombustivelID")
VALUES (5.990, 'R$ / litro', '2023-01-03', '1635041000206',
        (SELECT "ID_Combustivel" FROM public."COMBUSTIVEL" WHERE "Nome" = 'DIESEL S500'))
ON CONFLICT DO NOTHING;


INSERT INTO public."PRECO_COLETADO" ("Preco", "UnidadeMedida", "DataColeta", "PostoCNPJ", "CombustivelID")
VALUES (5.990, 'R$ / litro', '2023-01-10', '1635041000206',
        (SELECT "ID_Combustivel" FROM public."COMBUSTIVEL" WHERE "Nome" = 'DIESEL S500'))
ON CONFLICT DO NOTHING;


INSERT INTO public."PRECO_COLETADO" ("Preco", "UnidadeMedida", "DataColeta", "PostoCNPJ", "CombustivelID")
VALUES (5.990, 'R$ / litro', '2023-01-16', '1635041000206',
        (SELECT "ID_Combustivel" FROM public."COMBUSTIVEL" WHERE "Nome" = 'DIESEL S500'))
ON CONFLICT DO NOTHING;


INSERT INTO public."PRECO_COLETADO" ("Preco", "UnidadeMedida", "DataColeta", "PostoCNPJ", "CombustivelID")
VALUES (5.990, 'R$ / litro', '2023-01-23', '1635041000206',
        (SELECT "ID_Combustivel" FROM public."COMBUSTIVEL" WHERE "Nome" = 'DIESEL S500'))
ON CONFLICT DO NOTHING;


INSERT INTO public."PRECO_COLETADO" ("Preco", "UnidadeMedida", "DataColeta", "PostoCNPJ", "CombustivelID")
VALUES (5.990, 'R$ / litro', '2023-01-30', '1635041000206',
        (SELECT "ID_Combustivel" FROM public."COMBUSTIVEL" WHERE "Nome" = 'DIESEL S500'))
ON CONFLICT DO NOTHING;


INSERT INTO public."PRECO_COLETADO" ("Preco", "UnidadeMedida", "DataColeta", "PostoCNPJ", "CombustivelID")
VALUES (5.990, 'R$ / litro', '2023-02-06', '1635041000206',
        (SELECT "ID_Combustivel" FROM public."COMBUSTIVEL" WHERE "Nome" = 'DIESEL S500'))
ON CONFLICT DO NOTHING;


INSERT INTO public."PRECO_COLETADO" ("Preco", "UnidadeMedida", "DataColeta", "PostoCNPJ", "CombustivelID")
VALUES (5.990, 'R$ / litro', '2023-02-13', '1635041000206',
        (SELECT "ID_Combustivel" FROM public."COMBUSTIVEL" WHERE "Nome" = 'DIESEL S500'))
ON CONFLICT DO NOTHING;


INSERT INTO public."PRECO_COLETADO" ("Preco", "UnidadeMedida", "DataColeta", "PostoCNPJ", "CombustivelID")
VALUES (5.990, 'R$ / litro', '2023-02-20', '1635041000206',
        (SELECT "ID_Combustivel" FROM public."COMBUSTIVEL" WHERE "Nome" = 'DIESEL S500'))
ON CONFLICT DO NOTHING;


INSERT INTO public."PRECO_COLETADO" ("Preco", "UnidadeMedida", "DataColeta", "PostoCNPJ", "CombustivelID")
VALUES (5.990, 'R$ / litro', '2023-02-27', '1635041000206',
        (SELECT "ID_Combustivel" FROM public."COMBUSTIVEL" WHERE "Nome" = 'DIESEL S500'))
ON CONFLICT DO NOTHING;


INSERT INTO public."PRECO_COLETADO" ("Preco", "UnidadeMedida", "DataColeta", "PostoCNPJ", "CombustivelID")
VALUES (5.690, 'R$ / litro', '2023-03-06', '1635041000206',
        (SELECT "ID_Combustivel" FROM public."COMBUSTIVEL" WHERE "Nome" = 'DIESEL S500'))
ON CONFLICT DO NOTHING;


INSERT INTO public."PRECO_COLETADO" ("Preco", "UnidadeMedida", "DataColeta", "PostoCNPJ", "CombustivelID")
VALUES (5.690, 'R$ / litro', '2023-03-16', '1635041000206',
        (SELECT "ID_Combustivel" FROM public."COMBUSTIVEL" WHERE "Nome" = 'DIESEL S500'))
ON CONFLICT DO NOTHING;


INSERT INTO public."PRECO_COLETADO" ("Preco", "UnidadeMedida", "DataColeta", "PostoCNPJ", "CombustivelID")
VALUES (5.690, 'R$ / litro', '2023-03-21', '1635041000206',
        (SELECT "ID_Combustivel" FROM public."COMBUSTIVEL" WHERE "Nome" = 'DIESEL S500'))
ON CONFLICT DO NOTHING;


INSERT INTO public."PRECO_COLETADO" ("Preco", "UnidadeMedida", "DataColeta", "PostoCNPJ", "CombustivelID")
VALUES (5.690, 'R$ / litro', '2023-03-27', '1635041000206',
        (SELECT "ID_Combustivel" FROM public."COMBUSTIVEL" WHERE "Nome" = 'DIESEL S500'))
ON CONFLICT DO NOTHING;


INSERT INTO public."PRECO_COLETADO" ("Preco", "UnidadeMedida", "DataColeta", "PostoCNPJ", "CombustivelID")
VALUES (5.690, 'R$ / litro', '2023-04-04', '1635041000206',
        (SELECT "ID_Combustivel" FROM public."COMBUSTIVEL" WHERE "Nome" = 'DIESEL S500'))
ON CONFLICT DO NOTHING;


INSERT INTO public."PRECO_COLETADO" ("Preco", "UnidadeMedida", "DataColeta", "PostoCNPJ", "CombustivelID")
VALUES (5.590, 'R$ / litro', '2023-04-11', '1635041000206',
        (SELECT "ID_Combustivel" FROM public."COMBUSTIVEL" WHERE "Nome" = 'DIESEL S500'))
ON CONFLICT DO NOTHING;


INSERT INTO public."PRECO_COLETADO" ("Preco", "UnidadeMedida", "DataColeta", "PostoCNPJ", "CombustivelID")
VALUES (5.590, 'R$ / litro', '2023-04-17', '1635041000206',
        (SELECT "ID_Combustivel" FROM public."COMBUSTIVEL" WHERE "Nome" = 'DIESEL S500'))
ON CONFLICT DO NOTHING;


INSERT INTO public."PRECO_COLETADO" ("Preco", "UnidadeMedida", "DataColeta", "PostoCNPJ", "CombustivelID")
VALUES (5.590, 'R$ / litro', '2023-04-24', '1635041000206',
        (SELECT "ID_Combustivel" FROM public."COMBUSTIVEL" WHERE "Nome" = 'DIESEL S500'))
ON CONFLICT DO NOTHING;


INSERT INTO public."PRECO_COLETADO" ("Preco", "UnidadeMedida", "DataColeta", "PostoCNPJ", "CombustivelID")
VALUES (5.590, 'R$ / litro', '2023-05-03', '1635041000206',
        (SELECT "ID_Combustivel" FROM public."COMBUSTIVEL" WHERE "Nome" = 'DIESEL S500'))
ON CONFLICT DO NOTHING;


INSERT INTO public."PRECO_COLETADO" ("Preco", "UnidadeMedida", "DataColeta", "PostoCNPJ", "CombustivelID")
VALUES (5.590, 'R$ / litro', '2023-05-09', '1635041000206',
        (SELECT "ID_Combustivel" FROM public."COMBUSTIVEL" WHERE "Nome" = 'DIESEL S500'))
ON CONFLICT DO NOTHING;


INSERT INTO public."PRECO_COLETADO" ("Preco", "UnidadeMedida", "DataColeta", "PostoCNPJ", "CombustivelID")
VALUES (5.490, 'R$ / litro', '2023-05-15', '1635041000206',
        (SELECT "ID_Combustivel" FROM public."COMBUSTIVEL" WHERE "Nome" = 'DIESEL S500'))
ON CONFLICT DO NOTHING;


INSERT INTO public."PRECO_COLETADO" ("Preco", "UnidadeMedida", "DataColeta", "PostoCNPJ", "CombustivelID")
VALUES (5.390, 'R$ / litro', '2023-05-23', '1635041000206',
        (SELECT "ID_Combustivel" FROM public."COMBUSTIVEL" WHERE "Nome" = 'DIESEL S500'))
ON CONFLICT DO NOTHING;


INSERT INTO public."PRECO_COLETADO" ("Preco", "UnidadeMedida", "DataColeta", "PostoCNPJ", "CombustivelID")
VALUES (5.390, 'R$ / litro', '2023-05-30', '1635041000206',
        (SELECT "ID_Combustivel" FROM public."COMBUSTIVEL" WHERE "Nome" = 'DIESEL S500'))
ON CONFLICT DO NOTHING;


INSERT INTO public."PRECO_COLETADO" ("Preco", "UnidadeMedida", "DataColeta", "PostoCNPJ", "CombustivelID")
VALUES (5.390, 'R$ / litro', '2023-06-05', '1635041000206',
        (SELECT "ID_Combustivel" FROM public."COMBUSTIVEL" WHERE "Nome" = 'DIESEL S500'))
ON CONFLICT DO NOTHING;


INSERT INTO public."PRECO_COLETADO" ("Preco", "UnidadeMedida", "DataColeta", "PostoCNPJ", "CombustivelID")
VALUES (5.090, 'R$ / litro', '2023-06-13', '1635041000206',
        (SELECT "ID_Combustivel" FROM public."COMBUSTIVEL" WHERE "Nome" = 'DIESEL S500'))
ON CONFLICT DO NOTHING;


INSERT INTO public."PRECO_COLETADO" ("Preco", "UnidadeMedida", "DataColeta", "PostoCNPJ", "CombustivelID")
VALUES (5.090, 'R$ / litro', '2023-06-20', '1635041000206',
        (SELECT "ID_Combustivel" FROM public."COMBUSTIVEL" WHERE "Nome" = 'DIESEL S500'))
ON CONFLICT DO NOTHING;


INSERT INTO public."PRECO_COLETADO" ("Preco", "UnidadeMedida", "DataColeta", "PostoCNPJ", "CombustivelID")
VALUES (5.090, 'R$ / litro', '2023-06-27', '1635041000206',
        (SELECT "ID_Combustivel" FROM public."COMBUSTIVEL" WHERE "Nome" = 'DIESEL S500'))
ON CONFLICT DO NOTHING;


INSERT INTO public."PRECO_COLETADO" ("Preco", "UnidadeMedida", "DataColeta", "PostoCNPJ", "CombustivelID")
VALUES (5.090, 'R$ / litro', '2023-07-04', '1635041000206',
        (SELECT "ID_Combustivel" FROM public."COMBUSTIVEL" WHERE "Nome" = 'DIESEL S500'))
ON CONFLICT DO NOTHING;


INSERT INTO public."PRECO_COLETADO" ("Preco", "UnidadeMedida", "DataColeta", "PostoCNPJ", "CombustivelID")
VALUES (5.090, 'R$ / litro', '2023-07-10', '1635041000206',
        (SELECT "ID_Combustivel" FROM public."COMBUSTIVEL" WHERE "Nome" = 'DIESEL S500'))
ON CONFLICT DO NOTHING;


INSERT INTO public."PRECO_COLETADO" ("Preco", "UnidadeMedida", "DataColeta", "PostoCNPJ", "CombustivelID")
VALUES (5.090, 'R$ / litro', '2023-07-17', '1635041000206',
        (SELECT "ID_Combustivel" FROM public."COMBUSTIVEL" WHERE "Nome" = 'DIESEL S500'))
ON CONFLICT DO NOTHING;


INSERT INTO public."PRECO_COLETADO" ("Preco", "UnidadeMedida", "DataColeta", "PostoCNPJ", "CombustivelID")
VALUES (5.090, 'R$ / litro', '2023-07-24', '1635041000206',
        (SELECT "ID_Combustivel" FROM public."COMBUSTIVEL" WHERE "Nome" = 'DIESEL S500'))
ON CONFLICT DO NOTHING;


INSERT INTO public."PRECO_COLETADO" ("Preco", "UnidadeMedida", "DataColeta", "PostoCNPJ", "CombustivelID")
VALUES (5.090, 'R$ / litro', '2023-07-31', '1635041000206',
        (SELECT "ID_Combustivel" FROM public."COMBUSTIVEL" WHERE "Nome" = 'DIESEL S500'))
ON CONFLICT DO NOTHING;


INSERT INTO public."PRECO_COLETADO" ("Preco", "UnidadeMedida", "DataColeta", "PostoCNPJ", "CombustivelID")
VALUES (5.090, 'R$ / litro', '2023-08-07', '1635041000206',
        (SELECT "ID_Combustivel" FROM public."COMBUSTIVEL" WHERE "Nome" = 'DIESEL S500'))
ON CONFLICT DO NOTHING;


INSERT INTO public."PRECO_COLETADO" ("Preco", "UnidadeMedida", "DataColeta", "PostoCNPJ", "CombustivelID")
VALUES (5.090, 'R$ / litro', '2023-08-15', '1635041000206',
        (SELECT "ID_Combustivel" FROM public."COMBUSTIVEL" WHERE "Nome" = 'DIESEL S500'))
ON CONFLICT DO NOTHING;


INSERT INTO public."PRECO_COLETADO" ("Preco", "UnidadeMedida", "DataColeta", "PostoCNPJ", "CombustivelID")
VALUES (5.990, 'R$ / litro', '2023-08-22', '1635041000206',
        (SELECT "ID_Combustivel" FROM public."COMBUSTIVEL" WHERE "Nome" = 'DIESEL S500'))
ON CONFLICT DO NOTHING;


INSERT INTO public."PRECO_COLETADO" ("Preco", "UnidadeMedida", "DataColeta", "PostoCNPJ", "CombustivelID")
VALUES (5.990, 'R$ / litro', '2023-08-30', '1635041000206',
        (SELECT "ID_Combustivel" FROM public."COMBUSTIVEL" WHERE "Nome" = 'DIESEL S500'))
ON CONFLICT DO NOTHING;


INSERT INTO public."PRECO_COLETADO" ("Preco", "UnidadeMedida", "DataColeta", "PostoCNPJ", "CombustivelID")
VALUES (5.990, 'R$ / litro', '2023-09-07', '1635041000206',
        (SELECT "ID_Combustivel" FROM public."COMBUSTIVEL" WHERE "Nome" = 'DIESEL S500'))
ON CONFLICT DO NOTHING;


INSERT INTO public."PRECO_COLETADO" ("Preco", "UnidadeMedida", "DataColeta", "PostoCNPJ", "CombustivelID")
VALUES (5.990, 'R$ / litro', '2023-09-12', '1635041000206',
        (SELECT "ID_Combustivel" FROM public."COMBUSTIVEL" WHERE "Nome" = 'DIESEL S500'))
ON CONFLICT DO NOTHING;


INSERT INTO public."PRECO_COLETADO" ("Preco", "UnidadeMedida", "DataColeta", "PostoCNPJ", "CombustivelID")
VALUES (5.990, 'R$ / litro', '2023-09-19', '1635041000206',
        (SELECT "ID_Combustivel" FROM public."COMBUSTIVEL" WHERE "Nome" = 'DIESEL S500'))
ON CONFLICT DO NOTHING;


INSERT INTO public."PRECO_COLETADO" ("Preco", "UnidadeMedida", "DataColeta", "PostoCNPJ", "CombustivelID")
VALUES (5.990, 'R$ / litro', '2023-09-26', '1635041000206',
        (SELECT "ID_Combustivel" FROM public."COMBUSTIVEL" WHERE "Nome" = 'DIESEL S500'))
ON CONFLICT DO NOTHING;


INSERT INTO public."PRECO_COLETADO" ("Preco", "UnidadeMedida", "DataColeta", "PostoCNPJ", "CombustivelID")
VALUES (5.990, 'R$ / litro', '2023-10-03', '1635041000206',
        (SELECT "ID_Combustivel" FROM public."COMBUSTIVEL" WHERE "Nome" = 'DIESEL S500'))
ON CONFLICT DO NOTHING;


INSERT INTO public."PRECO_COLETADO" ("Preco", "UnidadeMedida", "DataColeta", "PostoCNPJ", "CombustivelID")
VALUES (5.990, 'R$ / litro', '2023-10-10', '1635041000206',
        (SELECT "ID_Combustivel" FROM public."COMBUSTIVEL" WHERE "Nome" = 'DIESEL S500'))
ON CONFLICT DO NOTHING;


INSERT INTO public."PRECO_COLETADO" ("Preco", "UnidadeMedida", "DataColeta", "PostoCNPJ", "CombustivelID")
VALUES (5.990, 'R$ / litro', '2023-10-16', '1635041000206',
        (SELECT "ID_Combustivel" FROM public."COMBUSTIVEL" WHERE "Nome" = 'DIESEL S500'))
ON CONFLICT DO NOTHING;


INSERT INTO public."PRECO_COLETADO" ("Preco", "UnidadeMedida", "DataColeta", "PostoCNPJ", "CombustivelID")
VALUES (6.190, 'R$ / litro', '2023-10-24', '1635041000206',
        (SELECT "ID_Combustivel" FROM public."COMBUSTIVEL" WHERE "Nome" = 'DIESEL S500'))
ON CONFLICT DO NOTHING;


INSERT INTO public."PRECO_COLETADO" ("Preco", "UnidadeMedida", "DataColeta", "PostoCNPJ", "CombustivelID")
VALUES (6.190, 'R$ / litro', '2023-10-31', '1635041000206',
        (SELECT "ID_Combustivel" FROM public."COMBUSTIVEL" WHERE "Nome" = 'DIESEL S500'))
ON CONFLICT DO NOTHING;


INSERT INTO public."PRECO_COLETADO" ("Preco", "UnidadeMedida", "DataColeta", "PostoCNPJ", "CombustivelID")
VALUES (6.190, 'R$ / litro', '2023-11-07', '1635041000206',
        (SELECT "ID_Combustivel" FROM public."COMBUSTIVEL" WHERE "Nome" = 'DIESEL S500'))
ON CONFLICT DO NOTHING;


INSERT INTO public."PRECO_COLETADO" ("Preco", "UnidadeMedida", "DataColeta", "PostoCNPJ", "CombustivelID")
VALUES (6.190, 'R$ / litro', '2023-11-14', '1635041000206',
        (SELECT "ID_Combustivel" FROM public."COMBUSTIVEL" WHERE "Nome" = 'DIESEL S500'))
ON CONFLICT DO NOTHING;


INSERT INTO public."PRECO_COLETADO" ("Preco", "UnidadeMedida", "DataColeta", "PostoCNPJ", "CombustivelID")
VALUES (6.190, 'R$ / litro', '2023-11-21', '1635041000206',
        (SELECT "ID_Combustivel" FROM public."COMBUSTIVEL" WHERE "Nome" = 'DIESEL S500'))
ON CONFLICT DO NOTHING;


INSERT INTO public."PRECO_COLETADO" ("Preco", "UnidadeMedida", "DataColeta", "PostoCNPJ", "CombustivelID")
VALUES (6.190, 'R$ / litro', '2023-11-28', '1635041000206',
        (SELECT "ID_Combustivel" FROM public."COMBUSTIVEL" WHERE "Nome" = 'DIESEL S500'))
ON CONFLICT DO NOTHING;


INSERT INTO public."PRECO_COLETADO" ("Preco", "UnidadeMedida", "DataColeta", "PostoCNPJ", "CombustivelID")
VALUES (6.190, 'R$ / litro', '2023-12-06', '1635041000206',
        (SELECT "ID_Combustivel" FROM public."COMBUSTIVEL" WHERE "Nome" = 'DIESEL S500'))
ON CONFLICT DO NOTHING;


INSERT INTO public."PRECO_COLETADO" ("Preco", "UnidadeMedida", "DataColeta", "PostoCNPJ", "CombustivelID")
VALUES (6.190, 'R$ / litro', '2023-12-13', '1635041000206',
        (SELECT "ID_Combustivel" FROM public."COMBUSTIVEL" WHERE "Nome" = 'DIESEL S500'))
ON CONFLICT DO NOTHING;


INSERT INTO public."PRECO_COLETADO" ("Preco", "UnidadeMedida", "DataColeta", "PostoCNPJ", "CombustivelID")
VALUES (6.190, 'R$ / litro', '2023-12-20', '1635041000206',
        (SELECT "ID_Combustivel" FROM public."COMBUSTIVEL" WHERE "Nome" = 'DIESEL S500'))
ON CONFLICT DO NOTHING;


INSERT INTO public."PRECO_COLETADO" ("Preco", "UnidadeMedida", "DataColeta", "PostoCNPJ", "CombustivelID")
VALUES (6.190, 'R$ / litro', '2023-12-26', '1635041000206',
        (SELECT "ID_Combustivel" FROM public."COMBUSTIVEL" WHERE "Nome" = 'DIESEL S500'))
ON CONFLICT DO NOTHING;


INSERT INTO public."PRECO_COLETADO" ("Preco", "UnidadeMedida", "DataColeta", "PostoCNPJ", "CombustivelID")
VALUES (6.190, 'R$ / litro', '2024-01-05', '1635041000206',
        (SELECT "ID_Combustivel" FROM public."COMBUSTIVEL" WHERE "Nome" = 'DIESEL S500'))
ON CONFLICT DO NOTHING;


INSERT INTO public."PRECO_COLETADO" ("Preco", "UnidadeMedida", "DataColeta", "PostoCNPJ", "CombustivelID")
VALUES (6.190, 'R$ / litro', '2024-01-08', '1635041000206',
        (SELECT "ID_Combustivel" FROM public."COMBUSTIVEL" WHERE "Nome" = 'DIESEL S500'))
ON CONFLICT DO NOTHING;


INSERT INTO public."PRECO_COLETADO" ("Preco", "UnidadeMedida", "DataColeta", "PostoCNPJ", "CombustivelID")
VALUES (6.190, 'R$ / litro', '2024-01-15', '1635041000206',
        (SELECT "ID_Combustivel" FROM public."COMBUSTIVEL" WHERE "Nome" = 'DIESEL S500'))
ON CONFLICT DO NOTHING;


INSERT INTO public."PRECO_COLETADO" ("Preco", "UnidadeMedida", "DataColeta", "PostoCNPJ", "CombustivelID")
VALUES (6.190, 'R$ / litro', '2024-01-22', '1635041000206',
        (SELECT "ID_Combustivel" FROM public."COMBUSTIVEL" WHERE "Nome" = 'DIESEL S500'))
ON CONFLICT DO NOTHING;


INSERT INTO public."PRECO_COLETADO" ("Preco", "UnidadeMedida", "DataColeta", "PostoCNPJ", "CombustivelID")
VALUES (6.190, 'R$ / litro', '2024-01-29', '1635041000206',
        (SELECT "ID_Combustivel" FROM public."COMBUSTIVEL" WHERE "Nome" = 'DIESEL S500'))
ON CONFLICT DO NOTHING;


INSERT INTO public."PRECO_COLETADO" ("Preco", "UnidadeMedida", "DataColeta", "PostoCNPJ", "CombustivelID")
VALUES (6.190, 'R$ / litro', '2024-02-05', '1635041000206',
        (SELECT "ID_Combustivel" FROM public."COMBUSTIVEL" WHERE "Nome" = 'DIESEL S500'))
ON CONFLICT DO NOTHING;


INSERT INTO public."PRECO_COLETADO" ("Preco", "UnidadeMedida", "DataColeta", "PostoCNPJ", "CombustivelID")
VALUES (6.190, 'R$ / litro', '2024-02-12', '1635041000206',
        (SELECT "ID_Combustivel" FROM public."COMBUSTIVEL" WHERE "Nome" = 'DIESEL S500'))
ON CONFLICT DO NOTHING;


INSERT INTO public."PRECO_COLETADO" ("Preco", "UnidadeMedida", "DataColeta", "PostoCNPJ", "CombustivelID")
VALUES (6.190, 'R$ / litro', '2024-02-19', '1635041000206',
        (SELECT "ID_Combustivel" FROM public."COMBUSTIVEL" WHERE "Nome" = 'DIESEL S500'))
ON CONFLICT DO NOTHING;


INSERT INTO public."PRECO_COLETADO" ("Preco", "UnidadeMedida", "DataColeta", "PostoCNPJ", "CombustivelID")
VALUES (6.190, 'R$ / litro', '2024-02-26', '1635041000206',
        (SELECT "ID_Combustivel" FROM public."COMBUSTIVEL" WHERE "Nome" = 'DIESEL S500'))
ON CONFLICT DO NOTHING;


INSERT INTO public."PRECO_COLETADO" ("Preco", "UnidadeMedida", "DataColeta", "PostoCNPJ", "CombustivelID")
VALUES (6.190, 'R$ / litro', '2024-03-04', '1635041000206',
        (SELECT "ID_Combustivel" FROM public."COMBUSTIVEL" WHERE "Nome" = 'DIESEL S500'))
ON CONFLICT DO NOTHING;


INSERT INTO public."PRECO_COLETADO" ("Preco", "UnidadeMedida", "DataColeta", "PostoCNPJ", "CombustivelID")
VALUES (6.190, 'R$ / litro', '2024-03-11', '1635041000206',
        (SELECT "ID_Combustivel" FROM public."COMBUSTIVEL" WHERE "Nome" = 'DIESEL S500'))
ON CONFLICT DO NOTHING;


INSERT INTO public."PRECO_COLETADO" ("Preco", "UnidadeMedida", "DataColeta", "PostoCNPJ", "CombustivelID")
VALUES (6.190, 'R$ / litro', '2024-03-18', '1635041000206',
        (SELECT "ID_Combustivel" FROM public."COMBUSTIVEL" WHERE "Nome" = 'DIESEL S500'))
ON CONFLICT DO NOTHING;


INSERT INTO public."PRECO_COLETADO" ("Preco", "UnidadeMedida", "DataColeta", "PostoCNPJ", "CombustivelID")
VALUES (5.890, 'R$ / litro', '2024-03-25', '1635041000206',
        (SELECT "ID_Combustivel" FROM public."COMBUSTIVEL" WHERE "Nome" = 'DIESEL S500'))
ON CONFLICT DO NOTHING;


INSERT INTO public."PRECO_COLETADO" ("Preco", "UnidadeMedida", "DataColeta", "PostoCNPJ", "CombustivelID")
VALUES (5.890, 'R$ / litro', '2024-04-01', '1635041000206',
        (SELECT "ID_Combustivel" FROM public."COMBUSTIVEL" WHERE "Nome" = 'DIESEL S500'))
ON CONFLICT DO NOTHING;


INSERT INTO public."PRECO_COLETADO" ("Preco", "UnidadeMedida", "DataColeta", "PostoCNPJ", "CombustivelID")
VALUES (5.890, 'R$ / litro', '2024-04-08', '1635041000206',
        (SELECT "ID_Combustivel" FROM public."COMBUSTIVEL" WHERE "Nome" = 'DIESEL S500'))
ON CONFLICT DO NOTHING;


INSERT INTO public."PRECO_COLETADO" ("Preco", "UnidadeMedida", "DataColeta", "PostoCNPJ", "CombustivelID")
VALUES (5.890, 'R$ / litro', '2024-04-15', '1635041000206',
        (SELECT "ID_Combustivel" FROM public."COMBUSTIVEL" WHERE "Nome" = 'DIESEL S500'))
ON CONFLICT DO NOTHING;


INSERT INTO public."PRECO_COLETADO" ("Preco", "UnidadeMedida", "DataColeta", "PostoCNPJ", "CombustivelID")
VALUES (5.890, 'R$ / litro', '2024-04-22', '1635041000206',
        (SELECT "ID_Combustivel" FROM public."COMBUSTIVEL" WHERE "Nome" = 'DIESEL S500'))
ON CONFLICT DO NOTHING;


INSERT INTO public."PRECO_COLETADO" ("Preco", "UnidadeMedida", "DataColeta", "PostoCNPJ", "CombustivelID")
VALUES (5.890, 'R$ / litro', '2024-04-29', '1635041000206',
        (SELECT "ID_Combustivel" FROM public."COMBUSTIVEL" WHERE "Nome" = 'DIESEL S500'))
ON CONFLICT DO NOTHING;


INSERT INTO public."PRECO_COLETADO" ("Preco", "UnidadeMedida", "DataColeta", "PostoCNPJ", "CombustivelID")
VALUES (5.890, 'R$ / litro', '2024-05-06', '1635041000206',
        (SELECT "ID_Combustivel" FROM public."COMBUSTIVEL" WHERE "Nome" = 'DIESEL S500'))
ON CONFLICT DO NOTHING;


INSERT INTO public."PRECO_COLETADO" ("Preco", "UnidadeMedida", "DataColeta", "PostoCNPJ", "CombustivelID")
VALUES (5.890, 'R$ / litro', '2024-05-20', '1635041000206',
        (SELECT "ID_Combustivel" FROM public."COMBUSTIVEL" WHERE "Nome" = 'DIESEL S500'))
ON CONFLICT DO NOTHING;


INSERT INTO public."PRECO_COLETADO" ("Preco", "UnidadeMedida", "DataColeta", "PostoCNPJ", "CombustivelID")
VALUES (5.890, 'R$ / litro', '2024-05-27', '1635041000206',
        (SELECT "ID_Combustivel" FROM public."COMBUSTIVEL" WHERE "Nome" = 'DIESEL S500'))
ON CONFLICT DO NOTHING;


INSERT INTO public."PRECO_COLETADO" ("Preco", "UnidadeMedida", "DataColeta", "PostoCNPJ", "CombustivelID")
VALUES (5.890, 'R$ / litro', '2024-06-03', '1635041000206',
        (SELECT "ID_Combustivel" FROM public."COMBUSTIVEL" WHERE "Nome" = 'DIESEL S500'))
ON CONFLICT DO NOTHING;


INSERT INTO public."PRECO_COLETADO" ("Preco", "UnidadeMedida", "DataColeta", "PostoCNPJ", "CombustivelID")
VALUES (5.890, 'R$ / litro', '2024-06-17', '1635041000206',
        (SELECT "ID_Combustivel" FROM public."COMBUSTIVEL" WHERE "Nome" = 'DIESEL S500'))
ON CONFLICT DO NOTHING;


INSERT INTO public."PRECO_COLETADO" ("Preco", "UnidadeMedida", "DataColeta", "PostoCNPJ", "CombustivelID")
VALUES (5.890, 'R$ / litro', '2024-06-24', '1635041000206',
        (SELECT "ID_Combustivel" FROM public."COMBUSTIVEL" WHERE "Nome" = 'DIESEL S500'))
ON CONFLICT DO NOTHING;


INSERT INTO public."PRECO_COLETADO" ("Preco", "UnidadeMedida", "DataColeta", "PostoCNPJ", "CombustivelID")
VALUES (5.890, 'R$ / litro', '2024-07-01', '1635041000206',
        (SELECT "ID_Combustivel" FROM public."COMBUSTIVEL" WHERE "Nome" = 'DIESEL S500'))
ON CONFLICT DO NOTHING;


INSERT INTO public."PRECO_COLETADO" ("Preco", "UnidadeMedida", "DataColeta", "PostoCNPJ", "CombustivelID")
VALUES (5.890, 'R$ / litro', '2024-07-09', '1635041000206',
        (SELECT "ID_Combustivel" FROM public."COMBUSTIVEL" WHERE "Nome" = 'DIESEL S500'))
ON CONFLICT DO NOTHING;


INSERT INTO public."PRECO_COLETADO" ("Preco", "UnidadeMedida", "DataColeta", "PostoCNPJ", "CombustivelID")
VALUES (5.890, 'R$ / litro', '2024-07-16', '1635041000206',
        (SELECT "ID_Combustivel" FROM public."COMBUSTIVEL" WHERE "Nome" = 'DIESEL S500'))
ON CONFLICT DO NOTHING;


INSERT INTO public."PRECO_COLETADO" ("Preco", "UnidadeMedida", "DataColeta", "PostoCNPJ", "CombustivelID")
VALUES (5.890, 'R$ / litro', '2024-07-22', '1635041000206',
        (SELECT "ID_Combustivel" FROM public."COMBUSTIVEL" WHERE "Nome" = 'DIESEL S500'))
ON CONFLICT DO NOTHING;


INSERT INTO public."PRECO_COLETADO" ("Preco", "UnidadeMedida", "DataColeta", "PostoCNPJ", "CombustivelID")
VALUES (5.890, 'R$ / litro', '2024-07-29', '1635041000206',
        (SELECT "ID_Combustivel" FROM public."COMBUSTIVEL" WHERE "Nome" = 'DIESEL S500'))
ON CONFLICT DO NOTHING;


INSERT INTO public."PRECO_COLETADO" ("Preco", "UnidadeMedida", "DataColeta", "PostoCNPJ", "CombustivelID")
VALUES (5.890, 'R$ / litro', '2024-08-05', '1635041000206',
        (SELECT "ID_Combustivel" FROM public."COMBUSTIVEL" WHERE "Nome" = 'DIESEL S500'))
ON CONFLICT DO NOTHING;


INSERT INTO public."PRECO_COLETADO" ("Preco", "UnidadeMedida", "DataColeta", "PostoCNPJ", "CombustivelID")
VALUES (5.890, 'R$ / litro', '2024-08-12', '1635041000206',
        (SELECT "ID_Combustivel" FROM public."COMBUSTIVEL" WHERE "Nome" = 'DIESEL S500'))
ON CONFLICT DO NOTHING;


INSERT INTO public."PRECO_COLETADO" ("Preco", "UnidadeMedida", "DataColeta", "PostoCNPJ", "CombustivelID")
VALUES (5.890, 'R$ / litro', '2024-08-20', '1635041000206',
        (SELECT "ID_Combustivel" FROM public."COMBUSTIVEL" WHERE "Nome" = 'DIESEL S500'))
ON CONFLICT DO NOTHING;


INSERT INTO public."PRECO_COLETADO" ("Preco", "UnidadeMedida", "DataColeta", "PostoCNPJ", "CombustivelID")
VALUES (5.890, 'R$ / litro', '2024-08-26', '1635041000206',
        (SELECT "ID_Combustivel" FROM public."COMBUSTIVEL" WHERE "Nome" = 'DIESEL S500'))
ON CONFLICT DO NOTHING;


INSERT INTO public."PRECO_COLETADO" ("Preco", "UnidadeMedida", "DataColeta", "PostoCNPJ", "CombustivelID")
VALUES (5.890, 'R$ / litro', '2024-09-02', '1635041000206',
        (SELECT "ID_Combustivel" FROM public."COMBUSTIVEL" WHERE "Nome" = 'DIESEL S500'))
ON CONFLICT DO NOTHING;


INSERT INTO public."COMBUSTIVEL" ("Nome")
VALUES ('GASOLINA ADITIVADA')
ON CONFLICT ("Nome") DO NOTHING;


INSERT INTO public."PRECO_COLETADO" ("Preco", "UnidadeMedida", "DataColeta", "PostoCNPJ", "CombustivelID")
VALUES (5.740, 'R$ / litro', '2022-08-04', '1635041000206',
        (SELECT "ID_Combustivel" FROM public."COMBUSTIVEL" WHERE "Nome" = 'GASOLINA ADITIVADA'))
ON CONFLICT DO NOTHING;


INSERT INTO public."PRECO_COLETADO" ("Preco", "UnidadeMedida", "DataColeta", "PostoCNPJ", "CombustivelID")
VALUES (5.730, 'R$ / litro', '2022-08-08', '1635041000206',
        (SELECT "ID_Combustivel" FROM public."COMBUSTIVEL" WHERE "Nome" = 'GASOLINA ADITIVADA'))
ON CONFLICT DO NOTHING;


INSERT INTO public."PRECO_COLETADO" ("Preco", "UnidadeMedida", "DataColeta", "PostoCNPJ", "CombustivelID")
VALUES (5.640, 'R$ / litro', '2022-08-15', '1635041000206',
        (SELECT "ID_Combustivel" FROM public."COMBUSTIVEL" WHERE "Nome" = 'GASOLINA ADITIVADA'))
ON CONFLICT DO NOTHING;


INSERT INTO public."PRECO_COLETADO" ("Preco", "UnidadeMedida", "DataColeta", "PostoCNPJ", "CombustivelID")
VALUES (5.560, 'R$ / litro', '2022-08-24', '1635041000206',
        (SELECT "ID_Combustivel" FROM public."COMBUSTIVEL" WHERE "Nome" = 'GASOLINA ADITIVADA'))
ON CONFLICT DO NOTHING;


INSERT INTO public."PRECO_COLETADO" ("Preco", "UnidadeMedida", "DataColeta", "PostoCNPJ", "CombustivelID")
VALUES (5.340, 'R$ / litro', '2022-09-01', '1635041000206',
        (SELECT "ID_Combustivel" FROM public."COMBUSTIVEL" WHERE "Nome" = 'GASOLINA ADITIVADA'))
ON CONFLICT DO NOTHING;


INSERT INTO public."PRECO_COLETADO" ("Preco", "UnidadeMedida", "DataColeta", "PostoCNPJ", "CombustivelID")
VALUES (4.940, 'R$ / litro', '2022-10-24', '1635041000206',
        (SELECT "ID_Combustivel" FROM public."COMBUSTIVEL" WHERE "Nome" = 'GASOLINA ADITIVADA'))
ON CONFLICT DO NOTHING;


INSERT INTO public."PRECO_COLETADO" ("Preco", "UnidadeMedida", "DataColeta", "PostoCNPJ", "CombustivelID")
VALUES (4.940, 'R$ / litro', '2022-10-31', '1635041000206',
        (SELECT "ID_Combustivel" FROM public."COMBUSTIVEL" WHERE "Nome" = 'GASOLINA ADITIVADA'))
ON CONFLICT DO NOTHING;


INSERT INTO public."PRECO_COLETADO" ("Preco", "UnidadeMedida", "DataColeta", "PostoCNPJ", "CombustivelID")
VALUES (5.240, 'R$ / litro', '2022-11-14', '1635041000206',
        (SELECT "ID_Combustivel" FROM public."COMBUSTIVEL" WHERE "Nome" = 'GASOLINA ADITIVADA'))
ON CONFLICT DO NOTHING;


INSERT INTO public."PRECO_COLETADO" ("Preco", "UnidadeMedida", "DataColeta", "PostoCNPJ", "CombustivelID")
VALUES (5.240, 'R$ / litro', '2022-11-22', '1635041000206',
        (SELECT "ID_Combustivel" FROM public."COMBUSTIVEL" WHERE "Nome" = 'GASOLINA ADITIVADA'))
ON CONFLICT DO NOTHING;


INSERT INTO public."PRECO_COLETADO" ("Preco", "UnidadeMedida", "DataColeta", "PostoCNPJ", "CombustivelID")
VALUES (5.320, 'R$ / litro', '2022-12-05', '1635041000206',
        (SELECT "ID_Combustivel" FROM public."COMBUSTIVEL" WHERE "Nome" = 'GASOLINA ADITIVADA'))
ON CONFLICT DO NOTHING;


INSERT INTO public."PRECO_COLETADO" ("Preco", "UnidadeMedida", "DataColeta", "PostoCNPJ", "CombustivelID")
VALUES (5.320, 'R$ / litro', '2022-12-12', '1635041000206',
        (SELECT "ID_Combustivel" FROM public."COMBUSTIVEL" WHERE "Nome" = 'GASOLINA ADITIVADA'))
ON CONFLICT DO NOTHING;


INSERT INTO public."PRECO_COLETADO" ("Preco", "UnidadeMedida", "DataColeta", "PostoCNPJ", "CombustivelID")
VALUES (5.200, 'R$ / litro', '2022-12-22', '1635041000206',
        (SELECT "ID_Combustivel" FROM public."COMBUSTIVEL" WHERE "Nome" = 'GASOLINA ADITIVADA'))
ON CONFLICT DO NOTHING;


INSERT INTO public."PRECO_COLETADO" ("Preco", "UnidadeMedida", "DataColeta", "PostoCNPJ", "CombustivelID")
VALUES (5.200, 'R$ / litro', '2022-12-26', '1635041000206',
        (SELECT "ID_Combustivel" FROM public."COMBUSTIVEL" WHERE "Nome" = 'GASOLINA ADITIVADA'))
ON CONFLICT DO NOTHING;


INSERT INTO public."PRECO_COLETADO" ("Preco", "UnidadeMedida", "DataColeta", "PostoCNPJ", "CombustivelID")
VALUES (5.200, 'R$ / litro', '2023-01-03', '1635041000206',
        (SELECT "ID_Combustivel" FROM public."COMBUSTIVEL" WHERE "Nome" = 'GASOLINA ADITIVADA'))
ON CONFLICT DO NOTHING;


INSERT INTO public."PRECO_COLETADO" ("Preco", "UnidadeMedida", "DataColeta", "PostoCNPJ", "CombustivelID")
VALUES (5.200, 'R$ / litro', '2023-01-10', '1635041000206',
        (SELECT "ID_Combustivel" FROM public."COMBUSTIVEL" WHERE "Nome" = 'GASOLINA ADITIVADA'))
ON CONFLICT DO NOTHING;


INSERT INTO public."PRECO_COLETADO" ("Preco", "UnidadeMedida", "DataColeta", "PostoCNPJ", "CombustivelID")
VALUES (5.200, 'R$ / litro', '2023-01-16', '1635041000206',
        (SELECT "ID_Combustivel" FROM public."COMBUSTIVEL" WHERE "Nome" = 'GASOLINA ADITIVADA'))
ON CONFLICT DO NOTHING;


INSERT INTO public."PRECO_COLETADO" ("Preco", "UnidadeMedida", "DataColeta", "PostoCNPJ", "CombustivelID")
VALUES (5.200, 'R$ / litro', '2023-01-23', '1635041000206',
        (SELECT "ID_Combustivel" FROM public."COMBUSTIVEL" WHERE "Nome" = 'GASOLINA ADITIVADA'))
ON CONFLICT DO NOTHING;


INSERT INTO public."PRECO_COLETADO" ("Preco", "UnidadeMedida", "DataColeta", "PostoCNPJ", "CombustivelID")
VALUES (5.400, 'R$ / litro', '2023-01-30', '1635041000206',
        (SELECT "ID_Combustivel" FROM public."COMBUSTIVEL" WHERE "Nome" = 'GASOLINA ADITIVADA'))
ON CONFLICT DO NOTHING;


INSERT INTO public."PRECO_COLETADO" ("Preco", "UnidadeMedida", "DataColeta", "PostoCNPJ", "CombustivelID")
VALUES (5.300, 'R$ / litro', '2023-02-06', '1635041000206',
        (SELECT "ID_Combustivel" FROM public."COMBUSTIVEL" WHERE "Nome" = 'GASOLINA ADITIVADA'))
ON CONFLICT DO NOTHING;


INSERT INTO public."PRECO_COLETADO" ("Preco", "UnidadeMedida", "DataColeta", "PostoCNPJ", "CombustivelID")
VALUES (4.290, 'R$ / litro', '2023-02-13', '1635041000206',
        (SELECT "ID_Combustivel" FROM public."COMBUSTIVEL" WHERE "Nome" = 'GASOLINA ADITIVADA'))
ON CONFLICT DO NOTHING;


INSERT INTO public."PRECO_COLETADO" ("Preco", "UnidadeMedida", "DataColeta", "PostoCNPJ", "CombustivelID")
VALUES (5.290, 'R$ / litro', '2023-02-20', '1635041000206',
        (SELECT "ID_Combustivel" FROM public."COMBUSTIVEL" WHERE "Nome" = 'GASOLINA ADITIVADA'))
ON CONFLICT DO NOTHING;


INSERT INTO public."PRECO_COLETADO" ("Preco", "UnidadeMedida", "DataColeta", "PostoCNPJ", "CombustivelID")
VALUES (5.340, 'R$ / litro', '2023-02-27', '1635041000206',
        (SELECT "ID_Combustivel" FROM public."COMBUSTIVEL" WHERE "Nome" = 'GASOLINA ADITIVADA'))
ON CONFLICT DO NOTHING;


INSERT INTO public."PRECO_COLETADO" ("Preco", "UnidadeMedida", "DataColeta", "PostoCNPJ", "CombustivelID")
VALUES (5.820, 'R$ / litro', '2023-03-06', '1635041000206',
        (SELECT "ID_Combustivel" FROM public."COMBUSTIVEL" WHERE "Nome" = 'GASOLINA ADITIVADA'))
ON CONFLICT DO NOTHING;


INSERT INTO public."PRECO_COLETADO" ("Preco", "UnidadeMedida", "DataColeta", "PostoCNPJ", "CombustivelID")
VALUES (5.800, 'R$ / litro', '2023-03-16', '1635041000206',
        (SELECT "ID_Combustivel" FROM public."COMBUSTIVEL" WHERE "Nome" = 'GASOLINA ADITIVADA'))
ON CONFLICT DO NOTHING;


INSERT INTO public."PRECO_COLETADO" ("Preco", "UnidadeMedida", "DataColeta", "PostoCNPJ", "CombustivelID")
VALUES (5.720, 'R$ / litro', '2023-03-21', '1635041000206',
        (SELECT "ID_Combustivel" FROM public."COMBUSTIVEL" WHERE "Nome" = 'GASOLINA ADITIVADA'))
ON CONFLICT DO NOTHING;


INSERT INTO public."PRECO_COLETADO" ("Preco", "UnidadeMedida", "DataColeta", "PostoCNPJ", "CombustivelID")
VALUES (5.680, 'R$ / litro', '2023-03-27', '1635041000206',
        (SELECT "ID_Combustivel" FROM public."COMBUSTIVEL" WHERE "Nome" = 'GASOLINA ADITIVADA'))
ON CONFLICT DO NOTHING;


INSERT INTO public."PRECO_COLETADO" ("Preco", "UnidadeMedida", "DataColeta", "PostoCNPJ", "CombustivelID")
VALUES (5.640, 'R$ / litro', '2023-04-04', '1635041000206',
        (SELECT "ID_Combustivel" FROM public."COMBUSTIVEL" WHERE "Nome" = 'GASOLINA ADITIVADA'))
ON CONFLICT DO NOTHING;


INSERT INTO public."PRECO_COLETADO" ("Preco", "UnidadeMedida", "DataColeta", "PostoCNPJ", "CombustivelID")
VALUES (5.640, 'R$ / litro', '2023-04-11', '1635041000206',
        (SELECT "ID_Combustivel" FROM public."COMBUSTIVEL" WHERE "Nome" = 'GASOLINA ADITIVADA'))
ON CONFLICT DO NOTHING;


INSERT INTO public."PRECO_COLETADO" ("Preco", "UnidadeMedida", "DataColeta", "PostoCNPJ", "CombustivelID")
VALUES (5.640, 'R$ / litro', '2023-04-17', '1635041000206',
        (SELECT "ID_Combustivel" FROM public."COMBUSTIVEL" WHERE "Nome" = 'GASOLINA ADITIVADA'))
ON CONFLICT DO NOTHING;


INSERT INTO public."PRECO_COLETADO" ("Preco", "UnidadeMedida", "DataColeta", "PostoCNPJ", "CombustivelID")
VALUES (5.640, 'R$ / litro', '2023-04-24', '1635041000206',
        (SELECT "ID_Combustivel" FROM public."COMBUSTIVEL" WHERE "Nome" = 'GASOLINA ADITIVADA'))
ON CONFLICT DO NOTHING;


INSERT INTO public."PRECO_COLETADO" ("Preco", "UnidadeMedida", "DataColeta", "PostoCNPJ", "CombustivelID")
VALUES (5.640, 'R$ / litro', '2023-05-03', '1635041000206',
        (SELECT "ID_Combustivel" FROM public."COMBUSTIVEL" WHERE "Nome" = 'GASOLINA ADITIVADA'))
ON CONFLICT DO NOTHING;


INSERT INTO public."PRECO_COLETADO" ("Preco", "UnidadeMedida", "DataColeta", "PostoCNPJ", "CombustivelID")
VALUES (5.600, 'R$ / litro', '2023-05-09', '1635041000206',
        (SELECT "ID_Combustivel" FROM public."COMBUSTIVEL" WHERE "Nome" = 'GASOLINA ADITIVADA'))
ON CONFLICT DO NOTHING;


INSERT INTO public."PRECO_COLETADO" ("Preco", "UnidadeMedida", "DataColeta", "PostoCNPJ", "CombustivelID")
VALUES (5.600, 'R$ / litro', '2023-05-15', '1635041000206',
        (SELECT "ID_Combustivel" FROM public."COMBUSTIVEL" WHERE "Nome" = 'GASOLINA ADITIVADA'))
ON CONFLICT DO NOTHING;


INSERT INTO public."PRECO_COLETADO" ("Preco", "UnidadeMedida", "DataColeta", "PostoCNPJ", "CombustivelID")
VALUES (5.500, 'R$ / litro', '2023-05-23', '1635041000206',
        (SELECT "ID_Combustivel" FROM public."COMBUSTIVEL" WHERE "Nome" = 'GASOLINA ADITIVADA'))
ON CONFLICT DO NOTHING;


INSERT INTO public."PRECO_COLETADO" ("Preco", "UnidadeMedida", "DataColeta", "PostoCNPJ", "CombustivelID")
VALUES (5.370, 'R$ / litro', '2023-05-30', '1635041000206',
        (SELECT "ID_Combustivel" FROM public."COMBUSTIVEL" WHERE "Nome" = 'GASOLINA ADITIVADA'))
ON CONFLICT DO NOTHING;


INSERT INTO public."PRECO_COLETADO" ("Preco", "UnidadeMedida", "DataColeta", "PostoCNPJ", "CombustivelID")
VALUES (5.840, 'R$ / litro', '2023-06-05', '1635041000206',
        (SELECT "ID_Combustivel" FROM public."COMBUSTIVEL" WHERE "Nome" = 'GASOLINA ADITIVADA'))
ON CONFLICT DO NOTHING;


INSERT INTO public."PRECO_COLETADO" ("Preco", "UnidadeMedida", "DataColeta", "PostoCNPJ", "CombustivelID")
VALUES (5.720, 'R$ / litro', '2023-06-13', '1635041000206',
        (SELECT "ID_Combustivel" FROM public."COMBUSTIVEL" WHERE "Nome" = 'GASOLINA ADITIVADA'))
ON CONFLICT DO NOTHING;


INSERT INTO public."PRECO_COLETADO" ("Preco", "UnidadeMedida", "DataColeta", "PostoCNPJ", "CombustivelID")
VALUES (5.640, 'R$ / litro', '2023-06-20', '1635041000206',
        (SELECT "ID_Combustivel" FROM public."COMBUSTIVEL" WHERE "Nome" = 'GASOLINA ADITIVADA'))
ON CONFLICT DO NOTHING;


INSERT INTO public."PRECO_COLETADO" ("Preco", "UnidadeMedida", "DataColeta", "PostoCNPJ", "CombustivelID")
VALUES (5.600, 'R$ / litro', '2023-06-27', '1635041000206',
        (SELECT "ID_Combustivel" FROM public."COMBUSTIVEL" WHERE "Nome" = 'GASOLINA ADITIVADA'))
ON CONFLICT DO NOTHING;


INSERT INTO public."PRECO_COLETADO" ("Preco", "UnidadeMedida", "DataColeta", "PostoCNPJ", "CombustivelID")
VALUES (6.140, 'R$ / litro', '2023-07-04', '1635041000206',
        (SELECT "ID_Combustivel" FROM public."COMBUSTIVEL" WHERE "Nome" = 'GASOLINA ADITIVADA'))
ON CONFLICT DO NOTHING;


INSERT INTO public."PRECO_COLETADO" ("Preco", "UnidadeMedida", "DataColeta", "PostoCNPJ", "CombustivelID")
VALUES (6.020, 'R$ / litro', '2023-07-10', '1635041000206',
        (SELECT "ID_Combustivel" FROM public."COMBUSTIVEL" WHERE "Nome" = 'GASOLINA ADITIVADA'))
ON CONFLICT DO NOTHING;


INSERT INTO public."PRECO_COLETADO" ("Preco", "UnidadeMedida", "DataColeta", "PostoCNPJ", "CombustivelID")
VALUES (6.020, 'R$ / litro', '2023-07-17', '1635041000206',
        (SELECT "ID_Combustivel" FROM public."COMBUSTIVEL" WHERE "Nome" = 'GASOLINA ADITIVADA'))
ON CONFLICT DO NOTHING;


INSERT INTO public."PRECO_COLETADO" ("Preco", "UnidadeMedida", "DataColeta", "PostoCNPJ", "CombustivelID")
VALUES (5.770, 'R$ / litro', '2023-07-24', '1635041000206',
        (SELECT "ID_Combustivel" FROM public."COMBUSTIVEL" WHERE "Nome" = 'GASOLINA ADITIVADA'))
ON CONFLICT DO NOTHING;


INSERT INTO public."PRECO_COLETADO" ("Preco", "UnidadeMedida", "DataColeta", "PostoCNPJ", "CombustivelID")
VALUES (5.670, 'R$ / litro', '2023-07-31', '1635041000206',
        (SELECT "ID_Combustivel" FROM public."COMBUSTIVEL" WHERE "Nome" = 'GASOLINA ADITIVADA'))
ON CONFLICT DO NOTHING;


INSERT INTO public."PRECO_COLETADO" ("Preco", "UnidadeMedida", "DataColeta", "PostoCNPJ", "CombustivelID")
VALUES (5.620, 'R$ / litro', '2023-08-07', '1635041000206',
        (SELECT "ID_Combustivel" FROM public."COMBUSTIVEL" WHERE "Nome" = 'GASOLINA ADITIVADA'))
ON CONFLICT DO NOTHING;


INSERT INTO public."PRECO_COLETADO" ("Preco", "UnidadeMedida", "DataColeta", "PostoCNPJ", "CombustivelID")
VALUES (5.570, 'R$ / litro', '2023-08-15', '1635041000206',
        (SELECT "ID_Combustivel" FROM public."COMBUSTIVEL" WHERE "Nome" = 'GASOLINA ADITIVADA'))
ON CONFLICT DO NOTHING;


INSERT INTO public."PRECO_COLETADO" ("Preco", "UnidadeMedida", "DataColeta", "PostoCNPJ", "CombustivelID")
VALUES (6.200, 'R$ / litro', '2023-08-22', '1635041000206',
        (SELECT "ID_Combustivel" FROM public."COMBUSTIVEL" WHERE "Nome" = 'GASOLINA ADITIVADA'))
ON CONFLICT DO NOTHING;


INSERT INTO public."PRECO_COLETADO" ("Preco", "UnidadeMedida", "DataColeta", "PostoCNPJ", "CombustivelID")
VALUES (5.740, 'R$ / litro', '2023-08-30', '1635041000206',
        (SELECT "ID_Combustivel" FROM public."COMBUSTIVEL" WHERE "Nome" = 'GASOLINA ADITIVADA'))
ON CONFLICT DO NOTHING;


INSERT INTO public."PRECO_COLETADO" ("Preco", "UnidadeMedida", "DataColeta", "PostoCNPJ", "CombustivelID")
VALUES (5.740, 'R$ / litro', '2023-09-07', '1635041000206',
        (SELECT "ID_Combustivel" FROM public."COMBUSTIVEL" WHERE "Nome" = 'GASOLINA ADITIVADA'))
ON CONFLICT DO NOTHING;


INSERT INTO public."PRECO_COLETADO" ("Preco", "UnidadeMedida", "DataColeta", "PostoCNPJ", "CombustivelID")
VALUES (5.740, 'R$ / litro', '2023-09-12', '1635041000206',
        (SELECT "ID_Combustivel" FROM public."COMBUSTIVEL" WHERE "Nome" = 'GASOLINA ADITIVADA'))
ON CONFLICT DO NOTHING;


INSERT INTO public."PRECO_COLETADO" ("Preco", "UnidadeMedida", "DataColeta", "PostoCNPJ", "CombustivelID")
VALUES (5.790, 'R$ / litro', '2023-09-19', '1635041000206',
        (SELECT "ID_Combustivel" FROM public."COMBUSTIVEL" WHERE "Nome" = 'GASOLINA ADITIVADA'))
ON CONFLICT DO NOTHING;


INSERT INTO public."PRECO_COLETADO" ("Preco", "UnidadeMedida", "DataColeta", "PostoCNPJ", "CombustivelID")
VALUES (6.190, 'R$ / litro', '2023-09-26', '1635041000206',
        (SELECT "ID_Combustivel" FROM public."COMBUSTIVEL" WHERE "Nome" = 'GASOLINA ADITIVADA'))
ON CONFLICT DO NOTHING;


INSERT INTO public."PRECO_COLETADO" ("Preco", "UnidadeMedida", "DataColeta", "PostoCNPJ", "CombustivelID")
VALUES (6.090, 'R$ / litro', '2023-10-03', '1635041000206',
        (SELECT "ID_Combustivel" FROM public."COMBUSTIVEL" WHERE "Nome" = 'GASOLINA ADITIVADA'))
ON CONFLICT DO NOTHING;


INSERT INTO public."PRECO_COLETADO" ("Preco", "UnidadeMedida", "DataColeta", "PostoCNPJ", "CombustivelID")
VALUES (6.060, 'R$ / litro', '2023-10-10', '1635041000206',
        (SELECT "ID_Combustivel" FROM public."COMBUSTIVEL" WHERE "Nome" = 'GASOLINA ADITIVADA'))
ON CONFLICT DO NOTHING;


INSERT INTO public."PRECO_COLETADO" ("Preco", "UnidadeMedida", "DataColeta", "PostoCNPJ", "CombustivelID")
VALUES (6.030, 'R$ / litro', '2023-10-16', '1635041000206',
        (SELECT "ID_Combustivel" FROM public."COMBUSTIVEL" WHERE "Nome" = 'GASOLINA ADITIVADA'))
ON CONFLICT DO NOTHING;


INSERT INTO public."PRECO_COLETADO" ("Preco", "UnidadeMedida", "DataColeta", "PostoCNPJ", "CombustivelID")
VALUES (5.880, 'R$ / litro', '2023-10-24', '1635041000206',
        (SELECT "ID_Combustivel" FROM public."COMBUSTIVEL" WHERE "Nome" = 'GASOLINA ADITIVADA'))
ON CONFLICT DO NOTHING;


INSERT INTO public."PRECO_COLETADO" ("Preco", "UnidadeMedida", "DataColeta", "PostoCNPJ", "CombustivelID")
VALUES (5.880, 'R$ / litro', '2023-10-31', '1635041000206',
        (SELECT "ID_Combustivel" FROM public."COMBUSTIVEL" WHERE "Nome" = 'GASOLINA ADITIVADA'))
ON CONFLICT DO NOTHING;


INSERT INTO public."PRECO_COLETADO" ("Preco", "UnidadeMedida", "DataColeta", "PostoCNPJ", "CombustivelID")
VALUES (5.880, 'R$ / litro', '2023-11-07', '1635041000206',
        (SELECT "ID_Combustivel" FROM public."COMBUSTIVEL" WHERE "Nome" = 'GASOLINA ADITIVADA'))
ON CONFLICT DO NOTHING;


INSERT INTO public."PRECO_COLETADO" ("Preco", "UnidadeMedida", "DataColeta", "PostoCNPJ", "CombustivelID")
VALUES (5.880, 'R$ / litro', '2023-11-14', '1635041000206',
        (SELECT "ID_Combustivel" FROM public."COMBUSTIVEL" WHERE "Nome" = 'GASOLINA ADITIVADA'))
ON CONFLICT DO NOTHING;


INSERT INTO public."PRECO_COLETADO" ("Preco", "UnidadeMedida", "DataColeta", "PostoCNPJ", "CombustivelID")
VALUES (6.080, 'R$ / litro', '2023-11-21', '1635041000206',
        (SELECT "ID_Combustivel" FROM public."COMBUSTIVEL" WHERE "Nome" = 'GASOLINA ADITIVADA'))
ON CONFLICT DO NOTHING;


INSERT INTO public."PRECO_COLETADO" ("Preco", "UnidadeMedida", "DataColeta", "PostoCNPJ", "CombustivelID")
VALUES (5.980, 'R$ / litro', '2023-11-28', '1635041000206',
        (SELECT "ID_Combustivel" FROM public."COMBUSTIVEL" WHERE "Nome" = 'GASOLINA ADITIVADA'))
ON CONFLICT DO NOTHING;


INSERT INTO public."PRECO_COLETADO" ("Preco", "UnidadeMedida", "DataColeta", "PostoCNPJ", "CombustivelID")
VALUES (5.980, 'R$ / litro', '2023-12-06', '1635041000206',
        (SELECT "ID_Combustivel" FROM public."COMBUSTIVEL" WHERE "Nome" = 'GASOLINA ADITIVADA'))
ON CONFLICT DO NOTHING;


INSERT INTO public."PRECO_COLETADO" ("Preco", "UnidadeMedida", "DataColeta", "PostoCNPJ", "CombustivelID")
VALUES (5.880, 'R$ / litro', '2023-12-13', '1635041000206',
        (SELECT "ID_Combustivel" FROM public."COMBUSTIVEL" WHERE "Nome" = 'GASOLINA ADITIVADA'))
ON CONFLICT DO NOTHING;


INSERT INTO public."PRECO_COLETADO" ("Preco", "UnidadeMedida", "DataColeta", "PostoCNPJ", "CombustivelID")
VALUES (5.780, 'R$ / litro', '2023-12-20', '1635041000206',
        (SELECT "ID_Combustivel" FROM public."COMBUSTIVEL" WHERE "Nome" = 'GASOLINA ADITIVADA'))
ON CONFLICT DO NOTHING;


INSERT INTO public."PRECO_COLETADO" ("Preco", "UnidadeMedida", "DataColeta", "PostoCNPJ", "CombustivelID")
VALUES (5.780, 'R$ / litro', '2023-12-26', '1635041000206',
        (SELECT "ID_Combustivel" FROM public."COMBUSTIVEL" WHERE "Nome" = 'GASOLINA ADITIVADA'))
ON CONFLICT DO NOTHING;


INSERT INTO public."PRECO_COLETADO" ("Preco", "UnidadeMedida", "DataColeta", "PostoCNPJ", "CombustivelID")
VALUES (5.680, 'R$ / litro', '2024-01-05', '1635041000206',
        (SELECT "ID_Combustivel" FROM public."COMBUSTIVEL" WHERE "Nome" = 'GASOLINA ADITIVADA'))
ON CONFLICT DO NOTHING;


INSERT INTO public."PRECO_COLETADO" ("Preco", "UnidadeMedida", "DataColeta", "PostoCNPJ", "CombustivelID")
VALUES (5.680, 'R$ / litro', '2024-01-08', '1635041000206',
        (SELECT "ID_Combustivel" FROM public."COMBUSTIVEL" WHERE "Nome" = 'GASOLINA ADITIVADA'))
ON CONFLICT DO NOTHING;


INSERT INTO public."PRECO_COLETADO" ("Preco", "UnidadeMedida", "DataColeta", "PostoCNPJ", "CombustivelID")
VALUES (5.680, 'R$ / litro', '2024-01-15', '1635041000206',
        (SELECT "ID_Combustivel" FROM public."COMBUSTIVEL" WHERE "Nome" = 'GASOLINA ADITIVADA'))
ON CONFLICT DO NOTHING;


INSERT INTO public."PRECO_COLETADO" ("Preco", "UnidadeMedida", "DataColeta", "PostoCNPJ", "CombustivelID")
VALUES (5.580, 'R$ / litro', '2024-01-22', '1635041000206',
        (SELECT "ID_Combustivel" FROM public."COMBUSTIVEL" WHERE "Nome" = 'GASOLINA ADITIVADA'))
ON CONFLICT DO NOTHING;


INSERT INTO public."PRECO_COLETADO" ("Preco", "UnidadeMedida", "DataColeta", "PostoCNPJ", "CombustivelID")
VALUES (5.580, 'R$ / litro', '2024-01-29', '1635041000206',
        (SELECT "ID_Combustivel" FROM public."COMBUSTIVEL" WHERE "Nome" = 'GASOLINA ADITIVADA'))
ON CONFLICT DO NOTHING;


INSERT INTO public."PRECO_COLETADO" ("Preco", "UnidadeMedida", "DataColeta", "PostoCNPJ", "CombustivelID")
VALUES (5.990, 'R$ / litro', '2024-02-05', '1635041000206',
        (SELECT "ID_Combustivel" FROM public."COMBUSTIVEL" WHERE "Nome" = 'GASOLINA ADITIVADA'))
ON CONFLICT DO NOTHING;


INSERT INTO public."PRECO_COLETADO" ("Preco", "UnidadeMedida", "DataColeta", "PostoCNPJ", "CombustivelID")
VALUES (6.090, 'R$ / litro', '2024-02-12', '1635041000206',
        (SELECT "ID_Combustivel" FROM public."COMBUSTIVEL" WHERE "Nome" = 'GASOLINA ADITIVADA'))
ON CONFLICT DO NOTHING;


INSERT INTO public."PRECO_COLETADO" ("Preco", "UnidadeMedida", "DataColeta", "PostoCNPJ", "CombustivelID")
VALUES (5.970, 'R$ / litro', '2024-02-19', '1635041000206',
        (SELECT "ID_Combustivel" FROM public."COMBUSTIVEL" WHERE "Nome" = 'GASOLINA ADITIVADA'))
ON CONFLICT DO NOTHING;


INSERT INTO public."PRECO_COLETADO" ("Preco", "UnidadeMedida", "DataColeta", "PostoCNPJ", "CombustivelID")
VALUES (5.790, 'R$ / litro', '2024-02-26', '1635041000206',
        (SELECT "ID_Combustivel" FROM public."COMBUSTIVEL" WHERE "Nome" = 'GASOLINA ADITIVADA'))
ON CONFLICT DO NOTHING;


INSERT INTO public."PRECO_COLETADO" ("Preco", "UnidadeMedida", "DataColeta", "PostoCNPJ", "CombustivelID")
VALUES (5.790, 'R$ / litro', '2024-03-04', '1635041000206',
        (SELECT "ID_Combustivel" FROM public."COMBUSTIVEL" WHERE "Nome" = 'GASOLINA ADITIVADA'))
ON CONFLICT DO NOTHING;


INSERT INTO public."PRECO_COLETADO" ("Preco", "UnidadeMedida", "DataColeta", "PostoCNPJ", "CombustivelID")
VALUES (5.890, 'R$ / litro', '2024-03-11', '1635041000206',
        (SELECT "ID_Combustivel" FROM public."COMBUSTIVEL" WHERE "Nome" = 'GASOLINA ADITIVADA'))
ON CONFLICT DO NOTHING;


INSERT INTO public."PRECO_COLETADO" ("Preco", "UnidadeMedida", "DataColeta", "PostoCNPJ", "CombustivelID")
VALUES (5.890, 'R$ / litro', '2024-03-18', '1635041000206',
        (SELECT "ID_Combustivel" FROM public."COMBUSTIVEL" WHERE "Nome" = 'GASOLINA ADITIVADA'))
ON CONFLICT DO NOTHING;


INSERT INTO public."PRECO_COLETADO" ("Preco", "UnidadeMedida", "DataColeta", "PostoCNPJ", "CombustivelID")
VALUES (5.890, 'R$ / litro', '2024-03-25', '1635041000206',
        (SELECT "ID_Combustivel" FROM public."COMBUSTIVEL" WHERE "Nome" = 'GASOLINA ADITIVADA'))
ON CONFLICT DO NOTHING;


INSERT INTO public."PRECO_COLETADO" ("Preco", "UnidadeMedida", "DataColeta", "PostoCNPJ", "CombustivelID")
VALUES (6.090, 'R$ / litro', '2024-04-01', '1635041000206',
        (SELECT "ID_Combustivel" FROM public."COMBUSTIVEL" WHERE "Nome" = 'GASOLINA ADITIVADA'))
ON CONFLICT DO NOTHING;


INSERT INTO public."PRECO_COLETADO" ("Preco", "UnidadeMedida", "DataColeta", "PostoCNPJ", "CombustivelID")
VALUES (5.860, 'R$ / litro', '2024-04-08', '1635041000206',
        (SELECT "ID_Combustivel" FROM public."COMBUSTIVEL" WHERE "Nome" = 'GASOLINA ADITIVADA'))
ON CONFLICT DO NOTHING;


INSERT INTO public."PRECO_COLETADO" ("Preco", "UnidadeMedida", "DataColeta", "PostoCNPJ", "CombustivelID")
VALUES (5.860, 'R$ / litro', '2024-04-15', '1635041000206',
        (SELECT "ID_Combustivel" FROM public."COMBUSTIVEL" WHERE "Nome" = 'GASOLINA ADITIVADA'))
ON CONFLICT DO NOTHING;


INSERT INTO public."PRECO_COLETADO" ("Preco", "UnidadeMedida", "DataColeta", "PostoCNPJ", "CombustivelID")
VALUES (5.860, 'R$ / litro', '2024-04-22', '1635041000206',
        (SELECT "ID_Combustivel" FROM public."COMBUSTIVEL" WHERE "Nome" = 'GASOLINA ADITIVADA'))
ON CONFLICT DO NOTHING;


INSERT INTO public."PRECO_COLETADO" ("Preco", "UnidadeMedida", "DataColeta", "PostoCNPJ", "CombustivelID")
VALUES (6.290, 'R$ / litro', '2024-04-29', '1635041000206',
        (SELECT "ID_Combustivel" FROM public."COMBUSTIVEL" WHERE "Nome" = 'GASOLINA ADITIVADA'))
ON CONFLICT DO NOTHING;


INSERT INTO public."PRECO_COLETADO" ("Preco", "UnidadeMedida", "DataColeta", "PostoCNPJ", "CombustivelID")
VALUES (6.290, 'R$ / litro', '2024-05-06', '1635041000206',
        (SELECT "ID_Combustivel" FROM public."COMBUSTIVEL" WHERE "Nome" = 'GASOLINA ADITIVADA'))
ON CONFLICT DO NOTHING;


INSERT INTO public."PRECO_COLETADO" ("Preco", "UnidadeMedida", "DataColeta", "PostoCNPJ", "CombustivelID")
VALUES (6.290, 'R$ / litro', '2024-05-20', '1635041000206',
        (SELECT "ID_Combustivel" FROM public."COMBUSTIVEL" WHERE "Nome" = 'GASOLINA ADITIVADA'))
ON CONFLICT DO NOTHING;


INSERT INTO public."PRECO_COLETADO" ("Preco", "UnidadeMedida", "DataColeta", "PostoCNPJ", "CombustivelID")
VALUES (6.290, 'R$ / litro', '2024-05-27', '1635041000206',
        (SELECT "ID_Combustivel" FROM public."COMBUSTIVEL" WHERE "Nome" = 'GASOLINA ADITIVADA'))
ON CONFLICT DO NOTHING;


INSERT INTO public."PRECO_COLETADO" ("Preco", "UnidadeMedida", "DataColeta", "PostoCNPJ", "CombustivelID")
VALUES (6.290, 'R$ / litro', '2024-06-03', '1635041000206',
        (SELECT "ID_Combustivel" FROM public."COMBUSTIVEL" WHERE "Nome" = 'GASOLINA ADITIVADA'))
ON CONFLICT DO NOTHING;


INSERT INTO public."PRECO_COLETADO" ("Preco", "UnidadeMedida", "DataColeta", "PostoCNPJ", "CombustivelID")
VALUES (6.290, 'R$ / litro', '2024-06-17', '1635041000206',
        (SELECT "ID_Combustivel" FROM public."COMBUSTIVEL" WHERE "Nome" = 'GASOLINA ADITIVADA'))
ON CONFLICT DO NOTHING;


INSERT INTO public."PRECO_COLETADO" ("Preco", "UnidadeMedida", "DataColeta", "PostoCNPJ", "CombustivelID")
VALUES (6.290, 'R$ / litro', '2024-06-24', '1635041000206',
        (SELECT "ID_Combustivel" FROM public."COMBUSTIVEL" WHERE "Nome" = 'GASOLINA ADITIVADA'))
ON CONFLICT DO NOTHING;


INSERT INTO public."PRECO_COLETADO" ("Preco", "UnidadeMedida", "DataColeta", "PostoCNPJ", "CombustivelID")
VALUES (6.290, 'R$ / litro', '2024-07-01', '1635041000206',
        (SELECT "ID_Combustivel" FROM public."COMBUSTIVEL" WHERE "Nome" = 'GASOLINA ADITIVADA'))
ON CONFLICT DO NOTHING;


INSERT INTO public."PRECO_COLETADO" ("Preco", "UnidadeMedida", "DataColeta", "PostoCNPJ", "CombustivelID")
VALUES (6.190, 'R$ / litro', '2024-07-09', '1635041000206',
        (SELECT "ID_Combustivel" FROM public."COMBUSTIVEL" WHERE "Nome" = 'GASOLINA ADITIVADA'))
ON CONFLICT DO NOTHING;


INSERT INTO public."PRECO_COLETADO" ("Preco", "UnidadeMedida", "DataColeta", "PostoCNPJ", "CombustivelID")
VALUES (6.490, 'R$ / litro', '2024-07-16', '1635041000206',
        (SELECT "ID_Combustivel" FROM public."COMBUSTIVEL" WHERE "Nome" = 'GASOLINA ADITIVADA'))
ON CONFLICT DO NOTHING;


INSERT INTO public."PRECO_COLETADO" ("Preco", "UnidadeMedida", "DataColeta", "PostoCNPJ", "CombustivelID")
VALUES (6.550, 'R$ / litro', '2024-07-22', '1635041000206',
        (SELECT "ID_Combustivel" FROM public."COMBUSTIVEL" WHERE "Nome" = 'GASOLINA ADITIVADA'))
ON CONFLICT DO NOTHING;


INSERT INTO public."PRECO_COLETADO" ("Preco", "UnidadeMedida", "DataColeta", "PostoCNPJ", "CombustivelID")
VALUES (6.550, 'R$ / litro', '2024-07-29', '1635041000206',
        (SELECT "ID_Combustivel" FROM public."COMBUSTIVEL" WHERE "Nome" = 'GASOLINA ADITIVADA'))
ON CONFLICT DO NOTHING;


INSERT INTO public."PRECO_COLETADO" ("Preco", "UnidadeMedida", "DataColeta", "PostoCNPJ", "CombustivelID")
VALUES (6.550, 'R$ / litro', '2024-08-05', '1635041000206',
        (SELECT "ID_Combustivel" FROM public."COMBUSTIVEL" WHERE "Nome" = 'GASOLINA ADITIVADA'))
ON CONFLICT DO NOTHING;


INSERT INTO public."PRECO_COLETADO" ("Preco", "UnidadeMedida", "DataColeta", "PostoCNPJ", "CombustivelID")
VALUES (6.550, 'R$ / litro', '2024-08-12', '1635041000206',
        (SELECT "ID_Combustivel" FROM public."COMBUSTIVEL" WHERE "Nome" = 'GASOLINA ADITIVADA'))
ON CONFLICT DO NOTHING;


INSERT INTO public."PRECO_COLETADO" ("Preco", "UnidadeMedida", "DataColeta", "PostoCNPJ", "CombustivelID")
VALUES (6.550, 'R$ / litro', '2024-08-20', '1635041000206',
        (SELECT "ID_Combustivel" FROM public."COMBUSTIVEL" WHERE "Nome" = 'GASOLINA ADITIVADA'))
ON CONFLICT DO NOTHING;


INSERT INTO public."PRECO_COLETADO" ("Preco", "UnidadeMedida", "DataColeta", "PostoCNPJ", "CombustivelID")
VALUES (6.550, 'R$ / litro', '2024-08-26', '1635041000206',
        (SELECT "ID_Combustivel" FROM public."COMBUSTIVEL" WHERE "Nome" = 'GASOLINA ADITIVADA'))
ON CONFLICT DO NOTHING;


INSERT INTO public."PRECO_COLETADO" ("Preco", "UnidadeMedida", "DataColeta", "PostoCNPJ", "CombustivelID")
VALUES (6.550, 'R$ / litro', '2024-09-02', '1635041000206',
        (SELECT "ID_Combustivel" FROM public."COMBUSTIVEL" WHERE "Nome" = 'GASOLINA ADITIVADA'))
ON CONFLICT DO NOTHING;


INSERT INTO public."COMBUSTIVEL" ("Nome")
VALUES ('GASOLINA COMUM')
ON CONFLICT ("Nome") DO NOTHING;


INSERT INTO public."PRECO_COLETADO" ("Preco", "UnidadeMedida", "DataColeta", "PostoCNPJ", "CombustivelID")
VALUES (5.590, 'R$ / litro', '2022-08-04', '1635041000206',
        (SELECT "ID_Combustivel" FROM public."COMBUSTIVEL" WHERE "Nome" = 'GASOLINA COMUM'))
ON CONFLICT DO NOTHING;


INSERT INTO public."PRECO_COLETADO" ("Preco", "UnidadeMedida", "DataColeta", "PostoCNPJ", "CombustivelID")
VALUES (5.580, 'R$ / litro', '2022-08-08', '1635041000206',
        (SELECT "ID_Combustivel" FROM public."COMBUSTIVEL" WHERE "Nome" = 'GASOLINA COMUM'))
ON CONFLICT DO NOTHING;


INSERT INTO public."PRECO_COLETADO" ("Preco", "UnidadeMedida", "DataColeta", "PostoCNPJ", "CombustivelID")
VALUES (5.490, 'R$ / litro', '2022-08-15', '1635041000206',
        (SELECT "ID_Combustivel" FROM public."COMBUSTIVEL" WHERE "Nome" = 'GASOLINA COMUM'))
ON CONFLICT DO NOTHING;


INSERT INTO public."PRECO_COLETADO" ("Preco", "UnidadeMedida", "DataColeta", "PostoCNPJ", "CombustivelID")
VALUES (5.390, 'R$ / litro', '2022-08-24', '1635041000206',
        (SELECT "ID_Combustivel" FROM public."COMBUSTIVEL" WHERE "Nome" = 'GASOLINA COMUM'))
ON CONFLICT DO NOTHING;


INSERT INTO public."PRECO_COLETADO" ("Preco", "UnidadeMedida", "DataColeta", "PostoCNPJ", "CombustivelID")
VALUES (5.190, 'R$ / litro', '2022-09-01', '1635041000206',
        (SELECT "ID_Combustivel" FROM public."COMBUSTIVEL" WHERE "Nome" = 'GASOLINA COMUM'))
ON CONFLICT DO NOTHING;


INSERT INTO public."PRECO_COLETADO" ("Preco", "UnidadeMedida", "DataColeta", "PostoCNPJ", "CombustivelID")
VALUES (4.790, 'R$ / litro', '2022-10-24', '1635041000206',
        (SELECT "ID_Combustivel" FROM public."COMBUSTIVEL" WHERE "Nome" = 'GASOLINA COMUM'))
ON CONFLICT DO NOTHING;


INSERT INTO public."PRECO_COLETADO" ("Preco", "UnidadeMedida", "DataColeta", "PostoCNPJ", "CombustivelID")
VALUES (4.690, 'R$ / litro', '2022-10-31', '1635041000206',
        (SELECT "ID_Combustivel" FROM public."COMBUSTIVEL" WHERE "Nome" = 'GASOLINA COMUM'))
ON CONFLICT DO NOTHING;


INSERT INTO public."PRECO_COLETADO" ("Preco", "UnidadeMedida", "DataColeta", "PostoCNPJ", "CombustivelID")
VALUES (4.990, 'R$ / litro', '2022-11-14', '1635041000206',
        (SELECT "ID_Combustivel" FROM public."COMBUSTIVEL" WHERE "Nome" = 'GASOLINA COMUM'))
ON CONFLICT DO NOTHING;


INSERT INTO public."PRECO_COLETADO" ("Preco", "UnidadeMedida", "DataColeta", "PostoCNPJ", "CombustivelID")
VALUES (4.990, 'R$ / litro', '2022-11-22', '1635041000206',
        (SELECT "ID_Combustivel" FROM public."COMBUSTIVEL" WHERE "Nome" = 'GASOLINA COMUM'))
ON CONFLICT DO NOTHING;


INSERT INTO public."PRECO_COLETADO" ("Preco", "UnidadeMedida", "DataColeta", "PostoCNPJ", "CombustivelID")
VALUES (4.970, 'R$ / litro', '2022-12-05', '1635041000206',
        (SELECT "ID_Combustivel" FROM public."COMBUSTIVEL" WHERE "Nome" = 'GASOLINA COMUM'))
ON CONFLICT DO NOTHING;


INSERT INTO public."PRECO_COLETADO" ("Preco", "UnidadeMedida", "DataColeta", "PostoCNPJ", "CombustivelID")
VALUES (4.970, 'R$ / litro', '2022-12-12', '1635041000206',
        (SELECT "ID_Combustivel" FROM public."COMBUSTIVEL" WHERE "Nome" = 'GASOLINA COMUM'))
ON CONFLICT DO NOTHING;


INSERT INTO public."PRECO_COLETADO" ("Preco", "UnidadeMedida", "DataColeta", "PostoCNPJ", "CombustivelID")
VALUES (4.750, 'R$ / litro', '2022-12-22', '1635041000206',
        (SELECT "ID_Combustivel" FROM public."COMBUSTIVEL" WHERE "Nome" = 'GASOLINA COMUM'))
ON CONFLICT DO NOTHING;


INSERT INTO public."PRECO_COLETADO" ("Preco", "UnidadeMedida", "DataColeta", "PostoCNPJ", "CombustivelID")
VALUES (4.840, 'R$ / litro', '2023-01-03', '1635041000206',
        (SELECT "ID_Combustivel" FROM public."COMBUSTIVEL" WHERE "Nome" = 'GASOLINA COMUM'))
ON CONFLICT DO NOTHING;


INSERT INTO public."PRECO_COLETADO" ("Preco", "UnidadeMedida", "DataColeta", "PostoCNPJ", "CombustivelID")
VALUES (4.950, 'R$ / litro', '2023-01-16', '1635041000206',
        (SELECT "ID_Combustivel" FROM public."COMBUSTIVEL" WHERE "Nome" = 'GASOLINA COMUM'))
ON CONFLICT DO NOTHING;


INSERT INTO public."PRECO_COLETADO" ("Preco", "UnidadeMedida", "DataColeta", "PostoCNPJ", "CombustivelID")
VALUES (4.950, 'R$ / litro', '2023-01-23', '1635041000206',
        (SELECT "ID_Combustivel" FROM public."COMBUSTIVEL" WHERE "Nome" = 'GASOLINA COMUM'))
ON CONFLICT DO NOTHING;


INSERT INTO public."PRECO_COLETADO" ("Preco", "UnidadeMedida", "DataColeta", "PostoCNPJ", "CombustivelID")
VALUES (5.050, 'R$ / litro', '2023-01-30', '1635041000206',
        (SELECT "ID_Combustivel" FROM public."COMBUSTIVEL" WHERE "Nome" = 'GASOLINA COMUM'))
ON CONFLICT DO NOTHING;


INSERT INTO public."PRECO_COLETADO" ("Preco", "UnidadeMedida", "DataColeta", "PostoCNPJ", "CombustivelID")
VALUES (4.950, 'R$ / litro', '2023-02-06', '1635041000206',
        (SELECT "ID_Combustivel" FROM public."COMBUSTIVEL" WHERE "Nome" = 'GASOLINA COMUM'))
ON CONFLICT DO NOTHING;


INSERT INTO public."PRECO_COLETADO" ("Preco", "UnidadeMedida", "DataColeta", "PostoCNPJ", "CombustivelID")
VALUES (5.040, 'R$ / litro', '2023-02-13', '1635041000206',
        (SELECT "ID_Combustivel" FROM public."COMBUSTIVEL" WHERE "Nome" = 'GASOLINA COMUM'))
ON CONFLICT DO NOTHING;


INSERT INTO public."PRECO_COLETADO" ("Preco", "UnidadeMedida", "DataColeta", "PostoCNPJ", "CombustivelID")
VALUES (4.840, 'R$ / litro', '2023-02-20', '1635041000206',
        (SELECT "ID_Combustivel" FROM public."COMBUSTIVEL" WHERE "Nome" = 'GASOLINA COMUM'))
ON CONFLICT DO NOTHING;


INSERT INTO public."PRECO_COLETADO" ("Preco", "UnidadeMedida", "DataColeta", "PostoCNPJ", "CombustivelID")
VALUES (4.880, 'R$ / litro', '2023-02-27', '1635041000206',
        (SELECT "ID_Combustivel" FROM public."COMBUSTIVEL" WHERE "Nome" = 'GASOLINA COMUM'))
ON CONFLICT DO NOTHING;


INSERT INTO public."PRECO_COLETADO" ("Preco", "UnidadeMedida", "DataColeta", "PostoCNPJ", "CombustivelID")
VALUES (5.570, 'R$ / litro', '2023-03-06', '1635041000206',
        (SELECT "ID_Combustivel" FROM public."COMBUSTIVEL" WHERE "Nome" = 'GASOLINA COMUM'))
ON CONFLICT DO NOTHING;


INSERT INTO public."PRECO_COLETADO" ("Preco", "UnidadeMedida", "DataColeta", "PostoCNPJ", "CombustivelID")
VALUES (5.450, 'R$ / litro', '2023-03-16', '1635041000206',
        (SELECT "ID_Combustivel" FROM public."COMBUSTIVEL" WHERE "Nome" = 'GASOLINA COMUM'))
ON CONFLICT DO NOTHING;


INSERT INTO public."PRECO_COLETADO" ("Preco", "UnidadeMedida", "DataColeta", "PostoCNPJ", "CombustivelID")
VALUES (5.370, 'R$ / litro', '2023-03-21', '1635041000206',
        (SELECT "ID_Combustivel" FROM public."COMBUSTIVEL" WHERE "Nome" = 'GASOLINA COMUM'))
ON CONFLICT DO NOTHING;


INSERT INTO public."PRECO_COLETADO" ("Preco", "UnidadeMedida", "DataColeta", "PostoCNPJ", "CombustivelID")
VALUES (5.330, 'R$ / litro', '2023-03-27', '1635041000206',
        (SELECT "ID_Combustivel" FROM public."COMBUSTIVEL" WHERE "Nome" = 'GASOLINA COMUM'))
ON CONFLICT DO NOTHING;


INSERT INTO public."PRECO_COLETADO" ("Preco", "UnidadeMedida", "DataColeta", "PostoCNPJ", "CombustivelID")
VALUES (5.290, 'R$ / litro', '2023-04-04', '1635041000206',
        (SELECT "ID_Combustivel" FROM public."COMBUSTIVEL" WHERE "Nome" = 'GASOLINA COMUM'))
ON CONFLICT DO NOTHING;


INSERT INTO public."PRECO_COLETADO" ("Preco", "UnidadeMedida", "DataColeta", "PostoCNPJ", "CombustivelID")
VALUES (5.290, 'R$ / litro', '2023-04-11', '1635041000206',
        (SELECT "ID_Combustivel" FROM public."COMBUSTIVEL" WHERE "Nome" = 'GASOLINA COMUM'))
ON CONFLICT DO NOTHING;


INSERT INTO public."PRECO_COLETADO" ("Preco", "UnidadeMedida", "DataColeta", "PostoCNPJ", "CombustivelID")
VALUES (5.390, 'R$ / litro', '2023-04-17', '1635041000206',
        (SELECT "ID_Combustivel" FROM public."COMBUSTIVEL" WHERE "Nome" = 'GASOLINA COMUM'))
ON CONFLICT DO NOTHING;


INSERT INTO public."PRECO_COLETADO" ("Preco", "UnidadeMedida", "DataColeta", "PostoCNPJ", "CombustivelID")
VALUES (5.290, 'R$ / litro', '2023-04-24', '1635041000206',
        (SELECT "ID_Combustivel" FROM public."COMBUSTIVEL" WHERE "Nome" = 'GASOLINA COMUM'))
ON CONFLICT DO NOTHING;


INSERT INTO public."PRECO_COLETADO" ("Preco", "UnidadeMedida", "DataColeta", "PostoCNPJ", "CombustivelID")
VALUES (5.290, 'R$ / litro', '2023-05-03', '1635041000206',
        (SELECT "ID_Combustivel" FROM public."COMBUSTIVEL" WHERE "Nome" = 'GASOLINA COMUM'))
ON CONFLICT DO NOTHING;


INSERT INTO public."PRECO_COLETADO" ("Preco", "UnidadeMedida", "DataColeta", "PostoCNPJ", "CombustivelID")
VALUES (5.290, 'R$ / litro', '2023-05-09', '1635041000206',
        (SELECT "ID_Combustivel" FROM public."COMBUSTIVEL" WHERE "Nome" = 'GASOLINA COMUM'))
ON CONFLICT DO NOTHING;


INSERT INTO public."PRECO_COLETADO" ("Preco", "UnidadeMedida", "DataColeta", "PostoCNPJ", "CombustivelID")
VALUES (5.250, 'R$ / litro', '2023-05-15', '1635041000206',
        (SELECT "ID_Combustivel" FROM public."COMBUSTIVEL" WHERE "Nome" = 'GASOLINA COMUM'))
ON CONFLICT DO NOTHING;


INSERT INTO public."PRECO_COLETADO" ("Preco", "UnidadeMedida", "DataColeta", "PostoCNPJ", "CombustivelID")
VALUES (5.060, 'R$ / litro', '2023-05-23', '1635041000206',
        (SELECT "ID_Combustivel" FROM public."COMBUSTIVEL" WHERE "Nome" = 'GASOLINA COMUM'))
ON CONFLICT DO NOTHING;


INSERT INTO public."PRECO_COLETADO" ("Preco", "UnidadeMedida", "DataColeta", "PostoCNPJ", "CombustivelID")
VALUES (5.020, 'R$ / litro', '2023-05-30', '1635041000206',
        (SELECT "ID_Combustivel" FROM public."COMBUSTIVEL" WHERE "Nome" = 'GASOLINA COMUM'))
ON CONFLICT DO NOTHING;


INSERT INTO public."PRECO_COLETADO" ("Preco", "UnidadeMedida", "DataColeta", "PostoCNPJ", "CombustivelID")
VALUES (5.490, 'R$ / litro', '2023-06-05', '1635041000206',
        (SELECT "ID_Combustivel" FROM public."COMBUSTIVEL" WHERE "Nome" = 'GASOLINA COMUM'))
ON CONFLICT DO NOTHING;


INSERT INTO public."PRECO_COLETADO" ("Preco", "UnidadeMedida", "DataColeta", "PostoCNPJ", "CombustivelID")
VALUES (5.290, 'R$ / litro', '2023-06-20', '1635041000206',
        (SELECT "ID_Combustivel" FROM public."COMBUSTIVEL" WHERE "Nome" = 'GASOLINA COMUM'))
ON CONFLICT DO NOTHING;


INSERT INTO public."PRECO_COLETADO" ("Preco", "UnidadeMedida", "DataColeta", "PostoCNPJ", "CombustivelID")
VALUES (5.250, 'R$ / litro', '2023-06-27', '1635041000206',
        (SELECT "ID_Combustivel" FROM public."COMBUSTIVEL" WHERE "Nome" = 'GASOLINA COMUM'))
ON CONFLICT DO NOTHING;


INSERT INTO public."PRECO_COLETADO" ("Preco", "UnidadeMedida", "DataColeta", "PostoCNPJ", "CombustivelID")
VALUES (5.790, 'R$ / litro', '2023-07-04', '1635041000206',
        (SELECT "ID_Combustivel" FROM public."COMBUSTIVEL" WHERE "Nome" = 'GASOLINA COMUM'))
ON CONFLICT DO NOTHING;


INSERT INTO public."PRECO_COLETADO" ("Preco", "UnidadeMedida", "DataColeta", "PostoCNPJ", "CombustivelID")
VALUES (5.670, 'R$ / litro', '2023-07-10', '1635041000206',
        (SELECT "ID_Combustivel" FROM public."COMBUSTIVEL" WHERE "Nome" = 'GASOLINA COMUM'))
ON CONFLICT DO NOTHING;


INSERT INTO public."PRECO_COLETADO" ("Preco", "UnidadeMedida", "DataColeta", "PostoCNPJ", "CombustivelID")
VALUES (5.770, 'R$ / litro', '2023-07-17', '1635041000206',
        (SELECT "ID_Combustivel" FROM public."COMBUSTIVEL" WHERE "Nome" = 'GASOLINA COMUM'))
ON CONFLICT DO NOTHING;


INSERT INTO public."PRECO_COLETADO" ("Preco", "UnidadeMedida", "DataColeta", "PostoCNPJ", "CombustivelID")
VALUES (5.420, 'R$ / litro', '2023-07-24', '1635041000206',
        (SELECT "ID_Combustivel" FROM public."COMBUSTIVEL" WHERE "Nome" = 'GASOLINA COMUM'))
ON CONFLICT DO NOTHING;


INSERT INTO public."PRECO_COLETADO" ("Preco", "UnidadeMedida", "DataColeta", "PostoCNPJ", "CombustivelID")
VALUES (5.320, 'R$ / litro', '2023-07-31', '1635041000206',
        (SELECT "ID_Combustivel" FROM public."COMBUSTIVEL" WHERE "Nome" = 'GASOLINA COMUM'))
ON CONFLICT DO NOTHING;


INSERT INTO public."PRECO_COLETADO" ("Preco", "UnidadeMedida", "DataColeta", "PostoCNPJ", "CombustivelID")
VALUES (5.370, 'R$ / litro', '2023-08-07', '1635041000206',
        (SELECT "ID_Combustivel" FROM public."COMBUSTIVEL" WHERE "Nome" = 'GASOLINA COMUM'))
ON CONFLICT DO NOTHING;


INSERT INTO public."PRECO_COLETADO" ("Preco", "UnidadeMedida", "DataColeta", "PostoCNPJ", "CombustivelID")
VALUES (5.220, 'R$ / litro', '2023-08-15', '1635041000206',
        (SELECT "ID_Combustivel" FROM public."COMBUSTIVEL" WHERE "Nome" = 'GASOLINA COMUM'))
ON CONFLICT DO NOTHING;


INSERT INTO public."PRECO_COLETADO" ("Preco", "UnidadeMedida", "DataColeta", "PostoCNPJ", "CombustivelID")
VALUES (5.850, 'R$ / litro', '2023-08-22', '1635041000206',
        (SELECT "ID_Combustivel" FROM public."COMBUSTIVEL" WHERE "Nome" = 'GASOLINA COMUM'))
ON CONFLICT DO NOTHING;


INSERT INTO public."PRECO_COLETADO" ("Preco", "UnidadeMedida", "DataColeta", "PostoCNPJ", "CombustivelID")
VALUES (5.390, 'R$ / litro', '2023-08-30', '1635041000206',
        (SELECT "ID_Combustivel" FROM public."COMBUSTIVEL" WHERE "Nome" = 'GASOLINA COMUM'))
ON CONFLICT DO NOTHING;


INSERT INTO public."PRECO_COLETADO" ("Preco", "UnidadeMedida", "DataColeta", "PostoCNPJ", "CombustivelID")
VALUES (5.390, 'R$ / litro', '2023-09-07', '1635041000206',
        (SELECT "ID_Combustivel" FROM public."COMBUSTIVEL" WHERE "Nome" = 'GASOLINA COMUM'))
ON CONFLICT DO NOTHING;


INSERT INTO public."PRECO_COLETADO" ("Preco", "UnidadeMedida", "DataColeta", "PostoCNPJ", "CombustivelID")
VALUES (5.390, 'R$ / litro', '2023-09-12', '1635041000206',
        (SELECT "ID_Combustivel" FROM public."COMBUSTIVEL" WHERE "Nome" = 'GASOLINA COMUM'))
ON CONFLICT DO NOTHING;


INSERT INTO public."PRECO_COLETADO" ("Preco", "UnidadeMedida", "DataColeta", "PostoCNPJ", "CombustivelID")
VALUES (5.490, 'R$ / litro', '2023-09-19', '1635041000206',
        (SELECT "ID_Combustivel" FROM public."COMBUSTIVEL" WHERE "Nome" = 'GASOLINA COMUM'))
ON CONFLICT DO NOTHING;


INSERT INTO public."PRECO_COLETADO" ("Preco", "UnidadeMedida", "DataColeta", "PostoCNPJ", "CombustivelID")
VALUES (5.790, 'R$ / litro', '2023-09-26', '1635041000206',
        (SELECT "ID_Combustivel" FROM public."COMBUSTIVEL" WHERE "Nome" = 'GASOLINA COMUM'))
ON CONFLICT DO NOTHING;


INSERT INTO public."PRECO_COLETADO" ("Preco", "UnidadeMedida", "DataColeta", "PostoCNPJ", "CombustivelID")
VALUES (5.690, 'R$ / litro', '2023-10-03', '1635041000206',
        (SELECT "ID_Combustivel" FROM public."COMBUSTIVEL" WHERE "Nome" = 'GASOLINA COMUM'))
ON CONFLICT DO NOTHING;


INSERT INTO public."PRECO_COLETADO" ("Preco", "UnidadeMedida", "DataColeta", "PostoCNPJ", "CombustivelID")
VALUES (5.660, 'R$ / litro', '2023-10-10', '1635041000206',
        (SELECT "ID_Combustivel" FROM public."COMBUSTIVEL" WHERE "Nome" = 'GASOLINA COMUM'))
ON CONFLICT DO NOTHING;


INSERT INTO public."PRECO_COLETADO" ("Preco", "UnidadeMedida", "DataColeta", "PostoCNPJ", "CombustivelID")
VALUES (5.630, 'R$ / litro', '2023-10-16', '1635041000206',
        (SELECT "ID_Combustivel" FROM public."COMBUSTIVEL" WHERE "Nome" = 'GASOLINA COMUM'))
ON CONFLICT DO NOTHING;


INSERT INTO public."PRECO_COLETADO" ("Preco", "UnidadeMedida", "DataColeta", "PostoCNPJ", "CombustivelID")
VALUES (5.480, 'R$ / litro', '2023-10-24', '1635041000206',
        (SELECT "ID_Combustivel" FROM public."COMBUSTIVEL" WHERE "Nome" = 'GASOLINA COMUM'))
ON CONFLICT DO NOTHING;


INSERT INTO public."PRECO_COLETADO" ("Preco", "UnidadeMedida", "DataColeta", "PostoCNPJ", "CombustivelID")
VALUES (5.480, 'R$ / litro', '2023-10-31', '1635041000206',
        (SELECT "ID_Combustivel" FROM public."COMBUSTIVEL" WHERE "Nome" = 'GASOLINA COMUM'))
ON CONFLICT DO NOTHING;


INSERT INTO public."PRECO_COLETADO" ("Preco", "UnidadeMedida", "DataColeta", "PostoCNPJ", "CombustivelID")
VALUES (5.480, 'R$ / litro', '2023-11-07', '1635041000206',
        (SELECT "ID_Combustivel" FROM public."COMBUSTIVEL" WHERE "Nome" = 'GASOLINA COMUM'))
ON CONFLICT DO NOTHING;


INSERT INTO public."PRECO_COLETADO" ("Preco", "UnidadeMedida", "DataColeta", "PostoCNPJ", "CombustivelID")
VALUES (5.480, 'R$ / litro', '2023-11-14', '1635041000206',
        (SELECT "ID_Combustivel" FROM public."COMBUSTIVEL" WHERE "Nome" = 'GASOLINA COMUM'))
ON CONFLICT DO NOTHING;


INSERT INTO public."PRECO_COLETADO" ("Preco", "UnidadeMedida", "DataColeta", "PostoCNPJ", "CombustivelID")
VALUES (5.680, 'R$ / litro', '2023-11-21', '1635041000206',
        (SELECT "ID_Combustivel" FROM public."COMBUSTIVEL" WHERE "Nome" = 'GASOLINA COMUM'))
ON CONFLICT DO NOTHING;


INSERT INTO public."PRECO_COLETADO" ("Preco", "UnidadeMedida", "DataColeta", "PostoCNPJ", "CombustivelID")
VALUES (5.480, 'R$ / litro', '2023-12-13', '1635041000206',
        (SELECT "ID_Combustivel" FROM public."COMBUSTIVEL" WHERE "Nome" = 'GASOLINA COMUM'))
ON CONFLICT DO NOTHING;


INSERT INTO public."PRECO_COLETADO" ("Preco", "UnidadeMedida", "DataColeta", "PostoCNPJ", "CombustivelID")
VALUES (5.380, 'R$ / litro', '2023-12-20', '1635041000206',
        (SELECT "ID_Combustivel" FROM public."COMBUSTIVEL" WHERE "Nome" = 'GASOLINA COMUM'))
ON CONFLICT DO NOTHING;


INSERT INTO public."PRECO_COLETADO" ("Preco", "UnidadeMedida", "DataColeta", "PostoCNPJ", "CombustivelID")
VALUES (5.380, 'R$ / litro', '2023-12-26', '1635041000206',
        (SELECT "ID_Combustivel" FROM public."COMBUSTIVEL" WHERE "Nome" = 'GASOLINA COMUM'))
ON CONFLICT DO NOTHING;


INSERT INTO public."PRECO_COLETADO" ("Preco", "UnidadeMedida", "DataColeta", "PostoCNPJ", "CombustivelID")
VALUES (5.280, 'R$ / litro', '2024-01-05', '1635041000206',
        (SELECT "ID_Combustivel" FROM public."COMBUSTIVEL" WHERE "Nome" = 'GASOLINA COMUM'))
ON CONFLICT DO NOTHING;


INSERT INTO public."PRECO_COLETADO" ("Preco", "UnidadeMedida", "DataColeta", "PostoCNPJ", "CombustivelID")
VALUES (5.280, 'R$ / litro', '2024-01-08', '1635041000206',
        (SELECT "ID_Combustivel" FROM public."COMBUSTIVEL" WHERE "Nome" = 'GASOLINA COMUM'))
ON CONFLICT DO NOTHING;


INSERT INTO public."PRECO_COLETADO" ("Preco", "UnidadeMedida", "DataColeta", "PostoCNPJ", "CombustivelID")
VALUES (5.380, 'R$ / litro', '2024-01-15', '1635041000206',
        (SELECT "ID_Combustivel" FROM public."COMBUSTIVEL" WHERE "Nome" = 'GASOLINA COMUM'))
ON CONFLICT DO NOTHING;


INSERT INTO public."PRECO_COLETADO" ("Preco", "UnidadeMedida", "DataColeta", "PostoCNPJ", "CombustivelID")
VALUES (5.180, 'R$ / litro', '2024-01-29', '1635041000206',
        (SELECT "ID_Combustivel" FROM public."COMBUSTIVEL" WHERE "Nome" = 'GASOLINA COMUM'))
ON CONFLICT DO NOTHING;


INSERT INTO public."PRECO_COLETADO" ("Preco", "UnidadeMedida", "DataColeta", "PostoCNPJ", "CombustivelID")
VALUES (5.590, 'R$ / litro', '2024-02-05', '1635041000206',
        (SELECT "ID_Combustivel" FROM public."COMBUSTIVEL" WHERE "Nome" = 'GASOLINA COMUM'))
ON CONFLICT DO NOTHING;


INSERT INTO public."PRECO_COLETADO" ("Preco", "UnidadeMedida", "DataColeta", "PostoCNPJ", "CombustivelID")
VALUES (5.690, 'R$ / litro', '2024-02-12', '1635041000206',
        (SELECT "ID_Combustivel" FROM public."COMBUSTIVEL" WHERE "Nome" = 'GASOLINA COMUM'))
ON CONFLICT DO NOTHING;


INSERT INTO public."PRECO_COLETADO" ("Preco", "UnidadeMedida", "DataColeta", "PostoCNPJ", "CombustivelID")
VALUES (5.570, 'R$ / litro', '2024-02-19', '1635041000206',
        (SELECT "ID_Combustivel" FROM public."COMBUSTIVEL" WHERE "Nome" = 'GASOLINA COMUM'))
ON CONFLICT DO NOTHING;


INSERT INTO public."PRECO_COLETADO" ("Preco", "UnidadeMedida", "DataColeta", "PostoCNPJ", "CombustivelID")
VALUES (5.390, 'R$ / litro', '2024-02-26', '1635041000206',
        (SELECT "ID_Combustivel" FROM public."COMBUSTIVEL" WHERE "Nome" = 'GASOLINA COMUM'))
ON CONFLICT DO NOTHING;


INSERT INTO public."PRECO_COLETADO" ("Preco", "UnidadeMedida", "DataColeta", "PostoCNPJ", "CombustivelID")
VALUES (5.390, 'R$ / litro', '2024-03-04', '1635041000206',
        (SELECT "ID_Combustivel" FROM public."COMBUSTIVEL" WHERE "Nome" = 'GASOLINA COMUM'))
ON CONFLICT DO NOTHING;


INSERT INTO public."PRECO_COLETADO" ("Preco", "UnidadeMedida", "DataColeta", "PostoCNPJ", "CombustivelID")
VALUES (5.590, 'R$ / litro', '2024-03-11', '1635041000206',
        (SELECT "ID_Combustivel" FROM public."COMBUSTIVEL" WHERE "Nome" = 'GASOLINA COMUM'))
ON CONFLICT DO NOTHING;


INSERT INTO public."PRECO_COLETADO" ("Preco", "UnidadeMedida", "DataColeta", "PostoCNPJ", "CombustivelID")
VALUES (5.590, 'R$ / litro', '2024-03-18', '1635041000206',
        (SELECT "ID_Combustivel" FROM public."COMBUSTIVEL" WHERE "Nome" = 'GASOLINA COMUM'))
ON CONFLICT DO NOTHING;


INSERT INTO public."PRECO_COLETADO" ("Preco", "UnidadeMedida", "DataColeta", "PostoCNPJ", "CombustivelID")
VALUES (5.490, 'R$ / litro', '2024-03-25', '1635041000206',
        (SELECT "ID_Combustivel" FROM public."COMBUSTIVEL" WHERE "Nome" = 'GASOLINA COMUM'))
ON CONFLICT DO NOTHING;


INSERT INTO public."PRECO_COLETADO" ("Preco", "UnidadeMedida", "DataColeta", "PostoCNPJ", "CombustivelID")
VALUES (5.690, 'R$ / litro', '2024-04-01', '1635041000206',
        (SELECT "ID_Combustivel" FROM public."COMBUSTIVEL" WHERE "Nome" = 'GASOLINA COMUM'))
ON CONFLICT DO NOTHING;


INSERT INTO public."PRECO_COLETADO" ("Preco", "UnidadeMedida", "DataColeta", "PostoCNPJ", "CombustivelID")
VALUES (5.460, 'R$ / litro', '2024-04-08', '1635041000206',
        (SELECT "ID_Combustivel" FROM public."COMBUSTIVEL" WHERE "Nome" = 'GASOLINA COMUM'))
ON CONFLICT DO NOTHING;


INSERT INTO public."PRECO_COLETADO" ("Preco", "UnidadeMedida", "DataColeta", "PostoCNPJ", "CombustivelID")
VALUES (5.460, 'R$ / litro', '2024-04-15', '1635041000206',
        (SELECT "ID_Combustivel" FROM public."COMBUSTIVEL" WHERE "Nome" = 'GASOLINA COMUM'))
ON CONFLICT DO NOTHING;


INSERT INTO public."PRECO_COLETADO" ("Preco", "UnidadeMedida", "DataColeta", "PostoCNPJ", "CombustivelID")
VALUES (5.460, 'R$ / litro', '2024-04-22', '1635041000206',
        (SELECT "ID_Combustivel" FROM public."COMBUSTIVEL" WHERE "Nome" = 'GASOLINA COMUM'))
ON CONFLICT DO NOTHING;


INSERT INTO public."PRECO_COLETADO" ("Preco", "UnidadeMedida", "DataColeta", "PostoCNPJ", "CombustivelID")
VALUES (5.890, 'R$ / litro', '2024-04-29', '1635041000206',
        (SELECT "ID_Combustivel" FROM public."COMBUSTIVEL" WHERE "Nome" = 'GASOLINA COMUM'))
ON CONFLICT DO NOTHING;


INSERT INTO public."PRECO_COLETADO" ("Preco", "UnidadeMedida", "DataColeta", "PostoCNPJ", "CombustivelID")
VALUES (5.890, 'R$ / litro', '2024-05-06', '1635041000206',
        (SELECT "ID_Combustivel" FROM public."COMBUSTIVEL" WHERE "Nome" = 'GASOLINA COMUM'))
ON CONFLICT DO NOTHING;


INSERT INTO public."PRECO_COLETADO" ("Preco", "UnidadeMedida", "DataColeta", "PostoCNPJ", "CombustivelID")
VALUES (5.890, 'R$ / litro', '2024-05-13', '1635041000206',
        (SELECT "ID_Combustivel" FROM public."COMBUSTIVEL" WHERE "Nome" = 'GASOLINA COMUM'))
ON CONFLICT DO NOTHING;


INSERT INTO public."PRECO_COLETADO" ("Preco", "UnidadeMedida", "DataColeta", "PostoCNPJ", "CombustivelID")
VALUES (5.790, 'R$ / litro', '2024-05-20', '1635041000206',
        (SELECT "ID_Combustivel" FROM public."COMBUSTIVEL" WHERE "Nome" = 'GASOLINA COMUM'))
ON CONFLICT DO NOTHING;


INSERT INTO public."PRECO_COLETADO" ("Preco", "UnidadeMedida", "DataColeta", "PostoCNPJ", "CombustivelID")
VALUES (5.790, 'R$ / litro', '2024-05-27', '1635041000206',
        (SELECT "ID_Combustivel" FROM public."COMBUSTIVEL" WHERE "Nome" = 'GASOLINA COMUM'))
ON CONFLICT DO NOTHING;


INSERT INTO public."PRECO_COLETADO" ("Preco", "UnidadeMedida", "DataColeta", "PostoCNPJ", "CombustivelID")
VALUES (5.790, 'R$ / litro', '2024-06-03', '1635041000206',
        (SELECT "ID_Combustivel" FROM public."COMBUSTIVEL" WHERE "Nome" = 'GASOLINA COMUM'))
ON CONFLICT DO NOTHING;


INSERT INTO public."PRECO_COLETADO" ("Preco", "UnidadeMedida", "DataColeta", "PostoCNPJ", "CombustivelID")
VALUES (5.790, 'R$ / litro', '2024-06-17', '1635041000206',
        (SELECT "ID_Combustivel" FROM public."COMBUSTIVEL" WHERE "Nome" = 'GASOLINA COMUM'))
ON CONFLICT DO NOTHING;


INSERT INTO public."PRECO_COLETADO" ("Preco", "UnidadeMedida", "DataColeta", "PostoCNPJ", "CombustivelID")
VALUES (5.790, 'R$ / litro', '2024-06-24', '1635041000206',
        (SELECT "ID_Combustivel" FROM public."COMBUSTIVEL" WHERE "Nome" = 'GASOLINA COMUM'))
ON CONFLICT DO NOTHING;


INSERT INTO public."PRECO_COLETADO" ("Preco", "UnidadeMedida", "DataColeta", "PostoCNPJ", "CombustivelID")
VALUES (5.790, 'R$ / litro', '2024-07-01', '1635041000206',
        (SELECT "ID_Combustivel" FROM public."COMBUSTIVEL" WHERE "Nome" = 'GASOLINA COMUM'))
ON CONFLICT DO NOTHING;


INSERT INTO public."PRECO_COLETADO" ("Preco", "UnidadeMedida", "DataColeta", "PostoCNPJ", "CombustivelID")
VALUES (5.690, 'R$ / litro', '2024-07-09', '1635041000206',
        (SELECT "ID_Combustivel" FROM public."COMBUSTIVEL" WHERE "Nome" = 'GASOLINA COMUM'))
ON CONFLICT DO NOTHING;


INSERT INTO public."PRECO_COLETADO" ("Preco", "UnidadeMedida", "DataColeta", "PostoCNPJ", "CombustivelID")
VALUES (6.190, 'R$ / litro', '2024-07-16', '1635041000206',
        (SELECT "ID_Combustivel" FROM public."COMBUSTIVEL" WHERE "Nome" = 'GASOLINA COMUM'))
ON CONFLICT DO NOTHING;


INSERT INTO public."PRECO_COLETADO" ("Preco", "UnidadeMedida", "DataColeta", "PostoCNPJ", "CombustivelID")
VALUES (6.150, 'R$ / litro', '2024-07-22', '1635041000206',
        (SELECT "ID_Combustivel" FROM public."COMBUSTIVEL" WHERE "Nome" = 'GASOLINA COMUM'))
ON CONFLICT DO NOTHING;


INSERT INTO public."PRECO_COLETADO" ("Preco", "UnidadeMedida", "DataColeta", "PostoCNPJ", "CombustivelID")
VALUES (6.150, 'R$ / litro', '2024-07-29', '1635041000206',
        (SELECT "ID_Combustivel" FROM public."COMBUSTIVEL" WHERE "Nome" = 'GASOLINA COMUM'))
ON CONFLICT DO NOTHING;


INSERT INTO public."PRECO_COLETADO" ("Preco", "UnidadeMedida", "DataColeta", "PostoCNPJ", "CombustivelID")
VALUES (6.090, 'R$ / litro', '2024-08-05', '1635041000206',
        (SELECT "ID_Combustivel" FROM public."COMBUSTIVEL" WHERE "Nome" = 'GASOLINA COMUM'))
ON CONFLICT DO NOTHING;


INSERT INTO public."PRECO_COLETADO" ("Preco", "UnidadeMedida", "DataColeta", "PostoCNPJ", "CombustivelID")
VALUES (6.090, 'R$ / litro', '2024-08-12', '1635041000206',
        (SELECT "ID_Combustivel" FROM public."COMBUSTIVEL" WHERE "Nome" = 'GASOLINA COMUM'))
ON CONFLICT DO NOTHING;


INSERT INTO public."PRECO_COLETADO" ("Preco", "UnidadeMedida", "DataColeta", "PostoCNPJ", "CombustivelID")
VALUES (6.090, 'R$ / litro', '2024-08-20', '1635041000206',
        (SELECT "ID_Combustivel" FROM public."COMBUSTIVEL" WHERE "Nome" = 'GASOLINA COMUM'))
ON CONFLICT DO NOTHING;


INSERT INTO public."PRECO_COLETADO" ("Preco", "UnidadeMedida", "DataColeta", "PostoCNPJ", "CombustivelID")
VALUES (6.090, 'R$ / litro', '2024-08-26', '1635041000206',
        (SELECT "ID_Combustivel" FROM public."COMBUSTIVEL" WHERE "Nome" = 'GASOLINA COMUM'))
ON CONFLICT DO NOTHING;


INSERT INTO public."PRECO_COLETADO" ("Preco", "UnidadeMedida", "DataColeta", "PostoCNPJ", "CombustivelID")
VALUES (6.190, 'R$ / litro', '2024-09-02', '1635041000206',
        (SELECT "ID_Combustivel" FROM public."COMBUSTIVEL" WHERE "Nome" = 'GASOLINA COMUM'))
ON CONFLICT DO NOTHING;


INSERT INTO public."COMBUSTIVEL" ("Nome")
VALUES ('DIESEL S10')
ON CONFLICT ("Nome") DO NOTHING;


INSERT INTO public."PRECO_COLETADO" ("Preco", "UnidadeMedida", "DataColeta", "PostoCNPJ", "CombustivelID")
VALUES (7.190, 'R$ / litro', '2022-08-04', '1635041000206',
        (SELECT "ID_Combustivel" FROM public."COMBUSTIVEL" WHERE "Nome" = 'DIESEL S10'))
ON CONFLICT DO NOTHING;


INSERT INTO public."PRECO_COLETADO" ("Preco", "UnidadeMedida", "DataColeta", "PostoCNPJ", "CombustivelID")
VALUES (7.190, 'R$ / litro', '2022-08-08', '1635041000206',
        (SELECT "ID_Combustivel" FROM public."COMBUSTIVEL" WHERE "Nome" = 'DIESEL S10'))
ON CONFLICT DO NOTHING;


INSERT INTO public."PRECO_COLETADO" ("Preco", "UnidadeMedida", "DataColeta", "PostoCNPJ", "CombustivelID")
VALUES (7.190, 'R$ / litro', '2022-08-15', '1635041000206',
        (SELECT "ID_Combustivel" FROM public."COMBUSTIVEL" WHERE "Nome" = 'DIESEL S10'))
ON CONFLICT DO NOTHING;


INSERT INTO public."PRECO_COLETADO" ("Preco", "UnidadeMedida", "DataColeta", "PostoCNPJ", "CombustivelID")
VALUES (6.890, 'R$ / litro', '2022-08-24', '1635041000206',
        (SELECT "ID_Combustivel" FROM public."COMBUSTIVEL" WHERE "Nome" = 'DIESEL S10'))
ON CONFLICT DO NOTHING;


INSERT INTO public."PRECO_COLETADO" ("Preco", "UnidadeMedida", "DataColeta", "PostoCNPJ", "CombustivelID")
VALUES (6.890, 'R$ / litro', '2022-09-01', '1635041000206',
        (SELECT "ID_Combustivel" FROM public."COMBUSTIVEL" WHERE "Nome" = 'DIESEL S10'))
ON CONFLICT DO NOTHING;


INSERT INTO public."PRECO_COLETADO" ("Preco", "UnidadeMedida", "DataColeta", "PostoCNPJ", "CombustivelID")
VALUES (5.690, 'R$ / litro', '2023-04-11', '1635041000206',
        (SELECT "ID_Combustivel" FROM public."COMBUSTIVEL" WHERE "Nome" = 'DIESEL S10'))
ON CONFLICT DO NOTHING;


INSERT INTO public."PRECO_COLETADO" ("Preco", "UnidadeMedida", "DataColeta", "PostoCNPJ", "CombustivelID")
VALUES (5.690, 'R$ / litro', '2023-04-17', '1635041000206',
        (SELECT "ID_Combustivel" FROM public."COMBUSTIVEL" WHERE "Nome" = 'DIESEL S10'))
ON CONFLICT DO NOTHING;


INSERT INTO public."PRECO_COLETADO" ("Preco", "UnidadeMedida", "DataColeta", "PostoCNPJ", "CombustivelID")
VALUES (5.590, 'R$ / litro', '2023-05-09', '1635041000206',
        (SELECT "ID_Combustivel" FROM public."COMBUSTIVEL" WHERE "Nome" = 'DIESEL S10'))
ON CONFLICT DO NOTHING;


INSERT INTO public."PRECO_COLETADO" ("Preco", "UnidadeMedida", "DataColeta", "PostoCNPJ", "CombustivelID")
VALUES (5.490, 'R$ / litro', '2023-05-30', '1635041000206',
        (SELECT "ID_Combustivel" FROM public."COMBUSTIVEL" WHERE "Nome" = 'DIESEL S10'))
ON CONFLICT DO NOTHING;


INSERT INTO public."POSTO" ("CNPJ", "RazaoSocial", "NomeFantasia", "Bandeira", "Logradouro", "Numero", "Bairro", "Cidade", "Estado", "CEP")
VALUES ('1557127000179', 'AUTO POSTO ILHA DAS GARCAS LTDA', 'POSTO ILHA DAS GARÇAS', 'VIBRA', 'RUA MARIA DE OLIVEIRA MARES GUIA', '40', 'PRAIA DAS GAIVOTAS', 'VILA VELHA', 'ESPIRITO SANTO', '29102567')
ON CONFLICT ("CNPJ") DO NOTHING;


INSERT INTO public."COMBUSTIVEL" ("Nome")
VALUES ('GASOLINA COMUM')
ON CONFLICT ("Nome") DO NOTHING;


INSERT INTO public."PRECO_COLETADO" ("Preco", "UnidadeMedida", "DataColeta", "PostoCNPJ", "CombustivelID")
VALUES (4.880, 'R$ / litro', '2022-10-24', '1557127000179',
        (SELECT "ID_Combustivel" FROM public."COMBUSTIVEL" WHERE "Nome" = 'GASOLINA COMUM'))
ON CONFLICT DO NOTHING;


INSERT INTO public."PRECO_COLETADO" ("Preco", "UnidadeMedida", "DataColeta", "PostoCNPJ", "CombustivelID")
VALUES (4.990, 'R$ / litro', '2023-01-23', '1557127000179',
        (SELECT "ID_Combustivel" FROM public."COMBUSTIVEL" WHERE "Nome" = 'GASOLINA COMUM'))
ON CONFLICT DO NOTHING;


INSERT INTO public."PRECO_COLETADO" ("Preco", "UnidadeMedida", "DataColeta", "PostoCNPJ", "CombustivelID")
VALUES (5.090, 'R$ / litro', '2023-01-30', '1557127000179',
        (SELECT "ID_Combustivel" FROM public."COMBUSTIVEL" WHERE "Nome" = 'GASOLINA COMUM'))
ON CONFLICT DO NOTHING;


INSERT INTO public."PRECO_COLETADO" ("Preco", "UnidadeMedida", "DataColeta", "PostoCNPJ", "CombustivelID")
VALUES (5.090, 'R$ / litro', '2023-02-06', '1557127000179',
        (SELECT "ID_Combustivel" FROM public."COMBUSTIVEL" WHERE "Nome" = 'GASOLINA COMUM'))
ON CONFLICT DO NOTHING;


INSERT INTO public."PRECO_COLETADO" ("Preco", "UnidadeMedida", "DataColeta", "PostoCNPJ", "CombustivelID")
VALUES (5.090, 'R$ / litro', '2023-02-13', '1557127000179',
        (SELECT "ID_Combustivel" FROM public."COMBUSTIVEL" WHERE "Nome" = 'GASOLINA COMUM'))
ON CONFLICT DO NOTHING;


INSERT INTO public."PRECO_COLETADO" ("Preco", "UnidadeMedida", "DataColeta", "PostoCNPJ", "CombustivelID")
VALUES (4.990, 'R$ / litro', '2023-02-20', '1557127000179',
        (SELECT "ID_Combustivel" FROM public."COMBUSTIVEL" WHERE "Nome" = 'GASOLINA COMUM'))
ON CONFLICT DO NOTHING;


INSERT INTO public."PRECO_COLETADO" ("Preco", "UnidadeMedida", "DataColeta", "PostoCNPJ", "CombustivelID")
VALUES (5.160, 'R$ / litro', '2023-02-27', '1557127000179',
        (SELECT "ID_Combustivel" FROM public."COMBUSTIVEL" WHERE "Nome" = 'GASOLINA COMUM'))
ON CONFLICT DO NOTHING;


INSERT INTO public."PRECO_COLETADO" ("Preco", "UnidadeMedida", "DataColeta", "PostoCNPJ", "CombustivelID")
VALUES (5.590, 'R$ / litro', '2023-03-06', '1557127000179',
        (SELECT "ID_Combustivel" FROM public."COMBUSTIVEL" WHERE "Nome" = 'GASOLINA COMUM'))
ON CONFLICT DO NOTHING;


INSERT INTO public."PRECO_COLETADO" ("Preco", "UnidadeMedida", "DataColeta", "PostoCNPJ", "CombustivelID")
VALUES (5.490, 'R$ / litro', '2023-03-21', '1557127000179',
        (SELECT "ID_Combustivel" FROM public."COMBUSTIVEL" WHERE "Nome" = 'GASOLINA COMUM'))
ON CONFLICT DO NOTHING;


INSERT INTO public."PRECO_COLETADO" ("Preco", "UnidadeMedida", "DataColeta", "PostoCNPJ", "CombustivelID")
VALUES (5.490, 'R$ / litro', '2023-03-27', '1557127000179',
        (SELECT "ID_Combustivel" FROM public."COMBUSTIVEL" WHERE "Nome" = 'GASOLINA COMUM'))
ON CONFLICT DO NOTHING;


INSERT INTO public."PRECO_COLETADO" ("Preco", "UnidadeMedida", "DataColeta", "PostoCNPJ", "CombustivelID")
VALUES (5.490, 'R$ / litro', '2023-04-11', '1557127000179',
        (SELECT "ID_Combustivel" FROM public."COMBUSTIVEL" WHERE "Nome" = 'GASOLINA COMUM'))
ON CONFLICT DO NOTHING;


INSERT INTO public."PRECO_COLETADO" ("Preco", "UnidadeMedida", "DataColeta", "PostoCNPJ", "CombustivelID")
VALUES (5.590, 'R$ / litro', '2023-04-24', '1557127000179',
        (SELECT "ID_Combustivel" FROM public."COMBUSTIVEL" WHERE "Nome" = 'GASOLINA COMUM'))
ON CONFLICT DO NOTHING;


INSERT INTO public."PRECO_COLETADO" ("Preco", "UnidadeMedida", "DataColeta", "PostoCNPJ", "CombustivelID")
VALUES (5.490, 'R$ / litro', '2023-05-09', '1557127000179',
        (SELECT "ID_Combustivel" FROM public."COMBUSTIVEL" WHERE "Nome" = 'GASOLINA COMUM'))
ON CONFLICT DO NOTHING;


INSERT INTO public."PRECO_COLETADO" ("Preco", "UnidadeMedida", "DataColeta", "PostoCNPJ", "CombustivelID")
VALUES (5.490, 'R$ / litro', '2023-05-15', '1557127000179',
        (SELECT "ID_Combustivel" FROM public."COMBUSTIVEL" WHERE "Nome" = 'GASOLINA COMUM'))
ON CONFLICT DO NOTHING;


INSERT INTO public."PRECO_COLETADO" ("Preco", "UnidadeMedida", "DataColeta", "PostoCNPJ", "CombustivelID")
VALUES (5.190, 'R$ / litro', '2023-05-22', '1557127000179',
        (SELECT "ID_Combustivel" FROM public."COMBUSTIVEL" WHERE "Nome" = 'GASOLINA COMUM'))
ON CONFLICT DO NOTHING;


INSERT INTO public."PRECO_COLETADO" ("Preco", "UnidadeMedida", "DataColeta", "PostoCNPJ", "CombustivelID")
VALUES (5.090, 'R$ / litro', '2023-05-29', '1557127000179',
        (SELECT "ID_Combustivel" FROM public."COMBUSTIVEL" WHERE "Nome" = 'GASOLINA COMUM'))
ON CONFLICT DO NOTHING;


INSERT INTO public."PRECO_COLETADO" ("Preco", "UnidadeMedida", "DataColeta", "PostoCNPJ", "CombustivelID")
VALUES (5.390, 'R$ / litro', '2023-06-20', '1557127000179',
        (SELECT "ID_Combustivel" FROM public."COMBUSTIVEL" WHERE "Nome" = 'GASOLINA COMUM'))
ON CONFLICT DO NOTHING;


INSERT INTO public."PRECO_COLETADO" ("Preco", "UnidadeMedida", "DataColeta", "PostoCNPJ", "CombustivelID")
VALUES (5.390, 'R$ / litro', '2023-06-27', '1557127000179',
        (SELECT "ID_Combustivel" FROM public."COMBUSTIVEL" WHERE "Nome" = 'GASOLINA COMUM'))
ON CONFLICT DO NOTHING;


INSERT INTO public."PRECO_COLETADO" ("Preco", "UnidadeMedida", "DataColeta", "PostoCNPJ", "CombustivelID")
VALUES (5.790, 'R$ / litro', '2023-07-04', '1557127000179',
        (SELECT "ID_Combustivel" FROM public."COMBUSTIVEL" WHERE "Nome" = 'GASOLINA COMUM'))
ON CONFLICT DO NOTHING;


INSERT INTO public."PRECO_COLETADO" ("Preco", "UnidadeMedida", "DataColeta", "PostoCNPJ", "CombustivelID")
VALUES (5.790, 'R$ / litro', '2023-07-10', '1557127000179',
        (SELECT "ID_Combustivel" FROM public."COMBUSTIVEL" WHERE "Nome" = 'GASOLINA COMUM'))
ON CONFLICT DO NOTHING;


INSERT INTO public."PRECO_COLETADO" ("Preco", "UnidadeMedida", "DataColeta", "PostoCNPJ", "CombustivelID")
VALUES (5.690, 'R$ / litro', '2023-07-17', '1557127000179',
        (SELECT "ID_Combustivel" FROM public."COMBUSTIVEL" WHERE "Nome" = 'GASOLINA COMUM'))
ON CONFLICT DO NOTHING;


INSERT INTO public."PRECO_COLETADO" ("Preco", "UnidadeMedida", "DataColeta", "PostoCNPJ", "CombustivelID")
VALUES (5.690, 'R$ / litro', '2023-07-24', '1557127000179',
        (SELECT "ID_Combustivel" FROM public."COMBUSTIVEL" WHERE "Nome" = 'GASOLINA COMUM'))
ON CONFLICT DO NOTHING;


INSERT INTO public."PRECO_COLETADO" ("Preco", "UnidadeMedida", "DataColeta", "PostoCNPJ", "CombustivelID")
VALUES (5.690, 'R$ / litro', '2023-07-31', '1557127000179',
        (SELECT "ID_Combustivel" FROM public."COMBUSTIVEL" WHERE "Nome" = 'GASOLINA COMUM'))
ON CONFLICT DO NOTHING;


INSERT INTO public."PRECO_COLETADO" ("Preco", "UnidadeMedida", "DataColeta", "PostoCNPJ", "CombustivelID")
VALUES (5.490, 'R$ / litro', '2023-08-15', '1557127000179',
        (SELECT "ID_Combustivel" FROM public."COMBUSTIVEL" WHERE "Nome" = 'GASOLINA COMUM'))
ON CONFLICT DO NOTHING;


INSERT INTO public."PRECO_COLETADO" ("Preco", "UnidadeMedida", "DataColeta", "PostoCNPJ", "CombustivelID")
VALUES (5.890, 'R$ / litro', '2023-08-22', '1557127000179',
        (SELECT "ID_Combustivel" FROM public."COMBUSTIVEL" WHERE "Nome" = 'GASOLINA COMUM'))
ON CONFLICT DO NOTHING;


INSERT INTO public."PRECO_COLETADO" ("Preco", "UnidadeMedida", "DataColeta", "PostoCNPJ", "CombustivelID")
VALUES (5.890, 'R$ / litro', '2023-08-30', '1557127000179',
        (SELECT "ID_Combustivel" FROM public."COMBUSTIVEL" WHERE "Nome" = 'GASOLINA COMUM'))
ON CONFLICT DO NOTHING;


INSERT INTO public."PRECO_COLETADO" ("Preco", "UnidadeMedida", "DataColeta", "PostoCNPJ", "CombustivelID")
VALUES (5.890, 'R$ / litro', '2023-09-07', '1557127000179',
        (SELECT "ID_Combustivel" FROM public."COMBUSTIVEL" WHERE "Nome" = 'GASOLINA COMUM'))
ON CONFLICT DO NOTHING;


INSERT INTO public."PRECO_COLETADO" ("Preco", "UnidadeMedida", "DataColeta", "PostoCNPJ", "CombustivelID")
VALUES (5.890, 'R$ / litro', '2023-09-12', '1557127000179',
        (SELECT "ID_Combustivel" FROM public."COMBUSTIVEL" WHERE "Nome" = 'GASOLINA COMUM'))
ON CONFLICT DO NOTHING;


INSERT INTO public."PRECO_COLETADO" ("Preco", "UnidadeMedida", "DataColeta", "PostoCNPJ", "CombustivelID")
VALUES (5.790, 'R$ / litro', '2023-09-19', '1557127000179',
        (SELECT "ID_Combustivel" FROM public."COMBUSTIVEL" WHERE "Nome" = 'GASOLINA COMUM'))
ON CONFLICT DO NOTHING;


INSERT INTO public."PRECO_COLETADO" ("Preco", "UnidadeMedida", "DataColeta", "PostoCNPJ", "CombustivelID")
VALUES (5.790, 'R$ / litro', '2023-09-26', '1557127000179',
        (SELECT "ID_Combustivel" FROM public."COMBUSTIVEL" WHERE "Nome" = 'GASOLINA COMUM'))
ON CONFLICT DO NOTHING;


INSERT INTO public."PRECO_COLETADO" ("Preco", "UnidadeMedida", "DataColeta", "PostoCNPJ", "CombustivelID")
VALUES (5.790, 'R$ / litro', '2023-10-03', '1557127000179',
        (SELECT "ID_Combustivel" FROM public."COMBUSTIVEL" WHERE "Nome" = 'GASOLINA COMUM'))
ON CONFLICT DO NOTHING;


INSERT INTO public."PRECO_COLETADO" ("Preco", "UnidadeMedida", "DataColeta", "PostoCNPJ", "CombustivelID")
VALUES (5.790, 'R$ / litro', '2023-10-10', '1557127000179',
        (SELECT "ID_Combustivel" FROM public."COMBUSTIVEL" WHERE "Nome" = 'GASOLINA COMUM'))
ON CONFLICT DO NOTHING;


INSERT INTO public."PRECO_COLETADO" ("Preco", "UnidadeMedida", "DataColeta", "PostoCNPJ", "CombustivelID")
VALUES (5.790, 'R$ / litro', '2023-10-16', '1557127000179',
        (SELECT "ID_Combustivel" FROM public."COMBUSTIVEL" WHERE "Nome" = 'GASOLINA COMUM'))
ON CONFLICT DO NOTHING;


INSERT INTO public."PRECO_COLETADO" ("Preco", "UnidadeMedida", "DataColeta", "PostoCNPJ", "CombustivelID")
VALUES (5.690, 'R$ / litro', '2023-10-24', '1557127000179',
        (SELECT "ID_Combustivel" FROM public."COMBUSTIVEL" WHERE "Nome" = 'GASOLINA COMUM'))
ON CONFLICT DO NOTHING;


INSERT INTO public."PRECO_COLETADO" ("Preco", "UnidadeMedida", "DataColeta", "PostoCNPJ", "CombustivelID")
VALUES (5.690, 'R$ / litro', '2023-10-31', '1557127000179',
        (SELECT "ID_Combustivel" FROM public."COMBUSTIVEL" WHERE "Nome" = 'GASOLINA COMUM'))
ON CONFLICT DO NOTHING;


INSERT INTO public."PRECO_COLETADO" ("Preco", "UnidadeMedida", "DataColeta", "PostoCNPJ", "CombustivelID")
VALUES (5.690, 'R$ / litro', '2023-11-07', '1557127000179',
        (SELECT "ID_Combustivel" FROM public."COMBUSTIVEL" WHERE "Nome" = 'GASOLINA COMUM'))
ON CONFLICT DO NOTHING;


INSERT INTO public."PRECO_COLETADO" ("Preco", "UnidadeMedida", "DataColeta", "PostoCNPJ", "CombustivelID")
VALUES (5.690, 'R$ / litro', '2023-11-14', '1557127000179',
        (SELECT "ID_Combustivel" FROM public."COMBUSTIVEL" WHERE "Nome" = 'GASOLINA COMUM'))
ON CONFLICT DO NOTHING;


INSERT INTO public."PRECO_COLETADO" ("Preco", "UnidadeMedida", "DataColeta", "PostoCNPJ", "CombustivelID")
VALUES (5.590, 'R$ / litro', '2023-11-21', '1557127000179',
        (SELECT "ID_Combustivel" FROM public."COMBUSTIVEL" WHERE "Nome" = 'GASOLINA COMUM'))
ON CONFLICT DO NOTHING;


INSERT INTO public."PRECO_COLETADO" ("Preco", "UnidadeMedida", "DataColeta", "PostoCNPJ", "CombustivelID")
VALUES (5.680, 'R$ / litro', '2023-11-28', '1557127000179',
        (SELECT "ID_Combustivel" FROM public."COMBUSTIVEL" WHERE "Nome" = 'GASOLINA COMUM'))
ON CONFLICT DO NOTHING;


INSERT INTO public."PRECO_COLETADO" ("Preco", "UnidadeMedida", "DataColeta", "PostoCNPJ", "CombustivelID")
VALUES (5.680, 'R$ / litro', '2023-12-06', '1557127000179',
        (SELECT "ID_Combustivel" FROM public."COMBUSTIVEL" WHERE "Nome" = 'GASOLINA COMUM'))
ON CONFLICT DO NOTHING;


INSERT INTO public."PRECO_COLETADO" ("Preco", "UnidadeMedida", "DataColeta", "PostoCNPJ", "CombustivelID")
VALUES (5.680, 'R$ / litro', '2023-12-13', '1557127000179',
        (SELECT "ID_Combustivel" FROM public."COMBUSTIVEL" WHERE "Nome" = 'GASOLINA COMUM'))
ON CONFLICT DO NOTHING;


INSERT INTO public."PRECO_COLETADO" ("Preco", "UnidadeMedida", "DataColeta", "PostoCNPJ", "CombustivelID")
VALUES (5.590, 'R$ / litro', '2023-12-20', '1557127000179',
        (SELECT "ID_Combustivel" FROM public."COMBUSTIVEL" WHERE "Nome" = 'GASOLINA COMUM'))
ON CONFLICT DO NOTHING;


INSERT INTO public."PRECO_COLETADO" ("Preco", "UnidadeMedida", "DataColeta", "PostoCNPJ", "CombustivelID")
VALUES (5.590, 'R$ / litro', '2023-12-26', '1557127000179',
        (SELECT "ID_Combustivel" FROM public."COMBUSTIVEL" WHERE "Nome" = 'GASOLINA COMUM'))
ON CONFLICT DO NOTHING;


INSERT INTO public."PRECO_COLETADO" ("Preco", "UnidadeMedida", "DataColeta", "PostoCNPJ", "CombustivelID")
VALUES (5.590, 'R$ / litro', '2024-01-03', '1557127000179',
        (SELECT "ID_Combustivel" FROM public."COMBUSTIVEL" WHERE "Nome" = 'GASOLINA COMUM'))
ON CONFLICT DO NOTHING;


INSERT INTO public."PRECO_COLETADO" ("Preco", "UnidadeMedida", "DataColeta", "PostoCNPJ", "CombustivelID")
VALUES (5.590, 'R$ / litro', '2024-01-08', '1557127000179',
        (SELECT "ID_Combustivel" FROM public."COMBUSTIVEL" WHERE "Nome" = 'GASOLINA COMUM'))
ON CONFLICT DO NOTHING;


INSERT INTO public."PRECO_COLETADO" ("Preco", "UnidadeMedida", "DataColeta", "PostoCNPJ", "CombustivelID")
VALUES (5.590, 'R$ / litro', '2024-01-15', '1557127000179',
        (SELECT "ID_Combustivel" FROM public."COMBUSTIVEL" WHERE "Nome" = 'GASOLINA COMUM'))
ON CONFLICT DO NOTHING;


INSERT INTO public."PRECO_COLETADO" ("Preco", "UnidadeMedida", "DataColeta", "PostoCNPJ", "CombustivelID")
VALUES (5.590, 'R$ / litro', '2024-01-22', '1557127000179',
        (SELECT "ID_Combustivel" FROM public."COMBUSTIVEL" WHERE "Nome" = 'GASOLINA COMUM'))
ON CONFLICT DO NOTHING;


INSERT INTO public."PRECO_COLETADO" ("Preco", "UnidadeMedida", "DataColeta", "PostoCNPJ", "CombustivelID")
VALUES (5.590, 'R$ / litro', '2024-01-29', '1557127000179',
        (SELECT "ID_Combustivel" FROM public."COMBUSTIVEL" WHERE "Nome" = 'GASOLINA COMUM'))
ON CONFLICT DO NOTHING;


INSERT INTO public."PRECO_COLETADO" ("Preco", "UnidadeMedida", "DataColeta", "PostoCNPJ", "CombustivelID")
VALUES (5.690, 'R$ / litro', '2024-02-05', '1557127000179',
        (SELECT "ID_Combustivel" FROM public."COMBUSTIVEL" WHERE "Nome" = 'GASOLINA COMUM'))
ON CONFLICT DO NOTHING;


INSERT INTO public."PRECO_COLETADO" ("Preco", "UnidadeMedida", "DataColeta", "PostoCNPJ", "CombustivelID")
VALUES (5.690, 'R$ / litro', '2024-02-12', '1557127000179',
        (SELECT "ID_Combustivel" FROM public."COMBUSTIVEL" WHERE "Nome" = 'GASOLINA COMUM'))
ON CONFLICT DO NOTHING;


INSERT INTO public."PRECO_COLETADO" ("Preco", "UnidadeMedida", "DataColeta", "PostoCNPJ", "CombustivelID")
VALUES (5.690, 'R$ / litro', '2024-02-19', '1557127000179',
        (SELECT "ID_Combustivel" FROM public."COMBUSTIVEL" WHERE "Nome" = 'GASOLINA COMUM'))
ON CONFLICT DO NOTHING;


INSERT INTO public."PRECO_COLETADO" ("Preco", "UnidadeMedida", "DataColeta", "PostoCNPJ", "CombustivelID")
VALUES (5.690, 'R$ / litro', '2024-02-26', '1557127000179',
        (SELECT "ID_Combustivel" FROM public."COMBUSTIVEL" WHERE "Nome" = 'GASOLINA COMUM'))
ON CONFLICT DO NOTHING;


INSERT INTO public."PRECO_COLETADO" ("Preco", "UnidadeMedida", "DataColeta", "PostoCNPJ", "CombustivelID")
VALUES (5.690, 'R$ / litro', '2024-03-04', '1557127000179',
        (SELECT "ID_Combustivel" FROM public."COMBUSTIVEL" WHERE "Nome" = 'GASOLINA COMUM'))
ON CONFLICT DO NOTHING;


INSERT INTO public."PRECO_COLETADO" ("Preco", "UnidadeMedida", "DataColeta", "PostoCNPJ", "CombustivelID")
VALUES (5.690, 'R$ / litro', '2024-03-11', '1557127000179',
        (SELECT "ID_Combustivel" FROM public."COMBUSTIVEL" WHERE "Nome" = 'GASOLINA COMUM'))
ON CONFLICT DO NOTHING;


INSERT INTO public."PRECO_COLETADO" ("Preco", "UnidadeMedida", "DataColeta", "PostoCNPJ", "CombustivelID")
VALUES (5.690, 'R$ / litro', '2024-03-18', '1557127000179',
        (SELECT "ID_Combustivel" FROM public."COMBUSTIVEL" WHERE "Nome" = 'GASOLINA COMUM'))
ON CONFLICT DO NOTHING;


INSERT INTO public."PRECO_COLETADO" ("Preco", "UnidadeMedida", "DataColeta", "PostoCNPJ", "CombustivelID")
VALUES (5.690, 'R$ / litro', '2024-03-25', '1557127000179',
        (SELECT "ID_Combustivel" FROM public."COMBUSTIVEL" WHERE "Nome" = 'GASOLINA COMUM'))
ON CONFLICT DO NOTHING;


INSERT INTO public."PRECO_COLETADO" ("Preco", "UnidadeMedida", "DataColeta", "PostoCNPJ", "CombustivelID")
VALUES (5.690, 'R$ / litro', '2024-04-02', '1557127000179',
        (SELECT "ID_Combustivel" FROM public."COMBUSTIVEL" WHERE "Nome" = 'GASOLINA COMUM'))
ON CONFLICT DO NOTHING;


INSERT INTO public."PRECO_COLETADO" ("Preco", "UnidadeMedida", "DataColeta", "PostoCNPJ", "CombustivelID")
VALUES (5.690, 'R$ / litro', '2024-04-08', '1557127000179',
        (SELECT "ID_Combustivel" FROM public."COMBUSTIVEL" WHERE "Nome" = 'GASOLINA COMUM'))
ON CONFLICT DO NOTHING;


INSERT INTO public."PRECO_COLETADO" ("Preco", "UnidadeMedida", "DataColeta", "PostoCNPJ", "CombustivelID")
VALUES (5.690, 'R$ / litro', '2024-04-15', '1557127000179',
        (SELECT "ID_Combustivel" FROM public."COMBUSTIVEL" WHERE "Nome" = 'GASOLINA COMUM'))
ON CONFLICT DO NOTHING;


INSERT INTO public."PRECO_COLETADO" ("Preco", "UnidadeMedida", "DataColeta", "PostoCNPJ", "CombustivelID")
VALUES (5.690, 'R$ / litro', '2024-04-22', '1557127000179',
        (SELECT "ID_Combustivel" FROM public."COMBUSTIVEL" WHERE "Nome" = 'GASOLINA COMUM'))
ON CONFLICT DO NOTHING;


INSERT INTO public."PRECO_COLETADO" ("Preco", "UnidadeMedida", "DataColeta", "PostoCNPJ", "CombustivelID")
VALUES (5.840, 'R$ / litro', '2024-04-29', '1557127000179',
        (SELECT "ID_Combustivel" FROM public."COMBUSTIVEL" WHERE "Nome" = 'GASOLINA COMUM'))
ON CONFLICT DO NOTHING;


INSERT INTO public."PRECO_COLETADO" ("Preco", "UnidadeMedida", "DataColeta", "PostoCNPJ", "CombustivelID")
VALUES (5.840, 'R$ / litro', '2024-05-06', '1557127000179',
        (SELECT "ID_Combustivel" FROM public."COMBUSTIVEL" WHERE "Nome" = 'GASOLINA COMUM'))
ON CONFLICT DO NOTHING;


INSERT INTO public."PRECO_COLETADO" ("Preco", "UnidadeMedida", "DataColeta", "PostoCNPJ", "CombustivelID")
VALUES (5.840, 'R$ / litro', '2024-05-14', '1557127000179',
        (SELECT "ID_Combustivel" FROM public."COMBUSTIVEL" WHERE "Nome" = 'GASOLINA COMUM'))
ON CONFLICT DO NOTHING;


INSERT INTO public."PRECO_COLETADO" ("Preco", "UnidadeMedida", "DataColeta", "PostoCNPJ", "CombustivelID")
VALUES (5.840, 'R$ / litro', '2024-05-20', '1557127000179',
        (SELECT "ID_Combustivel" FROM public."COMBUSTIVEL" WHERE "Nome" = 'GASOLINA COMUM'))
ON CONFLICT DO NOTHING;


INSERT INTO public."PRECO_COLETADO" ("Preco", "UnidadeMedida", "DataColeta", "PostoCNPJ", "CombustivelID")
VALUES (5.840, 'R$ / litro', '2024-05-27', '1557127000179',
        (SELECT "ID_Combustivel" FROM public."COMBUSTIVEL" WHERE "Nome" = 'GASOLINA COMUM'))
ON CONFLICT DO NOTHING;


INSERT INTO public."PRECO_COLETADO" ("Preco", "UnidadeMedida", "DataColeta", "PostoCNPJ", "CombustivelID")
VALUES (5.840, 'R$ / litro', '2024-06-03', '1557127000179',
        (SELECT "ID_Combustivel" FROM public."COMBUSTIVEL" WHERE "Nome" = 'GASOLINA COMUM'))
ON CONFLICT DO NOTHING;


INSERT INTO public."PRECO_COLETADO" ("Preco", "UnidadeMedida", "DataColeta", "PostoCNPJ", "CombustivelID")
VALUES (5.840, 'R$ / litro', '2024-06-17', '1557127000179',
        (SELECT "ID_Combustivel" FROM public."COMBUSTIVEL" WHERE "Nome" = 'GASOLINA COMUM'))
ON CONFLICT DO NOTHING;


INSERT INTO public."PRECO_COLETADO" ("Preco", "UnidadeMedida", "DataColeta", "PostoCNPJ", "CombustivelID")
VALUES (5.840, 'R$ / litro', '2024-06-24', '1557127000179',
        (SELECT "ID_Combustivel" FROM public."COMBUSTIVEL" WHERE "Nome" = 'GASOLINA COMUM'))
ON CONFLICT DO NOTHING;


INSERT INTO public."PRECO_COLETADO" ("Preco", "UnidadeMedida", "DataColeta", "PostoCNPJ", "CombustivelID")
VALUES (5.790, 'R$ / litro', '2024-07-01', '1557127000179',
        (SELECT "ID_Combustivel" FROM public."COMBUSTIVEL" WHERE "Nome" = 'GASOLINA COMUM'))
ON CONFLICT DO NOTHING;


INSERT INTO public."PRECO_COLETADO" ("Preco", "UnidadeMedida", "DataColeta", "PostoCNPJ", "CombustivelID")
VALUES (5.890, 'R$ / litro', '2024-07-09', '1557127000179',
        (SELECT "ID_Combustivel" FROM public."COMBUSTIVEL" WHERE "Nome" = 'GASOLINA COMUM'))
ON CONFLICT DO NOTHING;


INSERT INTO public."PRECO_COLETADO" ("Preco", "UnidadeMedida", "DataColeta", "PostoCNPJ", "CombustivelID")
VALUES (6.180, 'R$ / litro', '2024-07-15', '1557127000179',
        (SELECT "ID_Combustivel" FROM public."COMBUSTIVEL" WHERE "Nome" = 'GASOLINA COMUM'))
ON CONFLICT DO NOTHING;


INSERT INTO public."PRECO_COLETADO" ("Preco", "UnidadeMedida", "DataColeta", "PostoCNPJ", "CombustivelID")
VALUES (6.180, 'R$ / litro', '2024-07-22', '1557127000179',
        (SELECT "ID_Combustivel" FROM public."COMBUSTIVEL" WHERE "Nome" = 'GASOLINA COMUM'))
ON CONFLICT DO NOTHING;


INSERT INTO public."PRECO_COLETADO" ("Preco", "UnidadeMedida", "DataColeta", "PostoCNPJ", "CombustivelID")
VALUES (6.180, 'R$ / litro', '2024-07-29', '1557127000179',
        (SELECT "ID_Combustivel" FROM public."COMBUSTIVEL" WHERE "Nome" = 'GASOLINA COMUM'))
ON CONFLICT DO NOTHING;


INSERT INTO public."PRECO_COLETADO" ("Preco", "UnidadeMedida", "DataColeta", "PostoCNPJ", "CombustivelID")
VALUES (6.180, 'R$ / litro', '2024-08-05', '1557127000179',
        (SELECT "ID_Combustivel" FROM public."COMBUSTIVEL" WHERE "Nome" = 'GASOLINA COMUM'))
ON CONFLICT DO NOTHING;


INSERT INTO public."PRECO_COLETADO" ("Preco", "UnidadeMedida", "DataColeta", "PostoCNPJ", "CombustivelID")
VALUES (6.180, 'R$ / litro', '2024-08-12', '1557127000179',
        (SELECT "ID_Combustivel" FROM public."COMBUSTIVEL" WHERE "Nome" = 'GASOLINA COMUM'))
ON CONFLICT DO NOTHING;


INSERT INTO public."PRECO_COLETADO" ("Preco", "UnidadeMedida", "DataColeta", "PostoCNPJ", "CombustivelID")
VALUES (6.180, 'R$ / litro', '2024-08-20', '1557127000179',
        (SELECT "ID_Combustivel" FROM public."COMBUSTIVEL" WHERE "Nome" = 'GASOLINA COMUM'))
ON CONFLICT DO NOTHING;


INSERT INTO public."PRECO_COLETADO" ("Preco", "UnidadeMedida", "DataColeta", "PostoCNPJ", "CombustivelID")
VALUES (6.090, 'R$ / litro', '2024-08-26', '1557127000179',
        (SELECT "ID_Combustivel" FROM public."COMBUSTIVEL" WHERE "Nome" = 'GASOLINA COMUM'))
ON CONFLICT DO NOTHING;


INSERT INTO public."PRECO_COLETADO" ("Preco", "UnidadeMedida", "DataColeta", "PostoCNPJ", "CombustivelID")
VALUES (6.090, 'R$ / litro', '2024-09-02', '1557127000179',
        (SELECT "ID_Combustivel" FROM public."COMBUSTIVEL" WHERE "Nome" = 'GASOLINA COMUM'))
ON CONFLICT DO NOTHING;


INSERT INTO public."COMBUSTIVEL" ("Nome")
VALUES ('GASOLINA ADITIVADA')
ON CONFLICT ("Nome") DO NOTHING;


INSERT INTO public."PRECO_COLETADO" ("Preco", "UnidadeMedida", "DataColeta", "PostoCNPJ", "CombustivelID")
VALUES (5.090, 'R$ / litro', '2022-10-24', '1557127000179',
        (SELECT "ID_Combustivel" FROM public."COMBUSTIVEL" WHERE "Nome" = 'GASOLINA ADITIVADA'))
ON CONFLICT DO NOTHING;


INSERT INTO public."PRECO_COLETADO" ("Preco", "UnidadeMedida", "DataColeta", "PostoCNPJ", "CombustivelID")
VALUES (5.190, 'R$ / litro', '2023-01-23', '1557127000179',
        (SELECT "ID_Combustivel" FROM public."COMBUSTIVEL" WHERE "Nome" = 'GASOLINA ADITIVADA'))
ON CONFLICT DO NOTHING;


INSERT INTO public."PRECO_COLETADO" ("Preco", "UnidadeMedida", "DataColeta", "PostoCNPJ", "CombustivelID")
VALUES (5.290, 'R$ / litro', '2023-01-30', '1557127000179',
        (SELECT "ID_Combustivel" FROM public."COMBUSTIVEL" WHERE "Nome" = 'GASOLINA ADITIVADA'))
ON CONFLICT DO NOTHING;


INSERT INTO public."PRECO_COLETADO" ("Preco", "UnidadeMedida", "DataColeta", "PostoCNPJ", "CombustivelID")
VALUES (5.290, 'R$ / litro', '2023-02-06', '1557127000179',
        (SELECT "ID_Combustivel" FROM public."COMBUSTIVEL" WHERE "Nome" = 'GASOLINA ADITIVADA'))
ON CONFLICT DO NOTHING;


INSERT INTO public."PRECO_COLETADO" ("Preco", "UnidadeMedida", "DataColeta", "PostoCNPJ", "CombustivelID")
VALUES (5.290, 'R$ / litro', '2023-02-13', '1557127000179',
        (SELECT "ID_Combustivel" FROM public."COMBUSTIVEL" WHERE "Nome" = 'GASOLINA ADITIVADA'))
ON CONFLICT DO NOTHING;


INSERT INTO public."PRECO_COLETADO" ("Preco", "UnidadeMedida", "DataColeta", "PostoCNPJ", "CombustivelID")
VALUES (5.190, 'R$ / litro', '2023-02-20', '1557127000179',
        (SELECT "ID_Combustivel" FROM public."COMBUSTIVEL" WHERE "Nome" = 'GASOLINA ADITIVADA'))
ON CONFLICT DO NOTHING;


INSERT INTO public."PRECO_COLETADO" ("Preco", "UnidadeMedida", "DataColeta", "PostoCNPJ", "CombustivelID")
VALUES (5.360, 'R$ / litro', '2023-02-27', '1557127000179',
        (SELECT "ID_Combustivel" FROM public."COMBUSTIVEL" WHERE "Nome" = 'GASOLINA ADITIVADA'))
ON CONFLICT DO NOTHING;


INSERT INTO public."PRECO_COLETADO" ("Preco", "UnidadeMedida", "DataColeta", "PostoCNPJ", "CombustivelID")
VALUES (5.790, 'R$ / litro', '2023-03-06', '1557127000179',
        (SELECT "ID_Combustivel" FROM public."COMBUSTIVEL" WHERE "Nome" = 'GASOLINA ADITIVADA'))
ON CONFLICT DO NOTHING;


INSERT INTO public."PRECO_COLETADO" ("Preco", "UnidadeMedida", "DataColeta", "PostoCNPJ", "CombustivelID")
VALUES (5.690, 'R$ / litro', '2023-03-21', '1557127000179',
        (SELECT "ID_Combustivel" FROM public."COMBUSTIVEL" WHERE "Nome" = 'GASOLINA ADITIVADA'))
ON CONFLICT DO NOTHING;


INSERT INTO public."PRECO_COLETADO" ("Preco", "UnidadeMedida", "DataColeta", "PostoCNPJ", "CombustivelID")
VALUES (5.690, 'R$ / litro', '2023-03-27', '1557127000179',
        (SELECT "ID_Combustivel" FROM public."COMBUSTIVEL" WHERE "Nome" = 'GASOLINA ADITIVADA'))
ON CONFLICT DO NOTHING;


INSERT INTO public."PRECO_COLETADO" ("Preco", "UnidadeMedida", "DataColeta", "PostoCNPJ", "CombustivelID")
VALUES (5.690, 'R$ / litro', '2023-04-11', '1557127000179',
        (SELECT "ID_Combustivel" FROM public."COMBUSTIVEL" WHERE "Nome" = 'GASOLINA ADITIVADA'))
ON CONFLICT DO NOTHING;


INSERT INTO public."PRECO_COLETADO" ("Preco", "UnidadeMedida", "DataColeta", "PostoCNPJ", "CombustivelID")
VALUES (5.790, 'R$ / litro', '2023-04-24', '1557127000179',
        (SELECT "ID_Combustivel" FROM public."COMBUSTIVEL" WHERE "Nome" = 'GASOLINA ADITIVADA'))
ON CONFLICT DO NOTHING;


INSERT INTO public."PRECO_COLETADO" ("Preco", "UnidadeMedida", "DataColeta", "PostoCNPJ", "CombustivelID")
VALUES (5.690, 'R$ / litro', '2023-05-09', '1557127000179',
        (SELECT "ID_Combustivel" FROM public."COMBUSTIVEL" WHERE "Nome" = 'GASOLINA ADITIVADA'))
ON CONFLICT DO NOTHING;


INSERT INTO public."PRECO_COLETADO" ("Preco", "UnidadeMedida", "DataColeta", "PostoCNPJ", "CombustivelID")
VALUES (5.690, 'R$ / litro', '2023-05-15', '1557127000179',
        (SELECT "ID_Combustivel" FROM public."COMBUSTIVEL" WHERE "Nome" = 'GASOLINA ADITIVADA'))
ON CONFLICT DO NOTHING;


INSERT INTO public."PRECO_COLETADO" ("Preco", "UnidadeMedida", "DataColeta", "PostoCNPJ", "CombustivelID")
VALUES (5.390, 'R$ / litro', '2023-05-22', '1557127000179',
        (SELECT "ID_Combustivel" FROM public."COMBUSTIVEL" WHERE "Nome" = 'GASOLINA ADITIVADA'))
ON CONFLICT DO NOTHING;


INSERT INTO public."PRECO_COLETADO" ("Preco", "UnidadeMedida", "DataColeta", "PostoCNPJ", "CombustivelID")
VALUES (5.290, 'R$ / litro', '2023-05-29', '1557127000179',
        (SELECT "ID_Combustivel" FROM public."COMBUSTIVEL" WHERE "Nome" = 'GASOLINA ADITIVADA'))
ON CONFLICT DO NOTHING;


INSERT INTO public."PRECO_COLETADO" ("Preco", "UnidadeMedida", "DataColeta", "PostoCNPJ", "CombustivelID")
VALUES (5.590, 'R$ / litro', '2023-06-20', '1557127000179',
        (SELECT "ID_Combustivel" FROM public."COMBUSTIVEL" WHERE "Nome" = 'GASOLINA ADITIVADA'))
ON CONFLICT DO NOTHING;


INSERT INTO public."PRECO_COLETADO" ("Preco", "UnidadeMedida", "DataColeta", "PostoCNPJ", "CombustivelID")
VALUES (5.590, 'R$ / litro', '2023-06-27', '1557127000179',
        (SELECT "ID_Combustivel" FROM public."COMBUSTIVEL" WHERE "Nome" = 'GASOLINA ADITIVADA'))
ON CONFLICT DO NOTHING;


INSERT INTO public."PRECO_COLETADO" ("Preco", "UnidadeMedida", "DataColeta", "PostoCNPJ", "CombustivelID")
VALUES (5.990, 'R$ / litro', '2023-07-04', '1557127000179',
        (SELECT "ID_Combustivel" FROM public."COMBUSTIVEL" WHERE "Nome" = 'GASOLINA ADITIVADA'))
ON CONFLICT DO NOTHING;


INSERT INTO public."PRECO_COLETADO" ("Preco", "UnidadeMedida", "DataColeta", "PostoCNPJ", "CombustivelID")
VALUES (5.990, 'R$ / litro', '2023-07-10', '1557127000179',
        (SELECT "ID_Combustivel" FROM public."COMBUSTIVEL" WHERE "Nome" = 'GASOLINA ADITIVADA'))
ON CONFLICT DO NOTHING;


INSERT INTO public."PRECO_COLETADO" ("Preco", "UnidadeMedida", "DataColeta", "PostoCNPJ", "CombustivelID")
VALUES (5.890, 'R$ / litro', '2023-07-17', '1557127000179',
        (SELECT "ID_Combustivel" FROM public."COMBUSTIVEL" WHERE "Nome" = 'GASOLINA ADITIVADA'))
ON CONFLICT DO NOTHING;


INSERT INTO public."PRECO_COLETADO" ("Preco", "UnidadeMedida", "DataColeta", "PostoCNPJ", "CombustivelID")
VALUES (5.890, 'R$ / litro', '2023-07-24', '1557127000179',
        (SELECT "ID_Combustivel" FROM public."COMBUSTIVEL" WHERE "Nome" = 'GASOLINA ADITIVADA'))
ON CONFLICT DO NOTHING;


INSERT INTO public."PRECO_COLETADO" ("Preco", "UnidadeMedida", "DataColeta", "PostoCNPJ", "CombustivelID")
VALUES (5.890, 'R$ / litro', '2023-07-31', '1557127000179',
        (SELECT "ID_Combustivel" FROM public."COMBUSTIVEL" WHERE "Nome" = 'GASOLINA ADITIVADA'))
ON CONFLICT DO NOTHING;


INSERT INTO public."PRECO_COLETADO" ("Preco", "UnidadeMedida", "DataColeta", "PostoCNPJ", "CombustivelID")
VALUES (5.690, 'R$ / litro', '2023-08-15', '1557127000179',
        (SELECT "ID_Combustivel" FROM public."COMBUSTIVEL" WHERE "Nome" = 'GASOLINA ADITIVADA'))
ON CONFLICT DO NOTHING;


INSERT INTO public."PRECO_COLETADO" ("Preco", "UnidadeMedida", "DataColeta", "PostoCNPJ", "CombustivelID")
VALUES (6.090, 'R$ / litro', '2023-08-22', '1557127000179',
        (SELECT "ID_Combustivel" FROM public."COMBUSTIVEL" WHERE "Nome" = 'GASOLINA ADITIVADA'))
ON CONFLICT DO NOTHING;


INSERT INTO public."PRECO_COLETADO" ("Preco", "UnidadeMedida", "DataColeta", "PostoCNPJ", "CombustivelID")
VALUES (6.090, 'R$ / litro', '2023-08-30', '1557127000179',
        (SELECT "ID_Combustivel" FROM public."COMBUSTIVEL" WHERE "Nome" = 'GASOLINA ADITIVADA'))
ON CONFLICT DO NOTHING;


INSERT INTO public."PRECO_COLETADO" ("Preco", "UnidadeMedida", "DataColeta", "PostoCNPJ", "CombustivelID")
VALUES (6.090, 'R$ / litro', '2023-09-07', '1557127000179',
        (SELECT "ID_Combustivel" FROM public."COMBUSTIVEL" WHERE "Nome" = 'GASOLINA ADITIVADA'))
ON CONFLICT DO NOTHING;


INSERT INTO public."PRECO_COLETADO" ("Preco", "UnidadeMedida", "DataColeta", "PostoCNPJ", "CombustivelID")
VALUES (6.090, 'R$ / litro', '2023-09-12', '1557127000179',
        (SELECT "ID_Combustivel" FROM public."COMBUSTIVEL" WHERE "Nome" = 'GASOLINA ADITIVADA'))
ON CONFLICT DO NOTHING;


INSERT INTO public."PRECO_COLETADO" ("Preco", "UnidadeMedida", "DataColeta", "PostoCNPJ", "CombustivelID")
VALUES (5.990, 'R$ / litro', '2023-09-19', '1557127000179',
        (SELECT "ID_Combustivel" FROM public."COMBUSTIVEL" WHERE "Nome" = 'GASOLINA ADITIVADA'))
ON CONFLICT DO NOTHING;


INSERT INTO public."PRECO_COLETADO" ("Preco", "UnidadeMedida", "DataColeta", "PostoCNPJ", "CombustivelID")
VALUES (5.990, 'R$ / litro', '2023-09-26', '1557127000179',
        (SELECT "ID_Combustivel" FROM public."COMBUSTIVEL" WHERE "Nome" = 'GASOLINA ADITIVADA'))
ON CONFLICT DO NOTHING;


INSERT INTO public."PRECO_COLETADO" ("Preco", "UnidadeMedida", "DataColeta", "PostoCNPJ", "CombustivelID")
VALUES (5.990, 'R$ / litro', '2023-10-03', '1557127000179',
        (SELECT "ID_Combustivel" FROM public."COMBUSTIVEL" WHERE "Nome" = 'GASOLINA ADITIVADA'))
ON CONFLICT DO NOTHING;


INSERT INTO public."PRECO_COLETADO" ("Preco", "UnidadeMedida", "DataColeta", "PostoCNPJ", "CombustivelID")
VALUES (5.990, 'R$ / litro', '2023-10-10', '1557127000179',
        (SELECT "ID_Combustivel" FROM public."COMBUSTIVEL" WHERE "Nome" = 'GASOLINA ADITIVADA'))
ON CONFLICT DO NOTHING;


INSERT INTO public."PRECO_COLETADO" ("Preco", "UnidadeMedida", "DataColeta", "PostoCNPJ", "CombustivelID")
VALUES (5.990, 'R$ / litro', '2023-10-16', '1557127000179',
        (SELECT "ID_Combustivel" FROM public."COMBUSTIVEL" WHERE "Nome" = 'GASOLINA ADITIVADA'))
ON CONFLICT DO NOTHING;


INSERT INTO public."PRECO_COLETADO" ("Preco", "UnidadeMedida", "DataColeta", "PostoCNPJ", "CombustivelID")
VALUES (5.890, 'R$ / litro', '2023-10-24', '1557127000179',
        (SELECT "ID_Combustivel" FROM public."COMBUSTIVEL" WHERE "Nome" = 'GASOLINA ADITIVADA'))
ON CONFLICT DO NOTHING;


INSERT INTO public."PRECO_COLETADO" ("Preco", "UnidadeMedida", "DataColeta", "PostoCNPJ", "CombustivelID")
VALUES (5.890, 'R$ / litro', '2023-10-31', '1557127000179',
        (SELECT "ID_Combustivel" FROM public."COMBUSTIVEL" WHERE "Nome" = 'GASOLINA ADITIVADA'))
ON CONFLICT DO NOTHING;


INSERT INTO public."PRECO_COLETADO" ("Preco", "UnidadeMedida", "DataColeta", "PostoCNPJ", "CombustivelID")
VALUES (5.890, 'R$ / litro', '2023-11-07', '1557127000179',
        (SELECT "ID_Combustivel" FROM public."COMBUSTIVEL" WHERE "Nome" = 'GASOLINA ADITIVADA'))
ON CONFLICT DO NOTHING;


INSERT INTO public."PRECO_COLETADO" ("Preco", "UnidadeMedida", "DataColeta", "PostoCNPJ", "CombustivelID")
VALUES (5.890, 'R$ / litro', '2023-11-14', '1557127000179',
        (SELECT "ID_Combustivel" FROM public."COMBUSTIVEL" WHERE "Nome" = 'GASOLINA ADITIVADA'))
ON CONFLICT DO NOTHING;


INSERT INTO public."PRECO_COLETADO" ("Preco", "UnidadeMedida", "DataColeta", "PostoCNPJ", "CombustivelID")
VALUES (5.790, 'R$ / litro', '2023-11-21', '1557127000179',
        (SELECT "ID_Combustivel" FROM public."COMBUSTIVEL" WHERE "Nome" = 'GASOLINA ADITIVADA'))
ON CONFLICT DO NOTHING;


INSERT INTO public."PRECO_COLETADO" ("Preco", "UnidadeMedida", "DataColeta", "PostoCNPJ", "CombustivelID")
VALUES (5.880, 'R$ / litro', '2023-11-28', '1557127000179',
        (SELECT "ID_Combustivel" FROM public."COMBUSTIVEL" WHERE "Nome" = 'GASOLINA ADITIVADA'))
ON CONFLICT DO NOTHING;


INSERT INTO public."PRECO_COLETADO" ("Preco", "UnidadeMedida", "DataColeta", "PostoCNPJ", "CombustivelID")
VALUES (5.880, 'R$ / litro', '2023-12-06', '1557127000179',
        (SELECT "ID_Combustivel" FROM public."COMBUSTIVEL" WHERE "Nome" = 'GASOLINA ADITIVADA'))
ON CONFLICT DO NOTHING;


INSERT INTO public."PRECO_COLETADO" ("Preco", "UnidadeMedida", "DataColeta", "PostoCNPJ", "CombustivelID")
VALUES (5.880, 'R$ / litro', '2023-12-13', '1557127000179',
        (SELECT "ID_Combustivel" FROM public."COMBUSTIVEL" WHERE "Nome" = 'GASOLINA ADITIVADA'))
ON CONFLICT DO NOTHING;


INSERT INTO public."PRECO_COLETADO" ("Preco", "UnidadeMedida", "DataColeta", "PostoCNPJ", "CombustivelID")
VALUES (5.790, 'R$ / litro', '2023-12-20', '1557127000179',
        (SELECT "ID_Combustivel" FROM public."COMBUSTIVEL" WHERE "Nome" = 'GASOLINA ADITIVADA'))
ON CONFLICT DO NOTHING;


INSERT INTO public."PRECO_COLETADO" ("Preco", "UnidadeMedida", "DataColeta", "PostoCNPJ", "CombustivelID")
VALUES (5.790, 'R$ / litro', '2023-12-26', '1557127000179',
        (SELECT "ID_Combustivel" FROM public."COMBUSTIVEL" WHERE "Nome" = 'GASOLINA ADITIVADA'))
ON CONFLICT DO NOTHING;


INSERT INTO public."PRECO_COLETADO" ("Preco", "UnidadeMedida", "DataColeta", "PostoCNPJ", "CombustivelID")
VALUES (5.790, 'R$ / litro', '2024-01-03', '1557127000179',
        (SELECT "ID_Combustivel" FROM public."COMBUSTIVEL" WHERE "Nome" = 'GASOLINA ADITIVADA'))
ON CONFLICT DO NOTHING;


INSERT INTO public."PRECO_COLETADO" ("Preco", "UnidadeMedida", "DataColeta", "PostoCNPJ", "CombustivelID")
VALUES (5.790, 'R$ / litro', '2024-01-08', '1557127000179',
        (SELECT "ID_Combustivel" FROM public."COMBUSTIVEL" WHERE "Nome" = 'GASOLINA ADITIVADA'))
ON CONFLICT DO NOTHING;


INSERT INTO public."PRECO_COLETADO" ("Preco", "UnidadeMedida", "DataColeta", "PostoCNPJ", "CombustivelID")
VALUES (5.790, 'R$ / litro', '2024-01-15', '1557127000179',
        (SELECT "ID_Combustivel" FROM public."COMBUSTIVEL" WHERE "Nome" = 'GASOLINA ADITIVADA'))
ON CONFLICT DO NOTHING;


INSERT INTO public."PRECO_COLETADO" ("Preco", "UnidadeMedida", "DataColeta", "PostoCNPJ", "CombustivelID")
VALUES (5.790, 'R$ / litro', '2024-01-22', '1557127000179',
        (SELECT "ID_Combustivel" FROM public."COMBUSTIVEL" WHERE "Nome" = 'GASOLINA ADITIVADA'))
ON CONFLICT DO NOTHING;


INSERT INTO public."PRECO_COLETADO" ("Preco", "UnidadeMedida", "DataColeta", "PostoCNPJ", "CombustivelID")
VALUES (5.790, 'R$ / litro', '2024-01-29', '1557127000179',
        (SELECT "ID_Combustivel" FROM public."COMBUSTIVEL" WHERE "Nome" = 'GASOLINA ADITIVADA'))
ON CONFLICT DO NOTHING;


INSERT INTO public."PRECO_COLETADO" ("Preco", "UnidadeMedida", "DataColeta", "PostoCNPJ", "CombustivelID")
VALUES (5.890, 'R$ / litro', '2024-02-05', '1557127000179',
        (SELECT "ID_Combustivel" FROM public."COMBUSTIVEL" WHERE "Nome" = 'GASOLINA ADITIVADA'))
ON CONFLICT DO NOTHING;


INSERT INTO public."PRECO_COLETADO" ("Preco", "UnidadeMedida", "DataColeta", "PostoCNPJ", "CombustivelID")
VALUES (5.890, 'R$ / litro', '2024-02-12', '1557127000179',
        (SELECT "ID_Combustivel" FROM public."COMBUSTIVEL" WHERE "Nome" = 'GASOLINA ADITIVADA'))
ON CONFLICT DO NOTHING;


INSERT INTO public."PRECO_COLETADO" ("Preco", "UnidadeMedida", "DataColeta", "PostoCNPJ", "CombustivelID")
VALUES (5.890, 'R$ / litro', '2024-02-19', '1557127000179',
        (SELECT "ID_Combustivel" FROM public."COMBUSTIVEL" WHERE "Nome" = 'GASOLINA ADITIVADA'))
ON CONFLICT DO NOTHING;


INSERT INTO public."PRECO_COLETADO" ("Preco", "UnidadeMedida", "DataColeta", "PostoCNPJ", "CombustivelID")
VALUES (5.890, 'R$ / litro', '2024-02-26', '1557127000179',
        (SELECT "ID_Combustivel" FROM public."COMBUSTIVEL" WHERE "Nome" = 'GASOLINA ADITIVADA'))
ON CONFLICT DO NOTHING;


INSERT INTO public."PRECO_COLETADO" ("Preco", "UnidadeMedida", "DataColeta", "PostoCNPJ", "CombustivelID")
VALUES (5.890, 'R$ / litro', '2024-03-04', '1557127000179',
        (SELECT "ID_Combustivel" FROM public."COMBUSTIVEL" WHERE "Nome" = 'GASOLINA ADITIVADA'))
ON CONFLICT DO NOTHING;


INSERT INTO public."PRECO_COLETADO" ("Preco", "UnidadeMedida", "DataColeta", "PostoCNPJ", "CombustivelID")
VALUES (5.890, 'R$ / litro', '2024-03-11', '1557127000179',
        (SELECT "ID_Combustivel" FROM public."COMBUSTIVEL" WHERE "Nome" = 'GASOLINA ADITIVADA'))
ON CONFLICT DO NOTHING;


INSERT INTO public."PRECO_COLETADO" ("Preco", "UnidadeMedida", "DataColeta", "PostoCNPJ", "CombustivelID")
VALUES (5.890, 'R$ / litro', '2024-03-18', '1557127000179',
        (SELECT "ID_Combustivel" FROM public."COMBUSTIVEL" WHERE "Nome" = 'GASOLINA ADITIVADA'))
ON CONFLICT DO NOTHING;


INSERT INTO public."PRECO_COLETADO" ("Preco", "UnidadeMedida", "DataColeta", "PostoCNPJ", "CombustivelID")
VALUES (5.890, 'R$ / litro', '2024-03-25', '1557127000179',
        (SELECT "ID_Combustivel" FROM public."COMBUSTIVEL" WHERE "Nome" = 'GASOLINA ADITIVADA'))
ON CONFLICT DO NOTHING;


INSERT INTO public."PRECO_COLETADO" ("Preco", "UnidadeMedida", "DataColeta", "PostoCNPJ", "CombustivelID")
VALUES (5.890, 'R$ / litro', '2024-04-02', '1557127000179',
        (SELECT "ID_Combustivel" FROM public."COMBUSTIVEL" WHERE "Nome" = 'GASOLINA ADITIVADA'))
ON CONFLICT DO NOTHING;


INSERT INTO public."PRECO_COLETADO" ("Preco", "UnidadeMedida", "DataColeta", "PostoCNPJ", "CombustivelID")
VALUES (5.890, 'R$ / litro', '2024-04-08', '1557127000179',
        (SELECT "ID_Combustivel" FROM public."COMBUSTIVEL" WHERE "Nome" = 'GASOLINA ADITIVADA'))
ON CONFLICT DO NOTHING;


INSERT INTO public."PRECO_COLETADO" ("Preco", "UnidadeMedida", "DataColeta", "PostoCNPJ", "CombustivelID")
VALUES (5.890, 'R$ / litro', '2024-04-15', '1557127000179',
        (SELECT "ID_Combustivel" FROM public."COMBUSTIVEL" WHERE "Nome" = 'GASOLINA ADITIVADA'))
ON CONFLICT DO NOTHING;


INSERT INTO public."PRECO_COLETADO" ("Preco", "UnidadeMedida", "DataColeta", "PostoCNPJ", "CombustivelID")
VALUES (5.890, 'R$ / litro', '2024-04-22', '1557127000179',
        (SELECT "ID_Combustivel" FROM public."COMBUSTIVEL" WHERE "Nome" = 'GASOLINA ADITIVADA'))
ON CONFLICT DO NOTHING;


INSERT INTO public."PRECO_COLETADO" ("Preco", "UnidadeMedida", "DataColeta", "PostoCNPJ", "CombustivelID")
VALUES (6.040, 'R$ / litro', '2024-04-29', '1557127000179',
        (SELECT "ID_Combustivel" FROM public."COMBUSTIVEL" WHERE "Nome" = 'GASOLINA ADITIVADA'))
ON CONFLICT DO NOTHING;


INSERT INTO public."PRECO_COLETADO" ("Preco", "UnidadeMedida", "DataColeta", "PostoCNPJ", "CombustivelID")
VALUES (6.040, 'R$ / litro', '2024-05-06', '1557127000179',
        (SELECT "ID_Combustivel" FROM public."COMBUSTIVEL" WHERE "Nome" = 'GASOLINA ADITIVADA'))
ON CONFLICT DO NOTHING;


INSERT INTO public."PRECO_COLETADO" ("Preco", "UnidadeMedida", "DataColeta", "PostoCNPJ", "CombustivelID")
VALUES (6.040, 'R$ / litro', '2024-05-14', '1557127000179',
        (SELECT "ID_Combustivel" FROM public."COMBUSTIVEL" WHERE "Nome" = 'GASOLINA ADITIVADA'))
ON CONFLICT DO NOTHING;


INSERT INTO public."PRECO_COLETADO" ("Preco", "UnidadeMedida", "DataColeta", "PostoCNPJ", "CombustivelID")
VALUES (6.040, 'R$ / litro', '2024-05-20', '1557127000179',
        (SELECT "ID_Combustivel" FROM public."COMBUSTIVEL" WHERE "Nome" = 'GASOLINA ADITIVADA'))
ON CONFLICT DO NOTHING;


INSERT INTO public."PRECO_COLETADO" ("Preco", "UnidadeMedida", "DataColeta", "PostoCNPJ", "CombustivelID")
VALUES (6.040, 'R$ / litro', '2024-05-27', '1557127000179',
        (SELECT "ID_Combustivel" FROM public."COMBUSTIVEL" WHERE "Nome" = 'GASOLINA ADITIVADA'))
ON CONFLICT DO NOTHING;


INSERT INTO public."PRECO_COLETADO" ("Preco", "UnidadeMedida", "DataColeta", "PostoCNPJ", "CombustivelID")
VALUES (6.040, 'R$ / litro', '2024-06-03', '1557127000179',
        (SELECT "ID_Combustivel" FROM public."COMBUSTIVEL" WHERE "Nome" = 'GASOLINA ADITIVADA'))
ON CONFLICT DO NOTHING;


INSERT INTO public."PRECO_COLETADO" ("Preco", "UnidadeMedida", "DataColeta", "PostoCNPJ", "CombustivelID")
VALUES (6.040, 'R$ / litro', '2024-06-17', '1557127000179',
        (SELECT "ID_Combustivel" FROM public."COMBUSTIVEL" WHERE "Nome" = 'GASOLINA ADITIVADA'))
ON CONFLICT DO NOTHING;


INSERT INTO public."PRECO_COLETADO" ("Preco", "UnidadeMedida", "DataColeta", "PostoCNPJ", "CombustivelID")
VALUES (6.040, 'R$ / litro', '2024-06-24', '1557127000179',
        (SELECT "ID_Combustivel" FROM public."COMBUSTIVEL" WHERE "Nome" = 'GASOLINA ADITIVADA'))
ON CONFLICT DO NOTHING;


INSERT INTO public."PRECO_COLETADO" ("Preco", "UnidadeMedida", "DataColeta", "PostoCNPJ", "CombustivelID")
VALUES (5.990, 'R$ / litro', '2024-07-01', '1557127000179',
        (SELECT "ID_Combustivel" FROM public."COMBUSTIVEL" WHERE "Nome" = 'GASOLINA ADITIVADA'))
ON CONFLICT DO NOTHING;


INSERT INTO public."PRECO_COLETADO" ("Preco", "UnidadeMedida", "DataColeta", "PostoCNPJ", "CombustivelID")
VALUES (6.090, 'R$ / litro', '2024-07-09', '1557127000179',
        (SELECT "ID_Combustivel" FROM public."COMBUSTIVEL" WHERE "Nome" = 'GASOLINA ADITIVADA'))
ON CONFLICT DO NOTHING;


INSERT INTO public."PRECO_COLETADO" ("Preco", "UnidadeMedida", "DataColeta", "PostoCNPJ", "CombustivelID")
VALUES (6.380, 'R$ / litro', '2024-07-15', '1557127000179',
        (SELECT "ID_Combustivel" FROM public."COMBUSTIVEL" WHERE "Nome" = 'GASOLINA ADITIVADA'))
ON CONFLICT DO NOTHING;


INSERT INTO public."PRECO_COLETADO" ("Preco", "UnidadeMedida", "DataColeta", "PostoCNPJ", "CombustivelID")
VALUES (6.380, 'R$ / litro', '2024-07-22', '1557127000179',
        (SELECT "ID_Combustivel" FROM public."COMBUSTIVEL" WHERE "Nome" = 'GASOLINA ADITIVADA'))
ON CONFLICT DO NOTHING;


INSERT INTO public."PRECO_COLETADO" ("Preco", "UnidadeMedida", "DataColeta", "PostoCNPJ", "CombustivelID")
VALUES (6.380, 'R$ / litro', '2024-07-29', '1557127000179',
        (SELECT "ID_Combustivel" FROM public."COMBUSTIVEL" WHERE "Nome" = 'GASOLINA ADITIVADA'))
ON CONFLICT DO NOTHING;


INSERT INTO public."PRECO_COLETADO" ("Preco", "UnidadeMedida", "DataColeta", "PostoCNPJ", "CombustivelID")
VALUES (6.380, 'R$ / litro', '2024-08-05', '1557127000179',
        (SELECT "ID_Combustivel" FROM public."COMBUSTIVEL" WHERE "Nome" = 'GASOLINA ADITIVADA'))
ON CONFLICT DO NOTHING;


INSERT INTO public."PRECO_COLETADO" ("Preco", "UnidadeMedida", "DataColeta", "PostoCNPJ", "CombustivelID")
VALUES (6.380, 'R$ / litro', '2024-08-12', '1557127000179',
        (SELECT "ID_Combustivel" FROM public."COMBUSTIVEL" WHERE "Nome" = 'GASOLINA ADITIVADA'))
ON CONFLICT DO NOTHING;


INSERT INTO public."PRECO_COLETADO" ("Preco", "UnidadeMedida", "DataColeta", "PostoCNPJ", "CombustivelID")
VALUES (6.380, 'R$ / litro', '2024-08-20', '1557127000179',
        (SELECT "ID_Combustivel" FROM public."COMBUSTIVEL" WHERE "Nome" = 'GASOLINA ADITIVADA'))
ON CONFLICT DO NOTHING;


INSERT INTO public."PRECO_COLETADO" ("Preco", "UnidadeMedida", "DataColeta", "PostoCNPJ", "CombustivelID")
VALUES (6.290, 'R$ / litro', '2024-08-26', '1557127000179',
        (SELECT "ID_Combustivel" FROM public."COMBUSTIVEL" WHERE "Nome" = 'GASOLINA ADITIVADA'))
ON CONFLICT DO NOTHING;


INSERT INTO public."PRECO_COLETADO" ("Preco", "UnidadeMedida", "DataColeta", "PostoCNPJ", "CombustivelID")
VALUES (6.290, 'R$ / litro', '2024-09-02', '1557127000179',
        (SELECT "ID_Combustivel" FROM public."COMBUSTIVEL" WHERE "Nome" = 'GASOLINA ADITIVADA'))
ON CONFLICT DO NOTHING;


INSERT INTO public."COMBUSTIVEL" ("Nome")
VALUES ('ETANOL')
ON CONFLICT ("Nome") DO NOTHING;


INSERT INTO public."PRECO_COLETADO" ("Preco", "UnidadeMedida", "DataColeta", "PostoCNPJ", "CombustivelID")
VALUES (4.190, 'R$ / litro', '2022-10-24', '1557127000179',
        (SELECT "ID_Combustivel" FROM public."COMBUSTIVEL" WHERE "Nome" = 'ETANOL'))
ON CONFLICT DO NOTHING;


INSERT INTO public."PRECO_COLETADO" ("Preco", "UnidadeMedida", "DataColeta", "PostoCNPJ", "CombustivelID")
VALUES (4.390, 'R$ / litro', '2023-01-23', '1557127000179',
        (SELECT "ID_Combustivel" FROM public."COMBUSTIVEL" WHERE "Nome" = 'ETANOL'))
ON CONFLICT DO NOTHING;


INSERT INTO public."PRECO_COLETADO" ("Preco", "UnidadeMedida", "DataColeta", "PostoCNPJ", "CombustivelID")
VALUES (4.540, 'R$ / litro', '2023-01-30', '1557127000179',
        (SELECT "ID_Combustivel" FROM public."COMBUSTIVEL" WHERE "Nome" = 'ETANOL'))
ON CONFLICT DO NOTHING;


INSERT INTO public."PRECO_COLETADO" ("Preco", "UnidadeMedida", "DataColeta", "PostoCNPJ", "CombustivelID")
VALUES (4.540, 'R$ / litro', '2023-02-06', '1557127000179',
        (SELECT "ID_Combustivel" FROM public."COMBUSTIVEL" WHERE "Nome" = 'ETANOL'))
ON CONFLICT DO NOTHING;


INSERT INTO public."PRECO_COLETADO" ("Preco", "UnidadeMedida", "DataColeta", "PostoCNPJ", "CombustivelID")
VALUES (4.540, 'R$ / litro', '2023-02-13', '1557127000179',
        (SELECT "ID_Combustivel" FROM public."COMBUSTIVEL" WHERE "Nome" = 'ETANOL'))
ON CONFLICT DO NOTHING;


INSERT INTO public."PRECO_COLETADO" ("Preco", "UnidadeMedida", "DataColeta", "PostoCNPJ", "CombustivelID")
VALUES (4.540, 'R$ / litro', '2023-02-20', '1557127000179',
        (SELECT "ID_Combustivel" FROM public."COMBUSTIVEL" WHERE "Nome" = 'ETANOL'))
ON CONFLICT DO NOTHING;


INSERT INTO public."PRECO_COLETADO" ("Preco", "UnidadeMedida", "DataColeta", "PostoCNPJ", "CombustivelID")
VALUES (4.540, 'R$ / litro', '2023-02-27', '1557127000179',
        (SELECT "ID_Combustivel" FROM public."COMBUSTIVEL" WHERE "Nome" = 'ETANOL'))
ON CONFLICT DO NOTHING;


INSERT INTO public."PRECO_COLETADO" ("Preco", "UnidadeMedida", "DataColeta", "PostoCNPJ", "CombustivelID")
VALUES (4.790, 'R$ / litro', '2023-03-06', '1557127000179',
        (SELECT "ID_Combustivel" FROM public."COMBUSTIVEL" WHERE "Nome" = 'ETANOL'))
ON CONFLICT DO NOTHING;


INSERT INTO public."PRECO_COLETADO" ("Preco", "UnidadeMedida", "DataColeta", "PostoCNPJ", "CombustivelID")
VALUES (4.790, 'R$ / litro', '2023-03-21', '1557127000179',
        (SELECT "ID_Combustivel" FROM public."COMBUSTIVEL" WHERE "Nome" = 'ETANOL'))
ON CONFLICT DO NOTHING;


INSERT INTO public."PRECO_COLETADO" ("Preco", "UnidadeMedida", "DataColeta", "PostoCNPJ", "CombustivelID")
VALUES (4.790, 'R$ / litro', '2023-03-27', '1557127000179',
        (SELECT "ID_Combustivel" FROM public."COMBUSTIVEL" WHERE "Nome" = 'ETANOL'))
ON CONFLICT DO NOTHING;


INSERT INTO public."PRECO_COLETADO" ("Preco", "UnidadeMedida", "DataColeta", "PostoCNPJ", "CombustivelID")
VALUES (4.790, 'R$ / litro', '2023-04-11', '1557127000179',
        (SELECT "ID_Combustivel" FROM public."COMBUSTIVEL" WHERE "Nome" = 'ETANOL'))
ON CONFLICT DO NOTHING;


INSERT INTO public."PRECO_COLETADO" ("Preco", "UnidadeMedida", "DataColeta", "PostoCNPJ", "CombustivelID")
VALUES (4.790, 'R$ / litro', '2023-04-24', '1557127000179',
        (SELECT "ID_Combustivel" FROM public."COMBUSTIVEL" WHERE "Nome" = 'ETANOL'))
ON CONFLICT DO NOTHING;


INSERT INTO public."PRECO_COLETADO" ("Preco", "UnidadeMedida", "DataColeta", "PostoCNPJ", "CombustivelID")
VALUES (4.790, 'R$ / litro', '2023-05-09', '1557127000179',
        (SELECT "ID_Combustivel" FROM public."COMBUSTIVEL" WHERE "Nome" = 'ETANOL'))
ON CONFLICT DO NOTHING;


INSERT INTO public."PRECO_COLETADO" ("Preco", "UnidadeMedida", "DataColeta", "PostoCNPJ", "CombustivelID")
VALUES (4.790, 'R$ / litro', '2023-05-15', '1557127000179',
        (SELECT "ID_Combustivel" FROM public."COMBUSTIVEL" WHERE "Nome" = 'ETANOL'))
ON CONFLICT DO NOTHING;


INSERT INTO public."PRECO_COLETADO" ("Preco", "UnidadeMedida", "DataColeta", "PostoCNPJ", "CombustivelID")
VALUES (4.490, 'R$ / litro', '2023-05-22', '1557127000179',
        (SELECT "ID_Combustivel" FROM public."COMBUSTIVEL" WHERE "Nome" = 'ETANOL'))
ON CONFLICT DO NOTHING;


INSERT INTO public."PRECO_COLETADO" ("Preco", "UnidadeMedida", "DataColeta", "PostoCNPJ", "CombustivelID")
VALUES (4.490, 'R$ / litro', '2023-05-29', '1557127000179',
        (SELECT "ID_Combustivel" FROM public."COMBUSTIVEL" WHERE "Nome" = 'ETANOL'))
ON CONFLICT DO NOTHING;


INSERT INTO public."PRECO_COLETADO" ("Preco", "UnidadeMedida", "DataColeta", "PostoCNPJ", "CombustivelID")
VALUES (4.490, 'R$ / litro', '2023-06-20', '1557127000179',
        (SELECT "ID_Combustivel" FROM public."COMBUSTIVEL" WHERE "Nome" = 'ETANOL'))
ON CONFLICT DO NOTHING;


INSERT INTO public."PRECO_COLETADO" ("Preco", "UnidadeMedida", "DataColeta", "PostoCNPJ", "CombustivelID")
VALUES (4.490, 'R$ / litro', '2023-06-27', '1557127000179',
        (SELECT "ID_Combustivel" FROM public."COMBUSTIVEL" WHERE "Nome" = 'ETANOL'))
ON CONFLICT DO NOTHING;


INSERT INTO public."PRECO_COLETADO" ("Preco", "UnidadeMedida", "DataColeta", "PostoCNPJ", "CombustivelID")
VALUES (4.490, 'R$ / litro', '2023-07-04', '1557127000179',
        (SELECT "ID_Combustivel" FROM public."COMBUSTIVEL" WHERE "Nome" = 'ETANOL'))
ON CONFLICT DO NOTHING;


INSERT INTO public."PRECO_COLETADO" ("Preco", "UnidadeMedida", "DataColeta", "PostoCNPJ", "CombustivelID")
VALUES (4.490, 'R$ / litro', '2023-07-10', '1557127000179',
        (SELECT "ID_Combustivel" FROM public."COMBUSTIVEL" WHERE "Nome" = 'ETANOL'))
ON CONFLICT DO NOTHING;


INSERT INTO public."PRECO_COLETADO" ("Preco", "UnidadeMedida", "DataColeta", "PostoCNPJ", "CombustivelID")
VALUES (4.490, 'R$ / litro', '2023-07-17', '1557127000179',
        (SELECT "ID_Combustivel" FROM public."COMBUSTIVEL" WHERE "Nome" = 'ETANOL'))
ON CONFLICT DO NOTHING;


INSERT INTO public."PRECO_COLETADO" ("Preco", "UnidadeMedida", "DataColeta", "PostoCNPJ", "CombustivelID")
VALUES (4.490, 'R$ / litro', '2023-07-24', '1557127000179',
        (SELECT "ID_Combustivel" FROM public."COMBUSTIVEL" WHERE "Nome" = 'ETANOL'))
ON CONFLICT DO NOTHING;


INSERT INTO public."PRECO_COLETADO" ("Preco", "UnidadeMedida", "DataColeta", "PostoCNPJ", "CombustivelID")
VALUES (4.490, 'R$ / litro', '2023-07-31', '1557127000179',
        (SELECT "ID_Combustivel" FROM public."COMBUSTIVEL" WHERE "Nome" = 'ETANOL'))
ON CONFLICT DO NOTHING;


INSERT INTO public."PRECO_COLETADO" ("Preco", "UnidadeMedida", "DataColeta", "PostoCNPJ", "CombustivelID")
VALUES (4.490, 'R$ / litro', '2023-08-15', '1557127000179',
        (SELECT "ID_Combustivel" FROM public."COMBUSTIVEL" WHERE "Nome" = 'ETANOL'))
ON CONFLICT DO NOTHING;


INSERT INTO public."PRECO_COLETADO" ("Preco", "UnidadeMedida", "DataColeta", "PostoCNPJ", "CombustivelID")
VALUES (3.990, 'R$ / litro', '2023-08-22', '1557127000179',
        (SELECT "ID_Combustivel" FROM public."COMBUSTIVEL" WHERE "Nome" = 'ETANOL'))
ON CONFLICT DO NOTHING;


INSERT INTO public."PRECO_COLETADO" ("Preco", "UnidadeMedida", "DataColeta", "PostoCNPJ", "CombustivelID")
VALUES (3.990, 'R$ / litro', '2023-08-30', '1557127000179',
        (SELECT "ID_Combustivel" FROM public."COMBUSTIVEL" WHERE "Nome" = 'ETANOL'))
ON CONFLICT DO NOTHING;


INSERT INTO public."PRECO_COLETADO" ("Preco", "UnidadeMedida", "DataColeta", "PostoCNPJ", "CombustivelID")
VALUES (3.990, 'R$ / litro', '2023-09-07', '1557127000179',
        (SELECT "ID_Combustivel" FROM public."COMBUSTIVEL" WHERE "Nome" = 'ETANOL'))
ON CONFLICT DO NOTHING;


INSERT INTO public."PRECO_COLETADO" ("Preco", "UnidadeMedida", "DataColeta", "PostoCNPJ", "CombustivelID")
VALUES (3.990, 'R$ / litro', '2023-09-12', '1557127000179',
        (SELECT "ID_Combustivel" FROM public."COMBUSTIVEL" WHERE "Nome" = 'ETANOL'))
ON CONFLICT DO NOTHING;


INSERT INTO public."PRECO_COLETADO" ("Preco", "UnidadeMedida", "DataColeta", "PostoCNPJ", "CombustivelID")
VALUES (3.990, 'R$ / litro', '2023-09-19', '1557127000179',
        (SELECT "ID_Combustivel" FROM public."COMBUSTIVEL" WHERE "Nome" = 'ETANOL'))
ON CONFLICT DO NOTHING;


INSERT INTO public."PRECO_COLETADO" ("Preco", "UnidadeMedida", "DataColeta", "PostoCNPJ", "CombustivelID")
VALUES (4.190, 'R$ / litro', '2023-09-26', '1557127000179',
        (SELECT "ID_Combustivel" FROM public."COMBUSTIVEL" WHERE "Nome" = 'ETANOL'))
ON CONFLICT DO NOTHING;


INSERT INTO public."PRECO_COLETADO" ("Preco", "UnidadeMedida", "DataColeta", "PostoCNPJ", "CombustivelID")
VALUES (4.190, 'R$ / litro', '2023-10-03', '1557127000179',
        (SELECT "ID_Combustivel" FROM public."COMBUSTIVEL" WHERE "Nome" = 'ETANOL'))
ON CONFLICT DO NOTHING;


INSERT INTO public."PRECO_COLETADO" ("Preco", "UnidadeMedida", "DataColeta", "PostoCNPJ", "CombustivelID")
VALUES (4.190, 'R$ / litro', '2023-10-10', '1557127000179',
        (SELECT "ID_Combustivel" FROM public."COMBUSTIVEL" WHERE "Nome" = 'ETANOL'))
ON CONFLICT DO NOTHING;


INSERT INTO public."PRECO_COLETADO" ("Preco", "UnidadeMedida", "DataColeta", "PostoCNPJ", "CombustivelID")
VALUES (4.190, 'R$ / litro', '2023-10-16', '1557127000179',
        (SELECT "ID_Combustivel" FROM public."COMBUSTIVEL" WHERE "Nome" = 'ETANOL'))
ON CONFLICT DO NOTHING;


INSERT INTO public."PRECO_COLETADO" ("Preco", "UnidadeMedida", "DataColeta", "PostoCNPJ", "CombustivelID")
VALUES (4.190, 'R$ / litro', '2023-10-24', '1557127000179',
        (SELECT "ID_Combustivel" FROM public."COMBUSTIVEL" WHERE "Nome" = 'ETANOL'))
ON CONFLICT DO NOTHING;


INSERT INTO public."PRECO_COLETADO" ("Preco", "UnidadeMedida", "DataColeta", "PostoCNPJ", "CombustivelID")
VALUES (4.190, 'R$ / litro', '2023-10-31', '1557127000179',
        (SELECT "ID_Combustivel" FROM public."COMBUSTIVEL" WHERE "Nome" = 'ETANOL'))
ON CONFLICT DO NOTHING;


INSERT INTO public."PRECO_COLETADO" ("Preco", "UnidadeMedida", "DataColeta", "PostoCNPJ", "CombustivelID")
VALUES (4.190, 'R$ / litro', '2023-11-07', '1557127000179',
        (SELECT "ID_Combustivel" FROM public."COMBUSTIVEL" WHERE "Nome" = 'ETANOL'))
ON CONFLICT DO NOTHING;


INSERT INTO public."PRECO_COLETADO" ("Preco", "UnidadeMedida", "DataColeta", "PostoCNPJ", "CombustivelID")
VALUES (4.190, 'R$ / litro', '2023-11-14', '1557127000179',
        (SELECT "ID_Combustivel" FROM public."COMBUSTIVEL" WHERE "Nome" = 'ETANOL'))
ON CONFLICT DO NOTHING;


INSERT INTO public."PRECO_COLETADO" ("Preco", "UnidadeMedida", "DataColeta", "PostoCNPJ", "CombustivelID")
VALUES (4.190, 'R$ / litro', '2023-11-21', '1557127000179',
        (SELECT "ID_Combustivel" FROM public."COMBUSTIVEL" WHERE "Nome" = 'ETANOL'))
ON CONFLICT DO NOTHING;


INSERT INTO public."PRECO_COLETADO" ("Preco", "UnidadeMedida", "DataColeta", "PostoCNPJ", "CombustivelID")
VALUES (3.990, 'R$ / litro', '2023-11-28', '1557127000179',
        (SELECT "ID_Combustivel" FROM public."COMBUSTIVEL" WHERE "Nome" = 'ETANOL'))
ON CONFLICT DO NOTHING;


INSERT INTO public."PRECO_COLETADO" ("Preco", "UnidadeMedida", "DataColeta", "PostoCNPJ", "CombustivelID")
VALUES (3.990, 'R$ / litro', '2023-12-06', '1557127000179',
        (SELECT "ID_Combustivel" FROM public."COMBUSTIVEL" WHERE "Nome" = 'ETANOL'))
ON CONFLICT DO NOTHING;


INSERT INTO public."PRECO_COLETADO" ("Preco", "UnidadeMedida", "DataColeta", "PostoCNPJ", "CombustivelID")
VALUES (3.990, 'R$ / litro', '2023-12-13', '1557127000179',
        (SELECT "ID_Combustivel" FROM public."COMBUSTIVEL" WHERE "Nome" = 'ETANOL'))
ON CONFLICT DO NOTHING;


INSERT INTO public."PRECO_COLETADO" ("Preco", "UnidadeMedida", "DataColeta", "PostoCNPJ", "CombustivelID")
VALUES (3.990, 'R$ / litro', '2023-12-20', '1557127000179',
        (SELECT "ID_Combustivel" FROM public."COMBUSTIVEL" WHERE "Nome" = 'ETANOL'))
ON CONFLICT DO NOTHING;


INSERT INTO public."PRECO_COLETADO" ("Preco", "UnidadeMedida", "DataColeta", "PostoCNPJ", "CombustivelID")
VALUES (3.790, 'R$ / litro', '2023-12-26', '1557127000179',
        (SELECT "ID_Combustivel" FROM public."COMBUSTIVEL" WHERE "Nome" = 'ETANOL'))
ON CONFLICT DO NOTHING;


INSERT INTO public."PRECO_COLETADO" ("Preco", "UnidadeMedida", "DataColeta", "PostoCNPJ", "CombustivelID")
VALUES (3.790, 'R$ / litro', '2024-01-03', '1557127000179',
        (SELECT "ID_Combustivel" FROM public."COMBUSTIVEL" WHERE "Nome" = 'ETANOL'))
ON CONFLICT DO NOTHING;


INSERT INTO public."PRECO_COLETADO" ("Preco", "UnidadeMedida", "DataColeta", "PostoCNPJ", "CombustivelID")
VALUES (3.790, 'R$ / litro', '2024-01-08', '1557127000179',
        (SELECT "ID_Combustivel" FROM public."COMBUSTIVEL" WHERE "Nome" = 'ETANOL'))
ON CONFLICT DO NOTHING;


INSERT INTO public."PRECO_COLETADO" ("Preco", "UnidadeMedida", "DataColeta", "PostoCNPJ", "CombustivelID")
VALUES (3.790, 'R$ / litro', '2024-01-15', '1557127000179',
        (SELECT "ID_Combustivel" FROM public."COMBUSTIVEL" WHERE "Nome" = 'ETANOL'))
ON CONFLICT DO NOTHING;


INSERT INTO public."PRECO_COLETADO" ("Preco", "UnidadeMedida", "DataColeta", "PostoCNPJ", "CombustivelID")
VALUES (3.790, 'R$ / litro', '2024-01-29', '1557127000179',
        (SELECT "ID_Combustivel" FROM public."COMBUSTIVEL" WHERE "Nome" = 'ETANOL'))
ON CONFLICT DO NOTHING;


INSERT INTO public."PRECO_COLETADO" ("Preco", "UnidadeMedida", "DataColeta", "PostoCNPJ", "CombustivelID")
VALUES (3.990, 'R$ / litro', '2024-02-05', '1557127000179',
        (SELECT "ID_Combustivel" FROM public."COMBUSTIVEL" WHERE "Nome" = 'ETANOL'))
ON CONFLICT DO NOTHING;


INSERT INTO public."PRECO_COLETADO" ("Preco", "UnidadeMedida", "DataColeta", "PostoCNPJ", "CombustivelID")
VALUES (3.990, 'R$ / litro', '2024-02-12', '1557127000179',
        (SELECT "ID_Combustivel" FROM public."COMBUSTIVEL" WHERE "Nome" = 'ETANOL'))
ON CONFLICT DO NOTHING;


INSERT INTO public."PRECO_COLETADO" ("Preco", "UnidadeMedida", "DataColeta", "PostoCNPJ", "CombustivelID")
VALUES (3.990, 'R$ / litro', '2024-02-19', '1557127000179',
        (SELECT "ID_Combustivel" FROM public."COMBUSTIVEL" WHERE "Nome" = 'ETANOL'))
ON CONFLICT DO NOTHING;


INSERT INTO public."PRECO_COLETADO" ("Preco", "UnidadeMedida", "DataColeta", "PostoCNPJ", "CombustivelID")
VALUES (3.990, 'R$ / litro', '2024-02-26', '1557127000179',
        (SELECT "ID_Combustivel" FROM public."COMBUSTIVEL" WHERE "Nome" = 'ETANOL'))
ON CONFLICT DO NOTHING;


INSERT INTO public."PRECO_COLETADO" ("Preco", "UnidadeMedida", "DataColeta", "PostoCNPJ", "CombustivelID")
VALUES (3.990, 'R$ / litro', '2024-03-04', '1557127000179',
        (SELECT "ID_Combustivel" FROM public."COMBUSTIVEL" WHERE "Nome" = 'ETANOL'))
ON CONFLICT DO NOTHING;


INSERT INTO public."PRECO_COLETADO" ("Preco", "UnidadeMedida", "DataColeta", "PostoCNPJ", "CombustivelID")
VALUES (3.990, 'R$ / litro', '2024-03-11', '1557127000179',
        (SELECT "ID_Combustivel" FROM public."COMBUSTIVEL" WHERE "Nome" = 'ETANOL'))
ON CONFLICT DO NOTHING;


INSERT INTO public."COMBUSTIVEL" ("Nome")
VALUES ('DIESEL S10')
ON CONFLICT ("Nome") DO NOTHING;


INSERT INTO public."PRECO_COLETADO" ("Preco", "UnidadeMedida", "DataColeta", "PostoCNPJ", "CombustivelID")
VALUES (6.490, 'R$ / litro', '2022-10-24', '1557127000179',
        (SELECT "ID_Combustivel" FROM public."COMBUSTIVEL" WHERE "Nome" = 'DIESEL S10'))
ON CONFLICT DO NOTHING;


INSERT INTO public."PRECO_COLETADO" ("Preco", "UnidadeMedida", "DataColeta", "PostoCNPJ", "CombustivelID")
VALUES (6.090, 'R$ / litro', '2023-01-23', '1557127000179',
        (SELECT "ID_Combustivel" FROM public."COMBUSTIVEL" WHERE "Nome" = 'DIESEL S10'))
ON CONFLICT DO NOTHING;


INSERT INTO public."PRECO_COLETADO" ("Preco", "UnidadeMedida", "DataColeta", "PostoCNPJ", "CombustivelID")
VALUES (6.090, 'R$ / litro', '2023-01-30', '1557127000179',
        (SELECT "ID_Combustivel" FROM public."COMBUSTIVEL" WHERE "Nome" = 'DIESEL S10'))
ON CONFLICT DO NOTHING;


INSERT INTO public."PRECO_COLETADO" ("Preco", "UnidadeMedida", "DataColeta", "PostoCNPJ", "CombustivelID")
VALUES (6.090, 'R$ / litro', '2023-02-06', '1557127000179',
        (SELECT "ID_Combustivel" FROM public."COMBUSTIVEL" WHERE "Nome" = 'DIESEL S10'))
ON CONFLICT DO NOTHING;


INSERT INTO public."PRECO_COLETADO" ("Preco", "UnidadeMedida", "DataColeta", "PostoCNPJ", "CombustivelID")
VALUES (5.840, 'R$ / litro', '2023-02-13', '1557127000179',
        (SELECT "ID_Combustivel" FROM public."COMBUSTIVEL" WHERE "Nome" = 'DIESEL S10'))
ON CONFLICT DO NOTHING;


INSERT INTO public."PRECO_COLETADO" ("Preco", "UnidadeMedida", "DataColeta", "PostoCNPJ", "CombustivelID")
VALUES (5.840, 'R$ / litro', '2023-02-20', '1557127000179',
        (SELECT "ID_Combustivel" FROM public."COMBUSTIVEL" WHERE "Nome" = 'DIESEL S10'))
ON CONFLICT DO NOTHING;


INSERT INTO public."PRECO_COLETADO" ("Preco", "UnidadeMedida", "DataColeta", "PostoCNPJ", "CombustivelID")
VALUES (5.840, 'R$ / litro', '2023-02-27', '1557127000179',
        (SELECT "ID_Combustivel" FROM public."COMBUSTIVEL" WHERE "Nome" = 'DIESEL S10'))
ON CONFLICT DO NOTHING;


INSERT INTO public."PRECO_COLETADO" ("Preco", "UnidadeMedida", "DataColeta", "PostoCNPJ", "CombustivelID")
VALUES (5.840, 'R$ / litro', '2023-03-21', '1557127000179',
        (SELECT "ID_Combustivel" FROM public."COMBUSTIVEL" WHERE "Nome" = 'DIESEL S10'))
ON CONFLICT DO NOTHING;


INSERT INTO public."PRECO_COLETADO" ("Preco", "UnidadeMedida", "DataColeta", "PostoCNPJ", "CombustivelID")
VALUES (5.690, 'R$ / litro', '2023-03-27', '1557127000179',
        (SELECT "ID_Combustivel" FROM public."COMBUSTIVEL" WHERE "Nome" = 'DIESEL S10'))
ON CONFLICT DO NOTHING;


INSERT INTO public."PRECO_COLETADO" ("Preco", "UnidadeMedida", "DataColeta", "PostoCNPJ", "CombustivelID")
VALUES (5.790, 'R$ / litro', '2023-04-11', '1557127000179',
        (SELECT "ID_Combustivel" FROM public."COMBUSTIVEL" WHERE "Nome" = 'DIESEL S10'))
ON CONFLICT DO NOTHING;


INSERT INTO public."PRECO_COLETADO" ("Preco", "UnidadeMedida", "DataColeta", "PostoCNPJ", "CombustivelID")
VALUES (5.790, 'R$ / litro', '2023-04-24', '1557127000179',
        (SELECT "ID_Combustivel" FROM public."COMBUSTIVEL" WHERE "Nome" = 'DIESEL S10'))
ON CONFLICT DO NOTHING;


INSERT INTO public."PRECO_COLETADO" ("Preco", "UnidadeMedida", "DataColeta", "PostoCNPJ", "CombustivelID")
VALUES (5.690, 'R$ / litro', '2023-05-09', '1557127000179',
        (SELECT "ID_Combustivel" FROM public."COMBUSTIVEL" WHERE "Nome" = 'DIESEL S10'))
ON CONFLICT DO NOTHING;


INSERT INTO public."PRECO_COLETADO" ("Preco", "UnidadeMedida", "DataColeta", "PostoCNPJ", "CombustivelID")
VALUES (5.690, 'R$ / litro', '2023-05-15', '1557127000179',
        (SELECT "ID_Combustivel" FROM public."COMBUSTIVEL" WHERE "Nome" = 'DIESEL S10'))
ON CONFLICT DO NOTHING;


INSERT INTO public."PRECO_COLETADO" ("Preco", "UnidadeMedida", "DataColeta", "PostoCNPJ", "CombustivelID")
VALUES (5.990, 'R$ / litro', '2023-12-20', '1557127000179',
        (SELECT "ID_Combustivel" FROM public."COMBUSTIVEL" WHERE "Nome" = 'DIESEL S10'))
ON CONFLICT DO NOTHING;


INSERT INTO public."POSTO" ("CNPJ", "RazaoSocial", "NomeFantasia", "Bandeira", "Logradouro", "Numero", "Bairro", "Cidade", "Estado", "CEP")
VALUES ('1502805000104', 'POSTO DE COMBUSTIVEIS NEVADA LTDA', 'POSTO NEVADA', 'IPIRANGA', 'RUA PAPA JOAO XXIII', '959', 'RIO MARINHO', 'VILA VELHA', 'ESPIRITO SANTO', '29112346')
ON CONFLICT ("CNPJ") DO NOTHING;


INSERT INTO public."COMBUSTIVEL" ("Nome")
VALUES ('GASOLINA COMUM')
ON CONFLICT ("Nome") DO NOTHING;


INSERT INTO public."PRECO_COLETADO" ("Preco", "UnidadeMedida", "DataColeta", "PostoCNPJ", "CombustivelID")
VALUES (4.670, 'R$ / litro', '2022-10-31', '1502805000104',
        (SELECT "ID_Combustivel" FROM public."COMBUSTIVEL" WHERE "Nome" = 'GASOLINA COMUM'))
ON CONFLICT DO NOTHING;


INSERT INTO public."PRECO_COLETADO" ("Preco", "UnidadeMedida", "DataColeta", "PostoCNPJ", "CombustivelID")
VALUES (4.890, 'R$ / litro', '2023-01-16', '1502805000104',
        (SELECT "ID_Combustivel" FROM public."COMBUSTIVEL" WHERE "Nome" = 'GASOLINA COMUM'))
ON CONFLICT DO NOTHING;


INSERT INTO public."PRECO_COLETADO" ("Preco", "UnidadeMedida", "DataColeta", "PostoCNPJ", "CombustivelID")
VALUES (4.890, 'R$ / litro', '2023-01-23', '1502805000104',
        (SELECT "ID_Combustivel" FROM public."COMBUSTIVEL" WHERE "Nome" = 'GASOLINA COMUM'))
ON CONFLICT DO NOTHING;


INSERT INTO public."PRECO_COLETADO" ("Preco", "UnidadeMedida", "DataColeta", "PostoCNPJ", "CombustivelID")
VALUES (5.090, 'R$ / litro', '2023-01-30', '1502805000104',
        (SELECT "ID_Combustivel" FROM public."COMBUSTIVEL" WHERE "Nome" = 'GASOLINA COMUM'))
ON CONFLICT DO NOTHING;


INSERT INTO public."PRECO_COLETADO" ("Preco", "UnidadeMedida", "DataColeta", "PostoCNPJ", "CombustivelID")
VALUES (4.970, 'R$ / litro', '2023-02-13', '1502805000104',
        (SELECT "ID_Combustivel" FROM public."COMBUSTIVEL" WHERE "Nome" = 'GASOLINA COMUM'))
ON CONFLICT DO NOTHING;


INSERT INTO public."PRECO_COLETADO" ("Preco", "UnidadeMedida", "DataColeta", "PostoCNPJ", "CombustivelID")
VALUES (4.970, 'R$ / litro', '2023-02-28', '1502805000104',
        (SELECT "ID_Combustivel" FROM public."COMBUSTIVEL" WHERE "Nome" = 'GASOLINA COMUM'))
ON CONFLICT DO NOTHING;


INSERT INTO public."PRECO_COLETADO" ("Preco", "UnidadeMedida", "DataColeta", "PostoCNPJ", "CombustivelID")
VALUES (5.350, 'R$ / litro', '2023-04-11', '1502805000104',
        (SELECT "ID_Combustivel" FROM public."COMBUSTIVEL" WHERE "Nome" = 'GASOLINA COMUM'))
ON CONFLICT DO NOTHING;


INSERT INTO public."PRECO_COLETADO" ("Preco", "UnidadeMedida", "DataColeta", "PostoCNPJ", "CombustivelID")
VALUES (5.350, 'R$ / litro', '2023-04-17', '1502805000104',
        (SELECT "ID_Combustivel" FROM public."COMBUSTIVEL" WHERE "Nome" = 'GASOLINA COMUM'))
ON CONFLICT DO NOTHING;


INSERT INTO public."PRECO_COLETADO" ("Preco", "UnidadeMedida", "DataColeta", "PostoCNPJ", "CombustivelID")
VALUES (5.350, 'R$ / litro', '2023-04-24', '1502805000104',
        (SELECT "ID_Combustivel" FROM public."COMBUSTIVEL" WHERE "Nome" = 'GASOLINA COMUM'))
ON CONFLICT DO NOTHING;


INSERT INTO public."PRECO_COLETADO" ("Preco", "UnidadeMedida", "DataColeta", "PostoCNPJ", "CombustivelID")
VALUES (5.350, 'R$ / litro', '2023-05-03', '1502805000104',
        (SELECT "ID_Combustivel" FROM public."COMBUSTIVEL" WHERE "Nome" = 'GASOLINA COMUM'))
ON CONFLICT DO NOTHING;


INSERT INTO public."PRECO_COLETADO" ("Preco", "UnidadeMedida", "DataColeta", "PostoCNPJ", "CombustivelID")
VALUES (5.350, 'R$ / litro', '2023-05-09', '1502805000104',
        (SELECT "ID_Combustivel" FROM public."COMBUSTIVEL" WHERE "Nome" = 'GASOLINA COMUM'))
ON CONFLICT DO NOTHING;


INSERT INTO public."PRECO_COLETADO" ("Preco", "UnidadeMedida", "DataColeta", "PostoCNPJ", "CombustivelID")
VALUES (5.350, 'R$ / litro', '2023-05-15', '1502805000104',
        (SELECT "ID_Combustivel" FROM public."COMBUSTIVEL" WHERE "Nome" = 'GASOLINA COMUM'))
ON CONFLICT DO NOTHING;


INSERT INTO public."PRECO_COLETADO" ("Preco", "UnidadeMedida", "DataColeta", "PostoCNPJ", "CombustivelID")
VALUES (5.090, 'R$ / litro', '2023-05-23', '1502805000104',
        (SELECT "ID_Combustivel" FROM public."COMBUSTIVEL" WHERE "Nome" = 'GASOLINA COMUM'))
ON CONFLICT DO NOTHING;


INSERT INTO public."PRECO_COLETADO" ("Preco", "UnidadeMedida", "DataColeta", "PostoCNPJ", "CombustivelID")
VALUES (5.090, 'R$ / litro', '2023-05-30', '1502805000104',
        (SELECT "ID_Combustivel" FROM public."COMBUSTIVEL" WHERE "Nome" = 'GASOLINA COMUM'))
ON CONFLICT DO NOTHING;


INSERT INTO public."PRECO_COLETADO" ("Preco", "UnidadeMedida", "DataColeta", "PostoCNPJ", "CombustivelID")
VALUES (5.390, 'R$ / litro', '2023-06-05', '1502805000104',
        (SELECT "ID_Combustivel" FROM public."COMBUSTIVEL" WHERE "Nome" = 'GASOLINA COMUM'))
ON CONFLICT DO NOTHING;


INSERT INTO public."PRECO_COLETADO" ("Preco", "UnidadeMedida", "DataColeta", "PostoCNPJ", "CombustivelID")
VALUES (5.390, 'R$ / litro', '2023-06-13', '1502805000104',
        (SELECT "ID_Combustivel" FROM public."COMBUSTIVEL" WHERE "Nome" = 'GASOLINA COMUM'))
ON CONFLICT DO NOTHING;


INSERT INTO public."PRECO_COLETADO" ("Preco", "UnidadeMedida", "DataColeta", "PostoCNPJ", "CombustivelID")
VALUES (5.390, 'R$ / litro', '2023-06-20', '1502805000104',
        (SELECT "ID_Combustivel" FROM public."COMBUSTIVEL" WHERE "Nome" = 'GASOLINA COMUM'))
ON CONFLICT DO NOTHING;


INSERT INTO public."PRECO_COLETADO" ("Preco", "UnidadeMedida", "DataColeta", "PostoCNPJ", "CombustivelID")
VALUES (4.990, 'R$ / litro', '2023-06-27', '1502805000104',
        (SELECT "ID_Combustivel" FROM public."COMBUSTIVEL" WHERE "Nome" = 'GASOLINA COMUM'))
ON CONFLICT DO NOTHING;


INSERT INTO public."PRECO_COLETADO" ("Preco", "UnidadeMedida", "DataColeta", "PostoCNPJ", "CombustivelID")
VALUES (5.790, 'R$ / litro', '2023-07-04', '1502805000104',
        (SELECT "ID_Combustivel" FROM public."COMBUSTIVEL" WHERE "Nome" = 'GASOLINA COMUM'))
ON CONFLICT DO NOTHING;


INSERT INTO public."PRECO_COLETADO" ("Preco", "UnidadeMedida", "DataColeta", "PostoCNPJ", "CombustivelID")
VALUES (5.590, 'R$ / litro', '2023-07-10', '1502805000104',
        (SELECT "ID_Combustivel" FROM public."COMBUSTIVEL" WHERE "Nome" = 'GASOLINA COMUM'))
ON CONFLICT DO NOTHING;


INSERT INTO public."PRECO_COLETADO" ("Preco", "UnidadeMedida", "DataColeta", "PostoCNPJ", "CombustivelID")
VALUES (5.590, 'R$ / litro', '2023-07-17', '1502805000104',
        (SELECT "ID_Combustivel" FROM public."COMBUSTIVEL" WHERE "Nome" = 'GASOLINA COMUM'))
ON CONFLICT DO NOTHING;


INSERT INTO public."PRECO_COLETADO" ("Preco", "UnidadeMedida", "DataColeta", "PostoCNPJ", "CombustivelID")
VALUES (5.590, 'R$ / litro', '2023-07-24', '1502805000104',
        (SELECT "ID_Combustivel" FROM public."COMBUSTIVEL" WHERE "Nome" = 'GASOLINA COMUM'))
ON CONFLICT DO NOTHING;


INSERT INTO public."PRECO_COLETADO" ("Preco", "UnidadeMedida", "DataColeta", "PostoCNPJ", "CombustivelID")
VALUES (5.250, 'R$ / litro', '2023-07-31', '1502805000104',
        (SELECT "ID_Combustivel" FROM public."COMBUSTIVEL" WHERE "Nome" = 'GASOLINA COMUM'))
ON CONFLICT DO NOTHING;


INSERT INTO public."PRECO_COLETADO" ("Preco", "UnidadeMedida", "DataColeta", "PostoCNPJ", "CombustivelID")
VALUES (5.250, 'R$ / litro', '2023-08-07', '1502805000104',
        (SELECT "ID_Combustivel" FROM public."COMBUSTIVEL" WHERE "Nome" = 'GASOLINA COMUM'))
ON CONFLICT DO NOTHING;


INSERT INTO public."PRECO_COLETADO" ("Preco", "UnidadeMedida", "DataColeta", "PostoCNPJ", "CombustivelID")
VALUES (5.250, 'R$ / litro', '2023-08-15', '1502805000104',
        (SELECT "ID_Combustivel" FROM public."COMBUSTIVEL" WHERE "Nome" = 'GASOLINA COMUM'))
ON CONFLICT DO NOTHING;


INSERT INTO public."PRECO_COLETADO" ("Preco", "UnidadeMedida", "DataColeta", "PostoCNPJ", "CombustivelID")
VALUES (5.790, 'R$ / litro', '2023-08-22', '1502805000104',
        (SELECT "ID_Combustivel" FROM public."COMBUSTIVEL" WHERE "Nome" = 'GASOLINA COMUM'))
ON CONFLICT DO NOTHING;


INSERT INTO public."PRECO_COLETADO" ("Preco", "UnidadeMedida", "DataColeta", "PostoCNPJ", "CombustivelID")
VALUES (5.790, 'R$ / litro', '2023-08-30', '1502805000104',
        (SELECT "ID_Combustivel" FROM public."COMBUSTIVEL" WHERE "Nome" = 'GASOLINA COMUM'))
ON CONFLICT DO NOTHING;


INSERT INTO public."PRECO_COLETADO" ("Preco", "UnidadeMedida", "DataColeta", "PostoCNPJ", "CombustivelID")
VALUES (5.790, 'R$ / litro', '2023-09-07', '1502805000104',
        (SELECT "ID_Combustivel" FROM public."COMBUSTIVEL" WHERE "Nome" = 'GASOLINA COMUM'))
ON CONFLICT DO NOTHING;


INSERT INTO public."PRECO_COLETADO" ("Preco", "UnidadeMedida", "DataColeta", "PostoCNPJ", "CombustivelID")
VALUES (5.790, 'R$ / litro', '2023-09-12', '1502805000104',
        (SELECT "ID_Combustivel" FROM public."COMBUSTIVEL" WHERE "Nome" = 'GASOLINA COMUM'))
ON CONFLICT DO NOTHING;


INSERT INTO public."PRECO_COLETADO" ("Preco", "UnidadeMedida", "DataColeta", "PostoCNPJ", "CombustivelID")
VALUES (5.790, 'R$ / litro', '2023-09-19', '1502805000104',
        (SELECT "ID_Combustivel" FROM public."COMBUSTIVEL" WHERE "Nome" = 'GASOLINA COMUM'))
ON CONFLICT DO NOTHING;


INSERT INTO public."PRECO_COLETADO" ("Preco", "UnidadeMedida", "DataColeta", "PostoCNPJ", "CombustivelID")
VALUES (5.790, 'R$ / litro', '2023-09-26', '1502805000104',
        (SELECT "ID_Combustivel" FROM public."COMBUSTIVEL" WHERE "Nome" = 'GASOLINA COMUM'))
ON CONFLICT DO NOTHING;


INSERT INTO public."PRECO_COLETADO" ("Preco", "UnidadeMedida", "DataColeta", "PostoCNPJ", "CombustivelID")
VALUES (5.690, 'R$ / litro', '2023-10-03', '1502805000104',
        (SELECT "ID_Combustivel" FROM public."COMBUSTIVEL" WHERE "Nome" = 'GASOLINA COMUM'))
ON CONFLICT DO NOTHING;


INSERT INTO public."PRECO_COLETADO" ("Preco", "UnidadeMedida", "DataColeta", "PostoCNPJ", "CombustivelID")
VALUES (5.690, 'R$ / litro', '2023-10-10', '1502805000104',
        (SELECT "ID_Combustivel" FROM public."COMBUSTIVEL" WHERE "Nome" = 'GASOLINA COMUM'))
ON CONFLICT DO NOTHING;


INSERT INTO public."PRECO_COLETADO" ("Preco", "UnidadeMedida", "DataColeta", "PostoCNPJ", "CombustivelID")
VALUES (5.690, 'R$ / litro', '2023-10-16', '1502805000104',
        (SELECT "ID_Combustivel" FROM public."COMBUSTIVEL" WHERE "Nome" = 'GASOLINA COMUM'))
ON CONFLICT DO NOTHING;


INSERT INTO public."PRECO_COLETADO" ("Preco", "UnidadeMedida", "DataColeta", "PostoCNPJ", "CombustivelID")
VALUES (5.590, 'R$ / litro', '2023-10-24', '1502805000104',
        (SELECT "ID_Combustivel" FROM public."COMBUSTIVEL" WHERE "Nome" = 'GASOLINA COMUM'))
ON CONFLICT DO NOTHING;


INSERT INTO public."PRECO_COLETADO" ("Preco", "UnidadeMedida", "DataColeta", "PostoCNPJ", "CombustivelID")
VALUES (5.590, 'R$ / litro', '2023-10-31', '1502805000104',
        (SELECT "ID_Combustivel" FROM public."COMBUSTIVEL" WHERE "Nome" = 'GASOLINA COMUM'))
ON CONFLICT DO NOTHING;


INSERT INTO public."PRECO_COLETADO" ("Preco", "UnidadeMedida", "DataColeta", "PostoCNPJ", "CombustivelID")
VALUES (5.590, 'R$ / litro', '2023-11-07', '1502805000104',
        (SELECT "ID_Combustivel" FROM public."COMBUSTIVEL" WHERE "Nome" = 'GASOLINA COMUM'))
ON CONFLICT DO NOTHING;


INSERT INTO public."PRECO_COLETADO" ("Preco", "UnidadeMedida", "DataColeta", "PostoCNPJ", "CombustivelID")
VALUES (5.590, 'R$ / litro', '2023-11-14', '1502805000104',
        (SELECT "ID_Combustivel" FROM public."COMBUSTIVEL" WHERE "Nome" = 'GASOLINA COMUM'))
ON CONFLICT DO NOTHING;


INSERT INTO public."PRECO_COLETADO" ("Preco", "UnidadeMedida", "DataColeta", "PostoCNPJ", "CombustivelID")
VALUES (5.450, 'R$ / litro', '2023-11-21', '1502805000104',
        (SELECT "ID_Combustivel" FROM public."COMBUSTIVEL" WHERE "Nome" = 'GASOLINA COMUM'))
ON CONFLICT DO NOTHING;


INSERT INTO public."PRECO_COLETADO" ("Preco", "UnidadeMedida", "DataColeta", "PostoCNPJ", "CombustivelID")
VALUES (5.450, 'R$ / litro', '2023-11-28', '1502805000104',
        (SELECT "ID_Combustivel" FROM public."COMBUSTIVEL" WHERE "Nome" = 'GASOLINA COMUM'))
ON CONFLICT DO NOTHING;


INSERT INTO public."PRECO_COLETADO" ("Preco", "UnidadeMedida", "DataColeta", "PostoCNPJ", "CombustivelID")
VALUES (5.450, 'R$ / litro', '2023-12-06', '1502805000104',
        (SELECT "ID_Combustivel" FROM public."COMBUSTIVEL" WHERE "Nome" = 'GASOLINA COMUM'))
ON CONFLICT DO NOTHING;


INSERT INTO public."PRECO_COLETADO" ("Preco", "UnidadeMedida", "DataColeta", "PostoCNPJ", "CombustivelID")
VALUES (5.450, 'R$ / litro', '2023-12-13', '1502805000104',
        (SELECT "ID_Combustivel" FROM public."COMBUSTIVEL" WHERE "Nome" = 'GASOLINA COMUM'))
ON CONFLICT DO NOTHING;


INSERT INTO public."PRECO_COLETADO" ("Preco", "UnidadeMedida", "DataColeta", "PostoCNPJ", "CombustivelID")
VALUES (5.280, 'R$ / litro', '2024-01-29', '1502805000104',
        (SELECT "ID_Combustivel" FROM public."COMBUSTIVEL" WHERE "Nome" = 'GASOLINA COMUM'))
ON CONFLICT DO NOTHING;


INSERT INTO public."PRECO_COLETADO" ("Preco", "UnidadeMedida", "DataColeta", "PostoCNPJ", "CombustivelID")
VALUES (5.580, 'R$ / litro', '2024-02-26', '1502805000104',
        (SELECT "ID_Combustivel" FROM public."COMBUSTIVEL" WHERE "Nome" = 'GASOLINA COMUM'))
ON CONFLICT DO NOTHING;


INSERT INTO public."PRECO_COLETADO" ("Preco", "UnidadeMedida", "DataColeta", "PostoCNPJ", "CombustivelID")
VALUES (5.590, 'R$ / litro', '2024-03-13', '1502805000104',
        (SELECT "ID_Combustivel" FROM public."COMBUSTIVEL" WHERE "Nome" = 'GASOLINA COMUM'))
ON CONFLICT DO NOTHING;


INSERT INTO public."PRECO_COLETADO" ("Preco", "UnidadeMedida", "DataColeta", "PostoCNPJ", "CombustivelID")
VALUES (5.570, 'R$ / litro', '2024-03-20', '1502805000104',
        (SELECT "ID_Combustivel" FROM public."COMBUSTIVEL" WHERE "Nome" = 'GASOLINA COMUM'))
ON CONFLICT DO NOTHING;


INSERT INTO public."PRECO_COLETADO" ("Preco", "UnidadeMedida", "DataColeta", "PostoCNPJ", "CombustivelID")
VALUES (5.570, 'R$ / litro', '2024-03-27', '1502805000104',
        (SELECT "ID_Combustivel" FROM public."COMBUSTIVEL" WHERE "Nome" = 'GASOLINA COMUM'))
ON CONFLICT DO NOTHING;


INSERT INTO public."PRECO_COLETADO" ("Preco", "UnidadeMedida", "DataColeta", "PostoCNPJ", "CombustivelID")
VALUES (5.470, 'R$ / litro', '2024-04-02', '1502805000104',
        (SELECT "ID_Combustivel" FROM public."COMBUSTIVEL" WHERE "Nome" = 'GASOLINA COMUM'))
ON CONFLICT DO NOTHING;


INSERT INTO public."PRECO_COLETADO" ("Preco", "UnidadeMedida", "DataColeta", "PostoCNPJ", "CombustivelID")
VALUES (5.870, 'R$ / litro', '2024-04-29', '1502805000104',
        (SELECT "ID_Combustivel" FROM public."COMBUSTIVEL" WHERE "Nome" = 'GASOLINA COMUM'))
ON CONFLICT DO NOTHING;


INSERT INTO public."PRECO_COLETADO" ("Preco", "UnidadeMedida", "DataColeta", "PostoCNPJ", "CombustivelID")
VALUES (5.870, 'R$ / litro', '2024-05-06', '1502805000104',
        (SELECT "ID_Combustivel" FROM public."COMBUSTIVEL" WHERE "Nome" = 'GASOLINA COMUM'))
ON CONFLICT DO NOTHING;


INSERT INTO public."PRECO_COLETADO" ("Preco", "UnidadeMedida", "DataColeta", "PostoCNPJ", "CombustivelID")
VALUES (5.750, 'R$ / litro', '2024-06-11', '1502805000104',
        (SELECT "ID_Combustivel" FROM public."COMBUSTIVEL" WHERE "Nome" = 'GASOLINA COMUM'))
ON CONFLICT DO NOTHING;


INSERT INTO public."PRECO_COLETADO" ("Preco", "UnidadeMedida", "DataColeta", "PostoCNPJ", "CombustivelID")
VALUES (5.750, 'R$ / litro', '2024-06-19', '1502805000104',
        (SELECT "ID_Combustivel" FROM public."COMBUSTIVEL" WHERE "Nome" = 'GASOLINA COMUM'))
ON CONFLICT DO NOTHING;


INSERT INTO public."COMBUSTIVEL" ("Nome")
VALUES ('GASOLINA ADITIVADA')
ON CONFLICT ("Nome") DO NOTHING;


INSERT INTO public."PRECO_COLETADO" ("Preco", "UnidadeMedida", "DataColeta", "PostoCNPJ", "CombustivelID")
VALUES (4.790, 'R$ / litro', '2022-10-31', '1502805000104',
        (SELECT "ID_Combustivel" FROM public."COMBUSTIVEL" WHERE "Nome" = 'GASOLINA ADITIVADA'))
ON CONFLICT DO NOTHING;


INSERT INTO public."PRECO_COLETADO" ("Preco", "UnidadeMedida", "DataColeta", "PostoCNPJ", "CombustivelID")
VALUES (4.990, 'R$ / litro', '2023-01-16', '1502805000104',
        (SELECT "ID_Combustivel" FROM public."COMBUSTIVEL" WHERE "Nome" = 'GASOLINA ADITIVADA'))
ON CONFLICT DO NOTHING;


INSERT INTO public."PRECO_COLETADO" ("Preco", "UnidadeMedida", "DataColeta", "PostoCNPJ", "CombustivelID")
VALUES (4.990, 'R$ / litro', '2023-01-23', '1502805000104',
        (SELECT "ID_Combustivel" FROM public."COMBUSTIVEL" WHERE "Nome" = 'GASOLINA ADITIVADA'))
ON CONFLICT DO NOTHING;


INSERT INTO public."PRECO_COLETADO" ("Preco", "UnidadeMedida", "DataColeta", "PostoCNPJ", "CombustivelID")
VALUES (5.190, 'R$ / litro', '2023-01-30', '1502805000104',
        (SELECT "ID_Combustivel" FROM public."COMBUSTIVEL" WHERE "Nome" = 'GASOLINA ADITIVADA'))
ON CONFLICT DO NOTHING;


INSERT INTO public."PRECO_COLETADO" ("Preco", "UnidadeMedida", "DataColeta", "PostoCNPJ", "CombustivelID")
VALUES (5.090, 'R$ / litro', '2023-02-13', '1502805000104',
        (SELECT "ID_Combustivel" FROM public."COMBUSTIVEL" WHERE "Nome" = 'GASOLINA ADITIVADA'))
ON CONFLICT DO NOTHING;


INSERT INTO public."PRECO_COLETADO" ("Preco", "UnidadeMedida", "DataColeta", "PostoCNPJ", "CombustivelID")
VALUES (5.090, 'R$ / litro', '2023-02-28', '1502805000104',
        (SELECT "ID_Combustivel" FROM public."COMBUSTIVEL" WHERE "Nome" = 'GASOLINA ADITIVADA'))
ON CONFLICT DO NOTHING;


INSERT INTO public."PRECO_COLETADO" ("Preco", "UnidadeMedida", "DataColeta", "PostoCNPJ", "CombustivelID")
VALUES (5.490, 'R$ / litro', '2023-04-11', '1502805000104',
        (SELECT "ID_Combustivel" FROM public."COMBUSTIVEL" WHERE "Nome" = 'GASOLINA ADITIVADA'))
ON CONFLICT DO NOTHING;


INSERT INTO public."PRECO_COLETADO" ("Preco", "UnidadeMedida", "DataColeta", "PostoCNPJ", "CombustivelID")
VALUES (5.450, 'R$ / litro', '2023-04-17', '1502805000104',
        (SELECT "ID_Combustivel" FROM public."COMBUSTIVEL" WHERE "Nome" = 'GASOLINA ADITIVADA'))
ON CONFLICT DO NOTHING;


INSERT INTO public."PRECO_COLETADO" ("Preco", "UnidadeMedida", "DataColeta", "PostoCNPJ", "CombustivelID")
VALUES (5.450, 'R$ / litro', '2023-04-24', '1502805000104',
        (SELECT "ID_Combustivel" FROM public."COMBUSTIVEL" WHERE "Nome" = 'GASOLINA ADITIVADA'))
ON CONFLICT DO NOTHING;


INSERT INTO public."PRECO_COLETADO" ("Preco", "UnidadeMedida", "DataColeta", "PostoCNPJ", "CombustivelID")
VALUES (5.450, 'R$ / litro', '2023-05-03', '1502805000104',
        (SELECT "ID_Combustivel" FROM public."COMBUSTIVEL" WHERE "Nome" = 'GASOLINA ADITIVADA'))
ON CONFLICT DO NOTHING;


INSERT INTO public."PRECO_COLETADO" ("Preco", "UnidadeMedida", "DataColeta", "PostoCNPJ", "CombustivelID")
VALUES (5.450, 'R$ / litro', '2023-05-09', '1502805000104',
        (SELECT "ID_Combustivel" FROM public."COMBUSTIVEL" WHERE "Nome" = 'GASOLINA ADITIVADA'))
ON CONFLICT DO NOTHING;


INSERT INTO public."PRECO_COLETADO" ("Preco", "UnidadeMedida", "DataColeta", "PostoCNPJ", "CombustivelID")
VALUES (5.450, 'R$ / litro', '2023-05-15', '1502805000104',
        (SELECT "ID_Combustivel" FROM public."COMBUSTIVEL" WHERE "Nome" = 'GASOLINA ADITIVADA'))
ON CONFLICT DO NOTHING;


INSERT INTO public."PRECO_COLETADO" ("Preco", "UnidadeMedida", "DataColeta", "PostoCNPJ", "CombustivelID")
VALUES (5.190, 'R$ / litro', '2023-05-23', '1502805000104',
        (SELECT "ID_Combustivel" FROM public."COMBUSTIVEL" WHERE "Nome" = 'GASOLINA ADITIVADA'))
ON CONFLICT DO NOTHING;


INSERT INTO public."PRECO_COLETADO" ("Preco", "UnidadeMedida", "DataColeta", "PostoCNPJ", "CombustivelID")
VALUES (5.190, 'R$ / litro', '2023-05-30', '1502805000104',
        (SELECT "ID_Combustivel" FROM public."COMBUSTIVEL" WHERE "Nome" = 'GASOLINA ADITIVADA'))
ON CONFLICT DO NOTHING;


INSERT INTO public."PRECO_COLETADO" ("Preco", "UnidadeMedida", "DataColeta", "PostoCNPJ", "CombustivelID")
VALUES (5.490, 'R$ / litro', '2023-06-05', '1502805000104',
        (SELECT "ID_Combustivel" FROM public."COMBUSTIVEL" WHERE "Nome" = 'GASOLINA ADITIVADA'))
ON CONFLICT DO NOTHING;


INSERT INTO public."PRECO_COLETADO" ("Preco", "UnidadeMedida", "DataColeta", "PostoCNPJ", "CombustivelID")
VALUES (5.490, 'R$ / litro', '2023-06-13', '1502805000104',
        (SELECT "ID_Combustivel" FROM public."COMBUSTIVEL" WHERE "Nome" = 'GASOLINA ADITIVADA'))
ON CONFLICT DO NOTHING;


INSERT INTO public."PRECO_COLETADO" ("Preco", "UnidadeMedida", "DataColeta", "PostoCNPJ", "CombustivelID")
VALUES (5.490, 'R$ / litro', '2023-06-20', '1502805000104',
        (SELECT "ID_Combustivel" FROM public."COMBUSTIVEL" WHERE "Nome" = 'GASOLINA ADITIVADA'))
ON CONFLICT DO NOTHING;


INSERT INTO public."PRECO_COLETADO" ("Preco", "UnidadeMedida", "DataColeta", "PostoCNPJ", "CombustivelID")
VALUES (5.390, 'R$ / litro', '2023-06-27', '1502805000104',
        (SELECT "ID_Combustivel" FROM public."COMBUSTIVEL" WHERE "Nome" = 'GASOLINA ADITIVADA'))
ON CONFLICT DO NOTHING;


INSERT INTO public."PRECO_COLETADO" ("Preco", "UnidadeMedida", "DataColeta", "PostoCNPJ", "CombustivelID")
VALUES (5.890, 'R$ / litro', '2023-07-04', '1502805000104',
        (SELECT "ID_Combustivel" FROM public."COMBUSTIVEL" WHERE "Nome" = 'GASOLINA ADITIVADA'))
ON CONFLICT DO NOTHING;


INSERT INTO public."PRECO_COLETADO" ("Preco", "UnidadeMedida", "DataColeta", "PostoCNPJ", "CombustivelID")
VALUES (5.690, 'R$ / litro', '2023-07-10', '1502805000104',
        (SELECT "ID_Combustivel" FROM public."COMBUSTIVEL" WHERE "Nome" = 'GASOLINA ADITIVADA'))
ON CONFLICT DO NOTHING;


INSERT INTO public."PRECO_COLETADO" ("Preco", "UnidadeMedida", "DataColeta", "PostoCNPJ", "CombustivelID")
VALUES (5.690, 'R$ / litro', '2023-07-17', '1502805000104',
        (SELECT "ID_Combustivel" FROM public."COMBUSTIVEL" WHERE "Nome" = 'GASOLINA ADITIVADA'))
ON CONFLICT DO NOTHING;


INSERT INTO public."PRECO_COLETADO" ("Preco", "UnidadeMedida", "DataColeta", "PostoCNPJ", "CombustivelID")
VALUES (5.690, 'R$ / litro', '2023-07-24', '1502805000104',
        (SELECT "ID_Combustivel" FROM public."COMBUSTIVEL" WHERE "Nome" = 'GASOLINA ADITIVADA'))
ON CONFLICT DO NOTHING;


INSERT INTO public."PRECO_COLETADO" ("Preco", "UnidadeMedida", "DataColeta", "PostoCNPJ", "CombustivelID")
VALUES (5.390, 'R$ / litro', '2023-07-31', '1502805000104',
        (SELECT "ID_Combustivel" FROM public."COMBUSTIVEL" WHERE "Nome" = 'GASOLINA ADITIVADA'))
ON CONFLICT DO NOTHING;


INSERT INTO public."PRECO_COLETADO" ("Preco", "UnidadeMedida", "DataColeta", "PostoCNPJ", "CombustivelID")
VALUES (5.390, 'R$ / litro', '2023-08-07', '1502805000104',
        (SELECT "ID_Combustivel" FROM public."COMBUSTIVEL" WHERE "Nome" = 'GASOLINA ADITIVADA'))
ON CONFLICT DO NOTHING;


INSERT INTO public."PRECO_COLETADO" ("Preco", "UnidadeMedida", "DataColeta", "PostoCNPJ", "CombustivelID")
VALUES (5.390, 'R$ / litro', '2023-08-15', '1502805000104',
        (SELECT "ID_Combustivel" FROM public."COMBUSTIVEL" WHERE "Nome" = 'GASOLINA ADITIVADA'))
ON CONFLICT DO NOTHING;


INSERT INTO public."PRECO_COLETADO" ("Preco", "UnidadeMedida", "DataColeta", "PostoCNPJ", "CombustivelID")
VALUES (5.890, 'R$ / litro', '2023-08-22', '1502805000104',
        (SELECT "ID_Combustivel" FROM public."COMBUSTIVEL" WHERE "Nome" = 'GASOLINA ADITIVADA'))
ON CONFLICT DO NOTHING;


INSERT INTO public."PRECO_COLETADO" ("Preco", "UnidadeMedida", "DataColeta", "PostoCNPJ", "CombustivelID")
VALUES (5.890, 'R$ / litro', '2023-08-30', '1502805000104',
        (SELECT "ID_Combustivel" FROM public."COMBUSTIVEL" WHERE "Nome" = 'GASOLINA ADITIVADA'))
ON CONFLICT DO NOTHING;


INSERT INTO public."PRECO_COLETADO" ("Preco", "UnidadeMedida", "DataColeta", "PostoCNPJ", "CombustivelID")
VALUES (5.890, 'R$ / litro', '2023-09-07', '1502805000104',
        (SELECT "ID_Combustivel" FROM public."COMBUSTIVEL" WHERE "Nome" = 'GASOLINA ADITIVADA'))
ON CONFLICT DO NOTHING;


INSERT INTO public."PRECO_COLETADO" ("Preco", "UnidadeMedida", "DataColeta", "PostoCNPJ", "CombustivelID")
VALUES (5.890, 'R$ / litro', '2023-09-12', '1502805000104',
        (SELECT "ID_Combustivel" FROM public."COMBUSTIVEL" WHERE "Nome" = 'GASOLINA ADITIVADA'))
ON CONFLICT DO NOTHING;


INSERT INTO public."PRECO_COLETADO" ("Preco", "UnidadeMedida", "DataColeta", "PostoCNPJ", "CombustivelID")
VALUES (5.890, 'R$ / litro', '2023-09-19', '1502805000104',
        (SELECT "ID_Combustivel" FROM public."COMBUSTIVEL" WHERE "Nome" = 'GASOLINA ADITIVADA'))
ON CONFLICT DO NOTHING;


INSERT INTO public."PRECO_COLETADO" ("Preco", "UnidadeMedida", "DataColeta", "PostoCNPJ", "CombustivelID")
VALUES (5.890, 'R$ / litro', '2023-09-26', '1502805000104',
        (SELECT "ID_Combustivel" FROM public."COMBUSTIVEL" WHERE "Nome" = 'GASOLINA ADITIVADA'))
ON CONFLICT DO NOTHING;


INSERT INTO public."PRECO_COLETADO" ("Preco", "UnidadeMedida", "DataColeta", "PostoCNPJ", "CombustivelID")
VALUES (5.790, 'R$ / litro', '2023-10-03', '1502805000104',
        (SELECT "ID_Combustivel" FROM public."COMBUSTIVEL" WHERE "Nome" = 'GASOLINA ADITIVADA'))
ON CONFLICT DO NOTHING;


INSERT INTO public."PRECO_COLETADO" ("Preco", "UnidadeMedida", "DataColeta", "PostoCNPJ", "CombustivelID")
VALUES (5.790, 'R$ / litro', '2023-10-10', '1502805000104',
        (SELECT "ID_Combustivel" FROM public."COMBUSTIVEL" WHERE "Nome" = 'GASOLINA ADITIVADA'))
ON CONFLICT DO NOTHING;


INSERT INTO public."PRECO_COLETADO" ("Preco", "UnidadeMedida", "DataColeta", "PostoCNPJ", "CombustivelID")
VALUES (5.790, 'R$ / litro', '2023-10-16', '1502805000104',
        (SELECT "ID_Combustivel" FROM public."COMBUSTIVEL" WHERE "Nome" = 'GASOLINA ADITIVADA'))
ON CONFLICT DO NOTHING;


INSERT INTO public."PRECO_COLETADO" ("Preco", "UnidadeMedida", "DataColeta", "PostoCNPJ", "CombustivelID")
VALUES (5.690, 'R$ / litro', '2023-10-24', '1502805000104',
        (SELECT "ID_Combustivel" FROM public."COMBUSTIVEL" WHERE "Nome" = 'GASOLINA ADITIVADA'))
ON CONFLICT DO NOTHING;


INSERT INTO public."PRECO_COLETADO" ("Preco", "UnidadeMedida", "DataColeta", "PostoCNPJ", "CombustivelID")
VALUES (5.690, 'R$ / litro', '2023-10-31', '1502805000104',
        (SELECT "ID_Combustivel" FROM public."COMBUSTIVEL" WHERE "Nome" = 'GASOLINA ADITIVADA'))
ON CONFLICT DO NOTHING;


INSERT INTO public."PRECO_COLETADO" ("Preco", "UnidadeMedida", "DataColeta", "PostoCNPJ", "CombustivelID")
VALUES (5.690, 'R$ / litro', '2023-11-07', '1502805000104',
        (SELECT "ID_Combustivel" FROM public."COMBUSTIVEL" WHERE "Nome" = 'GASOLINA ADITIVADA'))
ON CONFLICT DO NOTHING;


INSERT INTO public."PRECO_COLETADO" ("Preco", "UnidadeMedida", "DataColeta", "PostoCNPJ", "CombustivelID")
VALUES (5.690, 'R$ / litro', '2023-11-14', '1502805000104',
        (SELECT "ID_Combustivel" FROM public."COMBUSTIVEL" WHERE "Nome" = 'GASOLINA ADITIVADA'))
ON CONFLICT DO NOTHING;


INSERT INTO public."PRECO_COLETADO" ("Preco", "UnidadeMedida", "DataColeta", "PostoCNPJ", "CombustivelID")
VALUES (5.590, 'R$ / litro', '2023-11-21', '1502805000104',
        (SELECT "ID_Combustivel" FROM public."COMBUSTIVEL" WHERE "Nome" = 'GASOLINA ADITIVADA'))
ON CONFLICT DO NOTHING;


INSERT INTO public."PRECO_COLETADO" ("Preco", "UnidadeMedida", "DataColeta", "PostoCNPJ", "CombustivelID")
VALUES (5.590, 'R$ / litro', '2023-11-28', '1502805000104',
        (SELECT "ID_Combustivel" FROM public."COMBUSTIVEL" WHERE "Nome" = 'GASOLINA ADITIVADA'))
ON CONFLICT DO NOTHING;


INSERT INTO public."PRECO_COLETADO" ("Preco", "UnidadeMedida", "DataColeta", "PostoCNPJ", "CombustivelID")
VALUES (5.590, 'R$ / litro', '2023-12-06', '1502805000104',
        (SELECT "ID_Combustivel" FROM public."COMBUSTIVEL" WHERE "Nome" = 'GASOLINA ADITIVADA'))
ON CONFLICT DO NOTHING;


INSERT INTO public."PRECO_COLETADO" ("Preco", "UnidadeMedida", "DataColeta", "PostoCNPJ", "CombustivelID")
VALUES (5.590, 'R$ / litro', '2023-12-13', '1502805000104',
        (SELECT "ID_Combustivel" FROM public."COMBUSTIVEL" WHERE "Nome" = 'GASOLINA ADITIVADA'))
ON CONFLICT DO NOTHING;


INSERT INTO public."PRECO_COLETADO" ("Preco", "UnidadeMedida", "DataColeta", "PostoCNPJ", "CombustivelID")
VALUES (5.470, 'R$ / litro', '2024-01-29', '1502805000104',
        (SELECT "ID_Combustivel" FROM public."COMBUSTIVEL" WHERE "Nome" = 'GASOLINA ADITIVADA'))
ON CONFLICT DO NOTHING;


INSERT INTO public."PRECO_COLETADO" ("Preco", "UnidadeMedida", "DataColeta", "PostoCNPJ", "CombustivelID")
VALUES (5.770, 'R$ / litro', '2024-02-26', '1502805000104',
        (SELECT "ID_Combustivel" FROM public."COMBUSTIVEL" WHERE "Nome" = 'GASOLINA ADITIVADA'))
ON CONFLICT DO NOTHING;


INSERT INTO public."PRECO_COLETADO" ("Preco", "UnidadeMedida", "DataColeta", "PostoCNPJ", "CombustivelID")
VALUES (5.750, 'R$ / litro', '2024-03-13', '1502805000104',
        (SELECT "ID_Combustivel" FROM public."COMBUSTIVEL" WHERE "Nome" = 'GASOLINA ADITIVADA'))
ON CONFLICT DO NOTHING;


INSERT INTO public."PRECO_COLETADO" ("Preco", "UnidadeMedida", "DataColeta", "PostoCNPJ", "CombustivelID")
VALUES (5.730, 'R$ / litro', '2024-03-20', '1502805000104',
        (SELECT "ID_Combustivel" FROM public."COMBUSTIVEL" WHERE "Nome" = 'GASOLINA ADITIVADA'))
ON CONFLICT DO NOTHING;


INSERT INTO public."PRECO_COLETADO" ("Preco", "UnidadeMedida", "DataColeta", "PostoCNPJ", "CombustivelID")
VALUES (5.730, 'R$ / litro', '2024-03-27', '1502805000104',
        (SELECT "ID_Combustivel" FROM public."COMBUSTIVEL" WHERE "Nome" = 'GASOLINA ADITIVADA'))
ON CONFLICT DO NOTHING;


INSERT INTO public."PRECO_COLETADO" ("Preco", "UnidadeMedida", "DataColeta", "PostoCNPJ", "CombustivelID")
VALUES (5.630, 'R$ / litro', '2024-04-02', '1502805000104',
        (SELECT "ID_Combustivel" FROM public."COMBUSTIVEL" WHERE "Nome" = 'GASOLINA ADITIVADA'))
ON CONFLICT DO NOTHING;


INSERT INTO public."PRECO_COLETADO" ("Preco", "UnidadeMedida", "DataColeta", "PostoCNPJ", "CombustivelID")
VALUES (5.990, 'R$ / litro', '2024-04-29', '1502805000104',
        (SELECT "ID_Combustivel" FROM public."COMBUSTIVEL" WHERE "Nome" = 'GASOLINA ADITIVADA'))
ON CONFLICT DO NOTHING;


INSERT INTO public."PRECO_COLETADO" ("Preco", "UnidadeMedida", "DataColeta", "PostoCNPJ", "CombustivelID")
VALUES (5.990, 'R$ / litro', '2024-05-06', '1502805000104',
        (SELECT "ID_Combustivel" FROM public."COMBUSTIVEL" WHERE "Nome" = 'GASOLINA ADITIVADA'))
ON CONFLICT DO NOTHING;


INSERT INTO public."PRECO_COLETADO" ("Preco", "UnidadeMedida", "DataColeta", "PostoCNPJ", "CombustivelID")
VALUES (5.890, 'R$ / litro', '2024-06-11', '1502805000104',
        (SELECT "ID_Combustivel" FROM public."COMBUSTIVEL" WHERE "Nome" = 'GASOLINA ADITIVADA'))
ON CONFLICT DO NOTHING;


INSERT INTO public."PRECO_COLETADO" ("Preco", "UnidadeMedida", "DataColeta", "PostoCNPJ", "CombustivelID")
VALUES (5.890, 'R$ / litro', '2024-06-19', '1502805000104',
        (SELECT "ID_Combustivel" FROM public."COMBUSTIVEL" WHERE "Nome" = 'GASOLINA ADITIVADA'))
ON CONFLICT DO NOTHING;


INSERT INTO public."COMBUSTIVEL" ("Nome")
VALUES ('DIESEL S500')
ON CONFLICT ("Nome") DO NOTHING;


INSERT INTO public."PRECO_COLETADO" ("Preco", "UnidadeMedida", "DataColeta", "PostoCNPJ", "CombustivelID")
VALUES (6.190, 'R$ / litro', '2022-10-31', '1502805000104',
        (SELECT "ID_Combustivel" FROM public."COMBUSTIVEL" WHERE "Nome" = 'DIESEL S500'))
ON CONFLICT DO NOTHING;


INSERT INTO public."PRECO_COLETADO" ("Preco", "UnidadeMedida", "DataColeta", "PostoCNPJ", "CombustivelID")
VALUES (5.890, 'R$ / litro', '2023-01-16', '1502805000104',
        (SELECT "ID_Combustivel" FROM public."COMBUSTIVEL" WHERE "Nome" = 'DIESEL S500'))
ON CONFLICT DO NOTHING;


INSERT INTO public."PRECO_COLETADO" ("Preco", "UnidadeMedida", "DataColeta", "PostoCNPJ", "CombustivelID")
VALUES (5.890, 'R$ / litro', '2023-01-23', '1502805000104',
        (SELECT "ID_Combustivel" FROM public."COMBUSTIVEL" WHERE "Nome" = 'DIESEL S500'))
ON CONFLICT DO NOTHING;


INSERT INTO public."PRECO_COLETADO" ("Preco", "UnidadeMedida", "DataColeta", "PostoCNPJ", "CombustivelID")
VALUES (5.890, 'R$ / litro', '2023-01-30', '1502805000104',
        (SELECT "ID_Combustivel" FROM public."COMBUSTIVEL" WHERE "Nome" = 'DIESEL S500'))
ON CONFLICT DO NOTHING;


INSERT INTO public."PRECO_COLETADO" ("Preco", "UnidadeMedida", "DataColeta", "PostoCNPJ", "CombustivelID")
VALUES (5.890, 'R$ / litro', '2023-02-13', '1502805000104',
        (SELECT "ID_Combustivel" FROM public."COMBUSTIVEL" WHERE "Nome" = 'DIESEL S500'))
ON CONFLICT DO NOTHING;


INSERT INTO public."PRECO_COLETADO" ("Preco", "UnidadeMedida", "DataColeta", "PostoCNPJ", "CombustivelID")
VALUES (5.590, 'R$ / litro', '2023-02-28', '1502805000104',
        (SELECT "ID_Combustivel" FROM public."COMBUSTIVEL" WHERE "Nome" = 'DIESEL S500'))
ON CONFLICT DO NOTHING;


INSERT INTO public."PRECO_COLETADO" ("Preco", "UnidadeMedida", "DataColeta", "PostoCNPJ", "CombustivelID")
VALUES (5.390, 'R$ / litro', '2023-04-11', '1502805000104',
        (SELECT "ID_Combustivel" FROM public."COMBUSTIVEL" WHERE "Nome" = 'DIESEL S500'))
ON CONFLICT DO NOTHING;


INSERT INTO public."PRECO_COLETADO" ("Preco", "UnidadeMedida", "DataColeta", "PostoCNPJ", "CombustivelID")
VALUES (5.390, 'R$ / litro', '2023-04-17', '1502805000104',
        (SELECT "ID_Combustivel" FROM public."COMBUSTIVEL" WHERE "Nome" = 'DIESEL S500'))
ON CONFLICT DO NOTHING;


INSERT INTO public."PRECO_COLETADO" ("Preco", "UnidadeMedida", "DataColeta", "PostoCNPJ", "CombustivelID")
VALUES (5.390, 'R$ / litro', '2023-04-24', '1502805000104',
        (SELECT "ID_Combustivel" FROM public."COMBUSTIVEL" WHERE "Nome" = 'DIESEL S500'))
ON CONFLICT DO NOTHING;


INSERT INTO public."PRECO_COLETADO" ("Preco", "UnidadeMedida", "DataColeta", "PostoCNPJ", "CombustivelID")
VALUES (5.390, 'R$ / litro', '2023-05-03', '1502805000104',
        (SELECT "ID_Combustivel" FROM public."COMBUSTIVEL" WHERE "Nome" = 'DIESEL S500'))
ON CONFLICT DO NOTHING;


INSERT INTO public."PRECO_COLETADO" ("Preco", "UnidadeMedida", "DataColeta", "PostoCNPJ", "CombustivelID")
VALUES (5.390, 'R$ / litro', '2023-05-09', '1502805000104',
        (SELECT "ID_Combustivel" FROM public."COMBUSTIVEL" WHERE "Nome" = 'DIESEL S500'))
ON CONFLICT DO NOTHING;


INSERT INTO public."PRECO_COLETADO" ("Preco", "UnidadeMedida", "DataColeta", "PostoCNPJ", "CombustivelID")
VALUES (5.390, 'R$ / litro', '2023-05-15', '1502805000104',
        (SELECT "ID_Combustivel" FROM public."COMBUSTIVEL" WHERE "Nome" = 'DIESEL S500'))
ON CONFLICT DO NOTHING;


INSERT INTO public."PRECO_COLETADO" ("Preco", "UnidadeMedida", "DataColeta", "PostoCNPJ", "CombustivelID")
VALUES (5.090, 'R$ / litro', '2023-05-23', '1502805000104',
        (SELECT "ID_Combustivel" FROM public."COMBUSTIVEL" WHERE "Nome" = 'DIESEL S500'))
ON CONFLICT DO NOTHING;


INSERT INTO public."PRECO_COLETADO" ("Preco", "UnidadeMedida", "DataColeta", "PostoCNPJ", "CombustivelID")
VALUES (5.090, 'R$ / litro', '2023-05-30', '1502805000104',
        (SELECT "ID_Combustivel" FROM public."COMBUSTIVEL" WHERE "Nome" = 'DIESEL S500'))
ON CONFLICT DO NOTHING;


INSERT INTO public."PRECO_COLETADO" ("Preco", "UnidadeMedida", "DataColeta", "PostoCNPJ", "CombustivelID")
VALUES (4.890, 'R$ / litro', '2023-06-05', '1502805000104',
        (SELECT "ID_Combustivel" FROM public."COMBUSTIVEL" WHERE "Nome" = 'DIESEL S500'))
ON CONFLICT DO NOTHING;


INSERT INTO public."PRECO_COLETADO" ("Preco", "UnidadeMedida", "DataColeta", "PostoCNPJ", "CombustivelID")
VALUES (4.890, 'R$ / litro', '2023-06-13', '1502805000104',
        (SELECT "ID_Combustivel" FROM public."COMBUSTIVEL" WHERE "Nome" = 'DIESEL S500'))
ON CONFLICT DO NOTHING;


INSERT INTO public."PRECO_COLETADO" ("Preco", "UnidadeMedida", "DataColeta", "PostoCNPJ", "CombustivelID")
VALUES (4.890, 'R$ / litro', '2023-06-20', '1502805000104',
        (SELECT "ID_Combustivel" FROM public."COMBUSTIVEL" WHERE "Nome" = 'DIESEL S500'))
ON CONFLICT DO NOTHING;


INSERT INTO public."PRECO_COLETADO" ("Preco", "UnidadeMedida", "DataColeta", "PostoCNPJ", "CombustivelID")
VALUES (4.890, 'R$ / litro', '2023-06-27', '1502805000104',
        (SELECT "ID_Combustivel" FROM public."COMBUSTIVEL" WHERE "Nome" = 'DIESEL S500'))
ON CONFLICT DO NOTHING;


INSERT INTO public."PRECO_COLETADO" ("Preco", "UnidadeMedida", "DataColeta", "PostoCNPJ", "CombustivelID")
VALUES (4.790, 'R$ / litro', '2023-07-04', '1502805000104',
        (SELECT "ID_Combustivel" FROM public."COMBUSTIVEL" WHERE "Nome" = 'DIESEL S500'))
ON CONFLICT DO NOTHING;


INSERT INTO public."PRECO_COLETADO" ("Preco", "UnidadeMedida", "DataColeta", "PostoCNPJ", "CombustivelID")
VALUES (4.790, 'R$ / litro', '2023-07-10', '1502805000104',
        (SELECT "ID_Combustivel" FROM public."COMBUSTIVEL" WHERE "Nome" = 'DIESEL S500'))
ON CONFLICT DO NOTHING;


INSERT INTO public."PRECO_COLETADO" ("Preco", "UnidadeMedida", "DataColeta", "PostoCNPJ", "CombustivelID")
VALUES (4.790, 'R$ / litro', '2023-07-17', '1502805000104',
        (SELECT "ID_Combustivel" FROM public."COMBUSTIVEL" WHERE "Nome" = 'DIESEL S500'))
ON CONFLICT DO NOTHING;


INSERT INTO public."PRECO_COLETADO" ("Preco", "UnidadeMedida", "DataColeta", "PostoCNPJ", "CombustivelID")
VALUES (4.790, 'R$ / litro', '2023-07-24', '1502805000104',
        (SELECT "ID_Combustivel" FROM public."COMBUSTIVEL" WHERE "Nome" = 'DIESEL S500'))
ON CONFLICT DO NOTHING;


INSERT INTO public."PRECO_COLETADO" ("Preco", "UnidadeMedida", "DataColeta", "PostoCNPJ", "CombustivelID")
VALUES (4.790, 'R$ / litro', '2023-07-31', '1502805000104',
        (SELECT "ID_Combustivel" FROM public."COMBUSTIVEL" WHERE "Nome" = 'DIESEL S500'))
ON CONFLICT DO NOTHING;


INSERT INTO public."PRECO_COLETADO" ("Preco", "UnidadeMedida", "DataColeta", "PostoCNPJ", "CombustivelID")
VALUES (4.790, 'R$ / litro', '2023-08-07', '1502805000104',
        (SELECT "ID_Combustivel" FROM public."COMBUSTIVEL" WHERE "Nome" = 'DIESEL S500'))
ON CONFLICT DO NOTHING;


INSERT INTO public."PRECO_COLETADO" ("Preco", "UnidadeMedida", "DataColeta", "PostoCNPJ", "CombustivelID")
VALUES (4.890, 'R$ / litro', '2023-08-15', '1502805000104',
        (SELECT "ID_Combustivel" FROM public."COMBUSTIVEL" WHERE "Nome" = 'DIESEL S500'))
ON CONFLICT DO NOTHING;


INSERT INTO public."PRECO_COLETADO" ("Preco", "UnidadeMedida", "DataColeta", "PostoCNPJ", "CombustivelID")
VALUES (5.690, 'R$ / litro', '2023-08-22', '1502805000104',
        (SELECT "ID_Combustivel" FROM public."COMBUSTIVEL" WHERE "Nome" = 'DIESEL S500'))
ON CONFLICT DO NOTHING;


INSERT INTO public."PRECO_COLETADO" ("Preco", "UnidadeMedida", "DataColeta", "PostoCNPJ", "CombustivelID")
VALUES (5.690, 'R$ / litro', '2023-08-30', '1502805000104',
        (SELECT "ID_Combustivel" FROM public."COMBUSTIVEL" WHERE "Nome" = 'DIESEL S500'))
ON CONFLICT DO NOTHING;


INSERT INTO public."PRECO_COLETADO" ("Preco", "UnidadeMedida", "DataColeta", "PostoCNPJ", "CombustivelID")
VALUES (5.790, 'R$ / litro', '2023-09-07', '1502805000104',
        (SELECT "ID_Combustivel" FROM public."COMBUSTIVEL" WHERE "Nome" = 'DIESEL S500'))
ON CONFLICT DO NOTHING;


INSERT INTO public."PRECO_COLETADO" ("Preco", "UnidadeMedida", "DataColeta", "PostoCNPJ", "CombustivelID")
VALUES (5.790, 'R$ / litro', '2023-09-12', '1502805000104',
        (SELECT "ID_Combustivel" FROM public."COMBUSTIVEL" WHERE "Nome" = 'DIESEL S500'))
ON CONFLICT DO NOTHING;


INSERT INTO public."PRECO_COLETADO" ("Preco", "UnidadeMedida", "DataColeta", "PostoCNPJ", "CombustivelID")
VALUES (5.850, 'R$ / litro', '2023-09-19', '1502805000104',
        (SELECT "ID_Combustivel" FROM public."COMBUSTIVEL" WHERE "Nome" = 'DIESEL S500'))
ON CONFLICT DO NOTHING;


INSERT INTO public."PRECO_COLETADO" ("Preco", "UnidadeMedida", "DataColeta", "PostoCNPJ", "CombustivelID")
VALUES (5.850, 'R$ / litro', '2023-09-26', '1502805000104',
        (SELECT "ID_Combustivel" FROM public."COMBUSTIVEL" WHERE "Nome" = 'DIESEL S500'))
ON CONFLICT DO NOTHING;


INSERT INTO public."PRECO_COLETADO" ("Preco", "UnidadeMedida", "DataColeta", "PostoCNPJ", "CombustivelID")
VALUES (5.850, 'R$ / litro', '2023-10-03', '1502805000104',
        (SELECT "ID_Combustivel" FROM public."COMBUSTIVEL" WHERE "Nome" = 'DIESEL S500'))
ON CONFLICT DO NOTHING;


INSERT INTO public."PRECO_COLETADO" ("Preco", "UnidadeMedida", "DataColeta", "PostoCNPJ", "CombustivelID")
VALUES (5.850, 'R$ / litro', '2023-10-10', '1502805000104',
        (SELECT "ID_Combustivel" FROM public."COMBUSTIVEL" WHERE "Nome" = 'DIESEL S500'))
ON CONFLICT DO NOTHING;


INSERT INTO public."PRECO_COLETADO" ("Preco", "UnidadeMedida", "DataColeta", "PostoCNPJ", "CombustivelID")
VALUES (5.850, 'R$ / litro', '2023-10-16', '1502805000104',
        (SELECT "ID_Combustivel" FROM public."COMBUSTIVEL" WHERE "Nome" = 'DIESEL S500'))
ON CONFLICT DO NOTHING;


INSERT INTO public."PRECO_COLETADO" ("Preco", "UnidadeMedida", "DataColeta", "PostoCNPJ", "CombustivelID")
VALUES (5.990, 'R$ / litro', '2023-10-24', '1502805000104',
        (SELECT "ID_Combustivel" FROM public."COMBUSTIVEL" WHERE "Nome" = 'DIESEL S500'))
ON CONFLICT DO NOTHING;


INSERT INTO public."PRECO_COLETADO" ("Preco", "UnidadeMedida", "DataColeta", "PostoCNPJ", "CombustivelID")
VALUES (5.990, 'R$ / litro', '2023-10-31', '1502805000104',
        (SELECT "ID_Combustivel" FROM public."COMBUSTIVEL" WHERE "Nome" = 'DIESEL S500'))
ON CONFLICT DO NOTHING;


INSERT INTO public."PRECO_COLETADO" ("Preco", "UnidadeMedida", "DataColeta", "PostoCNPJ", "CombustivelID")
VALUES (5.990, 'R$ / litro', '2023-11-07', '1502805000104',
        (SELECT "ID_Combustivel" FROM public."COMBUSTIVEL" WHERE "Nome" = 'DIESEL S500'))
ON CONFLICT DO NOTHING;


INSERT INTO public."PRECO_COLETADO" ("Preco", "UnidadeMedida", "DataColeta", "PostoCNPJ", "CombustivelID")
VALUES (5.990, 'R$ / litro', '2023-11-14', '1502805000104',
        (SELECT "ID_Combustivel" FROM public."COMBUSTIVEL" WHERE "Nome" = 'DIESEL S500'))
ON CONFLICT DO NOTHING;


INSERT INTO public."PRECO_COLETADO" ("Preco", "UnidadeMedida", "DataColeta", "PostoCNPJ", "CombustivelID")
VALUES (5.860, 'R$ / litro', '2023-11-21', '1502805000104',
        (SELECT "ID_Combustivel" FROM public."COMBUSTIVEL" WHERE "Nome" = 'DIESEL S500'))
ON CONFLICT DO NOTHING;


INSERT INTO public."PRECO_COLETADO" ("Preco", "UnidadeMedida", "DataColeta", "PostoCNPJ", "CombustivelID")
VALUES (5.860, 'R$ / litro', '2023-11-28', '1502805000104',
        (SELECT "ID_Combustivel" FROM public."COMBUSTIVEL" WHERE "Nome" = 'DIESEL S500'))
ON CONFLICT DO NOTHING;


INSERT INTO public."PRECO_COLETADO" ("Preco", "UnidadeMedida", "DataColeta", "PostoCNPJ", "CombustivelID")
VALUES (5.860, 'R$ / litro', '2023-12-06', '1502805000104',
        (SELECT "ID_Combustivel" FROM public."COMBUSTIVEL" WHERE "Nome" = 'DIESEL S500'))
ON CONFLICT DO NOTHING;


INSERT INTO public."PRECO_COLETADO" ("Preco", "UnidadeMedida", "DataColeta", "PostoCNPJ", "CombustivelID")
VALUES (5.860, 'R$ / litro', '2023-12-13', '1502805000104',
        (SELECT "ID_Combustivel" FROM public."COMBUSTIVEL" WHERE "Nome" = 'DIESEL S500'))
ON CONFLICT DO NOTHING;


INSERT INTO public."PRECO_COLETADO" ("Preco", "UnidadeMedida", "DataColeta", "PostoCNPJ", "CombustivelID")
VALUES (5.790, 'R$ / litro', '2024-01-29', '1502805000104',
        (SELECT "ID_Combustivel" FROM public."COMBUSTIVEL" WHERE "Nome" = 'DIESEL S500'))
ON CONFLICT DO NOTHING;


INSERT INTO public."PRECO_COLETADO" ("Preco", "UnidadeMedida", "DataColeta", "PostoCNPJ", "CombustivelID")
VALUES (5.790, 'R$ / litro', '2024-02-26', '1502805000104',
        (SELECT "ID_Combustivel" FROM public."COMBUSTIVEL" WHERE "Nome" = 'DIESEL S500'))
ON CONFLICT DO NOTHING;


INSERT INTO public."PRECO_COLETADO" ("Preco", "UnidadeMedida", "DataColeta", "PostoCNPJ", "CombustivelID")
VALUES (5.790, 'R$ / litro', '2024-03-13', '1502805000104',
        (SELECT "ID_Combustivel" FROM public."COMBUSTIVEL" WHERE "Nome" = 'DIESEL S500'))
ON CONFLICT DO NOTHING;


INSERT INTO public."PRECO_COLETADO" ("Preco", "UnidadeMedida", "DataColeta", "PostoCNPJ", "CombustivelID")
VALUES (5.790, 'R$ / litro', '2024-03-20', '1502805000104',
        (SELECT "ID_Combustivel" FROM public."COMBUSTIVEL" WHERE "Nome" = 'DIESEL S500'))
ON CONFLICT DO NOTHING;


INSERT INTO public."PRECO_COLETADO" ("Preco", "UnidadeMedida", "DataColeta", "PostoCNPJ", "CombustivelID")
VALUES (5.790, 'R$ / litro', '2024-03-27', '1502805000104',
        (SELECT "ID_Combustivel" FROM public."COMBUSTIVEL" WHERE "Nome" = 'DIESEL S500'))
ON CONFLICT DO NOTHING;


INSERT INTO public."PRECO_COLETADO" ("Preco", "UnidadeMedida", "DataColeta", "PostoCNPJ", "CombustivelID")
VALUES (5.790, 'R$ / litro', '2024-04-02', '1502805000104',
        (SELECT "ID_Combustivel" FROM public."COMBUSTIVEL" WHERE "Nome" = 'DIESEL S500'))
ON CONFLICT DO NOTHING;


INSERT INTO public."PRECO_COLETADO" ("Preco", "UnidadeMedida", "DataColeta", "PostoCNPJ", "CombustivelID")
VALUES (5.790, 'R$ / litro', '2024-04-29', '1502805000104',
        (SELECT "ID_Combustivel" FROM public."COMBUSTIVEL" WHERE "Nome" = 'DIESEL S500'))
ON CONFLICT DO NOTHING;


INSERT INTO public."PRECO_COLETADO" ("Preco", "UnidadeMedida", "DataColeta", "PostoCNPJ", "CombustivelID")
VALUES (5.790, 'R$ / litro', '2024-05-06', '1502805000104',
        (SELECT "ID_Combustivel" FROM public."COMBUSTIVEL" WHERE "Nome" = 'DIESEL S500'))
ON CONFLICT DO NOTHING;


INSERT INTO public."PRECO_COLETADO" ("Preco", "UnidadeMedida", "DataColeta", "PostoCNPJ", "CombustivelID")
VALUES (5.790, 'R$ / litro', '2024-06-11', '1502805000104',
        (SELECT "ID_Combustivel" FROM public."COMBUSTIVEL" WHERE "Nome" = 'DIESEL S500'))
ON CONFLICT DO NOTHING;


INSERT INTO public."PRECO_COLETADO" ("Preco", "UnidadeMedida", "DataColeta", "PostoCNPJ", "CombustivelID")
VALUES (5.790, 'R$ / litro', '2024-06-19', '1502805000104',
        (SELECT "ID_Combustivel" FROM public."COMBUSTIVEL" WHERE "Nome" = 'DIESEL S500'))
ON CONFLICT DO NOTHING;


INSERT INTO public."COMBUSTIVEL" ("Nome")
VALUES ('DIESEL S10')
ON CONFLICT ("Nome") DO NOTHING;


INSERT INTO public."PRECO_COLETADO" ("Preco", "UnidadeMedida", "DataColeta", "PostoCNPJ", "CombustivelID")
VALUES (6.290, 'R$ / litro', '2022-10-31', '1502805000104',
        (SELECT "ID_Combustivel" FROM public."COMBUSTIVEL" WHERE "Nome" = 'DIESEL S10'))
ON CONFLICT DO NOTHING;


INSERT INTO public."PRECO_COLETADO" ("Preco", "UnidadeMedida", "DataColeta", "PostoCNPJ", "CombustivelID")
VALUES (5.990, 'R$ / litro', '2023-01-16', '1502805000104',
        (SELECT "ID_Combustivel" FROM public."COMBUSTIVEL" WHERE "Nome" = 'DIESEL S10'))
ON CONFLICT DO NOTHING;


INSERT INTO public."PRECO_COLETADO" ("Preco", "UnidadeMedida", "DataColeta", "PostoCNPJ", "CombustivelID")
VALUES (5.990, 'R$ / litro', '2023-01-23', '1502805000104',
        (SELECT "ID_Combustivel" FROM public."COMBUSTIVEL" WHERE "Nome" = 'DIESEL S10'))
ON CONFLICT DO NOTHING;


INSERT INTO public."PRECO_COLETADO" ("Preco", "UnidadeMedida", "DataColeta", "PostoCNPJ", "CombustivelID")
VALUES (5.990, 'R$ / litro', '2023-01-30', '1502805000104',
        (SELECT "ID_Combustivel" FROM public."COMBUSTIVEL" WHERE "Nome" = 'DIESEL S10'))
ON CONFLICT DO NOTHING;


INSERT INTO public."PRECO_COLETADO" ("Preco", "UnidadeMedida", "DataColeta", "PostoCNPJ", "CombustivelID")
VALUES (5.990, 'R$ / litro', '2023-02-13', '1502805000104',
        (SELECT "ID_Combustivel" FROM public."COMBUSTIVEL" WHERE "Nome" = 'DIESEL S10'))
ON CONFLICT DO NOTHING;


INSERT INTO public."PRECO_COLETADO" ("Preco", "UnidadeMedida", "DataColeta", "PostoCNPJ", "CombustivelID")
VALUES (5.690, 'R$ / litro', '2023-02-28', '1502805000104',
        (SELECT "ID_Combustivel" FROM public."COMBUSTIVEL" WHERE "Nome" = 'DIESEL S10'))
ON CONFLICT DO NOTHING;


INSERT INTO public."PRECO_COLETADO" ("Preco", "UnidadeMedida", "DataColeta", "PostoCNPJ", "CombustivelID")
VALUES (5.490, 'R$ / litro', '2023-04-17', '1502805000104',
        (SELECT "ID_Combustivel" FROM public."COMBUSTIVEL" WHERE "Nome" = 'DIESEL S10'))
ON CONFLICT DO NOTHING;


INSERT INTO public."PRECO_COLETADO" ("Preco", "UnidadeMedida", "DataColeta", "PostoCNPJ", "CombustivelID")
VALUES (5.490, 'R$ / litro', '2023-04-24', '1502805000104',
        (SELECT "ID_Combustivel" FROM public."COMBUSTIVEL" WHERE "Nome" = 'DIESEL S10'))
ON CONFLICT DO NOTHING;


INSERT INTO public."PRECO_COLETADO" ("Preco", "UnidadeMedida", "DataColeta", "PostoCNPJ", "CombustivelID")
VALUES (5.490, 'R$ / litro', '2023-05-03', '1502805000104',
        (SELECT "ID_Combustivel" FROM public."COMBUSTIVEL" WHERE "Nome" = 'DIESEL S10'))
ON CONFLICT DO NOTHING;


INSERT INTO public."PRECO_COLETADO" ("Preco", "UnidadeMedida", "DataColeta", "PostoCNPJ", "CombustivelID")
VALUES (5.490, 'R$ / litro', '2023-05-09', '1502805000104',
        (SELECT "ID_Combustivel" FROM public."COMBUSTIVEL" WHERE "Nome" = 'DIESEL S10'))
ON CONFLICT DO NOTHING;


INSERT INTO public."PRECO_COLETADO" ("Preco", "UnidadeMedida", "DataColeta", "PostoCNPJ", "CombustivelID")
VALUES (5.490, 'R$ / litro', '2023-05-15', '1502805000104',
        (SELECT "ID_Combustivel" FROM public."COMBUSTIVEL" WHERE "Nome" = 'DIESEL S10'))
ON CONFLICT DO NOTHING;


INSERT INTO public."PRECO_COLETADO" ("Preco", "UnidadeMedida", "DataColeta", "PostoCNPJ", "CombustivelID")
VALUES (5.190, 'R$ / litro', '2023-05-23', '1502805000104',
        (SELECT "ID_Combustivel" FROM public."COMBUSTIVEL" WHERE "Nome" = 'DIESEL S10'))
ON CONFLICT DO NOTHING;


INSERT INTO public."PRECO_COLETADO" ("Preco", "UnidadeMedida", "DataColeta", "PostoCNPJ", "CombustivelID")
VALUES (5.190, 'R$ / litro', '2023-05-30', '1502805000104',
        (SELECT "ID_Combustivel" FROM public."COMBUSTIVEL" WHERE "Nome" = 'DIESEL S10'))
ON CONFLICT DO NOTHING;


INSERT INTO public."PRECO_COLETADO" ("Preco", "UnidadeMedida", "DataColeta", "PostoCNPJ", "CombustivelID")
VALUES (4.990, 'R$ / litro', '2023-06-05', '1502805000104',
        (SELECT "ID_Combustivel" FROM public."COMBUSTIVEL" WHERE "Nome" = 'DIESEL S10'))
ON CONFLICT DO NOTHING;


INSERT INTO public."PRECO_COLETADO" ("Preco", "UnidadeMedida", "DataColeta", "PostoCNPJ", "CombustivelID")
VALUES (4.990, 'R$ / litro', '2023-06-13', '1502805000104',
        (SELECT "ID_Combustivel" FROM public."COMBUSTIVEL" WHERE "Nome" = 'DIESEL S10'))
ON CONFLICT DO NOTHING;


INSERT INTO public."PRECO_COLETADO" ("Preco", "UnidadeMedida", "DataColeta", "PostoCNPJ", "CombustivelID")
VALUES (4.990, 'R$ / litro', '2023-06-20', '1502805000104',
        (SELECT "ID_Combustivel" FROM public."COMBUSTIVEL" WHERE "Nome" = 'DIESEL S10'))
ON CONFLICT DO NOTHING;


INSERT INTO public."PRECO_COLETADO" ("Preco", "UnidadeMedida", "DataColeta", "PostoCNPJ", "CombustivelID")
VALUES (4.890, 'R$ / litro', '2023-07-04', '1502805000104',
        (SELECT "ID_Combustivel" FROM public."COMBUSTIVEL" WHERE "Nome" = 'DIESEL S10'))
ON CONFLICT DO NOTHING;


INSERT INTO public."PRECO_COLETADO" ("Preco", "UnidadeMedida", "DataColeta", "PostoCNPJ", "CombustivelID")
VALUES (4.890, 'R$ / litro', '2023-07-10', '1502805000104',
        (SELECT "ID_Combustivel" FROM public."COMBUSTIVEL" WHERE "Nome" = 'DIESEL S10'))
ON CONFLICT DO NOTHING;


INSERT INTO public."PRECO_COLETADO" ("Preco", "UnidadeMedida", "DataColeta", "PostoCNPJ", "CombustivelID")
VALUES (4.890, 'R$ / litro', '2023-07-17', '1502805000104',
        (SELECT "ID_Combustivel" FROM public."COMBUSTIVEL" WHERE "Nome" = 'DIESEL S10'))
ON CONFLICT DO NOTHING;


INSERT INTO public."PRECO_COLETADO" ("Preco", "UnidadeMedida", "DataColeta", "PostoCNPJ", "CombustivelID")
VALUES (4.890, 'R$ / litro', '2023-07-24', '1502805000104',
        (SELECT "ID_Combustivel" FROM public."COMBUSTIVEL" WHERE "Nome" = 'DIESEL S10'))
ON CONFLICT DO NOTHING;


INSERT INTO public."PRECO_COLETADO" ("Preco", "UnidadeMedida", "DataColeta", "PostoCNPJ", "CombustivelID")
VALUES (4.890, 'R$ / litro', '2023-07-31', '1502805000104',
        (SELECT "ID_Combustivel" FROM public."COMBUSTIVEL" WHERE "Nome" = 'DIESEL S10'))
ON CONFLICT DO NOTHING;


INSERT INTO public."PRECO_COLETADO" ("Preco", "UnidadeMedida", "DataColeta", "PostoCNPJ", "CombustivelID")
VALUES (4.890, 'R$ / litro', '2023-08-07', '1502805000104',
        (SELECT "ID_Combustivel" FROM public."COMBUSTIVEL" WHERE "Nome" = 'DIESEL S10'))
ON CONFLICT DO NOTHING;


INSERT INTO public."PRECO_COLETADO" ("Preco", "UnidadeMedida", "DataColeta", "PostoCNPJ", "CombustivelID")
VALUES (4.990, 'R$ / litro', '2023-08-15', '1502805000104',
        (SELECT "ID_Combustivel" FROM public."COMBUSTIVEL" WHERE "Nome" = 'DIESEL S10'))
ON CONFLICT DO NOTHING;


INSERT INTO public."PRECO_COLETADO" ("Preco", "UnidadeMedida", "DataColeta", "PostoCNPJ", "CombustivelID")
VALUES (5.890, 'R$ / litro', '2023-08-22', '1502805000104',
        (SELECT "ID_Combustivel" FROM public."COMBUSTIVEL" WHERE "Nome" = 'DIESEL S10'))
ON CONFLICT DO NOTHING;


INSERT INTO public."PRECO_COLETADO" ("Preco", "UnidadeMedida", "DataColeta", "PostoCNPJ", "CombustivelID")
VALUES (5.890, 'R$ / litro', '2023-08-30', '1502805000104',
        (SELECT "ID_Combustivel" FROM public."COMBUSTIVEL" WHERE "Nome" = 'DIESEL S10'))
ON CONFLICT DO NOTHING;


INSERT INTO public."PRECO_COLETADO" ("Preco", "UnidadeMedida", "DataColeta", "PostoCNPJ", "CombustivelID")
VALUES (5.990, 'R$ / litro', '2023-09-07', '1502805000104',
        (SELECT "ID_Combustivel" FROM public."COMBUSTIVEL" WHERE "Nome" = 'DIESEL S10'))
ON CONFLICT DO NOTHING;


INSERT INTO public."PRECO_COLETADO" ("Preco", "UnidadeMedida", "DataColeta", "PostoCNPJ", "CombustivelID")
VALUES (5.990, 'R$ / litro', '2023-09-12', '1502805000104',
        (SELECT "ID_Combustivel" FROM public."COMBUSTIVEL" WHERE "Nome" = 'DIESEL S10'))
ON CONFLICT DO NOTHING;


INSERT INTO public."PRECO_COLETADO" ("Preco", "UnidadeMedida", "DataColeta", "PostoCNPJ", "CombustivelID")
VALUES (5.950, 'R$ / litro', '2023-09-19', '1502805000104',
        (SELECT "ID_Combustivel" FROM public."COMBUSTIVEL" WHERE "Nome" = 'DIESEL S10'))
ON CONFLICT DO NOTHING;


INSERT INTO public."PRECO_COLETADO" ("Preco", "UnidadeMedida", "DataColeta", "PostoCNPJ", "CombustivelID")
VALUES (5.950, 'R$ / litro', '2023-09-26', '1502805000104',
        (SELECT "ID_Combustivel" FROM public."COMBUSTIVEL" WHERE "Nome" = 'DIESEL S10'))
ON CONFLICT DO NOTHING;


INSERT INTO public."PRECO_COLETADO" ("Preco", "UnidadeMedida", "DataColeta", "PostoCNPJ", "CombustivelID")
VALUES (5.950, 'R$ / litro', '2023-10-03', '1502805000104',
        (SELECT "ID_Combustivel" FROM public."COMBUSTIVEL" WHERE "Nome" = 'DIESEL S10'))
ON CONFLICT DO NOTHING;


INSERT INTO public."PRECO_COLETADO" ("Preco", "UnidadeMedida", "DataColeta", "PostoCNPJ", "CombustivelID")
VALUES (5.950, 'R$ / litro', '2023-10-10', '1502805000104',
        (SELECT "ID_Combustivel" FROM public."COMBUSTIVEL" WHERE "Nome" = 'DIESEL S10'))
ON CONFLICT DO NOTHING;


INSERT INTO public."PRECO_COLETADO" ("Preco", "UnidadeMedida", "DataColeta", "PostoCNPJ", "CombustivelID")
VALUES (5.950, 'R$ / litro', '2023-10-16', '1502805000104',
        (SELECT "ID_Combustivel" FROM public."COMBUSTIVEL" WHERE "Nome" = 'DIESEL S10'))
ON CONFLICT DO NOTHING;


INSERT INTO public."PRECO_COLETADO" ("Preco", "UnidadeMedida", "DataColeta", "PostoCNPJ", "CombustivelID")
VALUES (6.090, 'R$ / litro', '2023-10-24', '1502805000104',
        (SELECT "ID_Combustivel" FROM public."COMBUSTIVEL" WHERE "Nome" = 'DIESEL S10'))
ON CONFLICT DO NOTHING;


INSERT INTO public."PRECO_COLETADO" ("Preco", "UnidadeMedida", "DataColeta", "PostoCNPJ", "CombustivelID")
VALUES (6.090, 'R$ / litro', '2023-10-31', '1502805000104',
        (SELECT "ID_Combustivel" FROM public."COMBUSTIVEL" WHERE "Nome" = 'DIESEL S10'))
ON CONFLICT DO NOTHING;


INSERT INTO public."PRECO_COLETADO" ("Preco", "UnidadeMedida", "DataColeta", "PostoCNPJ", "CombustivelID")
VALUES (6.090, 'R$ / litro', '2023-11-07', '1502805000104',
        (SELECT "ID_Combustivel" FROM public."COMBUSTIVEL" WHERE "Nome" = 'DIESEL S10'))
ON CONFLICT DO NOTHING;


INSERT INTO public."PRECO_COLETADO" ("Preco", "UnidadeMedida", "DataColeta", "PostoCNPJ", "CombustivelID")
VALUES (6.090, 'R$ / litro', '2023-11-14', '1502805000104',
        (SELECT "ID_Combustivel" FROM public."COMBUSTIVEL" WHERE "Nome" = 'DIESEL S10'))
ON CONFLICT DO NOTHING;


INSERT INTO public."PRECO_COLETADO" ("Preco", "UnidadeMedida", "DataColeta", "PostoCNPJ", "CombustivelID")
VALUES (5.960, 'R$ / litro', '2023-11-21', '1502805000104',
        (SELECT "ID_Combustivel" FROM public."COMBUSTIVEL" WHERE "Nome" = 'DIESEL S10'))
ON CONFLICT DO NOTHING;


INSERT INTO public."PRECO_COLETADO" ("Preco", "UnidadeMedida", "DataColeta", "PostoCNPJ", "CombustivelID")
VALUES (5.960, 'R$ / litro', '2023-11-28', '1502805000104',
        (SELECT "ID_Combustivel" FROM public."COMBUSTIVEL" WHERE "Nome" = 'DIESEL S10'))
ON CONFLICT DO NOTHING;


INSERT INTO public."PRECO_COLETADO" ("Preco", "UnidadeMedida", "DataColeta", "PostoCNPJ", "CombustivelID")
VALUES (5.960, 'R$ / litro', '2023-12-06', '1502805000104',
        (SELECT "ID_Combustivel" FROM public."COMBUSTIVEL" WHERE "Nome" = 'DIESEL S10'))
ON CONFLICT DO NOTHING;


INSERT INTO public."PRECO_COLETADO" ("Preco", "UnidadeMedida", "DataColeta", "PostoCNPJ", "CombustivelID")
VALUES (5.960, 'R$ / litro', '2023-12-13', '1502805000104',
        (SELECT "ID_Combustivel" FROM public."COMBUSTIVEL" WHERE "Nome" = 'DIESEL S10'))
ON CONFLICT DO NOTHING;


INSERT INTO public."PRECO_COLETADO" ("Preco", "UnidadeMedida", "DataColeta", "PostoCNPJ", "CombustivelID")
VALUES (5.890, 'R$ / litro', '2024-01-29', '1502805000104',
        (SELECT "ID_Combustivel" FROM public."COMBUSTIVEL" WHERE "Nome" = 'DIESEL S10'))
ON CONFLICT DO NOTHING;


INSERT INTO public."PRECO_COLETADO" ("Preco", "UnidadeMedida", "DataColeta", "PostoCNPJ", "CombustivelID")
VALUES (5.890, 'R$ / litro', '2024-02-26', '1502805000104',
        (SELECT "ID_Combustivel" FROM public."COMBUSTIVEL" WHERE "Nome" = 'DIESEL S10'))
ON CONFLICT DO NOTHING;


INSERT INTO public."PRECO_COLETADO" ("Preco", "UnidadeMedida", "DataColeta", "PostoCNPJ", "CombustivelID")
VALUES (5.890, 'R$ / litro', '2024-03-13', '1502805000104',
        (SELECT "ID_Combustivel" FROM public."COMBUSTIVEL" WHERE "Nome" = 'DIESEL S10'))
ON CONFLICT DO NOTHING;


INSERT INTO public."PRECO_COLETADO" ("Preco", "UnidadeMedida", "DataColeta", "PostoCNPJ", "CombustivelID")
VALUES (5.890, 'R$ / litro', '2024-03-20', '1502805000104',
        (SELECT "ID_Combustivel" FROM public."COMBUSTIVEL" WHERE "Nome" = 'DIESEL S10'))
ON CONFLICT DO NOTHING;


INSERT INTO public."PRECO_COLETADO" ("Preco", "UnidadeMedida", "DataColeta", "PostoCNPJ", "CombustivelID")
VALUES (5.890, 'R$ / litro', '2024-03-27', '1502805000104',
        (SELECT "ID_Combustivel" FROM public."COMBUSTIVEL" WHERE "Nome" = 'DIESEL S10'))
ON CONFLICT DO NOTHING;


INSERT INTO public."PRECO_COLETADO" ("Preco", "UnidadeMedida", "DataColeta", "PostoCNPJ", "CombustivelID")
VALUES (5.890, 'R$ / litro', '2024-04-02', '1502805000104',
        (SELECT "ID_Combustivel" FROM public."COMBUSTIVEL" WHERE "Nome" = 'DIESEL S10'))
ON CONFLICT DO NOTHING;


INSERT INTO public."PRECO_COLETADO" ("Preco", "UnidadeMedida", "DataColeta", "PostoCNPJ", "CombustivelID")
VALUES (5.890, 'R$ / litro', '2024-04-29', '1502805000104',
        (SELECT "ID_Combustivel" FROM public."COMBUSTIVEL" WHERE "Nome" = 'DIESEL S10'))
ON CONFLICT DO NOTHING;


INSERT INTO public."PRECO_COLETADO" ("Preco", "UnidadeMedida", "DataColeta", "PostoCNPJ", "CombustivelID")
VALUES (5.890, 'R$ / litro', '2024-05-06', '1502805000104',
        (SELECT "ID_Combustivel" FROM public."COMBUSTIVEL" WHERE "Nome" = 'DIESEL S10'))
ON CONFLICT DO NOTHING;


INSERT INTO public."PRECO_COLETADO" ("Preco", "UnidadeMedida", "DataColeta", "PostoCNPJ", "CombustivelID")
VALUES (5.890, 'R$ / litro', '2024-06-11', '1502805000104',
        (SELECT "ID_Combustivel" FROM public."COMBUSTIVEL" WHERE "Nome" = 'DIESEL S10'))
ON CONFLICT DO NOTHING;


INSERT INTO public."PRECO_COLETADO" ("Preco", "UnidadeMedida", "DataColeta", "PostoCNPJ", "CombustivelID")
VALUES (5.890, 'R$ / litro', '2024-06-19', '1502805000104',
        (SELECT "ID_Combustivel" FROM public."COMBUSTIVEL" WHERE "Nome" = 'DIESEL S10'))
ON CONFLICT DO NOTHING;


INSERT INTO public."COMBUSTIVEL" ("Nome")
VALUES ('ETANOL')
ON CONFLICT ("Nome") DO NOTHING;


INSERT INTO public."PRECO_COLETADO" ("Preco", "UnidadeMedida", "DataColeta", "PostoCNPJ", "CombustivelID")
VALUES (4.790, 'R$ / litro', '2023-06-27', '1502805000104',
        (SELECT "ID_Combustivel" FROM public."COMBUSTIVEL" WHERE "Nome" = 'ETANOL'))
ON CONFLICT DO NOTHING;


INSERT INTO public."POSTO" ("CNPJ", "RazaoSocial", "NomeFantasia", "Bandeira", "Logradouro", "Numero", "Bairro", "Cidade", "Estado", "CEP")
VALUES ('9167931000153', 'POSTO CHAMPAGNAT LTDA', 'POSTO CHAMPAGNAT', 'IPIRANGA', 'RUA HUGO MUSSO', '550', 'PRAIA DA COSTA', 'VILA VELHA', 'ESPIRITO SANTO', '29101280')
ON CONFLICT ("CNPJ") DO NOTHING;


INSERT INTO public."COMBUSTIVEL" ("Nome")
VALUES ('GASOLINA COMUM')
ON CONFLICT ("Nome") DO NOTHING;


INSERT INTO public."PRECO_COLETADO" ("Preco", "UnidadeMedida", "DataColeta", "PostoCNPJ", "CombustivelID")
VALUES (4.990, 'R$ / litro', '2022-11-14', '9167931000153',
        (SELECT "ID_Combustivel" FROM public."COMBUSTIVEL" WHERE "Nome" = 'GASOLINA COMUM'))
ON CONFLICT DO NOTHING;


INSERT INTO public."PRECO_COLETADO" ("Preco", "UnidadeMedida", "DataColeta", "PostoCNPJ", "CombustivelID")
VALUES (4.950, 'R$ / litro', '2023-01-09', '9167931000153',
        (SELECT "ID_Combustivel" FROM public."COMBUSTIVEL" WHERE "Nome" = 'GASOLINA COMUM'))
ON CONFLICT DO NOTHING;


INSERT INTO public."PRECO_COLETADO" ("Preco", "UnidadeMedida", "DataColeta", "PostoCNPJ", "CombustivelID")
VALUES (5.080, 'R$ / litro', '2023-02-20', '9167931000153',
        (SELECT "ID_Combustivel" FROM public."COMBUSTIVEL" WHERE "Nome" = 'GASOLINA COMUM'))
ON CONFLICT DO NOTHING;


INSERT INTO public."PRECO_COLETADO" ("Preco", "UnidadeMedida", "DataColeta", "PostoCNPJ", "CombustivelID")
VALUES (5.480, 'R$ / litro', '2023-03-21', '9167931000153',
        (SELECT "ID_Combustivel" FROM public."COMBUSTIVEL" WHERE "Nome" = 'GASOLINA COMUM'))
ON CONFLICT DO NOTHING;


INSERT INTO public."PRECO_COLETADO" ("Preco", "UnidadeMedida", "DataColeta", "PostoCNPJ", "CombustivelID")
VALUES (5.580, 'R$ / litro', '2023-08-07', '9167931000153',
        (SELECT "ID_Combustivel" FROM public."COMBUSTIVEL" WHERE "Nome" = 'GASOLINA COMUM'))
ON CONFLICT DO NOTHING;


INSERT INTO public."PRECO_COLETADO" ("Preco", "UnidadeMedida", "DataColeta", "PostoCNPJ", "CombustivelID")
VALUES (5.690, 'R$ / litro', '2023-10-31', '9167931000153',
        (SELECT "ID_Combustivel" FROM public."COMBUSTIVEL" WHERE "Nome" = 'GASOLINA COMUM'))
ON CONFLICT DO NOTHING;


INSERT INTO public."PRECO_COLETADO" ("Preco", "UnidadeMedida", "DataColeta", "PostoCNPJ", "CombustivelID")
VALUES (5.590, 'R$ / litro', '2023-12-20', '9167931000153',
        (SELECT "ID_Combustivel" FROM public."COMBUSTIVEL" WHERE "Nome" = 'GASOLINA COMUM'))
ON CONFLICT DO NOTHING;


INSERT INTO public."PRECO_COLETADO" ("Preco", "UnidadeMedida", "DataColeta", "PostoCNPJ", "CombustivelID")
VALUES (5.390, 'R$ / litro', '2024-01-03', '9167931000153',
        (SELECT "ID_Combustivel" FROM public."COMBUSTIVEL" WHERE "Nome" = 'GASOLINA COMUM'))
ON CONFLICT DO NOTHING;


INSERT INTO public."PRECO_COLETADO" ("Preco", "UnidadeMedida", "DataColeta", "PostoCNPJ", "CombustivelID")
VALUES (5.370, 'R$ / litro', '2024-01-15', '9167931000153',
        (SELECT "ID_Combustivel" FROM public."COMBUSTIVEL" WHERE "Nome" = 'GASOLINA COMUM'))
ON CONFLICT DO NOTHING;


INSERT INTO public."PRECO_COLETADO" ("Preco", "UnidadeMedida", "DataColeta", "PostoCNPJ", "CombustivelID")
VALUES (5.370, 'R$ / litro', '2024-01-22', '9167931000153',
        (SELECT "ID_Combustivel" FROM public."COMBUSTIVEL" WHERE "Nome" = 'GASOLINA COMUM'))
ON CONFLICT DO NOTHING;


INSERT INTO public."PRECO_COLETADO" ("Preco", "UnidadeMedida", "DataColeta", "PostoCNPJ", "CombustivelID")
VALUES (5.690, 'R$ / litro', '2024-02-05', '9167931000153',
        (SELECT "ID_Combustivel" FROM public."COMBUSTIVEL" WHERE "Nome" = 'GASOLINA COMUM'))
ON CONFLICT DO NOTHING;


INSERT INTO public."PRECO_COLETADO" ("Preco", "UnidadeMedida", "DataColeta", "PostoCNPJ", "CombustivelID")
VALUES (5.490, 'R$ / litro', '2024-03-18', '9167931000153',
        (SELECT "ID_Combustivel" FROM public."COMBUSTIVEL" WHERE "Nome" = 'GASOLINA COMUM'))
ON CONFLICT DO NOTHING;


INSERT INTO public."PRECO_COLETADO" ("Preco", "UnidadeMedida", "DataColeta", "PostoCNPJ", "CombustivelID")
VALUES (5.690, 'R$ / litro', '2024-04-08', '9167931000153',
        (SELECT "ID_Combustivel" FROM public."COMBUSTIVEL" WHERE "Nome" = 'GASOLINA COMUM'))
ON CONFLICT DO NOTHING;


INSERT INTO public."PRECO_COLETADO" ("Preco", "UnidadeMedida", "DataColeta", "PostoCNPJ", "CombustivelID")
VALUES (5.690, 'R$ / litro', '2024-04-15', '9167931000153',
        (SELECT "ID_Combustivel" FROM public."COMBUSTIVEL" WHERE "Nome" = 'GASOLINA COMUM'))
ON CONFLICT DO NOTHING;


INSERT INTO public."PRECO_COLETADO" ("Preco", "UnidadeMedida", "DataColeta", "PostoCNPJ", "CombustivelID")
VALUES (5.890, 'R$ / litro', '2024-04-22', '9167931000153',
        (SELECT "ID_Combustivel" FROM public."COMBUSTIVEL" WHERE "Nome" = 'GASOLINA COMUM'))
ON CONFLICT DO NOTHING;


INSERT INTO public."PRECO_COLETADO" ("Preco", "UnidadeMedida", "DataColeta", "PostoCNPJ", "CombustivelID")
VALUES (5.890, 'R$ / litro', '2024-05-14', '9167931000153',
        (SELECT "ID_Combustivel" FROM public."COMBUSTIVEL" WHERE "Nome" = 'GASOLINA COMUM'))
ON CONFLICT DO NOTHING;


INSERT INTO public."PRECO_COLETADO" ("Preco", "UnidadeMedida", "DataColeta", "PostoCNPJ", "CombustivelID")
VALUES (5.790, 'R$ / litro', '2024-06-03', '9167931000153',
        (SELECT "ID_Combustivel" FROM public."COMBUSTIVEL" WHERE "Nome" = 'GASOLINA COMUM'))
ON CONFLICT DO NOTHING;


INSERT INTO public."PRECO_COLETADO" ("Preco", "UnidadeMedida", "DataColeta", "PostoCNPJ", "CombustivelID")
VALUES (5.790, 'R$ / litro', '2024-06-10', '9167931000153',
        (SELECT "ID_Combustivel" FROM public."COMBUSTIVEL" WHERE "Nome" = 'GASOLINA COMUM'))
ON CONFLICT DO NOTHING;


INSERT INTO public."PRECO_COLETADO" ("Preco", "UnidadeMedida", "DataColeta", "PostoCNPJ", "CombustivelID")
VALUES (6.150, 'R$ / litro', '2024-07-29', '9167931000153',
        (SELECT "ID_Combustivel" FROM public."COMBUSTIVEL" WHERE "Nome" = 'GASOLINA COMUM'))
ON CONFLICT DO NOTHING;


INSERT INTO public."PRECO_COLETADO" ("Preco", "UnidadeMedida", "DataColeta", "PostoCNPJ", "CombustivelID")
VALUES (6.150, 'R$ / litro', '2024-08-05', '9167931000153',
        (SELECT "ID_Combustivel" FROM public."COMBUSTIVEL" WHERE "Nome" = 'GASOLINA COMUM'))
ON CONFLICT DO NOTHING;


INSERT INTO public."PRECO_COLETADO" ("Preco", "UnidadeMedida", "DataColeta", "PostoCNPJ", "CombustivelID")
VALUES (6.090, 'R$ / litro', '2024-08-12', '9167931000153',
        (SELECT "ID_Combustivel" FROM public."COMBUSTIVEL" WHERE "Nome" = 'GASOLINA COMUM'))
ON CONFLICT DO NOTHING;


INSERT INTO public."COMBUSTIVEL" ("Nome")
VALUES ('GASOLINA ADITIVADA')
ON CONFLICT ("Nome") DO NOTHING;


INSERT INTO public."PRECO_COLETADO" ("Preco", "UnidadeMedida", "DataColeta", "PostoCNPJ", "CombustivelID")
VALUES (5.190, 'R$ / litro', '2022-11-14', '9167931000153',
        (SELECT "ID_Combustivel" FROM public."COMBUSTIVEL" WHERE "Nome" = 'GASOLINA ADITIVADA'))
ON CONFLICT DO NOTHING;


INSERT INTO public."PRECO_COLETADO" ("Preco", "UnidadeMedida", "DataColeta", "PostoCNPJ", "CombustivelID")
VALUES (5.490, 'R$ / litro', '2023-01-09', '9167931000153',
        (SELECT "ID_Combustivel" FROM public."COMBUSTIVEL" WHERE "Nome" = 'GASOLINA ADITIVADA'))
ON CONFLICT DO NOTHING;


INSERT INTO public."PRECO_COLETADO" ("Preco", "UnidadeMedida", "DataColeta", "PostoCNPJ", "CombustivelID")
VALUES (5.490, 'R$ / litro', '2023-02-20', '9167931000153',
        (SELECT "ID_Combustivel" FROM public."COMBUSTIVEL" WHERE "Nome" = 'GASOLINA ADITIVADA'))
ON CONFLICT DO NOTHING;


INSERT INTO public."PRECO_COLETADO" ("Preco", "UnidadeMedida", "DataColeta", "PostoCNPJ", "CombustivelID")
VALUES (5.690, 'R$ / litro', '2023-03-21', '9167931000153',
        (SELECT "ID_Combustivel" FROM public."COMBUSTIVEL" WHERE "Nome" = 'GASOLINA ADITIVADA'))
ON CONFLICT DO NOTHING;


INSERT INTO public."PRECO_COLETADO" ("Preco", "UnidadeMedida", "DataColeta", "PostoCNPJ", "CombustivelID")
VALUES (5.780, 'R$ / litro', '2023-08-07', '9167931000153',
        (SELECT "ID_Combustivel" FROM public."COMBUSTIVEL" WHERE "Nome" = 'GASOLINA ADITIVADA'))
ON CONFLICT DO NOTHING;


INSERT INTO public."PRECO_COLETADO" ("Preco", "UnidadeMedida", "DataColeta", "PostoCNPJ", "CombustivelID")
VALUES (5.890, 'R$ / litro', '2023-10-31', '9167931000153',
        (SELECT "ID_Combustivel" FROM public."COMBUSTIVEL" WHERE "Nome" = 'GASOLINA ADITIVADA'))
ON CONFLICT DO NOTHING;


INSERT INTO public."PRECO_COLETADO" ("Preco", "UnidadeMedida", "DataColeta", "PostoCNPJ", "CombustivelID")
VALUES (5.790, 'R$ / litro', '2023-12-20', '9167931000153',
        (SELECT "ID_Combustivel" FROM public."COMBUSTIVEL" WHERE "Nome" = 'GASOLINA ADITIVADA'))
ON CONFLICT DO NOTHING;


INSERT INTO public."PRECO_COLETADO" ("Preco", "UnidadeMedida", "DataColeta", "PostoCNPJ", "CombustivelID")
VALUES (5.590, 'R$ / litro', '2024-01-03', '9167931000153',
        (SELECT "ID_Combustivel" FROM public."COMBUSTIVEL" WHERE "Nome" = 'GASOLINA ADITIVADA'))
ON CONFLICT DO NOTHING;


INSERT INTO public."PRECO_COLETADO" ("Preco", "UnidadeMedida", "DataColeta", "PostoCNPJ", "CombustivelID")
VALUES (5.570, 'R$ / litro', '2024-01-15', '9167931000153',
        (SELECT "ID_Combustivel" FROM public."COMBUSTIVEL" WHERE "Nome" = 'GASOLINA ADITIVADA'))
ON CONFLICT DO NOTHING;


INSERT INTO public."PRECO_COLETADO" ("Preco", "UnidadeMedida", "DataColeta", "PostoCNPJ", "CombustivelID")
VALUES (5.570, 'R$ / litro', '2024-01-22', '9167931000153',
        (SELECT "ID_Combustivel" FROM public."COMBUSTIVEL" WHERE "Nome" = 'GASOLINA ADITIVADA'))
ON CONFLICT DO NOTHING;


INSERT INTO public."PRECO_COLETADO" ("Preco", "UnidadeMedida", "DataColeta", "PostoCNPJ", "CombustivelID")
VALUES (5.890, 'R$ / litro', '2024-02-05', '9167931000153',
        (SELECT "ID_Combustivel" FROM public."COMBUSTIVEL" WHERE "Nome" = 'GASOLINA ADITIVADA'))
ON CONFLICT DO NOTHING;


INSERT INTO public."PRECO_COLETADO" ("Preco", "UnidadeMedida", "DataColeta", "PostoCNPJ", "CombustivelID")
VALUES (5.690, 'R$ / litro', '2024-03-18', '9167931000153',
        (SELECT "ID_Combustivel" FROM public."COMBUSTIVEL" WHERE "Nome" = 'GASOLINA ADITIVADA'))
ON CONFLICT DO NOTHING;


INSERT INTO public."PRECO_COLETADO" ("Preco", "UnidadeMedida", "DataColeta", "PostoCNPJ", "CombustivelID")
VALUES (5.890, 'R$ / litro', '2024-04-08', '9167931000153',
        (SELECT "ID_Combustivel" FROM public."COMBUSTIVEL" WHERE "Nome" = 'GASOLINA ADITIVADA'))
ON CONFLICT DO NOTHING;


INSERT INTO public."PRECO_COLETADO" ("Preco", "UnidadeMedida", "DataColeta", "PostoCNPJ", "CombustivelID")
VALUES (5.890, 'R$ / litro', '2024-04-15', '9167931000153',
        (SELECT "ID_Combustivel" FROM public."COMBUSTIVEL" WHERE "Nome" = 'GASOLINA ADITIVADA'))
ON CONFLICT DO NOTHING;


INSERT INTO public."PRECO_COLETADO" ("Preco", "UnidadeMedida", "DataColeta", "PostoCNPJ", "CombustivelID")
VALUES (6.090, 'R$ / litro', '2024-04-22', '9167931000153',
        (SELECT "ID_Combustivel" FROM public."COMBUSTIVEL" WHERE "Nome" = 'GASOLINA ADITIVADA'))
ON CONFLICT DO NOTHING;


INSERT INTO public."PRECO_COLETADO" ("Preco", "UnidadeMedida", "DataColeta", "PostoCNPJ", "CombustivelID")
VALUES (6.090, 'R$ / litro', '2024-05-14', '9167931000153',
        (SELECT "ID_Combustivel" FROM public."COMBUSTIVEL" WHERE "Nome" = 'GASOLINA ADITIVADA'))
ON CONFLICT DO NOTHING;


INSERT INTO public."PRECO_COLETADO" ("Preco", "UnidadeMedida", "DataColeta", "PostoCNPJ", "CombustivelID")
VALUES (5.990, 'R$ / litro', '2024-06-03', '9167931000153',
        (SELECT "ID_Combustivel" FROM public."COMBUSTIVEL" WHERE "Nome" = 'GASOLINA ADITIVADA'))
ON CONFLICT DO NOTHING;


INSERT INTO public."PRECO_COLETADO" ("Preco", "UnidadeMedida", "DataColeta", "PostoCNPJ", "CombustivelID")
VALUES (5.990, 'R$ / litro', '2024-06-10', '9167931000153',
        (SELECT "ID_Combustivel" FROM public."COMBUSTIVEL" WHERE "Nome" = 'GASOLINA ADITIVADA'))
ON CONFLICT DO NOTHING;


INSERT INTO public."PRECO_COLETADO" ("Preco", "UnidadeMedida", "DataColeta", "PostoCNPJ", "CombustivelID")
VALUES (6.390, 'R$ / litro', '2024-07-29', '9167931000153',
        (SELECT "ID_Combustivel" FROM public."COMBUSTIVEL" WHERE "Nome" = 'GASOLINA ADITIVADA'))
ON CONFLICT DO NOTHING;


INSERT INTO public."PRECO_COLETADO" ("Preco", "UnidadeMedida", "DataColeta", "PostoCNPJ", "CombustivelID")
VALUES (6.390, 'R$ / litro', '2024-08-05', '9167931000153',
        (SELECT "ID_Combustivel" FROM public."COMBUSTIVEL" WHERE "Nome" = 'GASOLINA ADITIVADA'))
ON CONFLICT DO NOTHING;


INSERT INTO public."PRECO_COLETADO" ("Preco", "UnidadeMedida", "DataColeta", "PostoCNPJ", "CombustivelID")
VALUES (6.390, 'R$ / litro', '2024-08-12', '9167931000153',
        (SELECT "ID_Combustivel" FROM public."COMBUSTIVEL" WHERE "Nome" = 'GASOLINA ADITIVADA'))
ON CONFLICT DO NOTHING;


INSERT INTO public."COMBUSTIVEL" ("Nome")
VALUES ('DIESEL S10')
ON CONFLICT ("Nome") DO NOTHING;


INSERT INTO public."PRECO_COLETADO" ("Preco", "UnidadeMedida", "DataColeta", "PostoCNPJ", "CombustivelID")
VALUES (4.890, 'R$ / litro', '2023-08-07', '9167931000153',
        (SELECT "ID_Combustivel" FROM public."COMBUSTIVEL" WHERE "Nome" = 'DIESEL S10'))
ON CONFLICT DO NOTHING;


INSERT INTO public."PRECO_COLETADO" ("Preco", "UnidadeMedida", "DataColeta", "PostoCNPJ", "CombustivelID")
VALUES (6.090, 'R$ / litro', '2023-10-31', '9167931000153',
        (SELECT "ID_Combustivel" FROM public."COMBUSTIVEL" WHERE "Nome" = 'DIESEL S10'))
ON CONFLICT DO NOTHING;


INSERT INTO public."PRECO_COLETADO" ("Preco", "UnidadeMedida", "DataColeta", "PostoCNPJ", "CombustivelID")
VALUES (6.090, 'R$ / litro', '2023-12-20', '9167931000153',
        (SELECT "ID_Combustivel" FROM public."COMBUSTIVEL" WHERE "Nome" = 'DIESEL S10'))
ON CONFLICT DO NOTHING;


INSERT INTO public."PRECO_COLETADO" ("Preco", "UnidadeMedida", "DataColeta", "PostoCNPJ", "CombustivelID")
VALUES (6.090, 'R$ / litro', '2024-01-03', '9167931000153',
        (SELECT "ID_Combustivel" FROM public."COMBUSTIVEL" WHERE "Nome" = 'DIESEL S10'))
ON CONFLICT DO NOTHING;


INSERT INTO public."PRECO_COLETADO" ("Preco", "UnidadeMedida", "DataColeta", "PostoCNPJ", "CombustivelID")
VALUES (6.090, 'R$ / litro', '2024-01-15', '9167931000153',
        (SELECT "ID_Combustivel" FROM public."COMBUSTIVEL" WHERE "Nome" = 'DIESEL S10'))
ON CONFLICT DO NOTHING;


INSERT INTO public."PRECO_COLETADO" ("Preco", "UnidadeMedida", "DataColeta", "PostoCNPJ", "CombustivelID")
VALUES (6.090, 'R$ / litro', '2024-01-22', '9167931000153',
        (SELECT "ID_Combustivel" FROM public."COMBUSTIVEL" WHERE "Nome" = 'DIESEL S10'))
ON CONFLICT DO NOTHING;


INSERT INTO public."PRECO_COLETADO" ("Preco", "UnidadeMedida", "DataColeta", "PostoCNPJ", "CombustivelID")
VALUES (6.290, 'R$ / litro', '2024-02-05', '9167931000153',
        (SELECT "ID_Combustivel" FROM public."COMBUSTIVEL" WHERE "Nome" = 'DIESEL S10'))
ON CONFLICT DO NOTHING;


INSERT INTO public."PRECO_COLETADO" ("Preco", "UnidadeMedida", "DataColeta", "PostoCNPJ", "CombustivelID")
VALUES (6.290, 'R$ / litro', '2024-03-18', '9167931000153',
        (SELECT "ID_Combustivel" FROM public."COMBUSTIVEL" WHERE "Nome" = 'DIESEL S10'))
ON CONFLICT DO NOTHING;


INSERT INTO public."PRECO_COLETADO" ("Preco", "UnidadeMedida", "DataColeta", "PostoCNPJ", "CombustivelID")
VALUES (5.990, 'R$ / litro', '2024-04-08', '9167931000153',
        (SELECT "ID_Combustivel" FROM public."COMBUSTIVEL" WHERE "Nome" = 'DIESEL S10'))
ON CONFLICT DO NOTHING;


INSERT INTO public."PRECO_COLETADO" ("Preco", "UnidadeMedida", "DataColeta", "PostoCNPJ", "CombustivelID")
VALUES (5.990, 'R$ / litro', '2024-04-15', '9167931000153',
        (SELECT "ID_Combustivel" FROM public."COMBUSTIVEL" WHERE "Nome" = 'DIESEL S10'))
ON CONFLICT DO NOTHING;


INSERT INTO public."PRECO_COLETADO" ("Preco", "UnidadeMedida", "DataColeta", "PostoCNPJ", "CombustivelID")
VALUES (5.990, 'R$ / litro', '2024-04-22', '9167931000153',
        (SELECT "ID_Combustivel" FROM public."COMBUSTIVEL" WHERE "Nome" = 'DIESEL S10'))
ON CONFLICT DO NOTHING;


INSERT INTO public."PRECO_COLETADO" ("Preco", "UnidadeMedida", "DataColeta", "PostoCNPJ", "CombustivelID")
VALUES (5.990, 'R$ / litro', '2024-05-14', '9167931000153',
        (SELECT "ID_Combustivel" FROM public."COMBUSTIVEL" WHERE "Nome" = 'DIESEL S10'))
ON CONFLICT DO NOTHING;


INSERT INTO public."PRECO_COLETADO" ("Preco", "UnidadeMedida", "DataColeta", "PostoCNPJ", "CombustivelID")
VALUES (5.990, 'R$ / litro', '2024-06-03', '9167931000153',
        (SELECT "ID_Combustivel" FROM public."COMBUSTIVEL" WHERE "Nome" = 'DIESEL S10'))
ON CONFLICT DO NOTHING;


INSERT INTO public."PRECO_COLETADO" ("Preco", "UnidadeMedida", "DataColeta", "PostoCNPJ", "CombustivelID")
VALUES (5.990, 'R$ / litro', '2024-06-10', '9167931000153',
        (SELECT "ID_Combustivel" FROM public."COMBUSTIVEL" WHERE "Nome" = 'DIESEL S10'))
ON CONFLICT DO NOTHING;


INSERT INTO public."PRECO_COLETADO" ("Preco", "UnidadeMedida", "DataColeta", "PostoCNPJ", "CombustivelID")
VALUES (6.190, 'R$ / litro', '2024-07-29', '9167931000153',
        (SELECT "ID_Combustivel" FROM public."COMBUSTIVEL" WHERE "Nome" = 'DIESEL S10'))
ON CONFLICT DO NOTHING;


INSERT INTO public."PRECO_COLETADO" ("Preco", "UnidadeMedida", "DataColeta", "PostoCNPJ", "CombustivelID")
VALUES (6.190, 'R$ / litro', '2024-08-05', '9167931000153',
        (SELECT "ID_Combustivel" FROM public."COMBUSTIVEL" WHERE "Nome" = 'DIESEL S10'))
ON CONFLICT DO NOTHING;


INSERT INTO public."PRECO_COLETADO" ("Preco", "UnidadeMedida", "DataColeta", "PostoCNPJ", "CombustivelID")
VALUES (6.190, 'R$ / litro', '2024-08-12', '9167931000153',
        (SELECT "ID_Combustivel" FROM public."COMBUSTIVEL" WHERE "Nome" = 'DIESEL S10'))
ON CONFLICT DO NOTHING;


INSERT INTO public."COMBUSTIVEL" ("Nome")
VALUES ('ETANOL')
ON CONFLICT ("Nome") DO NOTHING;


INSERT INTO public."PRECO_COLETADO" ("Preco", "UnidadeMedida", "DataColeta", "PostoCNPJ", "CombustivelID")
VALUES (4.380, 'R$ / litro', '2022-11-14', '9167931000153',
        (SELECT "ID_Combustivel" FROM public."COMBUSTIVEL" WHERE "Nome" = 'ETANOL'))
ON CONFLICT DO NOTHING;


INSERT INTO public."PRECO_COLETADO" ("Preco", "UnidadeMedida", "DataColeta", "PostoCNPJ", "CombustivelID")
VALUES (4.380, 'R$ / litro', '2023-01-09', '9167931000153',
        (SELECT "ID_Combustivel" FROM public."COMBUSTIVEL" WHERE "Nome" = 'ETANOL'))
ON CONFLICT DO NOTHING;


INSERT INTO public."PRECO_COLETADO" ("Preco", "UnidadeMedida", "DataColeta", "PostoCNPJ", "CombustivelID")
VALUES (4.380, 'R$ / litro', '2023-02-20', '9167931000153',
        (SELECT "ID_Combustivel" FROM public."COMBUSTIVEL" WHERE "Nome" = 'ETANOL'))
ON CONFLICT DO NOTHING;


INSERT INTO public."PRECO_COLETADO" ("Preco", "UnidadeMedida", "DataColeta", "PostoCNPJ", "CombustivelID")
VALUES (4.380, 'R$ / litro', '2023-03-21', '9167931000153',
        (SELECT "ID_Combustivel" FROM public."COMBUSTIVEL" WHERE "Nome" = 'ETANOL'))
ON CONFLICT DO NOTHING;


INSERT INTO public."PRECO_COLETADO" ("Preco", "UnidadeMedida", "DataColeta", "PostoCNPJ", "CombustivelID")
VALUES (4.190, 'R$ / litro', '2023-08-07', '9167931000153',
        (SELECT "ID_Combustivel" FROM public."COMBUSTIVEL" WHERE "Nome" = 'ETANOL'))
ON CONFLICT DO NOTHING;


INSERT INTO public."PRECO_COLETADO" ("Preco", "UnidadeMedida", "DataColeta", "PostoCNPJ", "CombustivelID")
VALUES (4.190, 'R$ / litro', '2023-10-31', '9167931000153',
        (SELECT "ID_Combustivel" FROM public."COMBUSTIVEL" WHERE "Nome" = 'ETANOL'))
ON CONFLICT DO NOTHING;


INSERT INTO public."PRECO_COLETADO" ("Preco", "UnidadeMedida", "DataColeta", "PostoCNPJ", "CombustivelID")
VALUES (4.190, 'R$ / litro', '2023-12-20', '9167931000153',
        (SELECT "ID_Combustivel" FROM public."COMBUSTIVEL" WHERE "Nome" = 'ETANOL'))
ON CONFLICT DO NOTHING;


INSERT INTO public."PRECO_COLETADO" ("Preco", "UnidadeMedida", "DataColeta", "PostoCNPJ", "CombustivelID")
VALUES (4.190, 'R$ / litro', '2024-01-03', '9167931000153',
        (SELECT "ID_Combustivel" FROM public."COMBUSTIVEL" WHERE "Nome" = 'ETANOL'))
ON CONFLICT DO NOTHING;


INSERT INTO public."PRECO_COLETADO" ("Preco", "UnidadeMedida", "DataColeta", "PostoCNPJ", "CombustivelID")
VALUES (4.190, 'R$ / litro', '2024-01-15', '9167931000153',
        (SELECT "ID_Combustivel" FROM public."COMBUSTIVEL" WHERE "Nome" = 'ETANOL'))
ON CONFLICT DO NOTHING;


INSERT INTO public."PRECO_COLETADO" ("Preco", "UnidadeMedida", "DataColeta", "PostoCNPJ", "CombustivelID")
VALUES (4.190, 'R$ / litro', '2024-01-22', '9167931000153',
        (SELECT "ID_Combustivel" FROM public."COMBUSTIVEL" WHERE "Nome" = 'ETANOL'))
ON CONFLICT DO NOTHING;


INSERT INTO public."PRECO_COLETADO" ("Preco", "UnidadeMedida", "DataColeta", "PostoCNPJ", "CombustivelID")
VALUES (4.190, 'R$ / litro', '2024-02-05', '9167931000153',
        (SELECT "ID_Combustivel" FROM public."COMBUSTIVEL" WHERE "Nome" = 'ETANOL'))
ON CONFLICT DO NOTHING;


INSERT INTO public."PRECO_COLETADO" ("Preco", "UnidadeMedida", "DataColeta", "PostoCNPJ", "CombustivelID")
VALUES (3.990, 'R$ / litro', '2024-03-18', '9167931000153',
        (SELECT "ID_Combustivel" FROM public."COMBUSTIVEL" WHERE "Nome" = 'ETANOL'))
ON CONFLICT DO NOTHING;


INSERT INTO public."PRECO_COLETADO" ("Preco", "UnidadeMedida", "DataColeta", "PostoCNPJ", "CombustivelID")
VALUES (3.890, 'R$ / litro', '2024-04-08', '9167931000153',
        (SELECT "ID_Combustivel" FROM public."COMBUSTIVEL" WHERE "Nome" = 'ETANOL'))
ON CONFLICT DO NOTHING;


INSERT INTO public."PRECO_COLETADO" ("Preco", "UnidadeMedida", "DataColeta", "PostoCNPJ", "CombustivelID")
VALUES (4.090, 'R$ / litro', '2024-04-15', '9167931000153',
        (SELECT "ID_Combustivel" FROM public."COMBUSTIVEL" WHERE "Nome" = 'ETANOL'))
ON CONFLICT DO NOTHING;


INSERT INTO public."PRECO_COLETADO" ("Preco", "UnidadeMedida", "DataColeta", "PostoCNPJ", "CombustivelID")
VALUES (4.290, 'R$ / litro', '2024-04-22', '9167931000153',
        (SELECT "ID_Combustivel" FROM public."COMBUSTIVEL" WHERE "Nome" = 'ETANOL'))
ON CONFLICT DO NOTHING;


INSERT INTO public."PRECO_COLETADO" ("Preco", "UnidadeMedida", "DataColeta", "PostoCNPJ", "CombustivelID")
VALUES (4.290, 'R$ / litro', '2024-05-14', '9167931000153',
        (SELECT "ID_Combustivel" FROM public."COMBUSTIVEL" WHERE "Nome" = 'ETANOL'))
ON CONFLICT DO NOTHING;


INSERT INTO public."PRECO_COLETADO" ("Preco", "UnidadeMedida", "DataColeta", "PostoCNPJ", "CombustivelID")
VALUES (4.290, 'R$ / litro', '2024-06-03', '9167931000153',
        (SELECT "ID_Combustivel" FROM public."COMBUSTIVEL" WHERE "Nome" = 'ETANOL'))
ON CONFLICT DO NOTHING;


INSERT INTO public."PRECO_COLETADO" ("Preco", "UnidadeMedida", "DataColeta", "PostoCNPJ", "CombustivelID")
VALUES (4.290, 'R$ / litro', '2024-06-10', '9167931000153',
        (SELECT "ID_Combustivel" FROM public."COMBUSTIVEL" WHERE "Nome" = 'ETANOL'))
ON CONFLICT DO NOTHING;


INSERT INTO public."PRECO_COLETADO" ("Preco", "UnidadeMedida", "DataColeta", "PostoCNPJ", "CombustivelID")
VALUES (4.390, 'R$ / litro', '2024-07-29', '9167931000153',
        (SELECT "ID_Combustivel" FROM public."COMBUSTIVEL" WHERE "Nome" = 'ETANOL'))
ON CONFLICT DO NOTHING;


INSERT INTO public."PRECO_COLETADO" ("Preco", "UnidadeMedida", "DataColeta", "PostoCNPJ", "CombustivelID")
VALUES (4.390, 'R$ / litro', '2024-08-05', '9167931000153',
        (SELECT "ID_Combustivel" FROM public."COMBUSTIVEL" WHERE "Nome" = 'ETANOL'))
ON CONFLICT DO NOTHING;


INSERT INTO public."PRECO_COLETADO" ("Preco", "UnidadeMedida", "DataColeta", "PostoCNPJ", "CombustivelID")
VALUES (4.100, 'R$ / litro', '2024-08-12', '9167931000153',
        (SELECT "ID_Combustivel" FROM public."COMBUSTIVEL" WHERE "Nome" = 'ETANOL'))
ON CONFLICT DO NOTHING;


INSERT INTO public."POSTO" ("CNPJ", "RazaoSocial", "NomeFantasia", "Bandeira", "Logradouro", "Numero", "Bairro", "Cidade", "Estado", "CEP")
VALUES ('10569345000114', 'POSTO CRISTOVAO COLOMBO LTDA', 'POSTO CRISTOVAO COLOMBO LTDA', 'VIBRA', 'RUA CRISTOVAO COLOMBO', '582', 'CRISTOVAO COLOMBO', 'VILA VELHA', 'ESPIRITO SANTO', '29106595')
ON CONFLICT ("CNPJ") DO NOTHING;


INSERT INTO public."COMBUSTIVEL" ("Nome")
VALUES ('GASOLINA COMUM')
ON CONFLICT ("Nome") DO NOTHING;


INSERT INTO public."PRECO_COLETADO" ("Preco", "UnidadeMedida", "DataColeta", "PostoCNPJ", "CombustivelID")
VALUES (5.660, 'R$ / litro', '2022-08-02', '10569345000114',
        (SELECT "ID_Combustivel" FROM public."COMBUSTIVEL" WHERE "Nome" = 'GASOLINA COMUM'))
ON CONFLICT DO NOTHING;


INSERT INTO public."PRECO_COLETADO" ("Preco", "UnidadeMedida", "DataColeta", "PostoCNPJ", "CombustivelID")
VALUES (5.580, 'R$ / litro', '2022-08-08', '10569345000114',
        (SELECT "ID_Combustivel" FROM public."COMBUSTIVEL" WHERE "Nome" = 'GASOLINA COMUM'))
ON CONFLICT DO NOTHING;


INSERT INTO public."PRECO_COLETADO" ("Preco", "UnidadeMedida", "DataColeta", "PostoCNPJ", "CombustivelID")
VALUES (5.560, 'R$ / litro', '2022-08-15', '10569345000114',
        (SELECT "ID_Combustivel" FROM public."COMBUSTIVEL" WHERE "Nome" = 'GASOLINA COMUM'))
ON CONFLICT DO NOTHING;


INSERT INTO public."PRECO_COLETADO" ("Preco", "UnidadeMedida", "DataColeta", "PostoCNPJ", "CombustivelID")
VALUES (5.390, 'R$ / litro', '2022-08-23', '10569345000114',
        (SELECT "ID_Combustivel" FROM public."COMBUSTIVEL" WHERE "Nome" = 'GASOLINA COMUM'))
ON CONFLICT DO NOTHING;


INSERT INTO public."PRECO_COLETADO" ("Preco", "UnidadeMedida", "DataColeta", "PostoCNPJ", "CombustivelID")
VALUES (5.150, 'R$ / litro', '2022-09-05', '10569345000114',
        (SELECT "ID_Combustivel" FROM public."COMBUSTIVEL" WHERE "Nome" = 'GASOLINA COMUM'))
ON CONFLICT DO NOTHING;


INSERT INTO public."PRECO_COLETADO" ("Preco", "UnidadeMedida", "DataColeta", "PostoCNPJ", "CombustivelID")
VALUES (5.090, 'R$ / litro', '2022-09-13', '10569345000114',
        (SELECT "ID_Combustivel" FROM public."COMBUSTIVEL" WHERE "Nome" = 'GASOLINA COMUM'))
ON CONFLICT DO NOTHING;


INSERT INTO public."PRECO_COLETADO" ("Preco", "UnidadeMedida", "DataColeta", "PostoCNPJ", "CombustivelID")
VALUES (4.880, 'R$ / litro', '2023-01-09', '10569345000114',
        (SELECT "ID_Combustivel" FROM public."COMBUSTIVEL" WHERE "Nome" = 'GASOLINA COMUM'))
ON CONFLICT DO NOTHING;


INSERT INTO public."PRECO_COLETADO" ("Preco", "UnidadeMedida", "DataColeta", "PostoCNPJ", "CombustivelID")
VALUES (5.590, 'R$ / litro', '2023-12-18', '10569345000114',
        (SELECT "ID_Combustivel" FROM public."COMBUSTIVEL" WHERE "Nome" = 'GASOLINA COMUM'))
ON CONFLICT DO NOTHING;


INSERT INTO public."PRECO_COLETADO" ("Preco", "UnidadeMedida", "DataColeta", "PostoCNPJ", "CombustivelID")
VALUES (5.390, 'R$ / litro', '2023-12-26', '10569345000114',
        (SELECT "ID_Combustivel" FROM public."COMBUSTIVEL" WHERE "Nome" = 'GASOLINA COMUM'))
ON CONFLICT DO NOTHING;


INSERT INTO public."PRECO_COLETADO" ("Preco", "UnidadeMedida", "DataColeta", "PostoCNPJ", "CombustivelID")
VALUES (5.690, 'R$ / litro', '2024-04-08', '10569345000114',
        (SELECT "ID_Combustivel" FROM public."COMBUSTIVEL" WHERE "Nome" = 'GASOLINA COMUM'))
ON CONFLICT DO NOTHING;


INSERT INTO public."PRECO_COLETADO" ("Preco", "UnidadeMedida", "DataColeta", "PostoCNPJ", "CombustivelID")
VALUES (5.890, 'R$ / litro', '2024-04-22', '10569345000114',
        (SELECT "ID_Combustivel" FROM public."COMBUSTIVEL" WHERE "Nome" = 'GASOLINA COMUM'))
ON CONFLICT DO NOTHING;


INSERT INTO public."PRECO_COLETADO" ("Preco", "UnidadeMedida", "DataColeta", "PostoCNPJ", "CombustivelID")
VALUES (5.890, 'R$ / litro', '2024-05-14', '10569345000114',
        (SELECT "ID_Combustivel" FROM public."COMBUSTIVEL" WHERE "Nome" = 'GASOLINA COMUM'))
ON CONFLICT DO NOTHING;


INSERT INTO public."PRECO_COLETADO" ("Preco", "UnidadeMedida", "DataColeta", "PostoCNPJ", "CombustivelID")
VALUES (5.790, 'R$ / litro', '2024-06-04', '10569345000114',
        (SELECT "ID_Combustivel" FROM public."COMBUSTIVEL" WHERE "Nome" = 'GASOLINA COMUM'))
ON CONFLICT DO NOTHING;


INSERT INTO public."COMBUSTIVEL" ("Nome")
VALUES ('GASOLINA ADITIVADA')
ON CONFLICT ("Nome") DO NOTHING;


INSERT INTO public."PRECO_COLETADO" ("Preco", "UnidadeMedida", "DataColeta", "PostoCNPJ", "CombustivelID")
VALUES (5.760, 'R$ / litro', '2022-08-02', '10569345000114',
        (SELECT "ID_Combustivel" FROM public."COMBUSTIVEL" WHERE "Nome" = 'GASOLINA ADITIVADA'))
ON CONFLICT DO NOTHING;


INSERT INTO public."PRECO_COLETADO" ("Preco", "UnidadeMedida", "DataColeta", "PostoCNPJ", "CombustivelID")
VALUES (5.680, 'R$ / litro', '2022-08-08', '10569345000114',
        (SELECT "ID_Combustivel" FROM public."COMBUSTIVEL" WHERE "Nome" = 'GASOLINA ADITIVADA'))
ON CONFLICT DO NOTHING;


INSERT INTO public."PRECO_COLETADO" ("Preco", "UnidadeMedida", "DataColeta", "PostoCNPJ", "CombustivelID")
VALUES (5.660, 'R$ / litro', '2022-08-15', '10569345000114',
        (SELECT "ID_Combustivel" FROM public."COMBUSTIVEL" WHERE "Nome" = 'GASOLINA ADITIVADA'))
ON CONFLICT DO NOTHING;


INSERT INTO public."PRECO_COLETADO" ("Preco", "UnidadeMedida", "DataColeta", "PostoCNPJ", "CombustivelID")
VALUES (5.490, 'R$ / litro', '2022-08-23', '10569345000114',
        (SELECT "ID_Combustivel" FROM public."COMBUSTIVEL" WHERE "Nome" = 'GASOLINA ADITIVADA'))
ON CONFLICT DO NOTHING;


INSERT INTO public."PRECO_COLETADO" ("Preco", "UnidadeMedida", "DataColeta", "PostoCNPJ", "CombustivelID")
VALUES (5.250, 'R$ / litro', '2022-09-05', '10569345000114',
        (SELECT "ID_Combustivel" FROM public."COMBUSTIVEL" WHERE "Nome" = 'GASOLINA ADITIVADA'))
ON CONFLICT DO NOTHING;


INSERT INTO public."PRECO_COLETADO" ("Preco", "UnidadeMedida", "DataColeta", "PostoCNPJ", "CombustivelID")
VALUES (5.190, 'R$ / litro', '2022-09-13', '10569345000114',
        (SELECT "ID_Combustivel" FROM public."COMBUSTIVEL" WHERE "Nome" = 'GASOLINA ADITIVADA'))
ON CONFLICT DO NOTHING;


INSERT INTO public."PRECO_COLETADO" ("Preco", "UnidadeMedida", "DataColeta", "PostoCNPJ", "CombustivelID")
VALUES (5.090, 'R$ / litro', '2023-01-09', '10569345000114',
        (SELECT "ID_Combustivel" FROM public."COMBUSTIVEL" WHERE "Nome" = 'GASOLINA ADITIVADA'))
ON CONFLICT DO NOTHING;


INSERT INTO public."PRECO_COLETADO" ("Preco", "UnidadeMedida", "DataColeta", "PostoCNPJ", "CombustivelID")
VALUES (5.790, 'R$ / litro', '2023-12-18', '10569345000114',
        (SELECT "ID_Combustivel" FROM public."COMBUSTIVEL" WHERE "Nome" = 'GASOLINA ADITIVADA'))
ON CONFLICT DO NOTHING;


INSERT INTO public."PRECO_COLETADO" ("Preco", "UnidadeMedida", "DataColeta", "PostoCNPJ", "CombustivelID")
VALUES (5.790, 'R$ / litro', '2023-12-26', '10569345000114',
        (SELECT "ID_Combustivel" FROM public."COMBUSTIVEL" WHERE "Nome" = 'GASOLINA ADITIVADA'))
ON CONFLICT DO NOTHING;


INSERT INTO public."PRECO_COLETADO" ("Preco", "UnidadeMedida", "DataColeta", "PostoCNPJ", "CombustivelID")
VALUES (5.890, 'R$ / litro', '2024-04-08', '10569345000114',
        (SELECT "ID_Combustivel" FROM public."COMBUSTIVEL" WHERE "Nome" = 'GASOLINA ADITIVADA'))
ON CONFLICT DO NOTHING;


INSERT INTO public."PRECO_COLETADO" ("Preco", "UnidadeMedida", "DataColeta", "PostoCNPJ", "CombustivelID")
VALUES (6.090, 'R$ / litro', '2024-04-22', '10569345000114',
        (SELECT "ID_Combustivel" FROM public."COMBUSTIVEL" WHERE "Nome" = 'GASOLINA ADITIVADA'))
ON CONFLICT DO NOTHING;


INSERT INTO public."PRECO_COLETADO" ("Preco", "UnidadeMedida", "DataColeta", "PostoCNPJ", "CombustivelID")
VALUES (6.090, 'R$ / litro', '2024-05-14', '10569345000114',
        (SELECT "ID_Combustivel" FROM public."COMBUSTIVEL" WHERE "Nome" = 'GASOLINA ADITIVADA'))
ON CONFLICT DO NOTHING;


INSERT INTO public."PRECO_COLETADO" ("Preco", "UnidadeMedida", "DataColeta", "PostoCNPJ", "CombustivelID")
VALUES (5.990, 'R$ / litro', '2024-06-04', '10569345000114',
        (SELECT "ID_Combustivel" FROM public."COMBUSTIVEL" WHERE "Nome" = 'GASOLINA ADITIVADA'))
ON CONFLICT DO NOTHING;


INSERT INTO public."COMBUSTIVEL" ("Nome")
VALUES ('DIESEL S10')
ON CONFLICT ("Nome") DO NOTHING;


INSERT INTO public."PRECO_COLETADO" ("Preco", "UnidadeMedida", "DataColeta", "PostoCNPJ", "CombustivelID")
VALUES (7.290, 'R$ / litro', '2022-08-02', '10569345000114',
        (SELECT "ID_Combustivel" FROM public."COMBUSTIVEL" WHERE "Nome" = 'DIESEL S10'))
ON CONFLICT DO NOTHING;


INSERT INTO public."PRECO_COLETADO" ("Preco", "UnidadeMedida", "DataColeta", "PostoCNPJ", "CombustivelID")
VALUES (7.290, 'R$ / litro', '2022-08-08', '10569345000114',
        (SELECT "ID_Combustivel" FROM public."COMBUSTIVEL" WHERE "Nome" = 'DIESEL S10'))
ON CONFLICT DO NOTHING;


INSERT INTO public."PRECO_COLETADO" ("Preco", "UnidadeMedida", "DataColeta", "PostoCNPJ", "CombustivelID")
VALUES (7.290, 'R$ / litro', '2022-08-15', '10569345000114',
        (SELECT "ID_Combustivel" FROM public."COMBUSTIVEL" WHERE "Nome" = 'DIESEL S10'))
ON CONFLICT DO NOTHING;


INSERT INTO public."PRECO_COLETADO" ("Preco", "UnidadeMedida", "DataColeta", "PostoCNPJ", "CombustivelID")
VALUES (6.990, 'R$ / litro', '2022-08-23', '10569345000114',
        (SELECT "ID_Combustivel" FROM public."COMBUSTIVEL" WHERE "Nome" = 'DIESEL S10'))
ON CONFLICT DO NOTHING;


INSERT INTO public."PRECO_COLETADO" ("Preco", "UnidadeMedida", "DataColeta", "PostoCNPJ", "CombustivelID")
VALUES (6.790, 'R$ / litro', '2022-09-05', '10569345000114',
        (SELECT "ID_Combustivel" FROM public."COMBUSTIVEL" WHERE "Nome" = 'DIESEL S10'))
ON CONFLICT DO NOTHING;


INSERT INTO public."PRECO_COLETADO" ("Preco", "UnidadeMedida", "DataColeta", "PostoCNPJ", "CombustivelID")
VALUES (6.790, 'R$ / litro', '2022-09-13', '10569345000114',
        (SELECT "ID_Combustivel" FROM public."COMBUSTIVEL" WHERE "Nome" = 'DIESEL S10'))
ON CONFLICT DO NOTHING;


INSERT INTO public."PRECO_COLETADO" ("Preco", "UnidadeMedida", "DataColeta", "PostoCNPJ", "CombustivelID")
VALUES (6.190, 'R$ / litro', '2023-01-09', '10569345000114',
        (SELECT "ID_Combustivel" FROM public."COMBUSTIVEL" WHERE "Nome" = 'DIESEL S10'))
ON CONFLICT DO NOTHING;


INSERT INTO public."PRECO_COLETADO" ("Preco", "UnidadeMedida", "DataColeta", "PostoCNPJ", "CombustivelID")
VALUES (6.090, 'R$ / litro', '2023-12-18', '10569345000114',
        (SELECT "ID_Combustivel" FROM public."COMBUSTIVEL" WHERE "Nome" = 'DIESEL S10'))
ON CONFLICT DO NOTHING;


INSERT INTO public."PRECO_COLETADO" ("Preco", "UnidadeMedida", "DataColeta", "PostoCNPJ", "CombustivelID")
VALUES (5.990, 'R$ / litro', '2023-12-26', '10569345000114',
        (SELECT "ID_Combustivel" FROM public."COMBUSTIVEL" WHERE "Nome" = 'DIESEL S10'))
ON CONFLICT DO NOTHING;


INSERT INTO public."PRECO_COLETADO" ("Preco", "UnidadeMedida", "DataColeta", "PostoCNPJ", "CombustivelID")
VALUES (5.890, 'R$ / litro', '2024-04-08', '10569345000114',
        (SELECT "ID_Combustivel" FROM public."COMBUSTIVEL" WHERE "Nome" = 'DIESEL S10'))
ON CONFLICT DO NOTHING;


INSERT INTO public."PRECO_COLETADO" ("Preco", "UnidadeMedida", "DataColeta", "PostoCNPJ", "CombustivelID")
VALUES (5.990, 'R$ / litro', '2024-04-22', '10569345000114',
        (SELECT "ID_Combustivel" FROM public."COMBUSTIVEL" WHERE "Nome" = 'DIESEL S10'))
ON CONFLICT DO NOTHING;


INSERT INTO public."PRECO_COLETADO" ("Preco", "UnidadeMedida", "DataColeta", "PostoCNPJ", "CombustivelID")
VALUES (5.990, 'R$ / litro', '2024-05-14', '10569345000114',
        (SELECT "ID_Combustivel" FROM public."COMBUSTIVEL" WHERE "Nome" = 'DIESEL S10'))
ON CONFLICT DO NOTHING;


INSERT INTO public."PRECO_COLETADO" ("Preco", "UnidadeMedida", "DataColeta", "PostoCNPJ", "CombustivelID")
VALUES (5.990, 'R$ / litro', '2024-06-04', '10569345000114',
        (SELECT "ID_Combustivel" FROM public."COMBUSTIVEL" WHERE "Nome" = 'DIESEL S10'))
ON CONFLICT DO NOTHING;


INSERT INTO public."COMBUSTIVEL" ("Nome")
VALUES ('ETANOL')
ON CONFLICT ("Nome") DO NOTHING;


INSERT INTO public."PRECO_COLETADO" ("Preco", "UnidadeMedida", "DataColeta", "PostoCNPJ", "CombustivelID")
VALUES (4.690, 'R$ / litro', '2022-08-02', '10569345000114',
        (SELECT "ID_Combustivel" FROM public."COMBUSTIVEL" WHERE "Nome" = 'ETANOL'))
ON CONFLICT DO NOTHING;


INSERT INTO public."PRECO_COLETADO" ("Preco", "UnidadeMedida", "DataColeta", "PostoCNPJ", "CombustivelID")
VALUES (4.690, 'R$ / litro', '2022-08-08', '10569345000114',
        (SELECT "ID_Combustivel" FROM public."COMBUSTIVEL" WHERE "Nome" = 'ETANOL'))
ON CONFLICT DO NOTHING;


INSERT INTO public."PRECO_COLETADO" ("Preco", "UnidadeMedida", "DataColeta", "PostoCNPJ", "CombustivelID")
VALUES (4.690, 'R$ / litro', '2022-08-15', '10569345000114',
        (SELECT "ID_Combustivel" FROM public."COMBUSTIVEL" WHERE "Nome" = 'ETANOL'))
ON CONFLICT DO NOTHING;


INSERT INTO public."PRECO_COLETADO" ("Preco", "UnidadeMedida", "DataColeta", "PostoCNPJ", "CombustivelID")
VALUES (4.380, 'R$ / litro', '2022-08-23', '10569345000114',
        (SELECT "ID_Combustivel" FROM public."COMBUSTIVEL" WHERE "Nome" = 'ETANOL'))
ON CONFLICT DO NOTHING;


INSERT INTO public."PRECO_COLETADO" ("Preco", "UnidadeMedida", "DataColeta", "PostoCNPJ", "CombustivelID")
VALUES (4.190, 'R$ / litro', '2022-09-05', '10569345000114',
        (SELECT "ID_Combustivel" FROM public."COMBUSTIVEL" WHERE "Nome" = 'ETANOL'))
ON CONFLICT DO NOTHING;


INSERT INTO public."PRECO_COLETADO" ("Preco", "UnidadeMedida", "DataColeta", "PostoCNPJ", "CombustivelID")
VALUES (4.190, 'R$ / litro', '2022-09-13', '10569345000114',
        (SELECT "ID_Combustivel" FROM public."COMBUSTIVEL" WHERE "Nome" = 'ETANOL'))
ON CONFLICT DO NOTHING;


INSERT INTO public."PRECO_COLETADO" ("Preco", "UnidadeMedida", "DataColeta", "PostoCNPJ", "CombustivelID")
VALUES (4.490, 'R$ / litro', '2023-01-09', '10569345000114',
        (SELECT "ID_Combustivel" FROM public."COMBUSTIVEL" WHERE "Nome" = 'ETANOL'))
ON CONFLICT DO NOTHING;


INSERT INTO public."PRECO_COLETADO" ("Preco", "UnidadeMedida", "DataColeta", "PostoCNPJ", "CombustivelID")
VALUES (3.990, 'R$ / litro', '2023-12-18', '10569345000114',
        (SELECT "ID_Combustivel" FROM public."COMBUSTIVEL" WHERE "Nome" = 'ETANOL'))
ON CONFLICT DO NOTHING;


INSERT INTO public."PRECO_COLETADO" ("Preco", "UnidadeMedida", "DataColeta", "PostoCNPJ", "CombustivelID")
VALUES (3.990, 'R$ / litro', '2023-12-26', '10569345000114',
        (SELECT "ID_Combustivel" FROM public."COMBUSTIVEL" WHERE "Nome" = 'ETANOL'))
ON CONFLICT DO NOTHING;


INSERT INTO public."PRECO_COLETADO" ("Preco", "UnidadeMedida", "DataColeta", "PostoCNPJ", "CombustivelID")
VALUES (3.990, 'R$ / litro', '2024-04-08', '10569345000114',
        (SELECT "ID_Combustivel" FROM public."COMBUSTIVEL" WHERE "Nome" = 'ETANOL'))
ON CONFLICT DO NOTHING;


INSERT INTO public."PRECO_COLETADO" ("Preco", "UnidadeMedida", "DataColeta", "PostoCNPJ", "CombustivelID")
VALUES (4.290, 'R$ / litro', '2024-04-22', '10569345000114',
        (SELECT "ID_Combustivel" FROM public."COMBUSTIVEL" WHERE "Nome" = 'ETANOL'))
ON CONFLICT DO NOTHING;


INSERT INTO public."PRECO_COLETADO" ("Preco", "UnidadeMedida", "DataColeta", "PostoCNPJ", "CombustivelID")
VALUES (4.090, 'R$ / litro', '2024-05-14', '10569345000114',
        (SELECT "ID_Combustivel" FROM public."COMBUSTIVEL" WHERE "Nome" = 'ETANOL'))
ON CONFLICT DO NOTHING;


INSERT INTO public."PRECO_COLETADO" ("Preco", "UnidadeMedida", "DataColeta", "PostoCNPJ", "CombustivelID")
VALUES (4.090, 'R$ / litro', '2024-06-04', '10569345000114',
        (SELECT "ID_Combustivel" FROM public."COMBUSTIVEL" WHERE "Nome" = 'ETANOL'))
ON CONFLICT DO NOTHING;


INSERT INTO public."POSTO" ("CNPJ", "RazaoSocial", "NomeFantasia", "Bandeira", "Logradouro", "Numero", "Bairro", "Cidade", "Estado", "CEP")
VALUES ('36354546000198', 'POSTO MAIS COMERCIO E REPRESENTACOES EIRELI', 'POSTO UNIVERSAL', 'BRANCA', 'AVENIDA CARLOS LINDENBERG', '4040', 'ALECRIM', 'VILA VELHA', 'ESPIRITO SANTO', '29118200')
ON CONFLICT ("CNPJ") DO NOTHING;


INSERT INTO public."COMBUSTIVEL" ("Nome")
VALUES ('DIESEL S10')
ON CONFLICT ("Nome") DO NOTHING;


INSERT INTO public."PRECO_COLETADO" ("Preco", "UnidadeMedida", "DataColeta", "PostoCNPJ", "CombustivelID")
VALUES (7.240, 'R$ / litro', '2022-08-03', '36354546000198',
        (SELECT "ID_Combustivel" FROM public."COMBUSTIVEL" WHERE "Nome" = 'DIESEL S10'))
ON CONFLICT DO NOTHING;


INSERT INTO public."PRECO_COLETADO" ("Preco", "UnidadeMedida", "DataColeta", "PostoCNPJ", "CombustivelID")
VALUES (7.190, 'R$ / litro', '2022-08-08', '36354546000198',
        (SELECT "ID_Combustivel" FROM public."COMBUSTIVEL" WHERE "Nome" = 'DIESEL S10'))
ON CONFLICT DO NOTHING;


INSERT INTO public."PRECO_COLETADO" ("Preco", "UnidadeMedida", "DataColeta", "PostoCNPJ", "CombustivelID")
VALUES (6.890, 'R$ / litro', '2022-08-15', '36354546000198',
        (SELECT "ID_Combustivel" FROM public."COMBUSTIVEL" WHERE "Nome" = 'DIESEL S10'))
ON CONFLICT DO NOTHING;


INSERT INTO public."PRECO_COLETADO" ("Preco", "UnidadeMedida", "DataColeta", "PostoCNPJ", "CombustivelID")
VALUES (6.740, 'R$ / litro', '2022-08-24', '36354546000198',
        (SELECT "ID_Combustivel" FROM public."COMBUSTIVEL" WHERE "Nome" = 'DIESEL S10'))
ON CONFLICT DO NOTHING;


INSERT INTO public."PRECO_COLETADO" ("Preco", "UnidadeMedida", "DataColeta", "PostoCNPJ", "CombustivelID")
VALUES (6.590, 'R$ / litro', '2022-09-01', '36354546000198',
        (SELECT "ID_Combustivel" FROM public."COMBUSTIVEL" WHERE "Nome" = 'DIESEL S10'))
ON CONFLICT DO NOTHING;


INSERT INTO public."PRECO_COLETADO" ("Preco", "UnidadeMedida", "DataColeta", "PostoCNPJ", "CombustivelID")
VALUES (6.690, 'R$ / litro', '2022-09-08', '36354546000198',
        (SELECT "ID_Combustivel" FROM public."COMBUSTIVEL" WHERE "Nome" = 'DIESEL S10'))
ON CONFLICT DO NOTHING;


INSERT INTO public."PRECO_COLETADO" ("Preco", "UnidadeMedida", "DataColeta", "PostoCNPJ", "CombustivelID")
VALUES (6.690, 'R$ / litro', '2022-09-12', '36354546000198',
        (SELECT "ID_Combustivel" FROM public."COMBUSTIVEL" WHERE "Nome" = 'DIESEL S10'))
ON CONFLICT DO NOTHING;


INSERT INTO public."COMBUSTIVEL" ("Nome")
VALUES ('GASOLINA COMUM')
ON CONFLICT ("Nome") DO NOTHING;


INSERT INTO public."PRECO_COLETADO" ("Preco", "UnidadeMedida", "DataColeta", "PostoCNPJ", "CombustivelID")
VALUES (5.510, 'R$ / litro', '2022-08-03', '36354546000198',
        (SELECT "ID_Combustivel" FROM public."COMBUSTIVEL" WHERE "Nome" = 'GASOLINA COMUM'))
ON CONFLICT DO NOTHING;


INSERT INTO public."PRECO_COLETADO" ("Preco", "UnidadeMedida", "DataColeta", "PostoCNPJ", "CombustivelID")
VALUES (5.490, 'R$ / litro', '2022-08-08', '36354546000198',
        (SELECT "ID_Combustivel" FROM public."COMBUSTIVEL" WHERE "Nome" = 'GASOLINA COMUM'))
ON CONFLICT DO NOTHING;


INSERT INTO public."PRECO_COLETADO" ("Preco", "UnidadeMedida", "DataColeta", "PostoCNPJ", "CombustivelID")
VALUES (5.470, 'R$ / litro', '2022-08-15', '36354546000198',
        (SELECT "ID_Combustivel" FROM public."COMBUSTIVEL" WHERE "Nome" = 'GASOLINA COMUM'))
ON CONFLICT DO NOTHING;


INSERT INTO public."PRECO_COLETADO" ("Preco", "UnidadeMedida", "DataColeta", "PostoCNPJ", "CombustivelID")
VALUES (5.290, 'R$ / litro', '2022-08-24', '36354546000198',
        (SELECT "ID_Combustivel" FROM public."COMBUSTIVEL" WHERE "Nome" = 'GASOLINA COMUM'))
ON CONFLICT DO NOTHING;


INSERT INTO public."PRECO_COLETADO" ("Preco", "UnidadeMedida", "DataColeta", "PostoCNPJ", "CombustivelID")
VALUES (5.190, 'R$ / litro', '2022-09-01', '36354546000198',
        (SELECT "ID_Combustivel" FROM public."COMBUSTIVEL" WHERE "Nome" = 'GASOLINA COMUM'))
ON CONFLICT DO NOTHING;


INSERT INTO public."PRECO_COLETADO" ("Preco", "UnidadeMedida", "DataColeta", "PostoCNPJ", "CombustivelID")
VALUES (4.990, 'R$ / litro', '2022-09-08', '36354546000198',
        (SELECT "ID_Combustivel" FROM public."COMBUSTIVEL" WHERE "Nome" = 'GASOLINA COMUM'))
ON CONFLICT DO NOTHING;


INSERT INTO public."PRECO_COLETADO" ("Preco", "UnidadeMedida", "DataColeta", "PostoCNPJ", "CombustivelID")
VALUES (4.990, 'R$ / litro', '2022-09-12', '36354546000198',
        (SELECT "ID_Combustivel" FROM public."COMBUSTIVEL" WHERE "Nome" = 'GASOLINA COMUM'))
ON CONFLICT DO NOTHING;


INSERT INTO public."COMBUSTIVEL" ("Nome")
VALUES ('DIESEL S500')
ON CONFLICT ("Nome") DO NOTHING;


INSERT INTO public."PRECO_COLETADO" ("Preco", "UnidadeMedida", "DataColeta", "PostoCNPJ", "CombustivelID")
VALUES (7.090, 'R$ / litro', '2022-08-03', '36354546000198',
        (SELECT "ID_Combustivel" FROM public."COMBUSTIVEL" WHERE "Nome" = 'DIESEL S500'))
ON CONFLICT DO NOTHING;


INSERT INTO public."PRECO_COLETADO" ("Preco", "UnidadeMedida", "DataColeta", "PostoCNPJ", "CombustivelID")
VALUES (7.090, 'R$ / litro', '2022-08-08', '36354546000198',
        (SELECT "ID_Combustivel" FROM public."COMBUSTIVEL" WHERE "Nome" = 'DIESEL S500'))
ON CONFLICT DO NOTHING;


INSERT INTO public."PRECO_COLETADO" ("Preco", "UnidadeMedida", "DataColeta", "PostoCNPJ", "CombustivelID")
VALUES (6.790, 'R$ / litro', '2022-08-15', '36354546000198',
        (SELECT "ID_Combustivel" FROM public."COMBUSTIVEL" WHERE "Nome" = 'DIESEL S500'))
ON CONFLICT DO NOTHING;


INSERT INTO public."PRECO_COLETADO" ("Preco", "UnidadeMedida", "DataColeta", "PostoCNPJ", "CombustivelID")
VALUES (6.690, 'R$ / litro', '2022-08-24', '36354546000198',
        (SELECT "ID_Combustivel" FROM public."COMBUSTIVEL" WHERE "Nome" = 'DIESEL S500'))
ON CONFLICT DO NOTHING;


INSERT INTO public."PRECO_COLETADO" ("Preco", "UnidadeMedida", "DataColeta", "PostoCNPJ", "CombustivelID")
VALUES (6.490, 'R$ / litro', '2022-09-01', '36354546000198',
        (SELECT "ID_Combustivel" FROM public."COMBUSTIVEL" WHERE "Nome" = 'DIESEL S500'))
ON CONFLICT DO NOTHING;


INSERT INTO public."PRECO_COLETADO" ("Preco", "UnidadeMedida", "DataColeta", "PostoCNPJ", "CombustivelID")
VALUES (6.590, 'R$ / litro', '2022-09-08', '36354546000198',
        (SELECT "ID_Combustivel" FROM public."COMBUSTIVEL" WHERE "Nome" = 'DIESEL S500'))
ON CONFLICT DO NOTHING;


INSERT INTO public."PRECO_COLETADO" ("Preco", "UnidadeMedida", "DataColeta", "PostoCNPJ", "CombustivelID")
VALUES (6.590, 'R$ / litro', '2022-09-12', '36354546000198',
        (SELECT "ID_Combustivel" FROM public."COMBUSTIVEL" WHERE "Nome" = 'DIESEL S500'))
ON CONFLICT DO NOTHING;


INSERT INTO public."COMBUSTIVEL" ("Nome")
VALUES ('ETANOL')
ON CONFLICT ("Nome") DO NOTHING;


INSERT INTO public."PRECO_COLETADO" ("Preco", "UnidadeMedida", "DataColeta", "PostoCNPJ", "CombustivelID")
VALUES (4.590, 'R$ / litro', '2022-08-03', '36354546000198',
        (SELECT "ID_Combustivel" FROM public."COMBUSTIVEL" WHERE "Nome" = 'ETANOL'))
ON CONFLICT DO NOTHING;


INSERT INTO public."PRECO_COLETADO" ("Preco", "UnidadeMedida", "DataColeta", "PostoCNPJ", "CombustivelID")
VALUES (4.590, 'R$ / litro', '2022-08-08', '36354546000198',
        (SELECT "ID_Combustivel" FROM public."COMBUSTIVEL" WHERE "Nome" = 'ETANOL'))
ON CONFLICT DO NOTHING;


INSERT INTO public."PRECO_COLETADO" ("Preco", "UnidadeMedida", "DataColeta", "PostoCNPJ", "CombustivelID")
VALUES (4.380, 'R$ / litro', '2022-08-15', '36354546000198',
        (SELECT "ID_Combustivel" FROM public."COMBUSTIVEL" WHERE "Nome" = 'ETANOL'))
ON CONFLICT DO NOTHING;


INSERT INTO public."PRECO_COLETADO" ("Preco", "UnidadeMedida", "DataColeta", "PostoCNPJ", "CombustivelID")
VALUES (4.290, 'R$ / litro', '2022-08-24', '36354546000198',
        (SELECT "ID_Combustivel" FROM public."COMBUSTIVEL" WHERE "Nome" = 'ETANOL'))
ON CONFLICT DO NOTHING;


INSERT INTO public."PRECO_COLETADO" ("Preco", "UnidadeMedida", "DataColeta", "PostoCNPJ", "CombustivelID")
VALUES (3.990, 'R$ / litro', '2022-09-01', '36354546000198',
        (SELECT "ID_Combustivel" FROM public."COMBUSTIVEL" WHERE "Nome" = 'ETANOL'))
ON CONFLICT DO NOTHING;


INSERT INTO public."PRECO_COLETADO" ("Preco", "UnidadeMedida", "DataColeta", "PostoCNPJ", "CombustivelID")
VALUES (3.990, 'R$ / litro', '2022-09-08', '36354546000198',
        (SELECT "ID_Combustivel" FROM public."COMBUSTIVEL" WHERE "Nome" = 'ETANOL'))
ON CONFLICT DO NOTHING;


INSERT INTO public."PRECO_COLETADO" ("Preco", "UnidadeMedida", "DataColeta", "PostoCNPJ", "CombustivelID")
VALUES (3.990, 'R$ / litro', '2022-09-12', '36354546000198',
        (SELECT "ID_Combustivel" FROM public."COMBUSTIVEL" WHERE "Nome" = 'ETANOL'))
ON CONFLICT DO NOTHING;


INSERT INTO public."COMBUSTIVEL" ("Nome")
VALUES ('GASOLINA ADITIVADA')
ON CONFLICT ("Nome") DO NOTHING;


INSERT INTO public."PRECO_COLETADO" ("Preco", "UnidadeMedida", "DataColeta", "PostoCNPJ", "CombustivelID")
VALUES (5.660, 'R$ / litro', '2022-08-03', '36354546000198',
        (SELECT "ID_Combustivel" FROM public."COMBUSTIVEL" WHERE "Nome" = 'GASOLINA ADITIVADA'))
ON CONFLICT DO NOTHING;


INSERT INTO public."PRECO_COLETADO" ("Preco", "UnidadeMedida", "DataColeta", "PostoCNPJ", "CombustivelID")
VALUES (5.640, 'R$ / litro', '2022-08-08', '36354546000198',
        (SELECT "ID_Combustivel" FROM public."COMBUSTIVEL" WHERE "Nome" = 'GASOLINA ADITIVADA'))
ON CONFLICT DO NOTHING;


INSERT INTO public."PRECO_COLETADO" ("Preco", "UnidadeMedida", "DataColeta", "PostoCNPJ", "CombustivelID")
VALUES (5.620, 'R$ / litro', '2022-08-15', '36354546000198',
        (SELECT "ID_Combustivel" FROM public."COMBUSTIVEL" WHERE "Nome" = 'GASOLINA ADITIVADA'))
ON CONFLICT DO NOTHING;


INSERT INTO public."PRECO_COLETADO" ("Preco", "UnidadeMedida", "DataColeta", "PostoCNPJ", "CombustivelID")
VALUES (5.440, 'R$ / litro', '2022-08-24', '36354546000198',
        (SELECT "ID_Combustivel" FROM public."COMBUSTIVEL" WHERE "Nome" = 'GASOLINA ADITIVADA'))
ON CONFLICT DO NOTHING;


INSERT INTO public."PRECO_COLETADO" ("Preco", "UnidadeMedida", "DataColeta", "PostoCNPJ", "CombustivelID")
VALUES (5.340, 'R$ / litro', '2022-09-01', '36354546000198',
        (SELECT "ID_Combustivel" FROM public."COMBUSTIVEL" WHERE "Nome" = 'GASOLINA ADITIVADA'))
ON CONFLICT DO NOTHING;


INSERT INTO public."PRECO_COLETADO" ("Preco", "UnidadeMedida", "DataColeta", "PostoCNPJ", "CombustivelID")
VALUES (5.140, 'R$ / litro', '2022-09-08', '36354546000198',
        (SELECT "ID_Combustivel" FROM public."COMBUSTIVEL" WHERE "Nome" = 'GASOLINA ADITIVADA'))
ON CONFLICT DO NOTHING;


INSERT INTO public."PRECO_COLETADO" ("Preco", "UnidadeMedida", "DataColeta", "PostoCNPJ", "CombustivelID")
VALUES (5.140, 'R$ / litro', '2022-09-12', '36354546000198',
        (SELECT "ID_Combustivel" FROM public."COMBUSTIVEL" WHERE "Nome" = 'GASOLINA ADITIVADA'))
ON CONFLICT DO NOTHING;


INSERT INTO public."POSTO" ("CNPJ", "RazaoSocial", "NomeFantasia", "Bandeira", "Logradouro", "Numero", "Bairro", "Cidade", "Estado", "CEP")
VALUES ('36336386000154', 'POSTO TRES COQUEIROS LTDA', 'POSTO TRES COQUEIROS', 'IPIRANGA', 'RODOVIA CARLOS LINDEMBERG', 'SN', 'ALVORADA', 'VILA VELHA', 'ESPIRITO SANTO', '29123600')
ON CONFLICT ("CNPJ") DO NOTHING;


INSERT INTO public."COMBUSTIVEL" ("Nome")
VALUES ('DIESEL S10')
ON CONFLICT ("Nome") DO NOTHING;


INSERT INTO public."PRECO_COLETADO" ("Preco", "UnidadeMedida", "DataColeta", "PostoCNPJ", "CombustivelID")
VALUES (7.190, 'R$ / litro', '2022-08-03', '36336386000154',
        (SELECT "ID_Combustivel" FROM public."COMBUSTIVEL" WHERE "Nome" = 'DIESEL S10'))
ON CONFLICT DO NOTHING;


INSERT INTO public."PRECO_COLETADO" ("Preco", "UnidadeMedida", "DataColeta", "PostoCNPJ", "CombustivelID")
VALUES (6.990, 'R$ / litro', '2022-08-08', '36336386000154',
        (SELECT "ID_Combustivel" FROM public."COMBUSTIVEL" WHERE "Nome" = 'DIESEL S10'))
ON CONFLICT DO NOTHING;


INSERT INTO public."PRECO_COLETADO" ("Preco", "UnidadeMedida", "DataColeta", "PostoCNPJ", "CombustivelID")
VALUES (6.990, 'R$ / litro', '2022-08-15', '36336386000154',
        (SELECT "ID_Combustivel" FROM public."COMBUSTIVEL" WHERE "Nome" = 'DIESEL S10'))
ON CONFLICT DO NOTHING;


INSERT INTO public."PRECO_COLETADO" ("Preco", "UnidadeMedida", "DataColeta", "PostoCNPJ", "CombustivelID")
VALUES (6.690, 'R$ / litro', '2022-08-24', '36336386000154',
        (SELECT "ID_Combustivel" FROM public."COMBUSTIVEL" WHERE "Nome" = 'DIESEL S10'))
ON CONFLICT DO NOTHING;


INSERT INTO public."PRECO_COLETADO" ("Preco", "UnidadeMedida", "DataColeta", "PostoCNPJ", "CombustivelID")
VALUES (6.590, 'R$ / litro', '2022-08-29', '36336386000154',
        (SELECT "ID_Combustivel" FROM public."COMBUSTIVEL" WHERE "Nome" = 'DIESEL S10'))
ON CONFLICT DO NOTHING;


INSERT INTO public."PRECO_COLETADO" ("Preco", "UnidadeMedida", "DataColeta", "PostoCNPJ", "CombustivelID")
VALUES (6.590, 'R$ / litro', '2022-09-08', '36336386000154',
        (SELECT "ID_Combustivel" FROM public."COMBUSTIVEL" WHERE "Nome" = 'DIESEL S10'))
ON CONFLICT DO NOTHING;


INSERT INTO public."PRECO_COLETADO" ("Preco", "UnidadeMedida", "DataColeta", "PostoCNPJ", "CombustivelID")
VALUES (6.590, 'R$ / litro', '2022-09-12', '36336386000154',
        (SELECT "ID_Combustivel" FROM public."COMBUSTIVEL" WHERE "Nome" = 'DIESEL S10'))
ON CONFLICT DO NOTHING;


INSERT INTO public."COMBUSTIVEL" ("Nome")
VALUES ('GASOLINA COMUM')
ON CONFLICT ("Nome") DO NOTHING;


INSERT INTO public."PRECO_COLETADO" ("Preco", "UnidadeMedida", "DataColeta", "PostoCNPJ", "CombustivelID")
VALUES (5.560, 'R$ / litro', '2022-08-03', '36336386000154',
        (SELECT "ID_Combustivel" FROM public."COMBUSTIVEL" WHERE "Nome" = 'GASOLINA COMUM'))
ON CONFLICT DO NOTHING;


INSERT INTO public."PRECO_COLETADO" ("Preco", "UnidadeMedida", "DataColeta", "PostoCNPJ", "CombustivelID")
VALUES (5.480, 'R$ / litro', '2022-08-08', '36336386000154',
        (SELECT "ID_Combustivel" FROM public."COMBUSTIVEL" WHERE "Nome" = 'GASOLINA COMUM'))
ON CONFLICT DO NOTHING;


INSERT INTO public."PRECO_COLETADO" ("Preco", "UnidadeMedida", "DataColeta", "PostoCNPJ", "CombustivelID")
VALUES (5.390, 'R$ / litro', '2022-08-15', '36336386000154',
        (SELECT "ID_Combustivel" FROM public."COMBUSTIVEL" WHERE "Nome" = 'GASOLINA COMUM'))
ON CONFLICT DO NOTHING;


INSERT INTO public."PRECO_COLETADO" ("Preco", "UnidadeMedida", "DataColeta", "PostoCNPJ", "CombustivelID")
VALUES (5.290, 'R$ / litro', '2022-08-24', '36336386000154',
        (SELECT "ID_Combustivel" FROM public."COMBUSTIVEL" WHERE "Nome" = 'GASOLINA COMUM'))
ON CONFLICT DO NOTHING;


INSERT INTO public."PRECO_COLETADO" ("Preco", "UnidadeMedida", "DataColeta", "PostoCNPJ", "CombustivelID")
VALUES (5.190, 'R$ / litro', '2022-08-29', '36336386000154',
        (SELECT "ID_Combustivel" FROM public."COMBUSTIVEL" WHERE "Nome" = 'GASOLINA COMUM'))
ON CONFLICT DO NOTHING;


INSERT INTO public."PRECO_COLETADO" ("Preco", "UnidadeMedida", "DataColeta", "PostoCNPJ", "CombustivelID")
VALUES (4.940, 'R$ / litro', '2022-09-08', '36336386000154',
        (SELECT "ID_Combustivel" FROM public."COMBUSTIVEL" WHERE "Nome" = 'GASOLINA COMUM'))
ON CONFLICT DO NOTHING;


INSERT INTO public."PRECO_COLETADO" ("Preco", "UnidadeMedida", "DataColeta", "PostoCNPJ", "CombustivelID")
VALUES (4.940, 'R$ / litro', '2022-09-12', '36336386000154',
        (SELECT "ID_Combustivel" FROM public."COMBUSTIVEL" WHERE "Nome" = 'GASOLINA COMUM'))
ON CONFLICT DO NOTHING;


INSERT INTO public."COMBUSTIVEL" ("Nome")
VALUES ('DIESEL S500')
ON CONFLICT ("Nome") DO NOTHING;


INSERT INTO public."PRECO_COLETADO" ("Preco", "UnidadeMedida", "DataColeta", "PostoCNPJ", "CombustivelID")
VALUES (7.140, 'R$ / litro', '2022-08-03', '36336386000154',
        (SELECT "ID_Combustivel" FROM public."COMBUSTIVEL" WHERE "Nome" = 'DIESEL S500'))
ON CONFLICT DO NOTHING;


INSERT INTO public."PRECO_COLETADO" ("Preco", "UnidadeMedida", "DataColeta", "PostoCNPJ", "CombustivelID")
VALUES (6.890, 'R$ / litro', '2022-08-08', '36336386000154',
        (SELECT "ID_Combustivel" FROM public."COMBUSTIVEL" WHERE "Nome" = 'DIESEL S500'))
ON CONFLICT DO NOTHING;


INSERT INTO public."PRECO_COLETADO" ("Preco", "UnidadeMedida", "DataColeta", "PostoCNPJ", "CombustivelID")
VALUES (6.890, 'R$ / litro', '2022-08-15', '36336386000154',
        (SELECT "ID_Combustivel" FROM public."COMBUSTIVEL" WHERE "Nome" = 'DIESEL S500'))
ON CONFLICT DO NOTHING;


INSERT INTO public."PRECO_COLETADO" ("Preco", "UnidadeMedida", "DataColeta", "PostoCNPJ", "CombustivelID")
VALUES (6.590, 'R$ / litro', '2022-08-24', '36336386000154',
        (SELECT "ID_Combustivel" FROM public."COMBUSTIVEL" WHERE "Nome" = 'DIESEL S500'))
ON CONFLICT DO NOTHING;


INSERT INTO public."PRECO_COLETADO" ("Preco", "UnidadeMedida", "DataColeta", "PostoCNPJ", "CombustivelID")
VALUES (6.490, 'R$ / litro', '2022-08-29', '36336386000154',
        (SELECT "ID_Combustivel" FROM public."COMBUSTIVEL" WHERE "Nome" = 'DIESEL S500'))
ON CONFLICT DO NOTHING;


INSERT INTO public."PRECO_COLETADO" ("Preco", "UnidadeMedida", "DataColeta", "PostoCNPJ", "CombustivelID")
VALUES (6.490, 'R$ / litro', '2022-09-08', '36336386000154',
        (SELECT "ID_Combustivel" FROM public."COMBUSTIVEL" WHERE "Nome" = 'DIESEL S500'))
ON CONFLICT DO NOTHING;


INSERT INTO public."PRECO_COLETADO" ("Preco", "UnidadeMedida", "DataColeta", "PostoCNPJ", "CombustivelID")
VALUES (6.490, 'R$ / litro', '2022-09-12', '36336386000154',
        (SELECT "ID_Combustivel" FROM public."COMBUSTIVEL" WHERE "Nome" = 'DIESEL S500'))
ON CONFLICT DO NOTHING;


INSERT INTO public."COMBUSTIVEL" ("Nome")
VALUES ('ETANOL')
ON CONFLICT ("Nome") DO NOTHING;


INSERT INTO public."PRECO_COLETADO" ("Preco", "UnidadeMedida", "DataColeta", "PostoCNPJ", "CombustivelID")
VALUES (4.590, 'R$ / litro', '2022-08-03', '36336386000154',
        (SELECT "ID_Combustivel" FROM public."COMBUSTIVEL" WHERE "Nome" = 'ETANOL'))
ON CONFLICT DO NOTHING;


INSERT INTO public."PRECO_COLETADO" ("Preco", "UnidadeMedida", "DataColeta", "PostoCNPJ", "CombustivelID")
VALUES (4.450, 'R$ / litro', '2022-08-08', '36336386000154',
        (SELECT "ID_Combustivel" FROM public."COMBUSTIVEL" WHERE "Nome" = 'ETANOL'))
ON CONFLICT DO NOTHING;


INSERT INTO public."PRECO_COLETADO" ("Preco", "UnidadeMedida", "DataColeta", "PostoCNPJ", "CombustivelID")
VALUES (4.380, 'R$ / litro', '2022-08-15', '36336386000154',
        (SELECT "ID_Combustivel" FROM public."COMBUSTIVEL" WHERE "Nome" = 'ETANOL'))
ON CONFLICT DO NOTHING;


INSERT INTO public."PRECO_COLETADO" ("Preco", "UnidadeMedida", "DataColeta", "PostoCNPJ", "CombustivelID")
VALUES (4.290, 'R$ / litro', '2022-08-24', '36336386000154',
        (SELECT "ID_Combustivel" FROM public."COMBUSTIVEL" WHERE "Nome" = 'ETANOL'))
ON CONFLICT DO NOTHING;


INSERT INTO public."PRECO_COLETADO" ("Preco", "UnidadeMedida", "DataColeta", "PostoCNPJ", "CombustivelID")
VALUES (4.190, 'R$ / litro', '2022-08-29', '36336386000154',
        (SELECT "ID_Combustivel" FROM public."COMBUSTIVEL" WHERE "Nome" = 'ETANOL'))
ON CONFLICT DO NOTHING;


INSERT INTO public."PRECO_COLETADO" ("Preco", "UnidadeMedida", "DataColeta", "PostoCNPJ", "CombustivelID")
VALUES (3.890, 'R$ / litro', '2022-09-08', '36336386000154',
        (SELECT "ID_Combustivel" FROM public."COMBUSTIVEL" WHERE "Nome" = 'ETANOL'))
ON CONFLICT DO NOTHING;


INSERT INTO public."PRECO_COLETADO" ("Preco", "UnidadeMedida", "DataColeta", "PostoCNPJ", "CombustivelID")
VALUES (3.890, 'R$ / litro', '2022-09-12', '36336386000154',
        (SELECT "ID_Combustivel" FROM public."COMBUSTIVEL" WHERE "Nome" = 'ETANOL'))
ON CONFLICT DO NOTHING;


INSERT INTO public."COMBUSTIVEL" ("Nome")
VALUES ('GASOLINA ADITIVADA')
ON CONFLICT ("Nome") DO NOTHING;


INSERT INTO public."PRECO_COLETADO" ("Preco", "UnidadeMedida", "DataColeta", "PostoCNPJ", "CombustivelID")
VALUES (5.660, 'R$ / litro', '2022-08-03', '36336386000154',
        (SELECT "ID_Combustivel" FROM public."COMBUSTIVEL" WHERE "Nome" = 'GASOLINA ADITIVADA'))
ON CONFLICT DO NOTHING;


INSERT INTO public."PRECO_COLETADO" ("Preco", "UnidadeMedida", "DataColeta", "PostoCNPJ", "CombustivelID")
VALUES (5.580, 'R$ / litro', '2022-08-08', '36336386000154',
        (SELECT "ID_Combustivel" FROM public."COMBUSTIVEL" WHERE "Nome" = 'GASOLINA ADITIVADA'))
ON CONFLICT DO NOTHING;


INSERT INTO public."PRECO_COLETADO" ("Preco", "UnidadeMedida", "DataColeta", "PostoCNPJ", "CombustivelID")
VALUES (5.490, 'R$ / litro', '2022-08-15', '36336386000154',
        (SELECT "ID_Combustivel" FROM public."COMBUSTIVEL" WHERE "Nome" = 'GASOLINA ADITIVADA'))
ON CONFLICT DO NOTHING;


INSERT INTO public."PRECO_COLETADO" ("Preco", "UnidadeMedida", "DataColeta", "PostoCNPJ", "CombustivelID")
VALUES (5.390, 'R$ / litro', '2022-08-24', '36336386000154',
        (SELECT "ID_Combustivel" FROM public."COMBUSTIVEL" WHERE "Nome" = 'GASOLINA ADITIVADA'))
ON CONFLICT DO NOTHING;


INSERT INTO public."PRECO_COLETADO" ("Preco", "UnidadeMedida", "DataColeta", "PostoCNPJ", "CombustivelID")
VALUES (5.290, 'R$ / litro', '2022-08-29', '36336386000154',
        (SELECT "ID_Combustivel" FROM public."COMBUSTIVEL" WHERE "Nome" = 'GASOLINA ADITIVADA'))
ON CONFLICT DO NOTHING;


INSERT INTO public."PRECO_COLETADO" ("Preco", "UnidadeMedida", "DataColeta", "PostoCNPJ", "CombustivelID")
VALUES (5.040, 'R$ / litro', '2022-09-08', '36336386000154',
        (SELECT "ID_Combustivel" FROM public."COMBUSTIVEL" WHERE "Nome" = 'GASOLINA ADITIVADA'))
ON CONFLICT DO NOTHING;


INSERT INTO public."PRECO_COLETADO" ("Preco", "UnidadeMedida", "DataColeta", "PostoCNPJ", "CombustivelID")
VALUES (5.040, 'R$ / litro', '2022-09-12', '36336386000154',
        (SELECT "ID_Combustivel" FROM public."COMBUSTIVEL" WHERE "Nome" = 'GASOLINA ADITIVADA'))
ON CONFLICT DO NOTHING;


INSERT INTO public."POSTO" ("CNPJ", "RazaoSocial", "NomeFantasia", "Bandeira", "Logradouro", "Numero", "Bairro", "Cidade", "Estado", "CEP")
VALUES ('19407565000116', 'CAPIXABA COMERCIO DE PETROLEO LTDA.', 'CAPIXABA COMERCIO DE PETROLEO LTDA.', 'IPIRANGA', 'AVENIDA CARLOS LINDEMBERG', '2423', 'IBES', 'VILA VELHA', 'ESPIRITO SANTO', '29110000')
ON CONFLICT ("CNPJ") DO NOTHING;


INSERT INTO public."COMBUSTIVEL" ("Nome")
VALUES ('GASOLINA COMUM')
ON CONFLICT ("Nome") DO NOTHING;


INSERT INTO public."PRECO_COLETADO" ("Preco", "UnidadeMedida", "DataColeta", "PostoCNPJ", "CombustivelID")
VALUES (6.490, 'R$ / litro', '2022-08-02', '19407565000116',
        (SELECT "ID_Combustivel" FROM public."COMBUSTIVEL" WHERE "Nome" = 'GASOLINA COMUM'))
ON CONFLICT DO NOTHING;


INSERT INTO public."PRECO_COLETADO" ("Preco", "UnidadeMedida", "DataColeta", "PostoCNPJ", "CombustivelID")
VALUES (6.490, 'R$ / litro', '2022-08-08', '19407565000116',
        (SELECT "ID_Combustivel" FROM public."COMBUSTIVEL" WHERE "Nome" = 'GASOLINA COMUM'))
ON CONFLICT DO NOTHING;


INSERT INTO public."PRECO_COLETADO" ("Preco", "UnidadeMedida", "DataColeta", "PostoCNPJ", "CombustivelID")
VALUES (6.490, 'R$ / litro', '2022-08-15', '19407565000116',
        (SELECT "ID_Combustivel" FROM public."COMBUSTIVEL" WHERE "Nome" = 'GASOLINA COMUM'))
ON CONFLICT DO NOTHING;


INSERT INTO public."PRECO_COLETADO" ("Preco", "UnidadeMedida", "DataColeta", "PostoCNPJ", "CombustivelID")
VALUES (5.490, 'R$ / litro', '2022-08-23', '19407565000116',
        (SELECT "ID_Combustivel" FROM public."COMBUSTIVEL" WHERE "Nome" = 'GASOLINA COMUM'))
ON CONFLICT DO NOTHING;


INSERT INTO public."PRECO_COLETADO" ("Preco", "UnidadeMedida", "DataColeta", "PostoCNPJ", "CombustivelID")
VALUES (5.290, 'R$ / litro', '2022-09-01', '19407565000116',
        (SELECT "ID_Combustivel" FROM public."COMBUSTIVEL" WHERE "Nome" = 'GASOLINA COMUM'))
ON CONFLICT DO NOTHING;


INSERT INTO public."PRECO_COLETADO" ("Preco", "UnidadeMedida", "DataColeta", "PostoCNPJ", "CombustivelID")
VALUES (5.290, 'R$ / litro', '2022-09-05', '19407565000116',
        (SELECT "ID_Combustivel" FROM public."COMBUSTIVEL" WHERE "Nome" = 'GASOLINA COMUM'))
ON CONFLICT DO NOTHING;


INSERT INTO public."PRECO_COLETADO" ("Preco", "UnidadeMedida", "DataColeta", "PostoCNPJ", "CombustivelID")
VALUES (4.990, 'R$ / litro', '2022-09-13', '19407565000116',
        (SELECT "ID_Combustivel" FROM public."COMBUSTIVEL" WHERE "Nome" = 'GASOLINA COMUM'))
ON CONFLICT DO NOTHING;


INSERT INTO public."COMBUSTIVEL" ("Nome")
VALUES ('ETANOL')
ON CONFLICT ("Nome") DO NOTHING;


INSERT INTO public."PRECO_COLETADO" ("Preco", "UnidadeMedida", "DataColeta", "PostoCNPJ", "CombustivelID")
VALUES (5.990, 'R$ / litro', '2022-08-02', '19407565000116',
        (SELECT "ID_Combustivel" FROM public."COMBUSTIVEL" WHERE "Nome" = 'ETANOL'))
ON CONFLICT DO NOTHING;


INSERT INTO public."PRECO_COLETADO" ("Preco", "UnidadeMedida", "DataColeta", "PostoCNPJ", "CombustivelID")
VALUES (5.990, 'R$ / litro', '2022-08-08', '19407565000116',
        (SELECT "ID_Combustivel" FROM public."COMBUSTIVEL" WHERE "Nome" = 'ETANOL'))
ON CONFLICT DO NOTHING;


INSERT INTO public."PRECO_COLETADO" ("Preco", "UnidadeMedida", "DataColeta", "PostoCNPJ", "CombustivelID")
VALUES (5.990, 'R$ / litro', '2022-08-15', '19407565000116',
        (SELECT "ID_Combustivel" FROM public."COMBUSTIVEL" WHERE "Nome" = 'ETANOL'))
ON CONFLICT DO NOTHING;


INSERT INTO public."PRECO_COLETADO" ("Preco", "UnidadeMedida", "DataColeta", "PostoCNPJ", "CombustivelID")
VALUES (5.990, 'R$ / litro', '2022-08-23', '19407565000116',
        (SELECT "ID_Combustivel" FROM public."COMBUSTIVEL" WHERE "Nome" = 'ETANOL'))
ON CONFLICT DO NOTHING;


INSERT INTO public."PRECO_COLETADO" ("Preco", "UnidadeMedida", "DataColeta", "PostoCNPJ", "CombustivelID")
VALUES (5.490, 'R$ / litro', '2022-09-01', '19407565000116',
        (SELECT "ID_Combustivel" FROM public."COMBUSTIVEL" WHERE "Nome" = 'ETANOL'))
ON CONFLICT DO NOTHING;


INSERT INTO public."PRECO_COLETADO" ("Preco", "UnidadeMedida", "DataColeta", "PostoCNPJ", "CombustivelID")
VALUES (5.490, 'R$ / litro', '2022-09-05', '19407565000116',
        (SELECT "ID_Combustivel" FROM public."COMBUSTIVEL" WHERE "Nome" = 'ETANOL'))
ON CONFLICT DO NOTHING;


INSERT INTO public."PRECO_COLETADO" ("Preco", "UnidadeMedida", "DataColeta", "PostoCNPJ", "CombustivelID")
VALUES (5.490, 'R$ / litro', '2022-09-13', '19407565000116',
        (SELECT "ID_Combustivel" FROM public."COMBUSTIVEL" WHERE "Nome" = 'ETANOL'))
ON CONFLICT DO NOTHING;


INSERT INTO public."COMBUSTIVEL" ("Nome")
VALUES ('GASOLINA ADITIVADA')
ON CONFLICT ("Nome") DO NOTHING;


INSERT INTO public."PRECO_COLETADO" ("Preco", "UnidadeMedida", "DataColeta", "PostoCNPJ", "CombustivelID")
VALUES (6.990, 'R$ / litro', '2022-08-02', '19407565000116',
        (SELECT "ID_Combustivel" FROM public."COMBUSTIVEL" WHERE "Nome" = 'GASOLINA ADITIVADA'))
ON CONFLICT DO NOTHING;


INSERT INTO public."PRECO_COLETADO" ("Preco", "UnidadeMedida", "DataColeta", "PostoCNPJ", "CombustivelID")
VALUES (6.990, 'R$ / litro', '2022-08-08', '19407565000116',
        (SELECT "ID_Combustivel" FROM public."COMBUSTIVEL" WHERE "Nome" = 'GASOLINA ADITIVADA'))
ON CONFLICT DO NOTHING;


INSERT INTO public."PRECO_COLETADO" ("Preco", "UnidadeMedida", "DataColeta", "PostoCNPJ", "CombustivelID")
VALUES (6.990, 'R$ / litro', '2022-08-15', '19407565000116',
        (SELECT "ID_Combustivel" FROM public."COMBUSTIVEL" WHERE "Nome" = 'GASOLINA ADITIVADA'))
ON CONFLICT DO NOTHING;


INSERT INTO public."PRECO_COLETADO" ("Preco", "UnidadeMedida", "DataColeta", "PostoCNPJ", "CombustivelID")
VALUES (6.490, 'R$ / litro', '2022-08-23', '19407565000116',
        (SELECT "ID_Combustivel" FROM public."COMBUSTIVEL" WHERE "Nome" = 'GASOLINA ADITIVADA'))
ON CONFLICT DO NOTHING;


INSERT INTO public."PRECO_COLETADO" ("Preco", "UnidadeMedida", "DataColeta", "PostoCNPJ", "CombustivelID")
VALUES (5.990, 'R$ / litro', '2022-09-01', '19407565000116',
        (SELECT "ID_Combustivel" FROM public."COMBUSTIVEL" WHERE "Nome" = 'GASOLINA ADITIVADA'))
ON CONFLICT DO NOTHING;


INSERT INTO public."PRECO_COLETADO" ("Preco", "UnidadeMedida", "DataColeta", "PostoCNPJ", "CombustivelID")
VALUES (5.990, 'R$ / litro', '2022-09-05', '19407565000116',
        (SELECT "ID_Combustivel" FROM public."COMBUSTIVEL" WHERE "Nome" = 'GASOLINA ADITIVADA'))
ON CONFLICT DO NOTHING;


INSERT INTO public."PRECO_COLETADO" ("Preco", "UnidadeMedida", "DataColeta", "PostoCNPJ", "CombustivelID")
VALUES (5.990, 'R$ / litro', '2022-09-13', '19407565000116',
        (SELECT "ID_Combustivel" FROM public."COMBUSTIVEL" WHERE "Nome" = 'GASOLINA ADITIVADA'))
ON CONFLICT DO NOTHING;


INSERT INTO public."COMBUSTIVEL" ("Nome")
VALUES ('DIESEL S10')
ON CONFLICT ("Nome") DO NOTHING;


INSERT INTO public."PRECO_COLETADO" ("Preco", "UnidadeMedida", "DataColeta", "PostoCNPJ", "CombustivelID")
VALUES (8.490, 'R$ / litro', '2022-08-02', '19407565000116',
        (SELECT "ID_Combustivel" FROM public."COMBUSTIVEL" WHERE "Nome" = 'DIESEL S10'))
ON CONFLICT DO NOTHING;


INSERT INTO public."PRECO_COLETADO" ("Preco", "UnidadeMedida", "DataColeta", "PostoCNPJ", "CombustivelID")
VALUES (8.490, 'R$ / litro', '2022-08-08', '19407565000116',
        (SELECT "ID_Combustivel" FROM public."COMBUSTIVEL" WHERE "Nome" = 'DIESEL S10'))
ON CONFLICT DO NOTHING;


INSERT INTO public."PRECO_COLETADO" ("Preco", "UnidadeMedida", "DataColeta", "PostoCNPJ", "CombustivelID")
VALUES (8.490, 'R$ / litro', '2022-08-15', '19407565000116',
        (SELECT "ID_Combustivel" FROM public."COMBUSTIVEL" WHERE "Nome" = 'DIESEL S10'))
ON CONFLICT DO NOTHING;


INSERT INTO public."PRECO_COLETADO" ("Preco", "UnidadeMedida", "DataColeta", "PostoCNPJ", "CombustivelID")
VALUES (6.990, 'R$ / litro', '2022-08-23', '19407565000116',
        (SELECT "ID_Combustivel" FROM public."COMBUSTIVEL" WHERE "Nome" = 'DIESEL S10'))
ON CONFLICT DO NOTHING;


INSERT INTO public."PRECO_COLETADO" ("Preco", "UnidadeMedida", "DataColeta", "PostoCNPJ", "CombustivelID")
VALUES (8.270, 'R$ / litro', '2022-09-01', '19407565000116',
        (SELECT "ID_Combustivel" FROM public."COMBUSTIVEL" WHERE "Nome" = 'DIESEL S10'))
ON CONFLICT DO NOTHING;


INSERT INTO public."PRECO_COLETADO" ("Preco", "UnidadeMedida", "DataColeta", "PostoCNPJ", "CombustivelID")
VALUES (8.270, 'R$ / litro', '2022-09-05', '19407565000116',
        (SELECT "ID_Combustivel" FROM public."COMBUSTIVEL" WHERE "Nome" = 'DIESEL S10'))
ON CONFLICT DO NOTHING;


INSERT INTO public."PRECO_COLETADO" ("Preco", "UnidadeMedida", "DataColeta", "PostoCNPJ", "CombustivelID")
VALUES (8.270, 'R$ / litro', '2022-09-13', '19407565000116',
        (SELECT "ID_Combustivel" FROM public."COMBUSTIVEL" WHERE "Nome" = 'DIESEL S10'))
ON CONFLICT DO NOTHING;


INSERT INTO public."POSTO" ("CNPJ", "RazaoSocial", "NomeFantasia", "Bandeira", "Logradouro", "Numero", "Bairro", "Cidade", "Estado", "CEP")
VALUES ('18366697000184', 'POSTO RIO MARINHO COMERCIO DE DERIVADOS DE PETROLEO EIRELI - EPP', 'POSTO RIO MARINHO COMERCIO DE DERIVADOS DE PETROLEO EIRELI - EPP', 'VIBRA ENERGIA', 'AVENIDA RIO MARINHO', 'S/N', 'RIO MARINHO', 'VILA VELHA', 'ESPIRITO SANTO', '29112690')
ON CONFLICT ("CNPJ") DO NOTHING;


INSERT INTO public."COMBUSTIVEL" ("Nome")
VALUES ('ETANOL')
ON CONFLICT ("Nome") DO NOTHING;


INSERT INTO public."PRECO_COLETADO" ("Preco", "UnidadeMedida", "DataColeta", "PostoCNPJ", "CombustivelID")
VALUES (4.380, 'R$ / litro', '2022-08-23', '18366697000184',
        (SELECT "ID_Combustivel" FROM public."COMBUSTIVEL" WHERE "Nome" = 'ETANOL'))
ON CONFLICT DO NOTHING;


INSERT INTO public."PRECO_COLETADO" ("Preco", "UnidadeMedida", "DataColeta", "PostoCNPJ", "CombustivelID")
VALUES (4.290, 'R$ / litro', '2022-09-01', '18366697000184',
        (SELECT "ID_Combustivel" FROM public."COMBUSTIVEL" WHERE "Nome" = 'ETANOL'))
ON CONFLICT DO NOTHING;


INSERT INTO public."PRECO_COLETADO" ("Preco", "UnidadeMedida", "DataColeta", "PostoCNPJ", "CombustivelID")
VALUES (4.090, 'R$ / litro', '2022-09-06', '18366697000184',
        (SELECT "ID_Combustivel" FROM public."COMBUSTIVEL" WHERE "Nome" = 'ETANOL'))
ON CONFLICT DO NOTHING;


INSERT INTO public."COMBUSTIVEL" ("Nome")
VALUES ('DIESEL S10')
ON CONFLICT ("Nome") DO NOTHING;


INSERT INTO public."PRECO_COLETADO" ("Preco", "UnidadeMedida", "DataColeta", "PostoCNPJ", "CombustivelID")
VALUES (6.890, 'R$ / litro', '2022-08-23', '18366697000184',
        (SELECT "ID_Combustivel" FROM public."COMBUSTIVEL" WHERE "Nome" = 'DIESEL S10'))
ON CONFLICT DO NOTHING;


INSERT INTO public."PRECO_COLETADO" ("Preco", "UnidadeMedida", "DataColeta", "PostoCNPJ", "CombustivelID")
VALUES (6.790, 'R$ / litro', '2022-09-01', '18366697000184',
        (SELECT "ID_Combustivel" FROM public."COMBUSTIVEL" WHERE "Nome" = 'DIESEL S10'))
ON CONFLICT DO NOTHING;


INSERT INTO public."PRECO_COLETADO" ("Preco", "UnidadeMedida", "DataColeta", "PostoCNPJ", "CombustivelID")
VALUES (6.790, 'R$ / litro', '2022-09-06', '18366697000184',
        (SELECT "ID_Combustivel" FROM public."COMBUSTIVEL" WHERE "Nome" = 'DIESEL S10'))
ON CONFLICT DO NOTHING;


INSERT INTO public."COMBUSTIVEL" ("Nome")
VALUES ('GASOLINA ADITIVADA')
ON CONFLICT ("Nome") DO NOTHING;


INSERT INTO public."PRECO_COLETADO" ("Preco", "UnidadeMedida", "DataColeta", "PostoCNPJ", "CombustivelID")
VALUES (5.590, 'R$ / litro', '2022-08-23', '18366697000184',
        (SELECT "ID_Combustivel" FROM public."COMBUSTIVEL" WHERE "Nome" = 'GASOLINA ADITIVADA'))
ON CONFLICT DO NOTHING;


INSERT INTO public."PRECO_COLETADO" ("Preco", "UnidadeMedida", "DataColeta", "PostoCNPJ", "CombustivelID")
VALUES (5.590, 'R$ / litro', '2022-09-01', '18366697000184',
        (SELECT "ID_Combustivel" FROM public."COMBUSTIVEL" WHERE "Nome" = 'GASOLINA ADITIVADA'))
ON CONFLICT DO NOTHING;


INSERT INTO public."PRECO_COLETADO" ("Preco", "UnidadeMedida", "DataColeta", "PostoCNPJ", "CombustivelID")
VALUES (5.390, 'R$ / litro', '2022-09-06', '18366697000184',
        (SELECT "ID_Combustivel" FROM public."COMBUSTIVEL" WHERE "Nome" = 'GASOLINA ADITIVADA'))
ON CONFLICT DO NOTHING;


INSERT INTO public."PRECO_COLETADO" ("Preco", "UnidadeMedida", "DataColeta", "PostoCNPJ", "CombustivelID")
VALUES (5.950, 'R$ / litro', '2024-06-11', '18366697000184',
        (SELECT "ID_Combustivel" FROM public."COMBUSTIVEL" WHERE "Nome" = 'GASOLINA ADITIVADA'))
ON CONFLICT DO NOTHING;


INSERT INTO public."COMBUSTIVEL" ("Nome")
VALUES ('DIESEL S500')
ON CONFLICT ("Nome") DO NOTHING;


INSERT INTO public."PRECO_COLETADO" ("Preco", "UnidadeMedida", "DataColeta", "PostoCNPJ", "CombustivelID")
VALUES (6.790, 'R$ / litro', '2022-08-23', '18366697000184',
        (SELECT "ID_Combustivel" FROM public."COMBUSTIVEL" WHERE "Nome" = 'DIESEL S500'))
ON CONFLICT DO NOTHING;


INSERT INTO public."PRECO_COLETADO" ("Preco", "UnidadeMedida", "DataColeta", "PostoCNPJ", "CombustivelID")
VALUES (6.690, 'R$ / litro', '2022-09-01', '18366697000184',
        (SELECT "ID_Combustivel" FROM public."COMBUSTIVEL" WHERE "Nome" = 'DIESEL S500'))
ON CONFLICT DO NOTHING;


INSERT INTO public."PRECO_COLETADO" ("Preco", "UnidadeMedida", "DataColeta", "PostoCNPJ", "CombustivelID")
VALUES (6.690, 'R$ / litro', '2022-09-06', '18366697000184',
        (SELECT "ID_Combustivel" FROM public."COMBUSTIVEL" WHERE "Nome" = 'DIESEL S500'))
ON CONFLICT DO NOTHING;


INSERT INTO public."PRECO_COLETADO" ("Preco", "UnidadeMedida", "DataColeta", "PostoCNPJ", "CombustivelID")
VALUES (5.790, 'R$ / litro', '2024-06-11', '18366697000184',
        (SELECT "ID_Combustivel" FROM public."COMBUSTIVEL" WHERE "Nome" = 'DIESEL S500'))
ON CONFLICT DO NOTHING;


INSERT INTO public."COMBUSTIVEL" ("Nome")
VALUES ('GASOLINA COMUM')
ON CONFLICT ("Nome") DO NOTHING;


INSERT INTO public."PRECO_COLETADO" ("Preco", "UnidadeMedida", "DataColeta", "PostoCNPJ", "CombustivelID")
VALUES (5.370, 'R$ / litro', '2022-08-23', '18366697000184',
        (SELECT "ID_Combustivel" FROM public."COMBUSTIVEL" WHERE "Nome" = 'GASOLINA COMUM'))
ON CONFLICT DO NOTHING;


INSERT INTO public."PRECO_COLETADO" ("Preco", "UnidadeMedida", "DataColeta", "PostoCNPJ", "CombustivelID")
VALUES (5.190, 'R$ / litro', '2022-09-01', '18366697000184',
        (SELECT "ID_Combustivel" FROM public."COMBUSTIVEL" WHERE "Nome" = 'GASOLINA COMUM'))
ON CONFLICT DO NOTHING;


INSERT INTO public."PRECO_COLETADO" ("Preco", "UnidadeMedida", "DataColeta", "PostoCNPJ", "CombustivelID")
VALUES (4.990, 'R$ / litro', '2022-09-06', '18366697000184',
        (SELECT "ID_Combustivel" FROM public."COMBUSTIVEL" WHERE "Nome" = 'GASOLINA COMUM'))
ON CONFLICT DO NOTHING;


INSERT INTO public."PRECO_COLETADO" ("Preco", "UnidadeMedida", "DataColeta", "PostoCNPJ", "CombustivelID")
VALUES (5.750, 'R$ / litro', '2024-06-11', '18366697000184',
        (SELECT "ID_Combustivel" FROM public."COMBUSTIVEL" WHERE "Nome" = 'GASOLINA COMUM'))
ON CONFLICT DO NOTHING;


INSERT INTO public."POSTO" ("CNPJ", "RazaoSocial", "NomeFantasia", "Bandeira", "Logradouro", "Numero", "Bairro", "Cidade", "Estado", "CEP")
VALUES ('04.145.589/0011-49', 'ARARA AZUL REDE DE POSTOS LTDA.', 'POSTO ARARA AZUL', 'RAIZEN', 'AVENIDA FRANCISCO LACERDA AQUIAR', '530', 'ITAPARICA', 'VILA VELHA', 'ESPIRITO SANTO', '29102022')
ON CONFLICT ("CNPJ") DO NOTHING;


INSERT INTO public."COMBUSTIVEL" ("Nome")
VALUES ('GASOLINA ADITIVADA')
ON CONFLICT ("Nome") DO NOTHING;


INSERT INTO public."PRECO_COLETADO" ("Preco", "UnidadeMedida", "DataColeta", "PostoCNPJ", "CombustivelID")
VALUES (5.090, 'R$ / litro', '2022-10-10', '04.145.589/0011-49',
        (SELECT "ID_Combustivel" FROM public."COMBUSTIVEL" WHERE "Nome" = 'GASOLINA ADITIVADA'))
ON CONFLICT DO NOTHING;


INSERT INTO public."PRECO_COLETADO" ("Preco", "UnidadeMedida", "DataColeta", "PostoCNPJ", "CombustivelID")
VALUES (5.090, 'R$ / litro', '2022-10-17', '04.145.589/0011-49',
        (SELECT "ID_Combustivel" FROM public."COMBUSTIVEL" WHERE "Nome" = 'GASOLINA ADITIVADA'))
ON CONFLICT DO NOTHING;


INSERT INTO public."PRECO_COLETADO" ("Preco", "UnidadeMedida", "DataColeta", "PostoCNPJ", "CombustivelID")
VALUES (5.090, 'R$ / litro', '2022-11-07', '04.145.589/0011-49',
        (SELECT "ID_Combustivel" FROM public."COMBUSTIVEL" WHERE "Nome" = 'GASOLINA ADITIVADA'))
ON CONFLICT DO NOTHING;


INSERT INTO public."COMBUSTIVEL" ("Nome")
VALUES ('GASOLINA COMUM')
ON CONFLICT ("Nome") DO NOTHING;


INSERT INTO public."PRECO_COLETADO" ("Preco", "UnidadeMedida", "DataColeta", "PostoCNPJ", "CombustivelID")
VALUES (4.790, 'R$ / litro', '2022-10-10', '04.145.589/0011-49',
        (SELECT "ID_Combustivel" FROM public."COMBUSTIVEL" WHERE "Nome" = 'GASOLINA COMUM'))
ON CONFLICT DO NOTHING;


INSERT INTO public."PRECO_COLETADO" ("Preco", "UnidadeMedida", "DataColeta", "PostoCNPJ", "CombustivelID")
VALUES (4.790, 'R$ / litro', '2022-10-17', '04.145.589/0011-49',
        (SELECT "ID_Combustivel" FROM public."COMBUSTIVEL" WHERE "Nome" = 'GASOLINA COMUM'))
ON CONFLICT DO NOTHING;


INSERT INTO public."PRECO_COLETADO" ("Preco", "UnidadeMedida", "DataColeta", "PostoCNPJ", "CombustivelID")
VALUES (4.790, 'R$ / litro', '2022-11-07', '04.145.589/0011-49',
        (SELECT "ID_Combustivel" FROM public."COMBUSTIVEL" WHERE "Nome" = 'GASOLINA COMUM'))
ON CONFLICT DO NOTHING;


INSERT INTO public."COMBUSTIVEL" ("Nome")
VALUES ('ETANOL')
ON CONFLICT ("Nome") DO NOTHING;


INSERT INTO public."PRECO_COLETADO" ("Preco", "UnidadeMedida", "DataColeta", "PostoCNPJ", "CombustivelID")
VALUES (3.990, 'R$ / litro', '2022-10-10', '04.145.589/0011-49',
        (SELECT "ID_Combustivel" FROM public."COMBUSTIVEL" WHERE "Nome" = 'ETANOL'))
ON CONFLICT DO NOTHING;


INSERT INTO public."PRECO_COLETADO" ("Preco", "UnidadeMedida", "DataColeta", "PostoCNPJ", "CombustivelID")
VALUES (3.990, 'R$ / litro', '2022-10-17', '04.145.589/0011-49',
        (SELECT "ID_Combustivel" FROM public."COMBUSTIVEL" WHERE "Nome" = 'ETANOL'))
ON CONFLICT DO NOTHING;


INSERT INTO public."PRECO_COLETADO" ("Preco", "UnidadeMedida", "DataColeta", "PostoCNPJ", "CombustivelID")
VALUES (4.190, 'R$ / litro', '2022-11-07', '04.145.589/0011-49',
        (SELECT "ID_Combustivel" FROM public."COMBUSTIVEL" WHERE "Nome" = 'ETANOL'))
ON CONFLICT DO NOTHING;


INSERT INTO public."COMBUSTIVEL" ("Nome")
VALUES ('DIESEL S10')
ON CONFLICT ("Nome") DO NOTHING;


INSERT INTO public."PRECO_COLETADO" ("Preco", "UnidadeMedida", "DataColeta", "PostoCNPJ", "CombustivelID")
VALUES (6.540, 'R$ / litro', '2022-10-10', '04.145.589/0011-49',
        (SELECT "ID_Combustivel" FROM public."COMBUSTIVEL" WHERE "Nome" = 'DIESEL S10'))
ON CONFLICT DO NOTHING;


INSERT INTO public."PRECO_COLETADO" ("Preco", "UnidadeMedida", "DataColeta", "PostoCNPJ", "CombustivelID")
VALUES (6.390, 'R$ / litro', '2022-10-17', '04.145.589/0011-49',
        (SELECT "ID_Combustivel" FROM public."COMBUSTIVEL" WHERE "Nome" = 'DIESEL S10'))
ON CONFLICT DO NOTHING;


INSERT INTO public."PRECO_COLETADO" ("Preco", "UnidadeMedida", "DataColeta", "PostoCNPJ", "CombustivelID")
VALUES (6.370, 'R$ / litro', '2022-11-07', '04.145.589/0011-49',
        (SELECT "ID_Combustivel" FROM public."COMBUSTIVEL" WHERE "Nome" = 'DIESEL S10'))
ON CONFLICT DO NOTHING;


INSERT INTO public."POSTO" ("CNPJ", "RazaoSocial", "NomeFantasia", "Bandeira", "Logradouro", "Numero", "Bairro", "Cidade", "Estado", "CEP")
VALUES ('04.850.382/0001-01', 'POSTO ARIBIRI DO GAS LTDA', 'POSTO ARIBIRI', 'VIBRA ENERGIA', 'AVENIDA CARLOS LINDEMBERG', '1944', 'SANTA INEZ', 'VILA VELHA', 'ESPIRITO SANTO', '29108075')
ON CONFLICT ("CNPJ") DO NOTHING;


INSERT INTO public."COMBUSTIVEL" ("Nome")
VALUES ('ETANOL')
ON CONFLICT ("Nome") DO NOTHING;


INSERT INTO public."PRECO_COLETADO" ("Preco", "UnidadeMedida", "DataColeta", "PostoCNPJ", "CombustivelID")
VALUES (3.990, 'R$ / litro', '2022-10-10', '04.850.382/0001-01',
        (SELECT "ID_Combustivel" FROM public."COMBUSTIVEL" WHERE "Nome" = 'ETANOL'))
ON CONFLICT DO NOTHING;


INSERT INTO public."PRECO_COLETADO" ("Preco", "UnidadeMedida", "DataColeta", "PostoCNPJ", "CombustivelID")
VALUES (4.190, 'R$ / litro', '2022-10-17', '04.850.382/0001-01',
        (SELECT "ID_Combustivel" FROM public."COMBUSTIVEL" WHERE "Nome" = 'ETANOL'))
ON CONFLICT DO NOTHING;


INSERT INTO public."PRECO_COLETADO" ("Preco", "UnidadeMedida", "DataColeta", "PostoCNPJ", "CombustivelID")
VALUES (4.340, 'R$ / litro', '2022-11-07', '04.850.382/0001-01',
        (SELECT "ID_Combustivel" FROM public."COMBUSTIVEL" WHERE "Nome" = 'ETANOL'))
ON CONFLICT DO NOTHING;


INSERT INTO public."COMBUSTIVEL" ("Nome")
VALUES ('DIESEL S10')
ON CONFLICT ("Nome") DO NOTHING;


INSERT INTO public."PRECO_COLETADO" ("Preco", "UnidadeMedida", "DataColeta", "PostoCNPJ", "CombustivelID")
VALUES (6.490, 'R$ / litro', '2022-10-10', '04.850.382/0001-01',
        (SELECT "ID_Combustivel" FROM public."COMBUSTIVEL" WHERE "Nome" = 'DIESEL S10'))
ON CONFLICT DO NOTHING;


INSERT INTO public."PRECO_COLETADO" ("Preco", "UnidadeMedida", "DataColeta", "PostoCNPJ", "CombustivelID")
VALUES (6.390, 'R$ / litro', '2022-10-17', '04.850.382/0001-01',
        (SELECT "ID_Combustivel" FROM public."COMBUSTIVEL" WHERE "Nome" = 'DIESEL S10'))
ON CONFLICT DO NOTHING;


INSERT INTO public."PRECO_COLETADO" ("Preco", "UnidadeMedida", "DataColeta", "PostoCNPJ", "CombustivelID")
VALUES (6.390, 'R$ / litro', '2022-11-07', '04.850.382/0001-01',
        (SELECT "ID_Combustivel" FROM public."COMBUSTIVEL" WHERE "Nome" = 'DIESEL S10'))
ON CONFLICT DO NOTHING;


INSERT INTO public."COMBUSTIVEL" ("Nome")
VALUES ('GASOLINA ADITIVADA')
ON CONFLICT ("Nome") DO NOTHING;


INSERT INTO public."PRECO_COLETADO" ("Preco", "UnidadeMedida", "DataColeta", "PostoCNPJ", "CombustivelID")
VALUES (4.990, 'R$ / litro', '2022-10-10', '04.850.382/0001-01',
        (SELECT "ID_Combustivel" FROM public."COMBUSTIVEL" WHERE "Nome" = 'GASOLINA ADITIVADA'))
ON CONFLICT DO NOTHING;


INSERT INTO public."PRECO_COLETADO" ("Preco", "UnidadeMedida", "DataColeta", "PostoCNPJ", "CombustivelID")
VALUES (4.990, 'R$ / litro', '2022-10-17', '04.850.382/0001-01',
        (SELECT "ID_Combustivel" FROM public."COMBUSTIVEL" WHERE "Nome" = 'GASOLINA ADITIVADA'))
ON CONFLICT DO NOTHING;


INSERT INTO public."PRECO_COLETADO" ("Preco", "UnidadeMedida", "DataColeta", "PostoCNPJ", "CombustivelID")
VALUES (4.990, 'R$ / litro', '2022-11-07', '04.850.382/0001-01',
        (SELECT "ID_Combustivel" FROM public."COMBUSTIVEL" WHERE "Nome" = 'GASOLINA ADITIVADA'))
ON CONFLICT DO NOTHING;


INSERT INTO public."COMBUSTIVEL" ("Nome")
VALUES ('GASOLINA COMUM')
ON CONFLICT ("Nome") DO NOTHING;


INSERT INTO public."PRECO_COLETADO" ("Preco", "UnidadeMedida", "DataColeta", "PostoCNPJ", "CombustivelID")
VALUES (4.790, 'R$ / litro', '2022-10-10', '04.850.382/0001-01',
        (SELECT "ID_Combustivel" FROM public."COMBUSTIVEL" WHERE "Nome" = 'GASOLINA COMUM'))
ON CONFLICT DO NOTHING;


INSERT INTO public."PRECO_COLETADO" ("Preco", "UnidadeMedida", "DataColeta", "PostoCNPJ", "CombustivelID")
VALUES (4.790, 'R$ / litro', '2022-10-17', '04.850.382/0001-01',
        (SELECT "ID_Combustivel" FROM public."COMBUSTIVEL" WHERE "Nome" = 'GASOLINA COMUM'))
ON CONFLICT DO NOTHING;


INSERT INTO public."PRECO_COLETADO" ("Preco", "UnidadeMedida", "DataColeta", "PostoCNPJ", "CombustivelID")
VALUES (4.790, 'R$ / litro', '2022-11-07', '04.850.382/0001-01',
        (SELECT "ID_Combustivel" FROM public."COMBUSTIVEL" WHERE "Nome" = 'GASOLINA COMUM'))
ON CONFLICT DO NOTHING;


INSERT INTO public."POSTO" ("CNPJ", "RazaoSocial", "NomeFantasia", "Bandeira", "Logradouro", "Numero", "Bairro", "Cidade", "Estado", "CEP")
VALUES ('04.763.356/0001-38', 'POSTO SETE EIRELI', 'POSTO 7', 'IPIRANGA', 'AVENIDA CARLOS LINDENBERG', '1896', 'ARIBIRI', 'VILA VELHA', 'ESPIRITO SANTO', '29120568')
ON CONFLICT ("CNPJ") DO NOTHING;


INSERT INTO public."COMBUSTIVEL" ("Nome")
VALUES ('ETANOL')
ON CONFLICT ("Nome") DO NOTHING;


INSERT INTO public."PRECO_COLETADO" ("Preco", "UnidadeMedida", "DataColeta", "PostoCNPJ", "CombustivelID")
VALUES (3.750, 'R$ / litro', '2022-10-10', '04.763.356/0001-38',
        (SELECT "ID_Combustivel" FROM public."COMBUSTIVEL" WHERE "Nome" = 'ETANOL'))
ON CONFLICT DO NOTHING;


INSERT INTO public."PRECO_COLETADO" ("Preco", "UnidadeMedida", "DataColeta", "PostoCNPJ", "CombustivelID")
VALUES (3.760, 'R$ / litro', '2022-10-17', '04.763.356/0001-38',
        (SELECT "ID_Combustivel" FROM public."COMBUSTIVEL" WHERE "Nome" = 'ETANOL'))
ON CONFLICT DO NOTHING;


INSERT INTO public."PRECO_COLETADO" ("Preco", "UnidadeMedida", "DataColeta", "PostoCNPJ", "CombustivelID")
VALUES (3.790, 'R$ / litro', '2022-11-07', '04.763.356/0001-38',
        (SELECT "ID_Combustivel" FROM public."COMBUSTIVEL" WHERE "Nome" = 'ETANOL'))
ON CONFLICT DO NOTHING;


INSERT INTO public."COMBUSTIVEL" ("Nome")
VALUES ('DIESEL S10')
ON CONFLICT ("Nome") DO NOTHING;


INSERT INTO public."PRECO_COLETADO" ("Preco", "UnidadeMedida", "DataColeta", "PostoCNPJ", "CombustivelID")
VALUES (6.390, 'R$ / litro', '2022-10-10', '04.763.356/0001-38',
        (SELECT "ID_Combustivel" FROM public."COMBUSTIVEL" WHERE "Nome" = 'DIESEL S10'))
ON CONFLICT DO NOTHING;


INSERT INTO public."PRECO_COLETADO" ("Preco", "UnidadeMedida", "DataColeta", "PostoCNPJ", "CombustivelID")
VALUES (6.330, 'R$ / litro', '2022-10-17', '04.763.356/0001-38',
        (SELECT "ID_Combustivel" FROM public."COMBUSTIVEL" WHERE "Nome" = 'DIESEL S10'))
ON CONFLICT DO NOTHING;


INSERT INTO public."PRECO_COLETADO" ("Preco", "UnidadeMedida", "DataColeta", "PostoCNPJ", "CombustivelID")
VALUES (6.270, 'R$ / litro', '2022-11-07', '04.763.356/0001-38',
        (SELECT "ID_Combustivel" FROM public."COMBUSTIVEL" WHERE "Nome" = 'DIESEL S10'))
ON CONFLICT DO NOTHING;


INSERT INTO public."COMBUSTIVEL" ("Nome")
VALUES ('DIESEL S500')
ON CONFLICT ("Nome") DO NOTHING;


INSERT INTO public."PRECO_COLETADO" ("Preco", "UnidadeMedida", "DataColeta", "PostoCNPJ", "CombustivelID")
VALUES (6.350, 'R$ / litro', '2022-10-10', '04.763.356/0001-38',
        (SELECT "ID_Combustivel" FROM public."COMBUSTIVEL" WHERE "Nome" = 'DIESEL S500'))
ON CONFLICT DO NOTHING;


INSERT INTO public."PRECO_COLETADO" ("Preco", "UnidadeMedida", "DataColeta", "PostoCNPJ", "CombustivelID")
VALUES (6.250, 'R$ / litro', '2022-10-17', '04.763.356/0001-38',
        (SELECT "ID_Combustivel" FROM public."COMBUSTIVEL" WHERE "Nome" = 'DIESEL S500'))
ON CONFLICT DO NOTHING;


INSERT INTO public."PRECO_COLETADO" ("Preco", "UnidadeMedida", "DataColeta", "PostoCNPJ", "CombustivelID")
VALUES (6.190, 'R$ / litro', '2022-11-07', '04.763.356/0001-38',
        (SELECT "ID_Combustivel" FROM public."COMBUSTIVEL" WHERE "Nome" = 'DIESEL S500'))
ON CONFLICT DO NOTHING;


INSERT INTO public."COMBUSTIVEL" ("Nome")
VALUES ('GASOLINA ADITIVADA')
ON CONFLICT ("Nome") DO NOTHING;


INSERT INTO public."PRECO_COLETADO" ("Preco", "UnidadeMedida", "DataColeta", "PostoCNPJ", "CombustivelID")
VALUES (4.750, 'R$ / litro', '2022-10-10', '04.763.356/0001-38',
        (SELECT "ID_Combustivel" FROM public."COMBUSTIVEL" WHERE "Nome" = 'GASOLINA ADITIVADA'))
ON CONFLICT DO NOTHING;


INSERT INTO public."PRECO_COLETADO" ("Preco", "UnidadeMedida", "DataColeta", "PostoCNPJ", "CombustivelID")
VALUES (4.750, 'R$ / litro', '2022-10-17', '04.763.356/0001-38',
        (SELECT "ID_Combustivel" FROM public."COMBUSTIVEL" WHERE "Nome" = 'GASOLINA ADITIVADA'))
ON CONFLICT DO NOTHING;


INSERT INTO public."PRECO_COLETADO" ("Preco", "UnidadeMedida", "DataColeta", "PostoCNPJ", "CombustivelID")
VALUES (4.750, 'R$ / litro', '2022-11-07', '04.763.356/0001-38',
        (SELECT "ID_Combustivel" FROM public."COMBUSTIVEL" WHERE "Nome" = 'GASOLINA ADITIVADA'))
ON CONFLICT DO NOTHING;


INSERT INTO public."COMBUSTIVEL" ("Nome")
VALUES ('GASOLINA COMUM')
ON CONFLICT ("Nome") DO NOTHING;


INSERT INTO public."PRECO_COLETADO" ("Preco", "UnidadeMedida", "DataColeta", "PostoCNPJ", "CombustivelID")
VALUES (4.690, 'R$ / litro', '2022-10-10', '04.763.356/0001-38',
        (SELECT "ID_Combustivel" FROM public."COMBUSTIVEL" WHERE "Nome" = 'GASOLINA COMUM'))
ON CONFLICT DO NOTHING;


INSERT INTO public."PRECO_COLETADO" ("Preco", "UnidadeMedida", "DataColeta", "PostoCNPJ", "CombustivelID")
VALUES (4.690, 'R$ / litro', '2022-10-17', '04.763.356/0001-38',
        (SELECT "ID_Combustivel" FROM public."COMBUSTIVEL" WHERE "Nome" = 'GASOLINA COMUM'))
ON CONFLICT DO NOTHING;


INSERT INTO public."PRECO_COLETADO" ("Preco", "UnidadeMedida", "DataColeta", "PostoCNPJ", "CombustivelID")
VALUES (4.690, 'R$ / litro', '2022-11-07', '04.763.356/0001-38',
        (SELECT "ID_Combustivel" FROM public."COMBUSTIVEL" WHERE "Nome" = 'GASOLINA COMUM'))
ON CONFLICT DO NOTHING;


INSERT INTO public."POSTO" ("CNPJ", "RazaoSocial", "NomeFantasia", "Bandeira", "Logradouro", "Numero", "Bairro", "Cidade", "Estado", "CEP")
VALUES ('01.496.517/0001-86', 'POSTO PERIM LTDA', 'POSTO PERIM LTDA', 'VIBRA ENERGIA', 'RUA SANTA LEOPOLDINA', '1650', 'ITAPARICA', 'VILA VELHA', 'ESPIRITO SANTO', '29102040')
ON CONFLICT ("CNPJ") DO NOTHING;


INSERT INTO public."COMBUSTIVEL" ("Nome")
VALUES ('ETANOL')
ON CONFLICT ("Nome") DO NOTHING;


INSERT INTO public."PRECO_COLETADO" ("Preco", "UnidadeMedida", "DataColeta", "PostoCNPJ", "CombustivelID")
VALUES (4.390, 'R$ / litro', '2022-10-10', '01.496.517/0001-86',
        (SELECT "ID_Combustivel" FROM public."COMBUSTIVEL" WHERE "Nome" = 'ETANOL'))
ON CONFLICT DO NOTHING;


INSERT INTO public."PRECO_COLETADO" ("Preco", "UnidadeMedida", "DataColeta", "PostoCNPJ", "CombustivelID")
VALUES (4.390, 'R$ / litro', '2022-10-17', '01.496.517/0001-86',
        (SELECT "ID_Combustivel" FROM public."COMBUSTIVEL" WHERE "Nome" = 'ETANOL'))
ON CONFLICT DO NOTHING;


INSERT INTO public."PRECO_COLETADO" ("Preco", "UnidadeMedida", "DataColeta", "PostoCNPJ", "CombustivelID")
VALUES (4.390, 'R$ / litro', '2022-11-07', '01.496.517/0001-86',
        (SELECT "ID_Combustivel" FROM public."COMBUSTIVEL" WHERE "Nome" = 'ETANOL'))
ON CONFLICT DO NOTHING;


INSERT INTO public."COMBUSTIVEL" ("Nome")
VALUES ('DIESEL S10')
ON CONFLICT ("Nome") DO NOTHING;


INSERT INTO public."PRECO_COLETADO" ("Preco", "UnidadeMedida", "DataColeta", "PostoCNPJ", "CombustivelID")
VALUES (6.590, 'R$ / litro', '2022-10-10', '01.496.517/0001-86',
        (SELECT "ID_Combustivel" FROM public."COMBUSTIVEL" WHERE "Nome" = 'DIESEL S10'))
ON CONFLICT DO NOTHING;


INSERT INTO public."PRECO_COLETADO" ("Preco", "UnidadeMedida", "DataColeta", "PostoCNPJ", "CombustivelID")
VALUES (6.590, 'R$ / litro', '2022-10-17', '01.496.517/0001-86',
        (SELECT "ID_Combustivel" FROM public."COMBUSTIVEL" WHERE "Nome" = 'DIESEL S10'))
ON CONFLICT DO NOTHING;


INSERT INTO public."PRECO_COLETADO" ("Preco", "UnidadeMedida", "DataColeta", "PostoCNPJ", "CombustivelID")
VALUES (6.590, 'R$ / litro', '2022-11-07', '01.496.517/0001-86',
        (SELECT "ID_Combustivel" FROM public."COMBUSTIVEL" WHERE "Nome" = 'DIESEL S10'))
ON CONFLICT DO NOTHING;


INSERT INTO public."COMBUSTIVEL" ("Nome")
VALUES ('GASOLINA ADITIVADA')
ON CONFLICT ("Nome") DO NOTHING;


INSERT INTO public."PRECO_COLETADO" ("Preco", "UnidadeMedida", "DataColeta", "PostoCNPJ", "CombustivelID")
VALUES (5.090, 'R$ / litro', '2022-10-10', '01.496.517/0001-86',
        (SELECT "ID_Combustivel" FROM public."COMBUSTIVEL" WHERE "Nome" = 'GASOLINA ADITIVADA'))
ON CONFLICT DO NOTHING;


INSERT INTO public."PRECO_COLETADO" ("Preco", "UnidadeMedida", "DataColeta", "PostoCNPJ", "CombustivelID")
VALUES (5.190, 'R$ / litro', '2022-10-17', '01.496.517/0001-86',
        (SELECT "ID_Combustivel" FROM public."COMBUSTIVEL" WHERE "Nome" = 'GASOLINA ADITIVADA'))
ON CONFLICT DO NOTHING;


INSERT INTO public."PRECO_COLETADO" ("Preco", "UnidadeMedida", "DataColeta", "PostoCNPJ", "CombustivelID")
VALUES (5.190, 'R$ / litro', '2022-11-07', '01.496.517/0001-86',
        (SELECT "ID_Combustivel" FROM public."COMBUSTIVEL" WHERE "Nome" = 'GASOLINA ADITIVADA'))
ON CONFLICT DO NOTHING;


INSERT INTO public."COMBUSTIVEL" ("Nome")
VALUES ('GASOLINA COMUM')
ON CONFLICT ("Nome") DO NOTHING;


INSERT INTO public."PRECO_COLETADO" ("Preco", "UnidadeMedida", "DataColeta", "PostoCNPJ", "CombustivelID")
VALUES (4.790, 'R$ / litro', '2022-10-10', '01.496.517/0001-86',
        (SELECT "ID_Combustivel" FROM public."COMBUSTIVEL" WHERE "Nome" = 'GASOLINA COMUM'))
ON CONFLICT DO NOTHING;


INSERT INTO public."PRECO_COLETADO" ("Preco", "UnidadeMedida", "DataColeta", "PostoCNPJ", "CombustivelID")
VALUES (4.890, 'R$ / litro', '2022-10-17', '01.496.517/0001-86',
        (SELECT "ID_Combustivel" FROM public."COMBUSTIVEL" WHERE "Nome" = 'GASOLINA COMUM'))
ON CONFLICT DO NOTHING;


INSERT INTO public."PRECO_COLETADO" ("Preco", "UnidadeMedida", "DataColeta", "PostoCNPJ", "CombustivelID")
VALUES (4.890, 'R$ / litro', '2022-11-07', '01.496.517/0001-86',
        (SELECT "ID_Combustivel" FROM public."COMBUSTIVEL" WHERE "Nome" = 'GASOLINA COMUM'))
ON CONFLICT DO NOTHING;


INSERT INTO public."POSTO" ("CNPJ", "RazaoSocial", "NomeFantasia", "Bandeira", "Logradouro", "Numero", "Bairro", "Cidade", "Estado", "CEP")
VALUES ('04.165.053/0001-13', 'GLORIA POSTOS E SERVICOS LTDA', 'GLORIA POSTOS E SERVICOS', 'RAIZEN', 'AVENIDA MINISTRO SALGADO FILHO', '65', 'GLORIA', 'VILA VELHA', 'ESPIRITO SANTO', '29106010')
ON CONFLICT ("CNPJ") DO NOTHING;


INSERT INTO public."COMBUSTIVEL" ("Nome")
VALUES ('ETANOL')
ON CONFLICT ("Nome") DO NOTHING;


INSERT INTO public."PRECO_COLETADO" ("Preco", "UnidadeMedida", "DataColeta", "PostoCNPJ", "CombustivelID")
VALUES (3.990, 'R$ / litro', '2022-10-10', '04.165.053/0001-13',
        (SELECT "ID_Combustivel" FROM public."COMBUSTIVEL" WHERE "Nome" = 'ETANOL'))
ON CONFLICT DO NOTHING;


INSERT INTO public."PRECO_COLETADO" ("Preco", "UnidadeMedida", "DataColeta", "PostoCNPJ", "CombustivelID")
VALUES (3.790, 'R$ / litro', '2022-10-17', '04.165.053/0001-13',
        (SELECT "ID_Combustivel" FROM public."COMBUSTIVEL" WHERE "Nome" = 'ETANOL'))
ON CONFLICT DO NOTHING;


INSERT INTO public."PRECO_COLETADO" ("Preco", "UnidadeMedida", "DataColeta", "PostoCNPJ", "CombustivelID")
VALUES (3.790, 'R$ / litro', '2022-11-07', '04.165.053/0001-13',
        (SELECT "ID_Combustivel" FROM public."COMBUSTIVEL" WHERE "Nome" = 'ETANOL'))
ON CONFLICT DO NOTHING;


INSERT INTO public."COMBUSTIVEL" ("Nome")
VALUES ('DIESEL S10')
ON CONFLICT ("Nome") DO NOTHING;


INSERT INTO public."PRECO_COLETADO" ("Preco", "UnidadeMedida", "DataColeta", "PostoCNPJ", "CombustivelID")
VALUES (6.690, 'R$ / litro', '2022-10-10', '04.165.053/0001-13',
        (SELECT "ID_Combustivel" FROM public."COMBUSTIVEL" WHERE "Nome" = 'DIESEL S10'))
ON CONFLICT DO NOTHING;


INSERT INTO public."PRECO_COLETADO" ("Preco", "UnidadeMedida", "DataColeta", "PostoCNPJ", "CombustivelID")
VALUES (6.590, 'R$ / litro', '2022-10-17', '04.165.053/0001-13',
        (SELECT "ID_Combustivel" FROM public."COMBUSTIVEL" WHERE "Nome" = 'DIESEL S10'))
ON CONFLICT DO NOTHING;


INSERT INTO public."PRECO_COLETADO" ("Preco", "UnidadeMedida", "DataColeta", "PostoCNPJ", "CombustivelID")
VALUES (6.490, 'R$ / litro', '2022-11-07', '04.165.053/0001-13',
        (SELECT "ID_Combustivel" FROM public."COMBUSTIVEL" WHERE "Nome" = 'DIESEL S10'))
ON CONFLICT DO NOTHING;


INSERT INTO public."COMBUSTIVEL" ("Nome")
VALUES ('DIESEL S500')
ON CONFLICT ("Nome") DO NOTHING;


INSERT INTO public."PRECO_COLETADO" ("Preco", "UnidadeMedida", "DataColeta", "PostoCNPJ", "CombustivelID")
VALUES (6.660, 'R$ / litro', '2022-10-10', '04.165.053/0001-13',
        (SELECT "ID_Combustivel" FROM public."COMBUSTIVEL" WHERE "Nome" = 'DIESEL S500'))
ON CONFLICT DO NOTHING;


INSERT INTO public."PRECO_COLETADO" ("Preco", "UnidadeMedida", "DataColeta", "PostoCNPJ", "CombustivelID")
VALUES (6.460, 'R$ / litro', '2022-10-17', '04.165.053/0001-13',
        (SELECT "ID_Combustivel" FROM public."COMBUSTIVEL" WHERE "Nome" = 'DIESEL S500'))
ON CONFLICT DO NOTHING;


INSERT INTO public."PRECO_COLETADO" ("Preco", "UnidadeMedida", "DataColeta", "PostoCNPJ", "CombustivelID")
VALUES (6.360, 'R$ / litro', '2022-11-07', '04.165.053/0001-13',
        (SELECT "ID_Combustivel" FROM public."COMBUSTIVEL" WHERE "Nome" = 'DIESEL S500'))
ON CONFLICT DO NOTHING;


INSERT INTO public."COMBUSTIVEL" ("Nome")
VALUES ('GASOLINA ADITIVADA')
ON CONFLICT ("Nome") DO NOTHING;


INSERT INTO public."PRECO_COLETADO" ("Preco", "UnidadeMedida", "DataColeta", "PostoCNPJ", "CombustivelID")
VALUES (4.990, 'R$ / litro', '2022-10-10', '04.165.053/0001-13',
        (SELECT "ID_Combustivel" FROM public."COMBUSTIVEL" WHERE "Nome" = 'GASOLINA ADITIVADA'))
ON CONFLICT DO NOTHING;


INSERT INTO public."PRECO_COLETADO" ("Preco", "UnidadeMedida", "DataColeta", "PostoCNPJ", "CombustivelID")
VALUES (4.990, 'R$ / litro', '2022-10-17', '04.165.053/0001-13',
        (SELECT "ID_Combustivel" FROM public."COMBUSTIVEL" WHERE "Nome" = 'GASOLINA ADITIVADA'))
ON CONFLICT DO NOTHING;


INSERT INTO public."PRECO_COLETADO" ("Preco", "UnidadeMedida", "DataColeta", "PostoCNPJ", "CombustivelID")
VALUES (4.990, 'R$ / litro', '2022-11-07', '04.165.053/0001-13',
        (SELECT "ID_Combustivel" FROM public."COMBUSTIVEL" WHERE "Nome" = 'GASOLINA ADITIVADA'))
ON CONFLICT DO NOTHING;


INSERT INTO public."COMBUSTIVEL" ("Nome")
VALUES ('GASOLINA COMUM')
ON CONFLICT ("Nome") DO NOTHING;


INSERT INTO public."PRECO_COLETADO" ("Preco", "UnidadeMedida", "DataColeta", "PostoCNPJ", "CombustivelID")
VALUES (4.790, 'R$ / litro', '2022-10-10', '04.165.053/0001-13',
        (SELECT "ID_Combustivel" FROM public."COMBUSTIVEL" WHERE "Nome" = 'GASOLINA COMUM'))
ON CONFLICT DO NOTHING;


INSERT INTO public."PRECO_COLETADO" ("Preco", "UnidadeMedida", "DataColeta", "PostoCNPJ", "CombustivelID")
VALUES (4.790, 'R$ / litro', '2022-10-17', '04.165.053/0001-13',
        (SELECT "ID_Combustivel" FROM public."COMBUSTIVEL" WHERE "Nome" = 'GASOLINA COMUM'))
ON CONFLICT DO NOTHING;


INSERT INTO public."PRECO_COLETADO" ("Preco", "UnidadeMedida", "DataColeta", "PostoCNPJ", "CombustivelID")
VALUES (4.790, 'R$ / litro', '2022-11-07', '04.165.053/0001-13',
        (SELECT "ID_Combustivel" FROM public."COMBUSTIVEL" WHERE "Nome" = 'GASOLINA COMUM'))
ON CONFLICT DO NOTHING;


INSERT INTO public."POSTO" ("CNPJ", "RazaoSocial", "NomeFantasia", "Bandeira", "Logradouro", "Numero", "Bairro", "Cidade", "Estado", "CEP")
VALUES ('02.648.712/0001-47', 'AUTO POSTO E SERVICOS ZUMACH LTDA', 'POSTO SHALOM', 'BRANCA', 'AVENIDA VITORIA REGIA', '1.4', 'JARDIM ASTECA', 'VILA VELHA', 'ESPIRITO SANTO', '29104485')
ON CONFLICT ("CNPJ") DO NOTHING;


INSERT INTO public."COMBUSTIVEL" ("Nome")
VALUES ('ETANOL')
ON CONFLICT ("Nome") DO NOTHING;


INSERT INTO public."PRECO_COLETADO" ("Preco", "UnidadeMedida", "DataColeta", "PostoCNPJ", "CombustivelID")
VALUES (4.090, 'R$ / litro', '2022-10-10', '02.648.712/0001-47',
        (SELECT "ID_Combustivel" FROM public."COMBUSTIVEL" WHERE "Nome" = 'ETANOL'))
ON CONFLICT DO NOTHING;


INSERT INTO public."PRECO_COLETADO" ("Preco", "UnidadeMedida", "DataColeta", "PostoCNPJ", "CombustivelID")
VALUES (4.090, 'R$ / litro', '2022-10-17', '02.648.712/0001-47',
        (SELECT "ID_Combustivel" FROM public."COMBUSTIVEL" WHERE "Nome" = 'ETANOL'))
ON CONFLICT DO NOTHING;


INSERT INTO public."PRECO_COLETADO" ("Preco", "UnidadeMedida", "DataColeta", "PostoCNPJ", "CombustivelID")
VALUES (4.090, 'R$ / litro', '2022-11-07', '02.648.712/0001-47',
        (SELECT "ID_Combustivel" FROM public."COMBUSTIVEL" WHERE "Nome" = 'ETANOL'))
ON CONFLICT DO NOTHING;


INSERT INTO public."COMBUSTIVEL" ("Nome")
VALUES ('DIESEL S10')
ON CONFLICT ("Nome") DO NOTHING;


INSERT INTO public."PRECO_COLETADO" ("Preco", "UnidadeMedida", "DataColeta", "PostoCNPJ", "CombustivelID")
VALUES (6.590, 'R$ / litro', '2022-10-10', '02.648.712/0001-47',
        (SELECT "ID_Combustivel" FROM public."COMBUSTIVEL" WHERE "Nome" = 'DIESEL S10'))
ON CONFLICT DO NOTHING;


INSERT INTO public."PRECO_COLETADO" ("Preco", "UnidadeMedida", "DataColeta", "PostoCNPJ", "CombustivelID")
VALUES (6.490, 'R$ / litro', '2022-10-17', '02.648.712/0001-47',
        (SELECT "ID_Combustivel" FROM public."COMBUSTIVEL" WHERE "Nome" = 'DIESEL S10'))
ON CONFLICT DO NOTHING;


INSERT INTO public."PRECO_COLETADO" ("Preco", "UnidadeMedida", "DataColeta", "PostoCNPJ", "CombustivelID")
VALUES (6.490, 'R$ / litro', '2022-11-07', '02.648.712/0001-47',
        (SELECT "ID_Combustivel" FROM public."COMBUSTIVEL" WHERE "Nome" = 'DIESEL S10'))
ON CONFLICT DO NOTHING;


INSERT INTO public."COMBUSTIVEL" ("Nome")
VALUES ('GASOLINA ADITIVADA')
ON CONFLICT ("Nome") DO NOTHING;


INSERT INTO public."PRECO_COLETADO" ("Preco", "UnidadeMedida", "DataColeta", "PostoCNPJ", "CombustivelID")
VALUES (4.990, 'R$ / litro', '2022-10-10', '02.648.712/0001-47',
        (SELECT "ID_Combustivel" FROM public."COMBUSTIVEL" WHERE "Nome" = 'GASOLINA ADITIVADA'))
ON CONFLICT DO NOTHING;


INSERT INTO public."PRECO_COLETADO" ("Preco", "UnidadeMedida", "DataColeta", "PostoCNPJ", "CombustivelID")
VALUES (4.990, 'R$ / litro', '2022-10-17', '02.648.712/0001-47',
        (SELECT "ID_Combustivel" FROM public."COMBUSTIVEL" WHERE "Nome" = 'GASOLINA ADITIVADA'))
ON CONFLICT DO NOTHING;


INSERT INTO public."PRECO_COLETADO" ("Preco", "UnidadeMedida", "DataColeta", "PostoCNPJ", "CombustivelID")
VALUES (4.990, 'R$ / litro', '2022-11-07', '02.648.712/0001-47',
        (SELECT "ID_Combustivel" FROM public."COMBUSTIVEL" WHERE "Nome" = 'GASOLINA ADITIVADA'))
ON CONFLICT DO NOTHING;


INSERT INTO public."COMBUSTIVEL" ("Nome")
VALUES ('GASOLINA COMUM')
ON CONFLICT ("Nome") DO NOTHING;


INSERT INTO public."PRECO_COLETADO" ("Preco", "UnidadeMedida", "DataColeta", "PostoCNPJ", "CombustivelID")
VALUES (4.790, 'R$ / litro', '2022-10-10', '02.648.712/0001-47',
        (SELECT "ID_Combustivel" FROM public."COMBUSTIVEL" WHERE "Nome" = 'GASOLINA COMUM'))
ON CONFLICT DO NOTHING;


INSERT INTO public."PRECO_COLETADO" ("Preco", "UnidadeMedida", "DataColeta", "PostoCNPJ", "CombustivelID")
VALUES (4.790, 'R$ / litro', '2022-10-17', '02.648.712/0001-47',
        (SELECT "ID_Combustivel" FROM public."COMBUSTIVEL" WHERE "Nome" = 'GASOLINA COMUM'))
ON CONFLICT DO NOTHING;


INSERT INTO public."PRECO_COLETADO" ("Preco", "UnidadeMedida", "DataColeta", "PostoCNPJ", "CombustivelID")
VALUES (4.790, 'R$ / litro', '2022-11-07', '02.648.712/0001-47',
        (SELECT "ID_Combustivel" FROM public."COMBUSTIVEL" WHERE "Nome" = 'GASOLINA COMUM'))
ON CONFLICT DO NOTHING;


INSERT INTO public."POSTO" ("CNPJ", "RazaoSocial", "NomeFantasia", "Bandeira", "Logradouro", "Numero", "Bairro", "Cidade", "Estado", "CEP")
VALUES ('01.557.127/0001-79', 'AUTO POSTO ILHA DAS GARCAS LTDA', 'POSTO ILHA DAS GARÇAS', 'VIBRA ENERGIA', 'RUA MARIA DE OLIVEIRA MARES GUIA', '40', 'PRAIA DAS GAIVOTAS', 'VILA VELHA', 'ESPIRITO SANTO', '29102567')
ON CONFLICT ("CNPJ") DO NOTHING;


INSERT INTO public."COMBUSTIVEL" ("Nome")
VALUES ('ETANOL')
ON CONFLICT ("Nome") DO NOTHING;


INSERT INTO public."PRECO_COLETADO" ("Preco", "UnidadeMedida", "DataColeta", "PostoCNPJ", "CombustivelID")
VALUES (4.190, 'R$ / litro', '2022-10-10', '01.557.127/0001-79',
        (SELECT "ID_Combustivel" FROM public."COMBUSTIVEL" WHERE "Nome" = 'ETANOL'))
ON CONFLICT DO NOTHING;


INSERT INTO public."PRECO_COLETADO" ("Preco", "UnidadeMedida", "DataColeta", "PostoCNPJ", "CombustivelID")
VALUES (4.190, 'R$ / litro', '2022-11-07', '01.557.127/0001-79',
        (SELECT "ID_Combustivel" FROM public."COMBUSTIVEL" WHERE "Nome" = 'ETANOL'))
ON CONFLICT DO NOTHING;


INSERT INTO public."COMBUSTIVEL" ("Nome")
VALUES ('DIESEL S10')
ON CONFLICT ("Nome") DO NOTHING;


INSERT INTO public."PRECO_COLETADO" ("Preco", "UnidadeMedida", "DataColeta", "PostoCNPJ", "CombustivelID")
VALUES (6.490, 'R$ / litro', '2022-10-10', '01.557.127/0001-79',
        (SELECT "ID_Combustivel" FROM public."COMBUSTIVEL" WHERE "Nome" = 'DIESEL S10'))
ON CONFLICT DO NOTHING;


INSERT INTO public."PRECO_COLETADO" ("Preco", "UnidadeMedida", "DataColeta", "PostoCNPJ", "CombustivelID")
VALUES (6.490, 'R$ / litro', '2022-11-07', '01.557.127/0001-79',
        (SELECT "ID_Combustivel" FROM public."COMBUSTIVEL" WHERE "Nome" = 'DIESEL S10'))
ON CONFLICT DO NOTHING;


INSERT INTO public."COMBUSTIVEL" ("Nome")
VALUES ('GASOLINA ADITIVADA')
ON CONFLICT ("Nome") DO NOTHING;


INSERT INTO public."PRECO_COLETADO" ("Preco", "UnidadeMedida", "DataColeta", "PostoCNPJ", "CombustivelID")
VALUES (5.090, 'R$ / litro', '2022-10-10', '01.557.127/0001-79',
        (SELECT "ID_Combustivel" FROM public."COMBUSTIVEL" WHERE "Nome" = 'GASOLINA ADITIVADA'))
ON CONFLICT DO NOTHING;


INSERT INTO public."PRECO_COLETADO" ("Preco", "UnidadeMedida", "DataColeta", "PostoCNPJ", "CombustivelID")
VALUES (5.090, 'R$ / litro', '2022-11-07', '01.557.127/0001-79',
        (SELECT "ID_Combustivel" FROM public."COMBUSTIVEL" WHERE "Nome" = 'GASOLINA ADITIVADA'))
ON CONFLICT DO NOTHING;


INSERT INTO public."COMBUSTIVEL" ("Nome")
VALUES ('GASOLINA COMUM')
ON CONFLICT ("Nome") DO NOTHING;


INSERT INTO public."PRECO_COLETADO" ("Preco", "UnidadeMedida", "DataColeta", "PostoCNPJ", "CombustivelID")
VALUES (4.890, 'R$ / litro', '2022-10-10', '01.557.127/0001-79',
        (SELECT "ID_Combustivel" FROM public."COMBUSTIVEL" WHERE "Nome" = 'GASOLINA COMUM'))
ON CONFLICT DO NOTHING;


INSERT INTO public."PRECO_COLETADO" ("Preco", "UnidadeMedida", "DataColeta", "PostoCNPJ", "CombustivelID")
VALUES (4.890, 'R$ / litro', '2022-11-07', '01.557.127/0001-79',
        (SELECT "ID_Combustivel" FROM public."COMBUSTIVEL" WHERE "Nome" = 'GASOLINA COMUM'))
ON CONFLICT DO NOTHING;


INSERT INTO public."POSTO" ("CNPJ", "RazaoSocial", "NomeFantasia", "Bandeira", "Logradouro", "Numero", "Bairro", "Cidade", "Estado", "CEP")
VALUES ('01.503.536/0001-92', 'POSTO MARCELA LTDA', 'POSTO MARCELA', 'VIBRA ENERGIA', 'RUA DO PESSEGUEIRO', 'S/N', 'DIVINO ESPÍRITO SANTO', 'VILA VELHA', 'ESPIRITO SANTO', '29107230')
ON CONFLICT ("CNPJ") DO NOTHING;


INSERT INTO public."COMBUSTIVEL" ("Nome")
VALUES ('ETANOL')
ON CONFLICT ("Nome") DO NOTHING;


INSERT INTO public."PRECO_COLETADO" ("Preco", "UnidadeMedida", "DataColeta", "PostoCNPJ", "CombustivelID")
VALUES (3.990, 'R$ / litro', '2022-10-10', '01.503.536/0001-92',
        (SELECT "ID_Combustivel" FROM public."COMBUSTIVEL" WHERE "Nome" = 'ETANOL'))
ON CONFLICT DO NOTHING;


INSERT INTO public."PRECO_COLETADO" ("Preco", "UnidadeMedida", "DataColeta", "PostoCNPJ", "CombustivelID")
VALUES (3.990, 'R$ / litro', '2022-10-17', '01.503.536/0001-92',
        (SELECT "ID_Combustivel" FROM public."COMBUSTIVEL" WHERE "Nome" = 'ETANOL'))
ON CONFLICT DO NOTHING;


INSERT INTO public."PRECO_COLETADO" ("Preco", "UnidadeMedida", "DataColeta", "PostoCNPJ", "CombustivelID")
VALUES (4.340, 'R$ / litro', '2022-11-07', '01.503.536/0001-92',
        (SELECT "ID_Combustivel" FROM public."COMBUSTIVEL" WHERE "Nome" = 'ETANOL'))
ON CONFLICT DO NOTHING;


INSERT INTO public."COMBUSTIVEL" ("Nome")
VALUES ('DIESEL S10')
ON CONFLICT ("Nome") DO NOTHING;


INSERT INTO public."PRECO_COLETADO" ("Preco", "UnidadeMedida", "DataColeta", "PostoCNPJ", "CombustivelID")
VALUES (6.490, 'R$ / litro', '2022-10-10', '01.503.536/0001-92',
        (SELECT "ID_Combustivel" FROM public."COMBUSTIVEL" WHERE "Nome" = 'DIESEL S10'))
ON CONFLICT DO NOTHING;


INSERT INTO public."PRECO_COLETADO" ("Preco", "UnidadeMedida", "DataColeta", "PostoCNPJ", "CombustivelID")
VALUES (6.490, 'R$ / litro', '2022-10-17', '01.503.536/0001-92',
        (SELECT "ID_Combustivel" FROM public."COMBUSTIVEL" WHERE "Nome" = 'DIESEL S10'))
ON CONFLICT DO NOTHING;


INSERT INTO public."PRECO_COLETADO" ("Preco", "UnidadeMedida", "DataColeta", "PostoCNPJ", "CombustivelID")
VALUES (6.390, 'R$ / litro', '2022-11-07', '01.503.536/0001-92',
        (SELECT "ID_Combustivel" FROM public."COMBUSTIVEL" WHERE "Nome" = 'DIESEL S10'))
ON CONFLICT DO NOTHING;


INSERT INTO public."COMBUSTIVEL" ("Nome")
VALUES ('GASOLINA ADITIVADA')
ON CONFLICT ("Nome") DO NOTHING;


INSERT INTO public."PRECO_COLETADO" ("Preco", "UnidadeMedida", "DataColeta", "PostoCNPJ", "CombustivelID")
VALUES (4.990, 'R$ / litro', '2022-10-10', '01.503.536/0001-92',
        (SELECT "ID_Combustivel" FROM public."COMBUSTIVEL" WHERE "Nome" = 'GASOLINA ADITIVADA'))
ON CONFLICT DO NOTHING;


INSERT INTO public."PRECO_COLETADO" ("Preco", "UnidadeMedida", "DataColeta", "PostoCNPJ", "CombustivelID")
VALUES (4.990, 'R$ / litro', '2022-10-17', '01.503.536/0001-92',
        (SELECT "ID_Combustivel" FROM public."COMBUSTIVEL" WHERE "Nome" = 'GASOLINA ADITIVADA'))
ON CONFLICT DO NOTHING;


INSERT INTO public."PRECO_COLETADO" ("Preco", "UnidadeMedida", "DataColeta", "PostoCNPJ", "CombustivelID")
VALUES (4.990, 'R$ / litro', '2022-11-07', '01.503.536/0001-92',
        (SELECT "ID_Combustivel" FROM public."COMBUSTIVEL" WHERE "Nome" = 'GASOLINA ADITIVADA'))
ON CONFLICT DO NOTHING;


INSERT INTO public."COMBUSTIVEL" ("Nome")
VALUES ('GASOLINA COMUM')
ON CONFLICT ("Nome") DO NOTHING;


INSERT INTO public."PRECO_COLETADO" ("Preco", "UnidadeMedida", "DataColeta", "PostoCNPJ", "CombustivelID")
VALUES (4.790, 'R$ / litro', '2022-10-10', '01.503.536/0001-92',
        (SELECT "ID_Combustivel" FROM public."COMBUSTIVEL" WHERE "Nome" = 'GASOLINA COMUM'))
ON CONFLICT DO NOTHING;


INSERT INTO public."PRECO_COLETADO" ("Preco", "UnidadeMedida", "DataColeta", "PostoCNPJ", "CombustivelID")
VALUES (4.790, 'R$ / litro', '2022-10-17', '01.503.536/0001-92',
        (SELECT "ID_Combustivel" FROM public."COMBUSTIVEL" WHERE "Nome" = 'GASOLINA COMUM'))
ON CONFLICT DO NOTHING;


INSERT INTO public."PRECO_COLETADO" ("Preco", "UnidadeMedida", "DataColeta", "PostoCNPJ", "CombustivelID")
VALUES (4.790, 'R$ / litro', '2022-11-07', '01.503.536/0001-92',
        (SELECT "ID_Combustivel" FROM public."COMBUSTIVEL" WHERE "Nome" = 'GASOLINA COMUM'))
ON CONFLICT DO NOTHING;


INSERT INTO public."POSTO" ("CNPJ", "RazaoSocial", "NomeFantasia", "Bandeira", "Logradouro", "Numero", "Bairro", "Cidade", "Estado", "CEP")
VALUES ('01.166.046/0001-48', 'POSTO TIBERIO LTDA', 'POSTO TIBERIO', 'VIBRA ENERGIA', 'RODOVIA CARLOS LINDEMBERG', '386', 'JABURUNA', 'VILA VELHA', 'ESPIRITO SANTO', '29123600')
ON CONFLICT ("CNPJ") DO NOTHING;


INSERT INTO public."COMBUSTIVEL" ("Nome")
VALUES ('ETANOL')
ON CONFLICT ("Nome") DO NOTHING;


INSERT INTO public."PRECO_COLETADO" ("Preco", "UnidadeMedida", "DataColeta", "PostoCNPJ", "CombustivelID")
VALUES (3.990, 'R$ / litro', '2022-10-10', '01.166.046/0001-48',
        (SELECT "ID_Combustivel" FROM public."COMBUSTIVEL" WHERE "Nome" = 'ETANOL'))
ON CONFLICT DO NOTHING;


INSERT INTO public."PRECO_COLETADO" ("Preco", "UnidadeMedida", "DataColeta", "PostoCNPJ", "CombustivelID")
VALUES (3.990, 'R$ / litro', '2022-10-17', '01.166.046/0001-48',
        (SELECT "ID_Combustivel" FROM public."COMBUSTIVEL" WHERE "Nome" = 'ETANOL'))
ON CONFLICT DO NOTHING;


INSERT INTO public."PRECO_COLETADO" ("Preco", "UnidadeMedida", "DataColeta", "PostoCNPJ", "CombustivelID")
VALUES (4.190, 'R$ / litro', '2022-11-07', '01.166.046/0001-48',
        (SELECT "ID_Combustivel" FROM public."COMBUSTIVEL" WHERE "Nome" = 'ETANOL'))
ON CONFLICT DO NOTHING;


INSERT INTO public."COMBUSTIVEL" ("Nome")
VALUES ('DIESEL S10')
ON CONFLICT ("Nome") DO NOTHING;


INSERT INTO public."PRECO_COLETADO" ("Preco", "UnidadeMedida", "DataColeta", "PostoCNPJ", "CombustivelID")
VALUES (6.750, 'R$ / litro', '2022-10-10', '01.166.046/0001-48',
        (SELECT "ID_Combustivel" FROM public."COMBUSTIVEL" WHERE "Nome" = 'DIESEL S10'))
ON CONFLICT DO NOTHING;


INSERT INTO public."PRECO_COLETADO" ("Preco", "UnidadeMedida", "DataColeta", "PostoCNPJ", "CombustivelID")
VALUES (6.750, 'R$ / litro', '2022-10-17', '01.166.046/0001-48',
        (SELECT "ID_Combustivel" FROM public."COMBUSTIVEL" WHERE "Nome" = 'DIESEL S10'))
ON CONFLICT DO NOTHING;


INSERT INTO public."PRECO_COLETADO" ("Preco", "UnidadeMedida", "DataColeta", "PostoCNPJ", "CombustivelID")
VALUES (6.750, 'R$ / litro', '2022-11-07', '01.166.046/0001-48',
        (SELECT "ID_Combustivel" FROM public."COMBUSTIVEL" WHERE "Nome" = 'DIESEL S10'))
ON CONFLICT DO NOTHING;


INSERT INTO public."COMBUSTIVEL" ("Nome")
VALUES ('GASOLINA ADITIVADA')
ON CONFLICT ("Nome") DO NOTHING;


INSERT INTO public."PRECO_COLETADO" ("Preco", "UnidadeMedida", "DataColeta", "PostoCNPJ", "CombustivelID")
VALUES (4.950, 'R$ / litro', '2022-10-10', '01.166.046/0001-48',
        (SELECT "ID_Combustivel" FROM public."COMBUSTIVEL" WHERE "Nome" = 'GASOLINA ADITIVADA'))
ON CONFLICT DO NOTHING;


INSERT INTO public."PRECO_COLETADO" ("Preco", "UnidadeMedida", "DataColeta", "PostoCNPJ", "CombustivelID")
VALUES (4.950, 'R$ / litro', '2022-10-17', '01.166.046/0001-48',
        (SELECT "ID_Combustivel" FROM public."COMBUSTIVEL" WHERE "Nome" = 'GASOLINA ADITIVADA'))
ON CONFLICT DO NOTHING;


INSERT INTO public."PRECO_COLETADO" ("Preco", "UnidadeMedida", "DataColeta", "PostoCNPJ", "CombustivelID")
VALUES (5.090, 'R$ / litro', '2022-11-07', '01.166.046/0001-48',
        (SELECT "ID_Combustivel" FROM public."COMBUSTIVEL" WHERE "Nome" = 'GASOLINA ADITIVADA'))
ON CONFLICT DO NOTHING;


INSERT INTO public."COMBUSTIVEL" ("Nome")
VALUES ('GASOLINA COMUM')
ON CONFLICT ("Nome") DO NOTHING;


INSERT INTO public."PRECO_COLETADO" ("Preco", "UnidadeMedida", "DataColeta", "PostoCNPJ", "CombustivelID")
VALUES (4.750, 'R$ / litro', '2022-10-10', '01.166.046/0001-48',
        (SELECT "ID_Combustivel" FROM public."COMBUSTIVEL" WHERE "Nome" = 'GASOLINA COMUM'))
ON CONFLICT DO NOTHING;


INSERT INTO public."PRECO_COLETADO" ("Preco", "UnidadeMedida", "DataColeta", "PostoCNPJ", "CombustivelID")
VALUES (4.750, 'R$ / litro', '2022-10-17', '01.166.046/0001-48',
        (SELECT "ID_Combustivel" FROM public."COMBUSTIVEL" WHERE "Nome" = 'GASOLINA COMUM'))
ON CONFLICT DO NOTHING;


INSERT INTO public."PRECO_COLETADO" ("Preco", "UnidadeMedida", "DataColeta", "PostoCNPJ", "CombustivelID")
VALUES (4.790, 'R$ / litro', '2022-11-07', '01.166.046/0001-48',
        (SELECT "ID_Combustivel" FROM public."COMBUSTIVEL" WHERE "Nome" = 'GASOLINA COMUM'))
ON CONFLICT DO NOTHING;


INSERT INTO public."POSTO" ("CNPJ", "RazaoSocial", "NomeFantasia", "Bandeira", "Logradouro", "Numero", "Bairro", "Cidade", "Estado", "CEP")
VALUES ('01.635.041/0002-06', 'ITAPARICA PETROLEO E COMERCIO LTDA', 'NOVAMARCA', 'RAIZEN', 'AVENIDA CARLOS LINDENBERG', '1395', 'COBI DE CIMA', 'VILA VELHA', 'ESPIRITO SANTO', '29117730')
ON CONFLICT ("CNPJ") DO NOTHING;


INSERT INTO public."COMBUSTIVEL" ("Nome")
VALUES ('ETANOL')
ON CONFLICT ("Nome") DO NOTHING;


INSERT INTO public."PRECO_COLETADO" ("Preco", "UnidadeMedida", "DataColeta", "PostoCNPJ", "CombustivelID")
VALUES (3.790, 'R$ / litro', '2022-10-10', '01.635.041/0002-06',
        (SELECT "ID_Combustivel" FROM public."COMBUSTIVEL" WHERE "Nome" = 'ETANOL'))
ON CONFLICT DO NOTHING;


INSERT INTO public."PRECO_COLETADO" ("Preco", "UnidadeMedida", "DataColeta", "PostoCNPJ", "CombustivelID")
VALUES (3.990, 'R$ / litro', '2022-10-17', '01.635.041/0002-06',
        (SELECT "ID_Combustivel" FROM public."COMBUSTIVEL" WHERE "Nome" = 'ETANOL'))
ON CONFLICT DO NOTHING;


INSERT INTO public."PRECO_COLETADO" ("Preco", "UnidadeMedida", "DataColeta", "PostoCNPJ", "CombustivelID")
VALUES (3.990, 'R$ / litro', '2022-11-07', '01.635.041/0002-06',
        (SELECT "ID_Combustivel" FROM public."COMBUSTIVEL" WHERE "Nome" = 'ETANOL'))
ON CONFLICT DO NOTHING;


INSERT INTO public."COMBUSTIVEL" ("Nome")
VALUES ('DIESEL S500')
ON CONFLICT ("Nome") DO NOTHING;


INSERT INTO public."PRECO_COLETADO" ("Preco", "UnidadeMedida", "DataColeta", "PostoCNPJ", "CombustivelID")
VALUES (6.790, 'R$ / litro', '2022-10-10', '01.635.041/0002-06',
        (SELECT "ID_Combustivel" FROM public."COMBUSTIVEL" WHERE "Nome" = 'DIESEL S500'))
ON CONFLICT DO NOTHING;


INSERT INTO public."PRECO_COLETADO" ("Preco", "UnidadeMedida", "DataColeta", "PostoCNPJ", "CombustivelID")
VALUES (6.790, 'R$ / litro', '2022-10-17', '01.635.041/0002-06',
        (SELECT "ID_Combustivel" FROM public."COMBUSTIVEL" WHERE "Nome" = 'DIESEL S500'))
ON CONFLICT DO NOTHING;


INSERT INTO public."PRECO_COLETADO" ("Preco", "UnidadeMedida", "DataColeta", "PostoCNPJ", "CombustivelID")
VALUES (6.790, 'R$ / litro', '2022-11-07', '01.635.041/0002-06',
        (SELECT "ID_Combustivel" FROM public."COMBUSTIVEL" WHERE "Nome" = 'DIESEL S500'))
ON CONFLICT DO NOTHING;


INSERT INTO public."COMBUSTIVEL" ("Nome")
VALUES ('GASOLINA ADITIVADA')
ON CONFLICT ("Nome") DO NOTHING;


INSERT INTO public."PRECO_COLETADO" ("Preco", "UnidadeMedida", "DataColeta", "PostoCNPJ", "CombustivelID")
VALUES (4.940, 'R$ / litro', '2022-10-10', '01.635.041/0002-06',
        (SELECT "ID_Combustivel" FROM public."COMBUSTIVEL" WHERE "Nome" = 'GASOLINA ADITIVADA'))
ON CONFLICT DO NOTHING;


INSERT INTO public."PRECO_COLETADO" ("Preco", "UnidadeMedida", "DataColeta", "PostoCNPJ", "CombustivelID")
VALUES (4.940, 'R$ / litro', '2022-10-17', '01.635.041/0002-06',
        (SELECT "ID_Combustivel" FROM public."COMBUSTIVEL" WHERE "Nome" = 'GASOLINA ADITIVADA'))
ON CONFLICT DO NOTHING;


INSERT INTO public."PRECO_COLETADO" ("Preco", "UnidadeMedida", "DataColeta", "PostoCNPJ", "CombustivelID")
VALUES (4.940, 'R$ / litro', '2022-11-07', '01.635.041/0002-06',
        (SELECT "ID_Combustivel" FROM public."COMBUSTIVEL" WHERE "Nome" = 'GASOLINA ADITIVADA'))
ON CONFLICT DO NOTHING;


INSERT INTO public."COMBUSTIVEL" ("Nome")
VALUES ('GASOLINA COMUM')
ON CONFLICT ("Nome") DO NOTHING;


INSERT INTO public."PRECO_COLETADO" ("Preco", "UnidadeMedida", "DataColeta", "PostoCNPJ", "CombustivelID")
VALUES (4.790, 'R$ / litro', '2022-10-10', '01.635.041/0002-06',
        (SELECT "ID_Combustivel" FROM public."COMBUSTIVEL" WHERE "Nome" = 'GASOLINA COMUM'))
ON CONFLICT DO NOTHING;


INSERT INTO public."PRECO_COLETADO" ("Preco", "UnidadeMedida", "DataColeta", "PostoCNPJ", "CombustivelID")
VALUES (4.690, 'R$ / litro', '2022-10-17', '01.635.041/0002-06',
        (SELECT "ID_Combustivel" FROM public."COMBUSTIVEL" WHERE "Nome" = 'GASOLINA COMUM'))
ON CONFLICT DO NOTHING;


INSERT INTO public."PRECO_COLETADO" ("Preco", "UnidadeMedida", "DataColeta", "PostoCNPJ", "CombustivelID")
VALUES (4.690, 'R$ / litro', '2022-11-07', '01.635.041/0002-06',
        (SELECT "ID_Combustivel" FROM public."COMBUSTIVEL" WHERE "Nome" = 'GASOLINA COMUM'))
ON CONFLICT DO NOTHING;


INSERT INTO public."POSTO" ("CNPJ", "RazaoSocial", "NomeFantasia", "Bandeira", "Logradouro", "Numero", "Bairro", "Cidade", "Estado", "CEP")
VALUES ('36004950000131', 'DERIVADOS PETROLEO SANTA INES LTDA', 'POSTO SANTA INES', 'IPIRANGA', 'RODOVIA CARLOS LINDEMBERG', '1801', 'SANTA INES', 'VILA VELHA', 'ESPIRITO SANTO', '29100000')
ON CONFLICT ("CNPJ") DO NOTHING;


INSERT INTO public."COMBUSTIVEL" ("Nome")
VALUES ('GASOLINA COMUM')
ON CONFLICT ("Nome") DO NOTHING;


INSERT INTO public."PRECO_COLETADO" ("Preco", "UnidadeMedida", "DataColeta", "PostoCNPJ", "CombustivelID")
VALUES (5.560, 'R$ / litro', '2022-08-02', '36004950000131',
        (SELECT "ID_Combustivel" FROM public."COMBUSTIVEL" WHERE "Nome" = 'GASOLINA COMUM'))
ON CONFLICT DO NOTHING;


INSERT INTO public."PRECO_COLETADO" ("Preco", "UnidadeMedida", "DataColeta", "PostoCNPJ", "CombustivelID")
VALUES (5.480, 'R$ / litro', '2022-08-08', '36004950000131',
        (SELECT "ID_Combustivel" FROM public."COMBUSTIVEL" WHERE "Nome" = 'GASOLINA COMUM'))
ON CONFLICT DO NOTHING;


INSERT INTO public."PRECO_COLETADO" ("Preco", "UnidadeMedida", "DataColeta", "PostoCNPJ", "CombustivelID")
VALUES (5.460, 'R$ / litro', '2022-08-15', '36004950000131',
        (SELECT "ID_Combustivel" FROM public."COMBUSTIVEL" WHERE "Nome" = 'GASOLINA COMUM'))
ON CONFLICT DO NOTHING;


INSERT INTO public."PRECO_COLETADO" ("Preco", "UnidadeMedida", "DataColeta", "PostoCNPJ", "CombustivelID")
VALUES (5.290, 'R$ / litro', '2022-08-23', '36004950000131',
        (SELECT "ID_Combustivel" FROM public."COMBUSTIVEL" WHERE "Nome" = 'GASOLINA COMUM'))
ON CONFLICT DO NOTHING;


INSERT INTO public."PRECO_COLETADO" ("Preco", "UnidadeMedida", "DataColeta", "PostoCNPJ", "CombustivelID")
VALUES (5.150, 'R$ / litro', '2022-09-01', '36004950000131',
        (SELECT "ID_Combustivel" FROM public."COMBUSTIVEL" WHERE "Nome" = 'GASOLINA COMUM'))
ON CONFLICT DO NOTHING;


INSERT INTO public."COMBUSTIVEL" ("Nome")
VALUES ('ETANOL')
ON CONFLICT ("Nome") DO NOTHING;


INSERT INTO public."PRECO_COLETADO" ("Preco", "UnidadeMedida", "DataColeta", "PostoCNPJ", "CombustivelID")
VALUES (4.590, 'R$ / litro', '2022-08-02', '36004950000131',
        (SELECT "ID_Combustivel" FROM public."COMBUSTIVEL" WHERE "Nome" = 'ETANOL'))
ON CONFLICT DO NOTHING;


INSERT INTO public."PRECO_COLETADO" ("Preco", "UnidadeMedida", "DataColeta", "PostoCNPJ", "CombustivelID")
VALUES (4.590, 'R$ / litro', '2022-08-08', '36004950000131',
        (SELECT "ID_Combustivel" FROM public."COMBUSTIVEL" WHERE "Nome" = 'ETANOL'))
ON CONFLICT DO NOTHING;


INSERT INTO public."PRECO_COLETADO" ("Preco", "UnidadeMedida", "DataColeta", "PostoCNPJ", "CombustivelID")
VALUES (4.590, 'R$ / litro', '2022-08-15', '36004950000131',
        (SELECT "ID_Combustivel" FROM public."COMBUSTIVEL" WHERE "Nome" = 'ETANOL'))
ON CONFLICT DO NOTHING;


INSERT INTO public."PRECO_COLETADO" ("Preco", "UnidadeMedida", "DataColeta", "PostoCNPJ", "CombustivelID")
VALUES (4.590, 'R$ / litro', '2022-08-23', '36004950000131',
        (SELECT "ID_Combustivel" FROM public."COMBUSTIVEL" WHERE "Nome" = 'ETANOL'))
ON CONFLICT DO NOTHING;


INSERT INTO public."PRECO_COLETADO" ("Preco", "UnidadeMedida", "DataColeta", "PostoCNPJ", "CombustivelID")
VALUES (4.590, 'R$ / litro', '2022-09-01', '36004950000131',
        (SELECT "ID_Combustivel" FROM public."COMBUSTIVEL" WHERE "Nome" = 'ETANOL'))
ON CONFLICT DO NOTHING;


INSERT INTO public."COMBUSTIVEL" ("Nome")
VALUES ('GASOLINA ADITIVADA')
ON CONFLICT ("Nome") DO NOTHING;


INSERT INTO public."PRECO_COLETADO" ("Preco", "UnidadeMedida", "DataColeta", "PostoCNPJ", "CombustivelID")
VALUES (5.660, 'R$ / litro', '2022-08-02', '36004950000131',
        (SELECT "ID_Combustivel" FROM public."COMBUSTIVEL" WHERE "Nome" = 'GASOLINA ADITIVADA'))
ON CONFLICT DO NOTHING;


INSERT INTO public."PRECO_COLETADO" ("Preco", "UnidadeMedida", "DataColeta", "PostoCNPJ", "CombustivelID")
VALUES (5.580, 'R$ / litro', '2022-08-08', '36004950000131',
        (SELECT "ID_Combustivel" FROM public."COMBUSTIVEL" WHERE "Nome" = 'GASOLINA ADITIVADA'))
ON CONFLICT DO NOTHING;


INSERT INTO public."PRECO_COLETADO" ("Preco", "UnidadeMedida", "DataColeta", "PostoCNPJ", "CombustivelID")
VALUES (5.660, 'R$ / litro', '2022-08-15', '36004950000131',
        (SELECT "ID_Combustivel" FROM public."COMBUSTIVEL" WHERE "Nome" = 'GASOLINA ADITIVADA'))
ON CONFLICT DO NOTHING;


INSERT INTO public."PRECO_COLETADO" ("Preco", "UnidadeMedida", "DataColeta", "PostoCNPJ", "CombustivelID")
VALUES (5.390, 'R$ / litro', '2022-08-23', '36004950000131',
        (SELECT "ID_Combustivel" FROM public."COMBUSTIVEL" WHERE "Nome" = 'GASOLINA ADITIVADA'))
ON CONFLICT DO NOTHING;


INSERT INTO public."PRECO_COLETADO" ("Preco", "UnidadeMedida", "DataColeta", "PostoCNPJ", "CombustivelID")
VALUES (5.250, 'R$ / litro', '2022-09-01', '36004950000131',
        (SELECT "ID_Combustivel" FROM public."COMBUSTIVEL" WHERE "Nome" = 'GASOLINA ADITIVADA'))
ON CONFLICT DO NOTHING;


INSERT INTO public."COMBUSTIVEL" ("Nome")
VALUES ('DIESEL S10')
ON CONFLICT ("Nome") DO NOTHING;


INSERT INTO public."PRECO_COLETADO" ("Preco", "UnidadeMedida", "DataColeta", "PostoCNPJ", "CombustivelID")
VALUES (7.190, 'R$ / litro', '2022-08-02', '36004950000131',
        (SELECT "ID_Combustivel" FROM public."COMBUSTIVEL" WHERE "Nome" = 'DIESEL S10'))
ON CONFLICT DO NOTHING;


INSERT INTO public."PRECO_COLETADO" ("Preco", "UnidadeMedida", "DataColeta", "PostoCNPJ", "CombustivelID")
VALUES (7.190, 'R$ / litro', '2022-08-08', '36004950000131',
        (SELECT "ID_Combustivel" FROM public."COMBUSTIVEL" WHERE "Nome" = 'DIESEL S10'))
ON CONFLICT DO NOTHING;


INSERT INTO public."PRECO_COLETADO" ("Preco", "UnidadeMedida", "DataColeta", "PostoCNPJ", "CombustivelID")
VALUES (7.190, 'R$ / litro', '2022-08-15', '36004950000131',
        (SELECT "ID_Combustivel" FROM public."COMBUSTIVEL" WHERE "Nome" = 'DIESEL S10'))
ON CONFLICT DO NOTHING;


INSERT INTO public."PRECO_COLETADO" ("Preco", "UnidadeMedida", "DataColeta", "PostoCNPJ", "CombustivelID")
VALUES (7.190, 'R$ / litro', '2022-08-23', '36004950000131',
        (SELECT "ID_Combustivel" FROM public."COMBUSTIVEL" WHERE "Nome" = 'DIESEL S10'))
ON CONFLICT DO NOTHING;


INSERT INTO public."PRECO_COLETADO" ("Preco", "UnidadeMedida", "DataColeta", "PostoCNPJ", "CombustivelID")
VALUES (7.190, 'R$ / litro', '2022-09-01', '36004950000131',
        (SELECT "ID_Combustivel" FROM public."COMBUSTIVEL" WHERE "Nome" = 'DIESEL S10'))
ON CONFLICT DO NOTHING;


INSERT INTO public."POSTO" ("CNPJ", "RazaoSocial", "NomeFantasia", "Bandeira", "Logradouro", "Numero", "Bairro", "Cidade", "Estado", "CEP")
VALUES ('31465040000132', 'POSTO ITAPOA LTDA', 'POSTO ITAPOA', 'IPIRANGA', 'AVENIDA FRANCELINA SETUBAL', '333', 'ITAPOAN', 'VILA VELHA', 'ESPIRITO SANTO', '29100000')
ON CONFLICT ("CNPJ") DO NOTHING;


INSERT INTO public."COMBUSTIVEL" ("Nome")
VALUES ('GASOLINA COMUM')
ON CONFLICT ("Nome") DO NOTHING;


INSERT INTO public."PRECO_COLETADO" ("Preco", "UnidadeMedida", "DataColeta", "PostoCNPJ", "CombustivelID")
VALUES (5.790, 'R$ / litro', '2024-06-10', '31465040000132',
        (SELECT "ID_Combustivel" FROM public."COMBUSTIVEL" WHERE "Nome" = 'GASOLINA COMUM'))
ON CONFLICT DO NOTHING;


INSERT INTO public."COMBUSTIVEL" ("Nome")
VALUES ('GASOLINA ADITIVADA')
ON CONFLICT ("Nome") DO NOTHING;


INSERT INTO public."PRECO_COLETADO" ("Preco", "UnidadeMedida", "DataColeta", "PostoCNPJ", "CombustivelID")
VALUES (6.090, 'R$ / litro', '2024-06-10', '31465040000132',
        (SELECT "ID_Combustivel" FROM public."COMBUSTIVEL" WHERE "Nome" = 'GASOLINA ADITIVADA'))
ON CONFLICT DO NOTHING;


INSERT INTO public."COMBUSTIVEL" ("Nome")
VALUES ('DIESEL S10')
ON CONFLICT ("Nome") DO NOTHING;


INSERT INTO public."PRECO_COLETADO" ("Preco", "UnidadeMedida", "DataColeta", "PostoCNPJ", "CombustivelID")
VALUES (5.890, 'R$ / litro', '2024-06-10', '31465040000132',
        (SELECT "ID_Combustivel" FROM public."COMBUSTIVEL" WHERE "Nome" = 'DIESEL S10'))
ON CONFLICT DO NOTHING;


INSERT INTO public."COMBUSTIVEL" ("Nome")
VALUES ('ETANOL')
ON CONFLICT ("Nome") DO NOTHING;


INSERT INTO public."PRECO_COLETADO" ("Preco", "UnidadeMedida", "DataColeta", "PostoCNPJ", "CombustivelID")
VALUES (3.890, 'R$ / litro', '2024-06-10', '31465040000132',
        (SELECT "ID_Combustivel" FROM public."COMBUSTIVEL" WHERE "Nome" = 'ETANOL'))
ON CONFLICT DO NOTHING;


INSERT INTO public."POSTO" ("CNPJ", "RazaoSocial", "NomeFantasia", "Bandeira", "Logradouro", "Numero", "Bairro", "Cidade", "Estado", "CEP")
VALUES ('30544795000160', 'AUTO  SERVIÇO LORENÇÃO LTDA', 'POSTO TREVISO', 'IPIRANGA', 'RUA CEARÁ', '1519', 'PRAIA DA COSTA', 'VILA VELHA', 'ESPIRITO SANTO', '29101290')
ON CONFLICT ("CNPJ") DO NOTHING;


INSERT INTO public."COMBUSTIVEL" ("Nome")
VALUES ('GASOLINA COMUM')
ON CONFLICT ("Nome") DO NOTHING;


INSERT INTO public."PRECO_COLETADO" ("Preco", "UnidadeMedida", "DataColeta", "PostoCNPJ", "CombustivelID")
VALUES (5.790, 'R$ / litro', '2024-06-10', '30544795000160',
        (SELECT "ID_Combustivel" FROM public."COMBUSTIVEL" WHERE "Nome" = 'GASOLINA COMUM'))
ON CONFLICT DO NOTHING;


INSERT INTO public."COMBUSTIVEL" ("Nome")
VALUES ('GASOLINA ADITIVADA')
ON CONFLICT ("Nome") DO NOTHING;


INSERT INTO public."PRECO_COLETADO" ("Preco", "UnidadeMedida", "DataColeta", "PostoCNPJ", "CombustivelID")
VALUES (6.090, 'R$ / litro', '2024-06-10', '30544795000160',
        (SELECT "ID_Combustivel" FROM public."COMBUSTIVEL" WHERE "Nome" = 'GASOLINA ADITIVADA'))
ON CONFLICT DO NOTHING;


INSERT INTO public."COMBUSTIVEL" ("Nome")
VALUES ('DIESEL S10')
ON CONFLICT ("Nome") DO NOTHING;


INSERT INTO public."PRECO_COLETADO" ("Preco", "UnidadeMedida", "DataColeta", "PostoCNPJ", "CombustivelID")
VALUES (5.890, 'R$ / litro', '2024-06-10', '30544795000160',
        (SELECT "ID_Combustivel" FROM public."COMBUSTIVEL" WHERE "Nome" = 'DIESEL S10'))
ON CONFLICT DO NOTHING;


INSERT INTO public."COMBUSTIVEL" ("Nome")
VALUES ('ETANOL')
ON CONFLICT ("Nome") DO NOTHING;


INSERT INTO public."PRECO_COLETADO" ("Preco", "UnidadeMedida", "DataColeta", "PostoCNPJ", "CombustivelID")
VALUES (3.890, 'R$ / litro', '2024-06-10', '30544795000160',
        (SELECT "ID_Combustivel" FROM public."COMBUSTIVEL" WHERE "Nome" = 'ETANOL'))
ON CONFLICT DO NOTHING;


INSERT INTO public."POSTO" ("CNPJ", "RazaoSocial", "NomeFantasia", "Bandeira", "Logradouro", "Numero", "Bairro", "Cidade", "Estado", "CEP")
VALUES ('11339901000129', 'FORMULA 1 AUTO SERVICOS LTDA', 'FORMULA 1 AUTO SERVICOS LTDA', 'VIBRA', 'RUA PEDRO LOYOLA NETTO', '92', 'DIVINO ESPIRITO SANTO', 'VILA VELHA', 'ESPIRITO SANTO', '29107092')
ON CONFLICT ("CNPJ") DO NOTHING;


INSERT INTO public."COMBUSTIVEL" ("Nome")
VALUES ('GASOLINA COMUM')
ON CONFLICT ("Nome") DO NOTHING;


INSERT INTO public."PRECO_COLETADO" ("Preco", "UnidadeMedida", "DataColeta", "PostoCNPJ", "CombustivelID")
VALUES (4.970, 'R$ / litro', '2023-02-20', '11339901000129',
        (SELECT "ID_Combustivel" FROM public."COMBUSTIVEL" WHERE "Nome" = 'GASOLINA COMUM'))
ON CONFLICT DO NOTHING;


INSERT INTO public."PRECO_COLETADO" ("Preco", "UnidadeMedida", "DataColeta", "PostoCNPJ", "CombustivelID")
VALUES (5.390, 'R$ / litro', '2023-03-21', '11339901000129',
        (SELECT "ID_Combustivel" FROM public."COMBUSTIVEL" WHERE "Nome" = 'GASOLINA COMUM'))
ON CONFLICT DO NOTHING;


INSERT INTO public."PRECO_COLETADO" ("Preco", "UnidadeMedida", "DataColeta", "PostoCNPJ", "CombustivelID")
VALUES (5.790, 'R$ / litro', '2024-06-10', '11339901000129',
        (SELECT "ID_Combustivel" FROM public."COMBUSTIVEL" WHERE "Nome" = 'GASOLINA COMUM'))
ON CONFLICT DO NOTHING;


INSERT INTO public."COMBUSTIVEL" ("Nome")
VALUES ('GASOLINA ADITIVADA')
ON CONFLICT ("Nome") DO NOTHING;


INSERT INTO public."PRECO_COLETADO" ("Preco", "UnidadeMedida", "DataColeta", "PostoCNPJ", "CombustivelID")
VALUES (5.070, 'R$ / litro', '2023-02-20', '11339901000129',
        (SELECT "ID_Combustivel" FROM public."COMBUSTIVEL" WHERE "Nome" = 'GASOLINA ADITIVADA'))
ON CONFLICT DO NOTHING;


INSERT INTO public."PRECO_COLETADO" ("Preco", "UnidadeMedida", "DataColeta", "PostoCNPJ", "CombustivelID")
VALUES (5.490, 'R$ / litro', '2023-03-21', '11339901000129',
        (SELECT "ID_Combustivel" FROM public."COMBUSTIVEL" WHERE "Nome" = 'GASOLINA ADITIVADA'))
ON CONFLICT DO NOTHING;


INSERT INTO public."PRECO_COLETADO" ("Preco", "UnidadeMedida", "DataColeta", "PostoCNPJ", "CombustivelID")
VALUES (5.950, 'R$ / litro', '2024-06-10', '11339901000129',
        (SELECT "ID_Combustivel" FROM public."COMBUSTIVEL" WHERE "Nome" = 'GASOLINA ADITIVADA'))
ON CONFLICT DO NOTHING;


INSERT INTO public."COMBUSTIVEL" ("Nome")
VALUES ('DIESEL S500')
ON CONFLICT ("Nome") DO NOTHING;


INSERT INTO public."PRECO_COLETADO" ("Preco", "UnidadeMedida", "DataColeta", "PostoCNPJ", "CombustivelID")
VALUES (5.890, 'R$ / litro', '2023-02-20', '11339901000129',
        (SELECT "ID_Combustivel" FROM public."COMBUSTIVEL" WHERE "Nome" = 'DIESEL S500'))
ON CONFLICT DO NOTHING;


INSERT INTO public."PRECO_COLETADO" ("Preco", "UnidadeMedida", "DataColeta", "PostoCNPJ", "CombustivelID")
VALUES (5.640, 'R$ / litro', '2023-03-21', '11339901000129',
        (SELECT "ID_Combustivel" FROM public."COMBUSTIVEL" WHERE "Nome" = 'DIESEL S500'))
ON CONFLICT DO NOTHING;


INSERT INTO public."PRECO_COLETADO" ("Preco", "UnidadeMedida", "DataColeta", "PostoCNPJ", "CombustivelID")
VALUES (5.850, 'R$ / litro', '2024-06-10', '11339901000129',
        (SELECT "ID_Combustivel" FROM public."COMBUSTIVEL" WHERE "Nome" = 'DIESEL S500'))
ON CONFLICT DO NOTHING;


INSERT INTO public."COMBUSTIVEL" ("Nome")
VALUES ('DIESEL S10')
ON CONFLICT ("Nome") DO NOTHING;


INSERT INTO public."PRECO_COLETADO" ("Preco", "UnidadeMedida", "DataColeta", "PostoCNPJ", "CombustivelID")
VALUES (5.990, 'R$ / litro', '2023-02-20', '11339901000129',
        (SELECT "ID_Combustivel" FROM public."COMBUSTIVEL" WHERE "Nome" = 'DIESEL S10'))
ON CONFLICT DO NOTHING;


INSERT INTO public."PRECO_COLETADO" ("Preco", "UnidadeMedida", "DataColeta", "PostoCNPJ", "CombustivelID")
VALUES (5.690, 'R$ / litro', '2023-03-21', '11339901000129',
        (SELECT "ID_Combustivel" FROM public."COMBUSTIVEL" WHERE "Nome" = 'DIESEL S10'))
ON CONFLICT DO NOTHING;


INSERT INTO public."PRECO_COLETADO" ("Preco", "UnidadeMedida", "DataColeta", "PostoCNPJ", "CombustivelID")
VALUES (5.890, 'R$ / litro', '2024-06-10', '11339901000129',
        (SELECT "ID_Combustivel" FROM public."COMBUSTIVEL" WHERE "Nome" = 'DIESEL S10'))
ON CONFLICT DO NOTHING;


INSERT INTO public."COMBUSTIVEL" ("Nome")
VALUES ('ETANOL')
ON CONFLICT ("Nome") DO NOTHING;


INSERT INTO public."PRECO_COLETADO" ("Preco", "UnidadeMedida", "DataColeta", "PostoCNPJ", "CombustivelID")
VALUES (3.990, 'R$ / litro', '2023-02-20', '11339901000129',
        (SELECT "ID_Combustivel" FROM public."COMBUSTIVEL" WHERE "Nome" = 'ETANOL'))
ON CONFLICT DO NOTHING;


INSERT INTO public."PRECO_COLETADO" ("Preco", "UnidadeMedida", "DataColeta", "PostoCNPJ", "CombustivelID")
VALUES (4.090, 'R$ / litro', '2023-03-21', '11339901000129',
        (SELECT "ID_Combustivel" FROM public."COMBUSTIVEL" WHERE "Nome" = 'ETANOL'))
ON CONFLICT DO NOTHING;


INSERT INTO public."POSTO" ("CNPJ", "RazaoSocial", "NomeFantasia", "Bandeira", "Logradouro", "Numero", "Bairro", "Cidade", "Estado", "CEP")
VALUES ('11368640000175', 'POSTO DIVINO LTDA.', 'POSTO DIVINO LTDA.', 'IPIRANGA', 'AVENIDA LUCIANO DAS NEVES', '1444', 'DIVINO ESPIRITO SANTO', 'VILA VELHA', 'ESPIRITO SANTO', '29107010')
ON CONFLICT ("CNPJ") DO NOTHING;


INSERT INTO public."COMBUSTIVEL" ("Nome")
VALUES ('GASOLINA COMUM')
ON CONFLICT ("Nome") DO NOTHING;


INSERT INTO public."PRECO_COLETADO" ("Preco", "UnidadeMedida", "DataColeta", "PostoCNPJ", "CombustivelID")
VALUES (5.390, 'R$ / litro', '2023-12-26', '11368640000175',
        (SELECT "ID_Combustivel" FROM public."COMBUSTIVEL" WHERE "Nome" = 'GASOLINA COMUM'))
ON CONFLICT DO NOTHING;


INSERT INTO public."PRECO_COLETADO" ("Preco", "UnidadeMedida", "DataColeta", "PostoCNPJ", "CombustivelID")
VALUES (5.390, 'R$ / litro', '2024-01-03', '11368640000175',
        (SELECT "ID_Combustivel" FROM public."COMBUSTIVEL" WHERE "Nome" = 'GASOLINA COMUM'))
ON CONFLICT DO NOTHING;


INSERT INTO public."PRECO_COLETADO" ("Preco", "UnidadeMedida", "DataColeta", "PostoCNPJ", "CombustivelID")
VALUES (5.790, 'R$ / litro', '2024-06-10', '11368640000175',
        (SELECT "ID_Combustivel" FROM public."COMBUSTIVEL" WHERE "Nome" = 'GASOLINA COMUM'))
ON CONFLICT DO NOTHING;


INSERT INTO public."COMBUSTIVEL" ("Nome")
VALUES ('GASOLINA ADITIVADA')
ON CONFLICT ("Nome") DO NOTHING;


INSERT INTO public."PRECO_COLETADO" ("Preco", "UnidadeMedida", "DataColeta", "PostoCNPJ", "CombustivelID")
VALUES (5.690, 'R$ / litro', '2023-12-26', '11368640000175',
        (SELECT "ID_Combustivel" FROM public."COMBUSTIVEL" WHERE "Nome" = 'GASOLINA ADITIVADA'))
ON CONFLICT DO NOTHING;


INSERT INTO public."PRECO_COLETADO" ("Preco", "UnidadeMedida", "DataColeta", "PostoCNPJ", "CombustivelID")
VALUES (5.690, 'R$ / litro', '2024-01-03', '11368640000175',
        (SELECT "ID_Combustivel" FROM public."COMBUSTIVEL" WHERE "Nome" = 'GASOLINA ADITIVADA'))
ON CONFLICT DO NOTHING;


INSERT INTO public."PRECO_COLETADO" ("Preco", "UnidadeMedida", "DataColeta", "PostoCNPJ", "CombustivelID")
VALUES (6.090, 'R$ / litro', '2024-06-10', '11368640000175',
        (SELECT "ID_Combustivel" FROM public."COMBUSTIVEL" WHERE "Nome" = 'GASOLINA ADITIVADA'))
ON CONFLICT DO NOTHING;


INSERT INTO public."COMBUSTIVEL" ("Nome")
VALUES ('DIESEL S10')
ON CONFLICT ("Nome") DO NOTHING;


INSERT INTO public."PRECO_COLETADO" ("Preco", "UnidadeMedida", "DataColeta", "PostoCNPJ", "CombustivelID")
VALUES (5.850, 'R$ / litro', '2023-12-26', '11368640000175',
        (SELECT "ID_Combustivel" FROM public."COMBUSTIVEL" WHERE "Nome" = 'DIESEL S10'))
ON CONFLICT DO NOTHING;


INSERT INTO public."PRECO_COLETADO" ("Preco", "UnidadeMedida", "DataColeta", "PostoCNPJ", "CombustivelID")
VALUES (5.790, 'R$ / litro', '2024-01-03', '11368640000175',
        (SELECT "ID_Combustivel" FROM public."COMBUSTIVEL" WHERE "Nome" = 'DIESEL S10'))
ON CONFLICT DO NOTHING;


INSERT INTO public."PRECO_COLETADO" ("Preco", "UnidadeMedida", "DataColeta", "PostoCNPJ", "CombustivelID")
VALUES (5.890, 'R$ / litro', '2024-06-10', '11368640000175',
        (SELECT "ID_Combustivel" FROM public."COMBUSTIVEL" WHERE "Nome" = 'DIESEL S10'))
ON CONFLICT DO NOTHING;


INSERT INTO public."COMBUSTIVEL" ("Nome")
VALUES ('ETANOL')
ON CONFLICT ("Nome") DO NOTHING;


INSERT INTO public."PRECO_COLETADO" ("Preco", "UnidadeMedida", "DataColeta", "PostoCNPJ", "CombustivelID")
VALUES (3.790, 'R$ / litro', '2023-12-26', '11368640000175',
        (SELECT "ID_Combustivel" FROM public."COMBUSTIVEL" WHERE "Nome" = 'ETANOL'))
ON CONFLICT DO NOTHING;


INSERT INTO public."PRECO_COLETADO" ("Preco", "UnidadeMedida", "DataColeta", "PostoCNPJ", "CombustivelID")
VALUES (3.790, 'R$ / litro', '2024-01-03', '11368640000175',
        (SELECT "ID_Combustivel" FROM public."COMBUSTIVEL" WHERE "Nome" = 'ETANOL'))
ON CONFLICT DO NOTHING;


INSERT INTO public."PRECO_COLETADO" ("Preco", "UnidadeMedida", "DataColeta", "PostoCNPJ", "CombustivelID")
VALUES (3.890, 'R$ / litro', '2024-06-10', '11368640000175',
        (SELECT "ID_Combustivel" FROM public."COMBUSTIVEL" WHERE "Nome" = 'ETANOL'))
ON CONFLICT DO NOTHING;


INSERT INTO public."POSTO" ("CNPJ", "RazaoSocial", "NomeFantasia", "Bandeira", "Logradouro", "Numero", "Bairro", "Cidade", "Estado", "CEP")
VALUES ('13744360000140', 'POSTO DARWIN VILA VELHA LTDA', 'POSTO DARWIN VILA VELHA LTDA', 'VIBRA', 'RUA CHARLES DARWIN', '240', 'DIVINO ESPIRITO SANTO', 'VILA VELHA', 'ESPIRITO SANTO', '29107190')
ON CONFLICT ("CNPJ") DO NOTHING;


INSERT INTO public."COMBUSTIVEL" ("Nome")
VALUES ('GASOLINA COMUM')
ON CONFLICT ("Nome") DO NOTHING;


INSERT INTO public."PRECO_COLETADO" ("Preco", "UnidadeMedida", "DataColeta", "PostoCNPJ", "CombustivelID")
VALUES (5.390, 'R$ / litro', '2024-01-03', '13744360000140',
        (SELECT "ID_Combustivel" FROM public."COMBUSTIVEL" WHERE "Nome" = 'GASOLINA COMUM'))
ON CONFLICT DO NOTHING;


INSERT INTO public."PRECO_COLETADO" ("Preco", "UnidadeMedida", "DataColeta", "PostoCNPJ", "CombustivelID")
VALUES (5.790, 'R$ / litro', '2024-06-10', '13744360000140',
        (SELECT "ID_Combustivel" FROM public."COMBUSTIVEL" WHERE "Nome" = 'GASOLINA COMUM'))
ON CONFLICT DO NOTHING;


INSERT INTO public."COMBUSTIVEL" ("Nome")
VALUES ('GASOLINA ADITIVADA')
ON CONFLICT ("Nome") DO NOTHING;


INSERT INTO public."PRECO_COLETADO" ("Preco", "UnidadeMedida", "DataColeta", "PostoCNPJ", "CombustivelID")
VALUES (5.690, 'R$ / litro', '2024-01-03', '13744360000140',
        (SELECT "ID_Combustivel" FROM public."COMBUSTIVEL" WHERE "Nome" = 'GASOLINA ADITIVADA'))
ON CONFLICT DO NOTHING;


INSERT INTO public."PRECO_COLETADO" ("Preco", "UnidadeMedida", "DataColeta", "PostoCNPJ", "CombustivelID")
VALUES (6.090, 'R$ / litro', '2024-06-10', '13744360000140',
        (SELECT "ID_Combustivel" FROM public."COMBUSTIVEL" WHERE "Nome" = 'GASOLINA ADITIVADA'))
ON CONFLICT DO NOTHING;


INSERT INTO public."COMBUSTIVEL" ("Nome")
VALUES ('DIESEL S10')
ON CONFLICT ("Nome") DO NOTHING;


INSERT INTO public."PRECO_COLETADO" ("Preco", "UnidadeMedida", "DataColeta", "PostoCNPJ", "CombustivelID")
VALUES (5.790, 'R$ / litro', '2024-01-03', '13744360000140',
        (SELECT "ID_Combustivel" FROM public."COMBUSTIVEL" WHERE "Nome" = 'DIESEL S10'))
ON CONFLICT DO NOTHING;


INSERT INTO public."PRECO_COLETADO" ("Preco", "UnidadeMedida", "DataColeta", "PostoCNPJ", "CombustivelID")
VALUES (5.890, 'R$ / litro', '2024-06-10', '13744360000140',
        (SELECT "ID_Combustivel" FROM public."COMBUSTIVEL" WHERE "Nome" = 'DIESEL S10'))
ON CONFLICT DO NOTHING;


INSERT INTO public."COMBUSTIVEL" ("Nome")
VALUES ('ETANOL')
ON CONFLICT ("Nome") DO NOTHING;


INSERT INTO public."PRECO_COLETADO" ("Preco", "UnidadeMedida", "DataColeta", "PostoCNPJ", "CombustivelID")
VALUES (3.790, 'R$ / litro', '2024-01-03', '13744360000140',
        (SELECT "ID_Combustivel" FROM public."COMBUSTIVEL" WHERE "Nome" = 'ETANOL'))
ON CONFLICT DO NOTHING;


INSERT INTO public."PRECO_COLETADO" ("Preco", "UnidadeMedida", "DataColeta", "PostoCNPJ", "CombustivelID")
VALUES (3.890, 'R$ / litro', '2024-06-10', '13744360000140',
        (SELECT "ID_Combustivel" FROM public."COMBUSTIVEL" WHERE "Nome" = 'ETANOL'))
ON CONFLICT DO NOTHING;


INSERT INTO public."POSTO" ("CNPJ", "RazaoSocial", "NomeFantasia", "Bandeira", "Logradouro", "Numero", "Bairro", "Cidade", "Estado", "CEP")
VALUES ('08.022.304/0001-61', 'AUTO POSTO DE COMBUSTIVEL RTT LTDA', 'AUTO POSTO DE COMBUSTIVEL RTT LTDA', 'BRANCA', 'RUA MOEMA', '38', 'DIVINO ESPIRITO SANTO', 'VILA VELHA', 'ESPIRITO SANTO', '29107250')
ON CONFLICT ("CNPJ") DO NOTHING;


INSERT INTO public."COMBUSTIVEL" ("Nome")
VALUES ('GASOLINA COMUM')
ON CONFLICT ("Nome") DO NOTHING;


INSERT INTO public."PRECO_COLETADO" ("Preco", "UnidadeMedida", "DataColeta", "PostoCNPJ", "CombustivelID")
VALUES (4.790, 'R$ / litro', '2022-10-17', '08.022.304/0001-61',
        (SELECT "ID_Combustivel" FROM public."COMBUSTIVEL" WHERE "Nome" = 'GASOLINA COMUM'))
ON CONFLICT DO NOTHING;


INSERT INTO public."COMBUSTIVEL" ("Nome")
VALUES ('GASOLINA ADITIVADA')
ON CONFLICT ("Nome") DO NOTHING;


INSERT INTO public."PRECO_COLETADO" ("Preco", "UnidadeMedida", "DataColeta", "PostoCNPJ", "CombustivelID")
VALUES (4.980, 'R$ / litro', '2022-10-17', '08.022.304/0001-61',
        (SELECT "ID_Combustivel" FROM public."COMBUSTIVEL" WHERE "Nome" = 'GASOLINA ADITIVADA'))
ON CONFLICT DO NOTHING;


INSERT INTO public."COMBUSTIVEL" ("Nome")
VALUES ('ETANOL')
ON CONFLICT ("Nome") DO NOTHING;


INSERT INTO public."PRECO_COLETADO" ("Preco", "UnidadeMedida", "DataColeta", "PostoCNPJ", "CombustivelID")
VALUES (4.090, 'R$ / litro', '2022-10-17', '08.022.304/0001-61',
        (SELECT "ID_Combustivel" FROM public."COMBUSTIVEL" WHERE "Nome" = 'ETANOL'))
ON CONFLICT DO NOTHING;


INSERT INTO public."COMBUSTIVEL" ("Nome")
VALUES ('DIESEL S10')
ON CONFLICT ("Nome") DO NOTHING;


INSERT INTO public."PRECO_COLETADO" ("Preco", "UnidadeMedida", "DataColeta", "PostoCNPJ", "CombustivelID")
VALUES (6.490, 'R$ / litro', '2022-10-17', '08.022.304/0001-61',
        (SELECT "ID_Combustivel" FROM public."COMBUSTIVEL" WHERE "Nome" = 'DIESEL S10'))
ON CONFLICT DO NOTHING;


INSERT INTO public."POSTO" ("CNPJ", "RazaoSocial", "NomeFantasia", "Bandeira", "Logradouro", "Numero", "Bairro", "Cidade", "Estado", "CEP")
VALUES ('05.904.268/0001-71', 'POSTO MEDITERRÂNEO LTDA.', 'POSTO MEDITERRÂNEO', 'VIBRA ENERGIA', 'AVENIDA CARLOS LINDENBERG', '1380', 'COBILANDIA', 'VILA VELHA', 'ESPIRITO SANTO', '29111165')
ON CONFLICT ("CNPJ") DO NOTHING;


INSERT INTO public."COMBUSTIVEL" ("Nome")
VALUES ('GASOLINA COMUM')
ON CONFLICT ("Nome") DO NOTHING;


INSERT INTO public."PRECO_COLETADO" ("Preco", "UnidadeMedida", "DataColeta", "PostoCNPJ", "CombustivelID")
VALUES (4.790, 'R$ / litro', '2022-10-17', '05.904.268/0001-71',
        (SELECT "ID_Combustivel" FROM public."COMBUSTIVEL" WHERE "Nome" = 'GASOLINA COMUM'))
ON CONFLICT DO NOTHING;


INSERT INTO public."COMBUSTIVEL" ("Nome")
VALUES ('GASOLINA ADITIVADA')
ON CONFLICT ("Nome") DO NOTHING;


INSERT INTO public."PRECO_COLETADO" ("Preco", "UnidadeMedida", "DataColeta", "PostoCNPJ", "CombustivelID")
VALUES (4.990, 'R$ / litro', '2022-10-17', '05.904.268/0001-71',
        (SELECT "ID_Combustivel" FROM public."COMBUSTIVEL" WHERE "Nome" = 'GASOLINA ADITIVADA'))
ON CONFLICT DO NOTHING;


INSERT INTO public."COMBUSTIVEL" ("Nome")
VALUES ('ETANOL')
ON CONFLICT ("Nome") DO NOTHING;


INSERT INTO public."PRECO_COLETADO" ("Preco", "UnidadeMedida", "DataColeta", "PostoCNPJ", "CombustivelID")
VALUES (4.190, 'R$ / litro', '2022-10-17', '05.904.268/0001-71',
        (SELECT "ID_Combustivel" FROM public."COMBUSTIVEL" WHERE "Nome" = 'ETANOL'))
ON CONFLICT DO NOTHING;


INSERT INTO public."COMBUSTIVEL" ("Nome")
VALUES ('DIESEL S500')
ON CONFLICT ("Nome") DO NOTHING;


INSERT INTO public."PRECO_COLETADO" ("Preco", "UnidadeMedida", "DataColeta", "PostoCNPJ", "CombustivelID")
VALUES (6.290, 'R$ / litro', '2022-10-17', '05.904.268/0001-71',
        (SELECT "ID_Combustivel" FROM public."COMBUSTIVEL" WHERE "Nome" = 'DIESEL S500'))
ON CONFLICT DO NOTHING;


INSERT INTO public."POSTO" ("CNPJ", "RazaoSocial", "NomeFantasia", "Bandeira", "Logradouro", "Numero", "Bairro", "Cidade", "Estado", "CEP")
VALUES ('12920664000158', 'REDE SHOW AUTO POSTO LTDA', 'REDE SHOW AUTO POSTO LTDA', 'BRANCA', 'RUA AFONSO CLAUDIO', '65', 'TERRA VERMELHA', 'VILA VELHA', 'ESPIRITO SANTO', '29127210')
ON CONFLICT ("CNPJ") DO NOTHING;


INSERT INTO public."COMBUSTIVEL" ("Nome")
VALUES ('GASOLINA COMUM')
ON CONFLICT ("Nome") DO NOTHING;


INSERT INTO public."PRECO_COLETADO" ("Preco", "UnidadeMedida", "DataColeta", "PostoCNPJ", "CombustivelID")
VALUES (5.590, 'R$ / litro', '2024-01-03', '12920664000158',
        (SELECT "ID_Combustivel" FROM public."COMBUSTIVEL" WHERE "Nome" = 'GASOLINA COMUM'))
ON CONFLICT DO NOTHING;


INSERT INTO public."COMBUSTIVEL" ("Nome")
VALUES ('GASOLINA ADITIVADA')
ON CONFLICT ("Nome") DO NOTHING;


INSERT INTO public."PRECO_COLETADO" ("Preco", "UnidadeMedida", "DataColeta", "PostoCNPJ", "CombustivelID")
VALUES (5.790, 'R$ / litro', '2024-01-03', '12920664000158',
        (SELECT "ID_Combustivel" FROM public."COMBUSTIVEL" WHERE "Nome" = 'GASOLINA ADITIVADA'))
ON CONFLICT DO NOTHING;


INSERT INTO public."COMBUSTIVEL" ("Nome")
VALUES ('DIESEL S500')
ON CONFLICT ("Nome") DO NOTHING;


INSERT INTO public."PRECO_COLETADO" ("Preco", "UnidadeMedida", "DataColeta", "PostoCNPJ", "CombustivelID")
VALUES (5.690, 'R$ / litro', '2024-01-03', '12920664000158',
        (SELECT "ID_Combustivel" FROM public."COMBUSTIVEL" WHERE "Nome" = 'DIESEL S500'))
ON CONFLICT DO NOTHING;


INSERT INTO public."COMBUSTIVEL" ("Nome")
VALUES ('ETANOL')
ON CONFLICT ("Nome") DO NOTHING;


INSERT INTO public."PRECO_COLETADO" ("Preco", "UnidadeMedida", "DataColeta", "PostoCNPJ", "CombustivelID")
VALUES (3.990, 'R$ / litro', '2024-01-03', '12920664000158',
        (SELECT "ID_Combustivel" FROM public."COMBUSTIVEL" WHERE "Nome" = 'ETANOL'))
ON CONFLICT DO NOTHING;
                