INSERT INTO POSTO (CNPJ, RazaoSocial, NomeFantasia, Bandeira, Logradouro, Numero, Bairro, Cidade, Estado, CEP) VALUES ('08279524000175', 'VENEZA COMÉRCIO DE COMBUSTÍVEIS E SERVIÇOS LTDA.', 'POSTO COBILÂNDIA', 'ATLÂNTICA', 'AVENIDA ANA MEROTTO STEFANON', '165', 'COBILÂNDIA', 'VILA VELHA', 'ESPIRITO SANTO', '29111630');
INSERT INTO COMBUSTIVEL (Nome) VALUES ('ETANOL');
INSERT INTO PRECO_COLETADO (Preco, UnidadeMedida, DataColeta, PostoCNPJ, CombustivelID) VALUES (3.890, 'R$ / litro', '2022-11-14', '08279524000175', (SELECT ID_Combustivel FROM COMBUSTIVEL WHERE Nome = 'ETANOL'));
INSERT INTO PRECO_COLETADO (Preco, UnidadeMedida, DataColeta, PostoCNPJ, CombustivelID) VALUES (3.890, 'R$ / litro', '2022-11-22', '08279524000175', (SELECT ID_Combustivel FROM COMBUSTIVEL WHERE Nome = 'ETANOL'));
INSERT INTO PRECO_COLETADO (Preco, UnidadeMedida, DataColeta, PostoCNPJ, CombustivelID) VALUES (3.890, 'R$ / litro', '2022-12-05', '08279524000175', (SELECT ID_Combustivel FROM COMBUSTIVEL WHERE Nome = 'ETANOL'));
INSERT INTO PRECO_COLETADO (Preco, UnidadeMedida, DataColeta, PostoCNPJ, CombustivelID) VALUES (3.890, 'R$ / litro', '2022-12-12', '08279524000175', (SELECT ID_Combustivel FROM COMBUSTIVEL WHERE Nome = 'ETANOL'));
INSERT INTO PRECO_COLETADO (Preco, UnidadeMedida, DataColeta, PostoCNPJ, CombustivelID) VALUES (3.890, 'R$ / litro', '2022-12-22', '08279524000175', (SELECT ID_Combustivel FROM COMBUSTIVEL WHERE Nome = 'ETANOL'));
INSERT INTO PRECO_COLETADO (Preco, UnidadeMedida, DataColeta, PostoCNPJ, CombustivelID) VALUES (3.890, 'R$ / litro', '2022-12-26', '08279524000175', (SELECT ID_Combustivel FROM COMBUSTIVEL WHERE Nome = 'ETANOL'));
INSERT INTO PRECO_COLETADO (Preco, UnidadeMedida, DataColeta, PostoCNPJ, CombustivelID) VALUES (3.890, 'R$ / litro', '2023-01-03', '08279524000175', (SELECT ID_Combustivel FROM COMBUSTIVEL WHERE Nome = 'ETANOL'));
INSERT INTO PRECO_COLETADO (Preco, UnidadeMedida, DataColeta, PostoCNPJ, CombustivelID) VALUES (3.990, 'R$ / litro', '2023-03-16', '08279524000175', (SELECT ID_Combustivel FROM COMBUSTIVEL WHERE Nome = 'ETANOL'));
INSERT INTO PRECO_COLETADO (Preco, UnidadeMedida, DataColeta, PostoCNPJ, CombustivelID) VALUES (3.990, 'R$ / litro', '2023-04-05', '08279524000175', (SELECT ID_Combustivel FROM COMBUSTIVEL WHERE Nome = 'ETANOL'));
INSERT INTO PRECO_COLETADO (Preco, UnidadeMedida, DataColeta, PostoCNPJ, CombustivelID) VALUES (4.090, 'R$ / litro', '2023-05-03', '08279524000175', (SELECT ID_Combustivel FROM COMBUSTIVEL WHERE Nome = 'ETANOL'));
INSERT INTO PRECO_COLETADO (Preco, UnidadeMedida, DataColeta, PostoCNPJ, CombustivelID) VALUES (3.850, 'R$ / litro', '2023-08-07', '08279524000175', (SELECT ID_Combustivel FROM COMBUSTIVEL WHERE Nome = 'ETANOL'));
INSERT INTO PRECO_COLETADO (Preco, UnidadeMedida, DataColeta, PostoCNPJ, CombustivelID) VALUES (3.850, 'R$ / litro', '2023-09-12', '08279524000175', (SELECT ID_Combustivel FROM COMBUSTIVEL WHERE Nome = 'ETANOL'));
INSERT INTO PRECO_COLETADO (Preco, UnidadeMedida, DataColeta, PostoCNPJ, CombustivelID) VALUES (3.850, 'R$ / litro', '2023-10-31', '08279524000175', (SELECT ID_Combustivel FROM COMBUSTIVEL WHERE Nome = 'ETANOL'));
INSERT INTO PRECO_COLETADO (Preco, UnidadeMedida, DataColeta, PostoCNPJ, CombustivelID) VALUES (3.690, 'R$ / litro', '2023-12-06', '08279524000175', (SELECT ID_Combustivel FROM COMBUSTIVEL WHERE Nome = 'ETANOL'));
INSERT INTO PRECO_COLETADO (Preco, UnidadeMedida, DataColeta, PostoCNPJ, CombustivelID) VALUES (3.690, 'R$ / litro', '2023-12-20', '08279524000175', (SELECT ID_Combustivel FROM COMBUSTIVEL WHERE Nome = 'ETANOL'));
INSERT INTO PRECO_COLETADO (Preco, UnidadeMedida, DataColeta, PostoCNPJ, CombustivelID) VALUES (3.690, 'R$ / litro', '2023-12-26', '08279524000175', (SELECT ID_Combustivel FROM COMBUSTIVEL WHERE Nome = 'ETANOL'));
INSERT INTO PRECO_COLETADO (Preco, UnidadeMedida, DataColeta, PostoCNPJ, CombustivelID) VALUES (3.690, 'R$ / litro', '2024-01-08', '08279524000175', (SELECT ID_Combustivel FROM COMBUSTIVEL WHERE Nome = 'ETANOL'));
INSERT INTO PRECO_COLETADO (Preco, UnidadeMedida, DataColeta, PostoCNPJ, CombustivelID) VALUES (3.690, 'R$ / litro', '2024-01-15', '08279524000175', (SELECT ID_Combustivel FROM COMBUSTIVEL WHERE Nome = 'ETANOL'));
INSERT INTO PRECO_COLETADO (Preco, UnidadeMedida, DataColeta, PostoCNPJ, CombustivelID) VALUES (3.590, 'R$ / litro', '2024-01-22', '08279524000175', (SELECT ID_Combustivel FROM COMBUSTIVEL WHERE Nome = 'ETANOL'));
INSERT INTO PRECO_COLETADO (Preco, UnidadeMedida, DataColeta, PostoCNPJ, CombustivelID) VALUES (3.590, 'R$ / litro', '2024-02-19', '08279524000175', (SELECT ID_Combustivel FROM COMBUSTIVEL WHERE Nome = 'ETANOL'));
INSERT INTO PRECO_COLETADO (Preco, UnidadeMedida, DataColeta, PostoCNPJ, CombustivelID) VALUES (3.590, 'R$ / litro', '2024-03-04', '08279524000175', (SELECT ID_Combustivel FROM COMBUSTIVEL WHERE Nome = 'ETANOL'));
INSERT INTO PRECO_COLETADO (Preco, UnidadeMedida, DataColeta, PostoCNPJ, CombustivelID) VALUES (3.590, 'R$ / litro', '2024-03-18', '08279524000175', (SELECT ID_Combustivel FROM COMBUSTIVEL WHERE Nome = 'ETANOL'));
INSERT INTO PRECO_COLETADO (Preco, UnidadeMedida, DataColeta, PostoCNPJ, CombustivelID) VALUES (3.650, 'R$ / litro', '2024-04-08', '08279524000175', (SELECT ID_Combustivel FROM COMBUSTIVEL WHERE Nome = 'ETANOL'));
INSERT INTO PRECO_COLETADO (Preco, UnidadeMedida, DataColeta, PostoCNPJ, CombustivelID) VALUES (3.720, 'R$ / litro', '2024-04-15', '08279524000175', (SELECT ID_Combustivel FROM COMBUSTIVEL WHERE Nome = 'ETANOL'));
INSERT INTO PRECO_COLETADO (Preco, UnidadeMedida, DataColeta, PostoCNPJ, CombustivelID) VALUES (3.720, 'R$ / litro', '2024-04-22', '08279524000175', (SELECT ID_Combustivel FROM COMBUSTIVEL WHERE Nome = 'ETANOL'));
INSERT INTO PRECO_COLETADO (Preco, UnidadeMedida, DataColeta, PostoCNPJ, CombustivelID) VALUES (3.790, 'R$ / litro', '2024-05-13', '08279524000175', (SELECT ID_Combustivel FROM COMBUSTIVEL WHERE Nome = 'ETANOL'));
INSERT INTO PRECO_COLETADO (Preco, UnidadeMedida, DataColeta, PostoCNPJ, CombustivelID) VALUES (3.790, 'R$ / litro', '2024-05-20', '08279524000175', (SELECT ID_Combustivel FROM COMBUSTIVEL WHERE Nome = 'ETANOL'));
INSERT INTO PRECO_COLETADO (Preco, UnidadeMedida, DataColeta, PostoCNPJ, CombustivelID) VALUES (3.790, 'R$ / litro', '2024-05-27', '08279524000175', (SELECT ID_Combustivel FROM COMBUSTIVEL WHERE Nome = 'ETANOL'));
INSERT INTO PRECO_COLETADO (Preco, UnidadeMedida, DataColeta, PostoCNPJ, CombustivelID) VALUES (3.790, 'R$ / litro', '2024-06-03', '08279524000175', (SELECT ID_Combustivel FROM COMBUSTIVEL WHERE Nome = 'ETANOL'));
INSERT INTO PRECO_COLETADO (Preco, UnidadeMedida, DataColeta, PostoCNPJ, CombustivelID) VALUES (3.790, 'R$ / litro', '2024-06-24', '08279524000175', (SELECT ID_Combustivel FROM COMBUSTIVEL WHERE Nome = 'ETANOL'));
INSERT INTO PRECO_COLETADO (Preco, UnidadeMedida, DataColeta, PostoCNPJ, CombustivelID) VALUES (3.790, 'R$ / litro', '2024-07-01', '08279524000175', (SELECT ID_Combustivel FROM COMBUSTIVEL WHERE Nome = 'ETANOL'));
INSERT INTO PRECO_COLETADO (Preco, UnidadeMedida, DataColeta, PostoCNPJ, CombustivelID) VALUES (3.790, 'R$ / litro', '2024-07-09', '08279524000175', (SELECT ID_Combustivel FROM COMBUSTIVEL WHERE Nome = 'ETANOL'));
INSERT INTO PRECO_COLETADO (Preco, UnidadeMedida, DataColeta, PostoCNPJ, CombustivelID) VALUES (3.990, 'R$ / litro', '2024-07-16', '08279524000175', (SELECT ID_Combustivel FROM COMBUSTIVEL WHERE Nome = 'ETANOL'));
INSERT INTO PRECO_COLETADO (Preco, UnidadeMedida, DataColeta, PostoCNPJ, CombustivelID) VALUES (3.990, 'R$ / litro', '2024-07-22', '08279524000175', (SELECT ID_Combustivel FROM COMBUSTIVEL WHERE Nome = 'ETANOL'));
INSERT INTO PRECO_COLETADO (Preco, UnidadeMedida, DataColeta, PostoCNPJ, CombustivelID) VALUES (3.990, 'R$ / litro', '2024-07-29', '08279524000175', (SELECT ID_Combustivel FROM COMBUSTIVEL WHERE Nome = 'ETANOL'));
INSERT INTO PRECO_COLETADO (Preco, UnidadeMedida, DataColeta, PostoCNPJ, CombustivelID) VALUES (3.990, 'R$ / litro', '2024-08-05', '08279524000175', (SELECT ID_Combustivel FROM COMBUSTIVEL WHERE Nome = 'ETANOL'));
INSERT INTO PRECO_COLETADO (Preco, UnidadeMedida, DataColeta, PostoCNPJ, CombustivelID) VALUES (3.990, 'R$ / litro', '2024-08-12', '08279524000175', (SELECT ID_Combustivel FROM COMBUSTIVEL WHERE Nome = 'ETANOL'));
INSERT INTO PRECO_COLETADO (Preco, UnidadeMedida, DataColeta, PostoCNPJ, CombustivelID) VALUES (4.090, 'R$ / litro', '2024-08-20', '08279524000175', (SELECT ID_Combustivel FROM COMBUSTIVEL WHERE Nome = 'ETANOL'));
INSERT INTO PRECO_COLETADO (Preco, UnidadeMedida, DataColeta, PostoCNPJ, CombustivelID) VALUES (4.090, 'R$ / litro', '2024-08-26', '08279524000175', (SELECT ID_Combustivel FROM COMBUSTIVEL WHERE Nome = 'ETANOL'));
INSERT INTO PRECO_COLETADO (Preco, UnidadeMedida, DataColeta, PostoCNPJ, CombustivelID) VALUES (4.090, 'R$ / litro', '2024-09-02', '08279524000175', (SELECT ID_Combustivel FROM COMBUSTIVEL WHERE Nome = 'ETANOL'));
INSERT INTO COMBUSTIVEL (Nome) VALUES ('DIESEL S500');
INSERT INTO PRECO_COLETADO (Preco, UnidadeMedida, DataColeta, PostoCNPJ, CombustivelID) VALUES (6.190, 'R$ / litro', '2022-11-14', '08279524000175', (SELECT ID_Combustivel FROM COMBUSTIVEL WHERE Nome = 'DIESEL S500'));
INSERT INTO PRECO_COLETADO (Preco, UnidadeMedida, DataColeta, PostoCNPJ, CombustivelID) VALUES (6.190, 'R$ / litro', '2022-11-22', '08279524000175', (SELECT ID_Combustivel FROM COMBUSTIVEL WHERE Nome = 'DIESEL S500'));
INSERT INTO PRECO_COLETADO (Preco, UnidadeMedida, DataColeta, PostoCNPJ, CombustivelID) VALUES (6.190, 'R$ / litro', '2022-12-05', '08279524000175', (SELECT ID_Combustivel FROM COMBUSTIVEL WHERE Nome = 'DIESEL S500'));
INSERT INTO PRECO_COLETADO (Preco, UnidadeMedida, DataColeta, PostoCNPJ, CombustivelID) VALUES (6.190, 'R$ / litro', '2022-12-12', '08279524000175', (SELECT ID_Combustivel FROM COMBUSTIVEL WHERE Nome = 'DIESEL S500'));
INSERT INTO PRECO_COLETADO (Preco, UnidadeMedida, DataColeta, PostoCNPJ, CombustivelID) VALUES (5.890, 'R$ / litro', '2022-12-22', '08279524000175', (SELECT ID_Combustivel FROM COMBUSTIVEL WHERE Nome = 'DIESEL S500'));
INSERT INTO PRECO_COLETADO (Preco, UnidadeMedida, DataColeta, PostoCNPJ, CombustivelID) VALUES (5.890, 'R$ / litro', '2022-12-26', '08279524000175', (SELECT ID_Combustivel FROM COMBUSTIVEL WHERE Nome = 'DIESEL S500'));
INSERT INTO PRECO_COLETADO (Preco, UnidadeMedida, DataColeta, PostoCNPJ, CombustivelID) VALUES (5.890, 'R$ / litro', '2023-01-03', '08279524000175', (SELECT ID_Combustivel FROM COMBUSTIVEL WHERE Nome = 'DIESEL S500'));
INSERT INTO PRECO_COLETADO (Preco, UnidadeMedida, DataColeta, PostoCNPJ, CombustivelID) VALUES (5.490, 'R$ / litro', '2023-03-16', '08279524000175', (SELECT ID_Combustivel FROM COMBUSTIVEL WHERE Nome = 'DIESEL S500'));
INSERT INTO PRECO_COLETADO (Preco, UnidadeMedida, DataColeta, PostoCNPJ, CombustivelID) VALUES (5.490, 'R$ / litro', '2023-04-05', '08279524000175', (SELECT ID_Combustivel FROM COMBUSTIVEL WHERE Nome = 'DIESEL S500'));
INSERT INTO PRECO_COLETADO (Preco, UnidadeMedida, DataColeta, PostoCNPJ, CombustivelID) VALUES (5.340, 'R$ / litro', '2023-05-03', '08279524000175', (SELECT ID_Combustivel FROM COMBUSTIVEL WHERE Nome = 'DIESEL S500'));
INSERT INTO PRECO_COLETADO (Preco, UnidadeMedida, DataColeta, PostoCNPJ, CombustivelID) VALUES (4.790, 'R$ / litro', '2023-08-07', '08279524000175', (SELECT ID_Combustivel FROM COMBUSTIVEL WHERE Nome = 'DIESEL S500'));
INSERT INTO PRECO_COLETADO (Preco, UnidadeMedida, DataColeta, PostoCNPJ, CombustivelID) VALUES (5.680, 'R$ / litro', '2023-09-12', '08279524000175', (SELECT ID_Combustivel FROM COMBUSTIVEL WHERE Nome = 'DIESEL S500'));
INSERT INTO PRECO_COLETADO (Preco, UnidadeMedida, DataColeta, PostoCNPJ, CombustivelID) VALUES (5.820, 'R$ / litro', '2023-10-31', '08279524000175', (SELECT ID_Combustivel FROM COMBUSTIVEL WHERE Nome = 'DIESEL S500'));
INSERT INTO PRECO_COLETADO (Preco, UnidadeMedida, DataColeta, PostoCNPJ, CombustivelID) VALUES (5.790, 'R$ / litro', '2023-12-06', '08279524000175', (SELECT ID_Combustivel FROM COMBUSTIVEL WHERE Nome = 'DIESEL S500'));
INSERT INTO PRECO_COLETADO (Preco, UnidadeMedida, DataColeta, PostoCNPJ, CombustivelID) VALUES (5.790, 'R$ / litro', '2023-12-20', '08279524000175', (SELECT ID_Combustivel FROM COMBUSTIVEL WHERE Nome = 'DIESEL S500'));
INSERT INTO PRECO_COLETADO (Preco, UnidadeMedida, DataColeta, PostoCNPJ, CombustivelID) VALUES (5.790, 'R$ / litro', '2023-12-26', '08279524000175', (SELECT ID_Combustivel FROM COMBUSTIVEL WHERE Nome = 'DIESEL S500'));
INSERT INTO PRECO_COLETADO (Preco, UnidadeMedida, DataColeta, PostoCNPJ, CombustivelID) VALUES (5.790, 'R$ / litro', '2024-01-08', '08279524000175', (SELECT ID_Combustivel FROM COMBUSTIVEL WHERE Nome = 'DIESEL S500'));
INSERT INTO PRECO_COLETADO (Preco, UnidadeMedida, DataColeta, PostoCNPJ, CombustivelID) VALUES (5.790, 'R$ / litro', '2024-01-15', '08279524000175', (SELECT ID_Combustivel FROM COMBUSTIVEL WHERE Nome = 'DIESEL S500'));
INSERT INTO PRECO_COLETADO (Preco, UnidadeMedida, DataColeta, PostoCNPJ, CombustivelID) VALUES (5.790, 'R$ / litro', '2024-01-22', '08279524000175', (SELECT ID_Combustivel FROM COMBUSTIVEL WHERE Nome = 'DIESEL S500'));
INSERT INTO PRECO_COLETADO (Preco, UnidadeMedida, DataColeta, PostoCNPJ, CombustivelID) VALUES (5.670, 'R$ / litro', '2024-03-04', '08279524000175', (SELECT ID_Combustivel FROM COMBUSTIVEL WHERE Nome = 'DIESEL S500'));
INSERT INTO PRECO_COLETADO (Preco, UnidadeMedida, DataColeta, PostoCNPJ, CombustivelID) VALUES (5.670, 'R$ / litro', '2024-03-18', '08279524000175', (SELECT ID_Combustivel FROM COMBUSTIVEL WHERE Nome = 'DIESEL S500'));
INSERT INTO PRECO_COLETADO (Preco, UnidadeMedida, DataColeta, PostoCNPJ, CombustivelID) VALUES (5.670, 'R$ / litro', '2024-04-22', '08279524000175', (SELECT ID_Combustivel FROM COMBUSTIVEL WHERE Nome = 'DIESEL S500'));
INSERT INTO PRECO_COLETADO (Preco, UnidadeMedida, DataColeta, PostoCNPJ, CombustivelID) VALUES (5.670, 'R$ / litro', '2024-05-13', '08279524000175', (SELECT ID_Combustivel FROM COMBUSTIVEL WHERE Nome = 'DIESEL S500'));
INSERT INTO PRECO_COLETADO (Preco, UnidadeMedida, DataColeta, PostoCNPJ, CombustivelID) VALUES (5.670, 'R$ / litro', '2024-05-20', '08279524000175', (SELECT ID_Combustivel FROM COMBUSTIVEL WHERE Nome = 'DIESEL S500'));
INSERT INTO PRECO_COLETADO (Preco, UnidadeMedida, DataColeta, PostoCNPJ, CombustivelID) VALUES (5.670, 'R$ / litro', '2024-05-27', '08279524000175', (SELECT ID_Combustivel FROM COMBUSTIVEL WHERE Nome = 'DIESEL S500'));
INSERT INTO PRECO_COLETADO (Preco, UnidadeMedida, DataColeta, PostoCNPJ, CombustivelID) VALUES (5.670, 'R$ / litro', '2024-06-03', '08279524000175', (SELECT ID_Combustivel FROM COMBUSTIVEL WHERE Nome = 'DIESEL S500'));
INSERT INTO PRECO_COLETADO (Preco, UnidadeMedida, DataColeta, PostoCNPJ, CombustivelID) VALUES (5.670, 'R$ / litro', '2024-06-24', '08279524000175', (SELECT ID_Combustivel FROM COMBUSTIVEL WHERE Nome = 'DIESEL S500'));
INSERT INTO PRECO_COLETADO (Preco, UnidadeMedida, DataColeta, PostoCNPJ, CombustivelID) VALUES (5.670, 'R$ / litro', '2024-07-01', '08279524000175', (SELECT ID_Combustivel FROM COMBUSTIVEL WHERE Nome = 'DIESEL S500'));
INSERT INTO PRECO_COLETADO (Preco, UnidadeMedida, DataColeta, PostoCNPJ, CombustivelID) VALUES (5.670, 'R$ / litro', '2024-07-09', '08279524000175', (SELECT ID_Combustivel FROM COMBUSTIVEL WHERE Nome = 'DIESEL S500'));
INSERT INTO PRECO_COLETADO (Preco, UnidadeMedida, DataColeta, PostoCNPJ, CombustivelID) VALUES (5.670, 'R$ / litro', '2024-07-16', '08279524000175', (SELECT ID_Combustivel FROM COMBUSTIVEL WHERE Nome = 'DIESEL S500'));
INSERT INTO PRECO_COLETADO (Preco, UnidadeMedida, DataColeta, PostoCNPJ, CombustivelID) VALUES (5.750, 'R$ / litro', '2024-07-22', '08279524000175', (SELECT ID_Combustivel FROM COMBUSTIVEL WHERE Nome = 'DIESEL S500'));
INSERT INTO PRECO_COLETADO (Preco, UnidadeMedida, DataColeta, PostoCNPJ, CombustivelID) VALUES (5.750, 'R$ / litro', '2024-07-29', '08279524000175', (SELECT ID_Combustivel FROM COMBUSTIVEL WHERE Nome = 'DIESEL S500'));
INSERT INTO PRECO_COLETADO (Preco, UnidadeMedida, DataColeta, PostoCNPJ, CombustivelID) VALUES (5.750, 'R$ / litro', '2024-08-05', '08279524000175', (SELECT ID_Combustivel FROM COMBUSTIVEL WHERE Nome = 'DIESEL S500'));
INSERT INTO PRECO_COLETADO (Preco, UnidadeMedida, DataColeta, PostoCNPJ, CombustivelID) VALUES (5.750, 'R$ / litro', '2024-08-12', '08279524000175', (SELECT ID_Combustivel FROM COMBUSTIVEL WHERE Nome = 'DIESEL S500'));
INSERT INTO PRECO_COLETADO (Preco, UnidadeMedida, DataColeta, PostoCNPJ, CombustivelID) VALUES (5.750, 'R$ / litro', '2024-08-20', '08279524000175', (SELECT ID_Combustivel FROM COMBUSTIVEL WHERE Nome = 'DIESEL S500'));
INSERT INTO PRECO_COLETADO (Preco, UnidadeMedida, DataColeta, PostoCNPJ, CombustivelID) VALUES (5.750, 'R$ / litro', '2024-08-26', '08279524000175', (SELECT ID_Combustivel FROM COMBUSTIVEL WHERE Nome = 'DIESEL S500'));
INSERT INTO PRECO_COLETADO (Preco, UnidadeMedida, DataColeta, PostoCNPJ, CombustivelID) VALUES (5.750, 'R$ / litro', '2024-09-02', '08279524000175', (SELECT ID_Combustivel FROM COMBUSTIVEL WHERE Nome = 'DIESEL S500'));
INSERT INTO COMBUSTIVEL (Nome) VALUES ('GASOLINA COMUM');
INSERT INTO PRECO_COLETADO (Preco, UnidadeMedida, DataColeta, PostoCNPJ, CombustivelID) VALUES (4.880, 'R$ / litro', '2022-11-14', '08279524000175', (SELECT ID_Combustivel FROM COMBUSTIVEL WHERE Nome = 'GASOLINA COMUM'));
INSERT INTO PRECO_COLETADO (Preco, UnidadeMedida, DataColeta, PostoCNPJ, CombustivelID) VALUES (4.920, 'R$ / litro', '2022-11-22', '08279524000175', (SELECT ID_Combustivel FROM COMBUSTIVEL WHERE Nome = 'GASOLINA COMUM'));
INSERT INTO PRECO_COLETADO (Preco, UnidadeMedida, DataColeta, PostoCNPJ, CombustivelID) VALUES (4.920, 'R$ / litro', '2022-12-05', '08279524000175', (SELECT ID_Combustivel FROM COMBUSTIVEL WHERE Nome = 'GASOLINA COMUM'));
INSERT INTO PRECO_COLETADO (Preco, UnidadeMedida, DataColeta, PostoCNPJ, CombustivelID) VALUES (4.920, 'R$ / litro', '2022-12-12', '08279524000175', (SELECT ID_Combustivel FROM COMBUSTIVEL WHERE Nome = 'GASOLINA COMUM'));
INSERT INTO PRECO_COLETADO (Preco, UnidadeMedida, DataColeta, PostoCNPJ, CombustivelID) VALUES (4.830, 'R$ / litro', '2022-12-22', '08279524000175', (SELECT ID_Combustivel FROM COMBUSTIVEL WHERE Nome = 'GASOLINA COMUM'));
INSERT INTO PRECO_COLETADO (Preco, UnidadeMedida, DataColeta, PostoCNPJ, CombustivelID) VALUES (4.830, 'R$ / litro', '2022-12-26', '08279524000175', (SELECT ID_Combustivel FROM COMBUSTIVEL WHERE Nome = 'GASOLINA COMUM'));
INSERT INTO PRECO_COLETADO (Preco, UnidadeMedida, DataColeta, PostoCNPJ, CombustivelID) VALUES (4.830, 'R$ / litro', '2023-01-03', '08279524000175', (SELECT ID_Combustivel FROM COMBUSTIVEL WHERE Nome = 'GASOLINA COMUM'));
INSERT INTO PRECO_COLETADO (Preco, UnidadeMedida, DataColeta, PostoCNPJ, CombustivelID) VALUES (5.340, 'R$ / litro', '2023-03-16', '08279524000175', (SELECT ID_Combustivel FROM COMBUSTIVEL WHERE Nome = 'GASOLINA COMUM'));
INSERT INTO PRECO_COLETADO (Preco, UnidadeMedida, DataColeta, PostoCNPJ, CombustivelID) VALUES (5.280, 'R$ / litro', '2023-04-05', '08279524000175', (SELECT ID_Combustivel FROM COMBUSTIVEL WHERE Nome = 'GASOLINA COMUM'));
INSERT INTO PRECO_COLETADO (Preco, UnidadeMedida, DataColeta, PostoCNPJ, CombustivelID) VALUES (5.280, 'R$ / litro', '2023-05-03', '08279524000175', (SELECT ID_Combustivel FROM COMBUSTIVEL WHERE Nome = 'GASOLINA COMUM'));
INSERT INTO PRECO_COLETADO (Preco, UnidadeMedida, DataColeta, PostoCNPJ, CombustivelID) VALUES (5.290, 'R$ / litro', '2023-08-07', '08279524000175', (SELECT ID_Combustivel FROM COMBUSTIVEL WHERE Nome = 'GASOLINA COMUM'));
INSERT INTO PRECO_COLETADO (Preco, UnidadeMedida, DataColeta, PostoCNPJ, CombustivelID) VALUES (5.370, 'R$ / litro', '2023-09-12', '08279524000175', (SELECT ID_Combustivel FROM COMBUSTIVEL WHERE Nome = 'GASOLINA COMUM'));
INSERT INTO PRECO_COLETADO (Preco, UnidadeMedida, DataColeta, PostoCNPJ, CombustivelID) VALUES (5.450, 'R$ / litro', '2023-10-31', '08279524000175', (SELECT ID_Combustivel FROM COMBUSTIVEL WHERE Nome = 'GASOLINA COMUM'));
INSERT INTO PRECO_COLETADO (Preco, UnidadeMedida, DataColeta, PostoCNPJ, CombustivelID) VALUES (5.390, 'R$ / litro', '2023-12-06', '08279524000175', (SELECT ID_Combustivel FROM COMBUSTIVEL WHERE Nome = 'GASOLINA COMUM'));
INSERT INTO PRECO_COLETADO (Preco, UnidadeMedida, DataColeta, PostoCNPJ, CombustivelID) VALUES (5.390, 'R$ / litro', '2023-12-20', '08279524000175', (SELECT ID_Combustivel FROM COMBUSTIVEL WHERE Nome = 'GASOLINA COMUM'));
INSERT INTO PRECO_COLETADO (Preco, UnidadeMedida, DataColeta, PostoCNPJ, CombustivelID) VALUES (5.390, 'R$ / litro', '2023-12-26', '08279524000175', (SELECT ID_Combustivel FROM COMBUSTIVEL WHERE Nome = 'GASOLINA COMUM'));
INSERT INTO PRECO_COLETADO (Preco, UnidadeMedida, DataColeta, PostoCNPJ, CombustivelID) VALUES (5.390, 'R$ / litro', '2024-01-08', '08279524000175', (SELECT ID_Combustivel FROM COMBUSTIVEL WHERE Nome = 'GASOLINA COMUM'));
INSERT INTO PRECO_COLETADO (Preco, UnidadeMedida, DataColeta, PostoCNPJ, CombustivelID) VALUES (5.390, 'R$ / litro', '2024-01-15', '08279524000175', (SELECT ID_Combustivel FROM COMBUSTIVEL WHERE Nome = 'GASOLINA COMUM'));
INSERT INTO PRECO_COLETADO (Preco, UnidadeMedida, DataColeta, PostoCNPJ, CombustivelID) VALUES (5.260, 'R$ / litro', '2024-01-22', '08279524000175', (SELECT ID_Combustivel FROM COMBUSTIVEL WHERE Nome = 'GASOLINA COMUM'));
INSERT INTO PRECO_COLETADO (Preco, UnidadeMedida, DataColeta, PostoCNPJ, CombustivelID) VALUES (5.670, 'R$ / litro', '2024-02-12', '08279524000175', (SELECT ID_Combustivel FROM COMBUSTIVEL WHERE Nome = 'GASOLINA COMUM'));
INSERT INTO PRECO_COLETADO (Preco, UnidadeMedida, DataColeta, PostoCNPJ, CombustivelID) VALUES (5.530, 'R$ / litro', '2024-02-19', '08279524000175', (SELECT ID_Combustivel FROM COMBUSTIVEL WHERE Nome = 'GASOLINA COMUM'));
INSERT INTO PRECO_COLETADO (Preco, UnidadeMedida, DataColeta, PostoCNPJ, CombustivelID) VALUES (5.370, 'R$ / litro', '2024-03-04', '08279524000175', (SELECT ID_Combustivel FROM COMBUSTIVEL WHERE Nome = 'GASOLINA COMUM'));
INSERT INTO PRECO_COLETADO (Preco, UnidadeMedida, DataColeta, PostoCNPJ, CombustivelID) VALUES (5.370, 'R$ / litro', '2024-03-18', '08279524000175', (SELECT ID_Combustivel FROM COMBUSTIVEL WHERE Nome = 'GASOLINA COMUM'));
INSERT INTO PRECO_COLETADO (Preco, UnidadeMedida, DataColeta, PostoCNPJ, CombustivelID) VALUES (5.450, 'R$ / litro', '2024-04-08', '08279524000175', (SELECT ID_Combustivel FROM COMBUSTIVEL WHERE Nome = 'GASOLINA COMUM'));
INSERT INTO PRECO_COLETADO (Preco, UnidadeMedida, DataColeta, PostoCNPJ, CombustivelID) VALUES (5.450, 'R$ / litro', '2024-04-15', '08279524000175', (SELECT ID_Combustivel FROM COMBUSTIVEL WHERE Nome = 'GASOLINA COMUM'));
INSERT INTO PRECO_COLETADO (Preco, UnidadeMedida, DataColeta, PostoCNPJ, CombustivelID) VALUES (5.450, 'R$ / litro', '2024-04-22', '08279524000175', (SELECT ID_Combustivel FROM COMBUSTIVEL WHERE Nome = 'GASOLINA COMUM'));
INSERT INTO PRECO_COLETADO (Preco, UnidadeMedida, DataColeta, PostoCNPJ, CombustivelID) VALUES (5.840, 'R$ / litro', '2024-05-13', '08279524000175', (SELECT ID_Combustivel FROM COMBUSTIVEL WHERE Nome = 'GASOLINA COMUM'));
INSERT INTO PRECO_COLETADO (Preco, UnidadeMedida, DataColeta, PostoCNPJ, CombustivelID) VALUES (5.840, 'R$ / litro', '2024-05-20', '08279524000175', (SELECT ID_Combustivel FROM COMBUSTIVEL WHERE Nome = 'GASOLINA COMUM'));
INSERT INTO PRECO_COLETADO (Preco, UnidadeMedida, DataColeta, PostoCNPJ, CombustivelID) VALUES (5.750, 'R$ / litro', '2024-05-27', '08279524000175', (SELECT ID_Combustivel FROM COMBUSTIVEL WHERE Nome = 'GASOLINA COMUM'));
INSERT INTO PRECO_COLETADO (Preco, UnidadeMedida, DataColeta, PostoCNPJ, CombustivelID) VALUES (5.750, 'R$ / litro', '2024-06-03', '08279524000175', (SELECT ID_Combustivel FROM COMBUSTIVEL WHERE Nome = 'GASOLINA COMUM'));
INSERT INTO PRECO_COLETADO (Preco, UnidadeMedida, DataColeta, PostoCNPJ, CombustivelID) VALUES (5.750, 'R$ / litro', '2024-06-24', '08279524000175', (SELECT ID_Combustivel FROM COMBUSTIVEL WHERE Nome = 'GASOLINA COMUM'));
INSERT INTO PRECO_COLETADO (Preco, UnidadeMedida, DataColeta, PostoCNPJ, CombustivelID) VALUES (5.650, 'R$ / litro', '2024-07-01', '08279524000175', (SELECT ID_Combustivel FROM COMBUSTIVEL WHERE Nome = 'GASOLINA COMUM'));
INSERT INTO PRECO_COLETADO (Preco, UnidadeMedida, DataColeta, PostoCNPJ, CombustivelID) VALUES (5.650, 'R$ / litro', '2024-07-09', '08279524000175', (SELECT ID_Combustivel FROM COMBUSTIVEL WHERE Nome = 'GASOLINA COMUM'));
INSERT INTO PRECO_COLETADO (Preco, UnidadeMedida, DataColeta, PostoCNPJ, CombustivelID) VALUES (5.890, 'R$ / litro', '2024-07-16', '08279524000175', (SELECT ID_Combustivel FROM COMBUSTIVEL WHERE Nome = 'GASOLINA COMUM'));
INSERT INTO PRECO_COLETADO (Preco, UnidadeMedida, DataColeta, PostoCNPJ, CombustivelID) VALUES (5.890, 'R$ / litro', '2024-07-22', '08279524000175', (SELECT ID_Combustivel FROM COMBUSTIVEL WHERE Nome = 'GASOLINA COMUM'));
INSERT INTO PRECO_COLETADO (Preco, UnidadeMedida, DataColeta, PostoCNPJ, CombustivelID) VALUES (5.890, 'R$ / litro', '2024-07-29', '08279524000175', (SELECT ID_Combustivel FROM COMBUSTIVEL WHERE Nome = 'GASOLINA COMUM'));
INSERT INTO PRECO_COLETADO (Preco, UnidadeMedida, DataColeta, PostoCNPJ, CombustivelID) VALUES (5.890, 'R$ / litro', '2024-08-05', '08279524000175', (SELECT ID_Combustivel FROM COMBUSTIVEL WHERE Nome = 'GASOLINA COMUM'));
INSERT INTO PRECO_COLETADO (Preco, UnidadeMedida, DataColeta, PostoCNPJ, CombustivelID) VALUES (5.890, 'R$ / litro', '2024-08-12', '08279524000175', (SELECT ID_Combustivel FROM COMBUSTIVEL WHERE Nome = 'GASOLINA COMUM'));
INSERT INTO PRECO_COLETADO (Preco, UnidadeMedida, DataColeta, PostoCNPJ, CombustivelID) VALUES (5.890, 'R$ / litro', '2024-08-20', '08279524000175', (SELECT ID_Combustivel FROM COMBUSTIVEL WHERE Nome = 'GASOLINA COMUM'));
INSERT INTO PRECO_COLETADO (Preco, UnidadeMedida, DataColeta, PostoCNPJ, CombustivelID) VALUES (5.890, 'R$ / litro', '2024-08-26', '08279524000175', (SELECT ID_Combustivel FROM COMBUSTIVEL WHERE Nome = 'GASOLINA COMUM'));
INSERT INTO PRECO_COLETADO (Preco, UnidadeMedida, DataColeta, PostoCNPJ, CombustivelID) VALUES (5.890, 'R$ / litro', '2024-09-02', '08279524000175', (SELECT ID_Combustivel FROM COMBUSTIVEL WHERE Nome = 'GASOLINA COMUM'));
INSERT INTO COMBUSTIVEL (Nome) VALUES ('GASOLINA ADITIVADA');
INSERT INTO PRECO_COLETADO (Preco, UnidadeMedida, DataColeta, PostoCNPJ, CombustivelID) VALUES (5.290, 'R$ / litro', '2023-08-07', '08279524000175', (SELECT ID_Combustivel FROM COMBUSTIVEL WHERE Nome = 'GASOLINA ADITIVADA'));
INSERT INTO PRECO_COLETADO (Preco, UnidadeMedida, DataColeta, PostoCNPJ, CombustivelID) VALUES (5.370, 'R$ / litro', '2023-09-12', '08279524000175', (SELECT ID_Combustivel FROM COMBUSTIVEL WHERE Nome = 'GASOLINA ADITIVADA'));
INSERT INTO PRECO_COLETADO (Preco, UnidadeMedida, DataColeta, PostoCNPJ, CombustivelID) VALUES (5.450, 'R$ / litro', '2023-10-31', '08279524000175', (SELECT ID_Combustivel FROM COMBUSTIVEL WHERE Nome = 'GASOLINA ADITIVADA'));
INSERT INTO PRECO_COLETADO (Preco, UnidadeMedida, DataColeta, PostoCNPJ, CombustivelID) VALUES (5.390, 'R$ / litro', '2023-12-06', '08279524000175', (SELECT ID_Combustivel FROM COMBUSTIVEL WHERE Nome = 'GASOLINA ADITIVADA'));
INSERT INTO PRECO_COLETADO (Preco, UnidadeMedida, DataColeta, PostoCNPJ, CombustivelID) VALUES (5.390, 'R$ / litro', '2023-12-20', '08279524000175', (SELECT ID_Combustivel FROM COMBUSTIVEL WHERE Nome = 'GASOLINA ADITIVADA'));
INSERT INTO PRECO_COLETADO (Preco, UnidadeMedida, DataColeta, PostoCNPJ, CombustivelID) VALUES (5.390, 'R$ / litro', '2023-12-26', '08279524000175', (SELECT ID_Combustivel FROM COMBUSTIVEL WHERE Nome = 'GASOLINA ADITIVADA'));
INSERT INTO PRECO_COLETADO (Preco, UnidadeMedida, DataColeta, PostoCNPJ, CombustivelID) VALUES (5.390, 'R$ / litro', '2024-01-08', '08279524000175', (SELECT ID_Combustivel FROM COMBUSTIVEL WHERE Nome = 'GASOLINA ADITIVADA'));
INSERT INTO PRECO_COLETADO (Preco, UnidadeMedida, DataColeta, PostoCNPJ, CombustivelID) VALUES (5.390, 'R$ / litro', '2024-01-15', '08279524000175', (SELECT ID_Combustivel FROM COMBUSTIVEL WHERE Nome = 'GASOLINA ADITIVADA'));
INSERT INTO PRECO_COLETADO (Preco, UnidadeMedida, DataColeta, PostoCNPJ, CombustivelID) VALUES (5.260, 'R$ / litro', '2024-01-22', '08279524000175', (SELECT ID_Combustivel FROM COMBUSTIVEL WHERE Nome = 'GASOLINA ADITIVADA'));
INSERT INTO PRECO_COLETADO (Preco, UnidadeMedida, DataColeta, PostoCNPJ, CombustivelID) VALUES (5.370, 'R$ / litro', '2024-03-04', '08279524000175', (SELECT ID_Combustivel FROM COMBUSTIVEL WHERE Nome = 'GASOLINA ADITIVADA'));
INSERT INTO PRECO_COLETADO (Preco, UnidadeMedida, DataColeta, PostoCNPJ, CombustivelID) VALUES (5.370, 'R$ / litro', '2024-03-18', '08279524000175', (SELECT ID_Combustivel FROM COMBUSTIVEL WHERE Nome = 'GASOLINA ADITIVADA'));
INSERT INTO PRECO_COLETADO (Preco, UnidadeMedida, DataColeta, PostoCNPJ, CombustivelID) VALUES (5.450, 'R$ / litro', '2024-04-08', '08279524000175', (SELECT ID_Combustivel FROM COMBUSTIVEL WHERE Nome = 'GASOLINA ADITIVADA'));
INSERT INTO PRECO_COLETADO (Preco, UnidadeMedida, DataColeta, PostoCNPJ, CombustivelID) VALUES (5.450, 'R$ / litro', '2024-04-15', '08279524000175', (SELECT ID_Combustivel FROM COMBUSTIVEL WHERE Nome = 'GASOLINA ADITIVADA'));
INSERT INTO PRECO_COLETADO (Preco, UnidadeMedida, DataColeta, PostoCNPJ, CombustivelID) VALUES (5.450, 'R$ / litro', '2024-04-22', '08279524000175', (SELECT ID_Combustivel FROM COMBUSTIVEL WHERE Nome = 'GASOLINA ADITIVADA'));
INSERT INTO PRECO_COLETADO (Preco, UnidadeMedida, DataColeta, PostoCNPJ, CombustivelID) VALUES (5.840, 'R$ / litro', '2024-05-13', '08279524000175', (SELECT ID_Combustivel FROM COMBUSTIVEL WHERE Nome = 'GASOLINA ADITIVADA'));
INSERT INTO PRECO_COLETADO (Preco, UnidadeMedida, DataColeta, PostoCNPJ, CombustivelID) VALUES (5.840, 'R$ / litro', '2024-05-20', '08279524000175', (SELECT ID_Combustivel FROM COMBUSTIVEL WHERE Nome = 'GASOLINA ADITIVADA'));
INSERT INTO PRECO_COLETADO (Preco, UnidadeMedida, DataColeta, PostoCNPJ, CombustivelID) VALUES (5.750, 'R$ / litro', '2024-05-27', '08279524000175', (SELECT ID_Combustivel FROM COMBUSTIVEL WHERE Nome = 'GASOLINA ADITIVADA'));
INSERT INTO PRECO_COLETADO (Preco, UnidadeMedida, DataColeta, PostoCNPJ, CombustivelID) VALUES (5.750, 'R$ / litro', '2024-06-03', '08279524000175', (SELECT ID_Combustivel FROM COMBUSTIVEL WHERE Nome = 'GASOLINA ADITIVADA'));
INSERT INTO PRECO_COLETADO (Preco, UnidadeMedida, DataColeta, PostoCNPJ, CombustivelID) VALUES (5.750, 'R$ / litro', '2024-06-24', '08279524000175', (SELECT ID_Combustivel FROM COMBUSTIVEL WHERE Nome = 'GASOLINA ADITIVADA'));
INSERT INTO PRECO_COLETADO (Preco, UnidadeMedida, DataColeta, PostoCNPJ, CombustivelID) VALUES (5.650, 'R$ / litro', '2024-07-01', '08279524000175', (SELECT ID_Combustivel FROM COMBUSTIVEL WHERE Nome = 'GASOLINA ADITIVADA'));
INSERT INTO PRECO_COLETADO (Preco, UnidadeMedida, DataColeta, PostoCNPJ, CombustivelID) VALUES (5.650, 'R$ / litro', '2024-07-09', '08279524000175', (SELECT ID_Combustivel FROM COMBUSTIVEL WHERE Nome = 'GASOLINA ADITIVADA'));
INSERT INTO PRECO_COLETADO (Preco, UnidadeMedida, DataColeta, PostoCNPJ, CombustivelID) VALUES (5.890, 'R$ / litro', '2024-07-16', '08279524000175', (SELECT ID_Combustivel FROM COMBUSTIVEL WHERE Nome = 'GASOLINA ADITIVADA'));
INSERT INTO PRECO_COLETADO (Preco, UnidadeMedida, DataColeta, PostoCNPJ, CombustivelID) VALUES (5.890, 'R$ / litro', '2024-07-22', '08279524000175', (SELECT ID_Combustivel FROM COMBUSTIVEL WHERE Nome = 'GASOLINA ADITIVADA'));
INSERT INTO PRECO_COLETADO (Preco, UnidadeMedida, DataColeta, PostoCNPJ, CombustivelID) VALUES (5.890, 'R$ / litro', '2024-07-29', '08279524000175', (SELECT ID_Combustivel FROM COMBUSTIVEL WHERE Nome = 'GASOLINA ADITIVADA'));
INSERT INTO PRECO_COLETADO (Preco, UnidadeMedida, DataColeta, PostoCNPJ, CombustivelID) VALUES (5.890, 'R$ / litro', '2024-08-05', '08279524000175', (SELECT ID_Combustivel FROM COMBUSTIVEL WHERE Nome = 'GASOLINA ADITIVADA'));
INSERT INTO PRECO_COLETADO (Preco, UnidadeMedida, DataColeta, PostoCNPJ, CombustivelID) VALUES (5.890, 'R$ / litro', '2024-08-12', '08279524000175', (SELECT ID_Combustivel FROM COMBUSTIVEL WHERE Nome = 'GASOLINA ADITIVADA'));
INSERT INTO PRECO_COLETADO (Preco, UnidadeMedida, DataColeta, PostoCNPJ, CombustivelID) VALUES (5.890, 'R$ / litro', '2024-08-20', '08279524000175', (SELECT ID_Combustivel FROM COMBUSTIVEL WHERE Nome = 'GASOLINA ADITIVADA'));
INSERT INTO PRECO_COLETADO (Preco, UnidadeMedida, DataColeta, PostoCNPJ, CombustivelID) VALUES (5.890, 'R$ / litro', '2024-08-26', '08279524000175', (SELECT ID_Combustivel FROM COMBUSTIVEL WHERE Nome = 'GASOLINA ADITIVADA'));
INSERT INTO PRECO_COLETADO (Preco, UnidadeMedida, DataColeta, PostoCNPJ, CombustivelID) VALUES (5.890, 'R$ / litro', '2024-09-02', '08279524000175', (SELECT ID_Combustivel FROM COMBUSTIVEL WHERE Nome = 'GASOLINA ADITIVADA'));
INSERT INTO COMBUSTIVEL (Nome) VALUES ('DIESEL S10');
INSERT INTO PRECO_COLETADO (Preco, UnidadeMedida, DataColeta, PostoCNPJ, CombustivelID) VALUES (5.670, 'R$ / litro', '2024-04-08', '08279524000175', (SELECT ID_Combustivel FROM COMBUSTIVEL WHERE Nome = 'DIESEL S10'));
INSERT INTO PRECO_COLETADO (Preco, UnidadeMedida, DataColeta, PostoCNPJ, CombustivelID) VALUES (5.670, 'R$ / litro', '2024-04-15', '08279524000175', (SELECT ID_Combustivel FROM COMBUSTIVEL WHERE Nome = 'DIESEL S10'));
INSERT INTO POSTO (CNPJ, RazaoSocial, NomeFantasia, Bandeira, Logradouro, Numero, Bairro, Cidade, Estado, CEP) VALUES ('08022304000161', 'AUTO POSTO DE COMBUSTIVEL RTT LTDA', 'AUTO POSTO DE COMBUSTIVEL RTT LTDA', 'BRANCA', 'RUA MOEMA', '38', 'DIVINO ESPIRITO SANTO', 'VILA VELHA', 'ESPIRITO SANTO', '29107250');
INSERT INTO PRECO_COLETADO (Preco, UnidadeMedida, DataColeta, PostoCNPJ, CombustivelID) VALUES (4.090, 'R$ / litro', '2022-10-24', '08022304000161', (SELECT ID_Combustivel FROM COMBUSTIVEL WHERE Nome = 'ETANOL'));
INSERT INTO PRECO_COLETADO (Preco, UnidadeMedida, DataColeta, PostoCNPJ, CombustivelID) VALUES (4.190, 'R$ / litro', '2022-11-14', '08022304000161', (SELECT ID_Combustivel FROM COMBUSTIVEL WHERE Nome = 'ETANOL'));
INSERT INTO PRECO_COLETADO (Preco, UnidadeMedida, DataColeta, PostoCNPJ, CombustivelID) VALUES (4.190, 'R$ / litro', '2022-11-22', '08022304000161', (SELECT ID_Combustivel FROM COMBUSTIVEL WHERE Nome = 'ETANOL'));
INSERT INTO PRECO_COLETADO (Preco, UnidadeMedida, DataColeta, PostoCNPJ, CombustivelID) VALUES (4.190, 'R$ / litro', '2022-12-05', '08022304000161', (SELECT ID_Combustivel FROM COMBUSTIVEL WHERE Nome = 'ETANOL'));
INSERT INTO PRECO_COLETADO (Preco, UnidadeMedida, DataColeta, PostoCNPJ, CombustivelID) VALUES (4.190, 'R$ / litro', '2022-12-12', '08022304000161', (SELECT ID_Combustivel FROM COMBUSTIVEL WHERE Nome = 'ETANOL'));
INSERT INTO PRECO_COLETADO (Preco, UnidadeMedida, DataColeta, PostoCNPJ, CombustivelID) VALUES (4.190, 'R$ / litro', '2022-12-22', '08022304000161', (SELECT ID_Combustivel FROM COMBUSTIVEL WHERE Nome = 'ETANOL'));
INSERT INTO PRECO_COLETADO (Preco, UnidadeMedida, DataColeta, PostoCNPJ, CombustivelID) VALUES (4.190, 'R$ / litro', '2022-12-26', '08022304000161', (SELECT ID_Combustivel FROM COMBUSTIVEL WHERE Nome = 'ETANOL'));
INSERT INTO PRECO_COLETADO (Preco, UnidadeMedida, DataColeta, PostoCNPJ, CombustivelID) VALUES (4.190, 'R$ / litro', '2023-01-02', '08022304000161', (SELECT ID_Combustivel FROM COMBUSTIVEL WHERE Nome = 'ETANOL'));
INSERT INTO PRECO_COLETADO (Preco, UnidadeMedida, DataColeta, PostoCNPJ, CombustivelID) VALUES (4.190, 'R$ / litro', '2023-01-09', '08022304000161', (SELECT ID_Combustivel FROM COMBUSTIVEL WHERE Nome = 'ETANOL'));
INSERT INTO PRECO_COLETADO (Preco, UnidadeMedida, DataColeta, PostoCNPJ, CombustivelID) VALUES (4.190, 'R$ / litro', '2023-02-06', '08022304000161', (SELECT ID_Combustivel FROM COMBUSTIVEL WHERE Nome = 'ETANOL'));
INSERT INTO PRECO_COLETADO (Preco, UnidadeMedida, DataColeta, PostoCNPJ, CombustivelID) VALUES (4.190, 'R$ / litro', '2023-02-20', '08022304000161', (SELECT ID_Combustivel FROM COMBUSTIVEL WHERE Nome = 'ETANOL'));
INSERT INTO PRECO_COLETADO (Preco, UnidadeMedida, DataColeta, PostoCNPJ, CombustivelID) VALUES (4.190, 'R$ / litro', '2023-03-06', '08022304000161', (SELECT ID_Combustivel FROM COMBUSTIVEL WHERE Nome = 'ETANOL'));
INSERT INTO PRECO_COLETADO (Preco, UnidadeMedida, DataColeta, PostoCNPJ, CombustivelID) VALUES (4.190, 'R$ / litro', '2023-03-16', '08022304000161', (SELECT ID_Combustivel FROM COMBUSTIVEL WHERE Nome = 'ETANOL'));
INSERT INTO PRECO_COLETADO (Preco, UnidadeMedida, DataColeta, PostoCNPJ, CombustivelID) VALUES (4.190, 'R$ / litro', '2023-03-21', '08022304000161', (SELECT ID_Combustivel FROM COMBUSTIVEL WHERE Nome = 'ETANOL'));
INSERT INTO PRECO_COLETADO (Preco, UnidadeMedida, DataColeta, PostoCNPJ, CombustivelID) VALUES (4.190, 'R$ / litro', '2023-03-27', '08022304000161', (SELECT ID_Combustivel FROM COMBUSTIVEL WHERE Nome = 'ETANOL'));
INSERT INTO PRECO_COLETADO (Preco, UnidadeMedida, DataColeta, PostoCNPJ, CombustivelID) VALUES (4.190, 'R$ / litro', '2023-04-04', '08022304000161', (SELECT ID_Combustivel FROM COMBUSTIVEL WHERE Nome = 'ETANOL'));
INSERT INTO PRECO_COLETADO (Preco, UnidadeMedida, DataColeta, PostoCNPJ, CombustivelID) VALUES (4.390, 'R$ / litro', '2023-05-02', '08022304000161', (SELECT ID_Combustivel FROM COMBUSTIVEL WHERE Nome = 'ETANOL'));
INSERT INTO PRECO_COLETADO (Preco, UnidadeMedida, DataColeta, PostoCNPJ, CombustivelID) VALUES (4.490, 'R$ / litro', '2023-08-07', '08022304000161', (SELECT ID_Combustivel FROM COMBUSTIVEL WHERE Nome = 'ETANOL'));
INSERT INTO PRECO_COLETADO (Preco, UnidadeMedida, DataColeta, PostoCNPJ, CombustivelID) VALUES (4.090, 'R$ / litro', '2023-09-12', '08022304000161', (SELECT ID_Combustivel FROM COMBUSTIVEL WHERE Nome = 'ETANOL'));
INSERT INTO PRECO_COLETADO (Preco, UnidadeMedida, DataColeta, PostoCNPJ, CombustivelID) VALUES (4.090, 'R$ / litro', '2023-10-31', '08022304000161', (SELECT ID_Combustivel FROM COMBUSTIVEL WHERE Nome = 'ETANOL'));
INSERT INTO PRECO_COLETADO (Preco, UnidadeMedida, DataColeta, PostoCNPJ, CombustivelID) VALUES (3.990, 'R$ / litro', '2023-12-06', '08022304000161', (SELECT ID_Combustivel FROM COMBUSTIVEL WHERE Nome = 'ETANOL'));
INSERT INTO PRECO_COLETADO (Preco, UnidadeMedida, DataColeta, PostoCNPJ, CombustivelID) VALUES (3.990, 'R$ / litro', '2023-12-20', '08022304000161', (SELECT ID_Combustivel FROM COMBUSTIVEL WHERE Nome = 'ETANOL'));
INSERT INTO PRECO_COLETADO (Preco, UnidadeMedida, DataColeta, PostoCNPJ, CombustivelID) VALUES (3.990, 'R$ / litro', '2023-12-26', '08022304000161', (SELECT ID_Combustivel FROM COMBUSTIVEL WHERE Nome = 'ETANOL'));
INSERT INTO PRECO_COLETADO (Preco, UnidadeMedida, DataColeta, PostoCNPJ, CombustivelID) VALUES (3.990, 'R$ / litro', '2024-01-03', '08022304000161', (SELECT ID_Combustivel FROM COMBUSTIVEL WHERE Nome = 'ETANOL'));
INSERT INTO PRECO_COLETADO (Preco, UnidadeMedida, DataColeta, PostoCNPJ, CombustivelID) VALUES (3.990, 'R$ / litro', '2024-01-08', '08022304000161', (SELECT ID_Combustivel FROM COMBUSTIVEL WHERE Nome = 'ETANOL'));
INSERT INTO PRECO_COLETADO (Preco, UnidadeMedida, DataColeta, PostoCNPJ, CombustivelID) VALUES (3.890, 'R$ / litro', '2024-01-15', '08022304000161', (SELECT ID_Combustivel FROM COMBUSTIVEL WHERE Nome = 'ETANOL'));
INSERT INTO PRECO_COLETADO (Preco, UnidadeMedida, DataColeta, PostoCNPJ, CombustivelID) VALUES (3.890, 'R$ / litro', '2024-01-22', '08022304000161', (SELECT ID_Combustivel FROM COMBUSTIVEL WHERE Nome = 'ETANOL'));
INSERT INTO PRECO_COLETADO (Preco, UnidadeMedida, DataColeta, PostoCNPJ, CombustivelID) VALUES (3.990, 'R$ / litro', '2024-02-05', '08022304000161', (SELECT ID_Combustivel FROM COMBUSTIVEL WHERE Nome = 'ETANOL'));
INSERT INTO PRECO_COLETADO (Preco, UnidadeMedida, DataColeta, PostoCNPJ, CombustivelID) VALUES (3.990, 'R$ / litro', '2024-02-12', '08022304000161', (SELECT ID_Combustivel FROM COMBUSTIVEL WHERE Nome = 'ETANOL'));
INSERT INTO PRECO_COLETADO (Preco, UnidadeMedida, DataColeta, PostoCNPJ, CombustivelID) VALUES (3.990, 'R$ / litro', '2024-02-19', '08022304000161', (SELECT ID_Combustivel FROM COMBUSTIVEL WHERE Nome = 'ETANOL'));
INSERT INTO PRECO_COLETADO (Preco, UnidadeMedida, DataColeta, PostoCNPJ, CombustivelID) VALUES (3.990, 'R$ / litro', '2024-02-26', '08022304000161', (SELECT ID_Combustivel FROM COMBUSTIVEL WHERE Nome = 'ETANOL'));
INSERT INTO PRECO_COLETADO (Preco, UnidadeMedida, DataColeta, PostoCNPJ, CombustivelID) VALUES (3.990, 'R$ / litro', '2024-03-04', '08022304000161', (SELECT ID_Combustivel FROM COMBUSTIVEL WHERE Nome = 'ETANOL'));
INSERT INTO PRECO_COLETADO (Preco, UnidadeMedida, DataColeta, PostoCNPJ, CombustivelID) VALUES (3.990, 'R$ / litro', '2024-03-18', '08022304000161', (SELECT ID_Combustivel FROM COMBUSTIVEL WHERE Nome = 'ETANOL'));
INSERT INTO PRECO_COLETADO (Preco, UnidadeMedida, DataColeta, PostoCNPJ, CombustivelID) VALUES (3.990, 'R$ / litro', '2024-04-08', '08022304000161', (SELECT ID_Combustivel FROM COMBUSTIVEL WHERE Nome = 'ETANOL'));
INSERT INTO PRECO_COLETADO (Preco, UnidadeMedida, DataColeta, PostoCNPJ, CombustivelID) VALUES (4.190, 'R$ / litro', '2024-04-15', '08022304000161', (SELECT ID_Combustivel FROM COMBUSTIVEL WHERE Nome = 'ETANOL'));
INSERT INTO PRECO_COLETADO (Preco, UnidadeMedida, DataColeta, PostoCNPJ, CombustivelID) VALUES (4.350, 'R$ / litro', '2024-04-22', '08022304000161', (SELECT ID_Combustivel FROM COMBUSTIVEL WHERE Nome = 'ETANOL'));
INSERT INTO PRECO_COLETADO (Preco, UnidadeMedida, DataColeta, PostoCNPJ, CombustivelID) VALUES (3.990, 'R$ / litro', '2024-05-14', '08022304000161', (SELECT ID_Combustivel FROM COMBUSTIVEL WHERE Nome = 'ETANOL'));
INSERT INTO PRECO_COLETADO (Preco, UnidadeMedida, DataColeta, PostoCNPJ, CombustivelID) VALUES (3.990, 'R$ / litro', '2024-05-20', '08022304000161', (SELECT ID_Combustivel FROM COMBUSTIVEL WHERE Nome = 'ETANOL'));
INSERT INTO PRECO_COLETADO (Preco, UnidadeMedida, DataColeta, PostoCNPJ, CombustivelID) VALUES (3.990, 'R$ / litro', '2024-05-27', '08022304000161', (SELECT ID_Combustivel FROM COMBUSTIVEL WHERE Nome = 'ETANOL'));
INSERT INTO PRECO_COLETADO (Preco, UnidadeMedida, DataColeta, PostoCNPJ, CombustivelID) VALUES (3.990, 'R$ / litro', '2024-06-03', '08022304000161', (SELECT ID_Combustivel FROM COMBUSTIVEL WHERE Nome = 'ETANOL'));
INSERT INTO PRECO_COLETADO (Preco, UnidadeMedida, DataColeta, PostoCNPJ, CombustivelID) VALUES (3.990, 'R$ / litro', '2024-06-10', '08022304000161', (SELECT ID_Combustivel FROM COMBUSTIVEL WHERE Nome = 'ETANOL'));
INSERT INTO PRECO_COLETADO (Preco, UnidadeMedida, DataColeta, PostoCNPJ, CombustivelID) VALUES (3.990, 'R$ / litro', '2024-06-24', '08022304000161', (SELECT ID_Combustivel FROM COMBUSTIVEL WHERE Nome = 'ETANOL'));
INSERT INTO PRECO_COLETADO (Preco, UnidadeMedida, DataColeta, PostoCNPJ, CombustivelID) VALUES (3.990, 'R$ / litro', '2024-07-01', '08022304000161', (SELECT ID_Combustivel FROM COMBUSTIVEL WHERE Nome = 'ETANOL'));
INSERT INTO PRECO_COLETADO (Preco, UnidadeMedida, DataColeta, PostoCNPJ, CombustivelID) VALUES (3.990, 'R$ / litro', '2024-07-09', '08022304000161', (SELECT ID_Combustivel FROM COMBUSTIVEL WHERE Nome = 'ETANOL'));
INSERT INTO PRECO_COLETADO (Preco, UnidadeMedida, DataColeta, PostoCNPJ, CombustivelID) VALUES (4.290, 'R$ / litro', '2024-07-16', '08022304000161', (SELECT ID_Combustivel FROM COMBUSTIVEL WHERE Nome = 'ETANOL'));
INSERT INTO PRECO_COLETADO (Preco, UnidadeMedida, DataColeta, PostoCNPJ, CombustivelID) VALUES (4.290, 'R$ / litro', '2024-07-22', '08022304000161', (SELECT ID_Combustivel FROM COMBUSTIVEL WHERE Nome = 'ETANOL'));
INSERT INTO PRECO_COLETADO (Preco, UnidadeMedida, DataColeta, PostoCNPJ, CombustivelID) VALUES (4.290, 'R$ / litro', '2024-07-29', '08022304000161', (SELECT ID_Combustivel FROM COMBUSTIVEL WHERE Nome = 'ETANOL'));
INSERT INTO PRECO_COLETADO (Preco, UnidadeMedida, DataColeta, PostoCNPJ, CombustivelID) VALUES (4.390, 'R$ / litro', '2024-08-05', '08022304000161', (SELECT ID_Combustivel FROM COMBUSTIVEL WHERE Nome = 'ETANOL'));
INSERT INTO PRECO_COLETADO (Preco, UnidadeMedida, DataColeta, PostoCNPJ, CombustivelID) VALUES (4.390, 'R$ / litro', '2024-08-12', '08022304000161', (SELECT ID_Combustivel FROM COMBUSTIVEL WHERE Nome = 'ETANOL'));
INSERT INTO PRECO_COLETADO (Preco, UnidadeMedida, DataColeta, PostoCNPJ, CombustivelID) VALUES (4.390, 'R$ / litro', '2024-08-20', '08022304000161', (SELECT ID_Combustivel FROM COMBUSTIVEL WHERE Nome = 'ETANOL'));
INSERT INTO PRECO_COLETADO (Preco, UnidadeMedida, DataColeta, PostoCNPJ, CombustivelID) VALUES (4.390, 'R$ / litro', '2024-08-26', '08022304000161', (SELECT ID_Combustivel FROM COMBUSTIVEL WHERE Nome = 'ETANOL'));
INSERT INTO PRECO_COLETADO (Preco, UnidadeMedida, DataColeta, PostoCNPJ, CombustivelID) VALUES (4.390, 'R$ / litro', '2024-09-02', '08022304000161', (SELECT ID_Combustivel FROM COMBUSTIVEL WHERE Nome = 'ETANOL'));
INSERT INTO PRECO_COLETADO (Preco, UnidadeMedida, DataColeta, PostoCNPJ, CombustivelID) VALUES (6.490, 'R$ / litro', '2022-10-24', '08022304000161', (SELECT ID_Combustivel FROM COMBUSTIVEL WHERE Nome = 'DIESEL S10'));
INSERT INTO PRECO_COLETADO (Preco, UnidadeMedida, DataColeta, PostoCNPJ, CombustivelID) VALUES (6.490, 'R$ / litro', '2022-11-14', '08022304000161', (SELECT ID_Combustivel FROM COMBUSTIVEL WHERE Nome = 'DIESEL S10'));
INSERT INTO PRECO_COLETADO (Preco, UnidadeMedida, DataColeta, PostoCNPJ, CombustivelID) VALUES (6.390, 'R$ / litro', '2022-11-22', '08022304000161', (SELECT ID_Combustivel FROM COMBUSTIVEL WHERE Nome = 'DIESEL S10'));
INSERT INTO PRECO_COLETADO (Preco, UnidadeMedida, DataColeta, PostoCNPJ, CombustivelID) VALUES (6.390, 'R$ / litro', '2022-12-05', '08022304000161', (SELECT ID_Combustivel FROM COMBUSTIVEL WHERE Nome = 'DIESEL S10'));
INSERT INTO PRECO_COLETADO (Preco, UnidadeMedida, DataColeta, PostoCNPJ, CombustivelID) VALUES (6.390, 'R$ / litro', '2022-12-12', '08022304000161', (SELECT ID_Combustivel FROM COMBUSTIVEL WHERE Nome = 'DIESEL S10'));
INSERT INTO PRECO_COLETADO (Preco, UnidadeMedida, DataColeta, PostoCNPJ, CombustivelID) VALUES (6.390, 'R$ / litro', '2022-12-22', '08022304000161', (SELECT ID_Combustivel FROM COMBUSTIVEL WHERE Nome = 'DIESEL S10'));
INSERT INTO PRECO_COLETADO (Preco, UnidadeMedida, DataColeta, PostoCNPJ, CombustivelID) VALUES (6.390, 'R$ / litro', '2022-12-26', '08022304000161', (SELECT ID_Combustivel FROM COMBUSTIVEL WHERE Nome = 'DIESEL S10'));
INSERT INTO PRECO_COLETADO (Preco, UnidadeMedida, DataColeta, PostoCNPJ, CombustivelID) VALUES (6.290, 'R$ / litro', '2023-01-02', '08022304000161', (SELECT ID_Combustivel FROM COMBUSTIVEL WHERE Nome = 'DIESEL S10'));
INSERT INTO PRECO_COLETADO (Preco, UnidadeMedida, DataColeta, PostoCNPJ, CombustivelID) VALUES (6.290, 'R$ / litro', '2023-01-09', '08022304000161', (SELECT ID_Combustivel FROM COMBUSTIVEL WHERE Nome = 'DIESEL S10'));
INSERT INTO PRECO_COLETADO (Preco, UnidadeMedida, DataColeta, PostoCNPJ, CombustivelID) VALUES (6.290, 'R$ / litro', '2023-02-06', '08022304000161', (SELECT ID_Combustivel FROM COMBUSTIVEL WHERE Nome = 'DIESEL S10'));
INSERT INTO PRECO_COLETADO (Preco, UnidadeMedida, DataColeta, PostoCNPJ, CombustivelID) VALUES (5.870, 'R$ / litro', '2023-02-20', '08022304000161', (SELECT ID_Combustivel FROM COMBUSTIVEL WHERE Nome = 'DIESEL S10'));
INSERT INTO PRECO_COLETADO (Preco, UnidadeMedida, DataColeta, PostoCNPJ, CombustivelID) VALUES (5.870, 'R$ / litro', '2023-03-06', '08022304000161', (SELECT ID_Combustivel FROM COMBUSTIVEL WHERE Nome = 'DIESEL S10'));
INSERT INTO PRECO_COLETADO (Preco, UnidadeMedida, DataColeta, PostoCNPJ, CombustivelID) VALUES (5.790, 'R$ / litro', '2023-03-16', '08022304000161', (SELECT ID_Combustivel FROM COMBUSTIVEL WHERE Nome = 'DIESEL S10'));
INSERT INTO PRECO_COLETADO (Preco, UnidadeMedida, DataColeta, PostoCNPJ, CombustivelID) VALUES (5.790, 'R$ / litro', '2023-03-21', '08022304000161', (SELECT ID_Combustivel FROM COMBUSTIVEL WHERE Nome = 'DIESEL S10'));
INSERT INTO PRECO_COLETADO (Preco, UnidadeMedida, DataColeta, PostoCNPJ, CombustivelID) VALUES (5.790, 'R$ / litro', '2023-03-27', '08022304000161', (SELECT ID_Combustivel FROM COMBUSTIVEL WHERE Nome = 'DIESEL S10'));
INSERT INTO PRECO_COLETADO (Preco, UnidadeMedida, DataColeta, PostoCNPJ, CombustivelID) VALUES (5.790, 'R$ / litro', '2023-04-04', '08022304000161', (SELECT ID_Combustivel FROM COMBUSTIVEL WHERE Nome = 'DIESEL S10'));
INSERT INTO PRECO_COLETADO (Preco, UnidadeMedida, DataColeta, PostoCNPJ, CombustivelID) VALUES (5.590, 'R$ / litro', '2023-05-02', '08022304000161', (SELECT ID_Combustivel FROM COMBUSTIVEL WHERE Nome = 'DIESEL S10'));
INSERT INTO PRECO_COLETADO (Preco, UnidadeMedida, DataColeta, PostoCNPJ, CombustivelID) VALUES (5.090, 'R$ / litro', '2023-08-07', '08022304000161', (SELECT ID_Combustivel FROM COMBUSTIVEL WHERE Nome = 'DIESEL S10'));
INSERT INTO PRECO_COLETADO (Preco, UnidadeMedida, DataColeta, PostoCNPJ, CombustivelID) VALUES (5.990, 'R$ / litro', '2023-09-12', '08022304000161', (SELECT ID_Combustivel FROM COMBUSTIVEL WHERE Nome = 'DIESEL S10'));
INSERT INTO PRECO_COLETADO (Preco, UnidadeMedida, DataColeta, PostoCNPJ, CombustivelID) VALUES (6.090, 'R$ / litro', '2023-10-31', '08022304000161', (SELECT ID_Combustivel FROM COMBUSTIVEL WHERE Nome = 'DIESEL S10'));
INSERT INTO PRECO_COLETADO (Preco, UnidadeMedida, DataColeta, PostoCNPJ, CombustivelID) VALUES (6.090, 'R$ / litro', '2023-12-06', '08022304000161', (SELECT ID_Combustivel FROM COMBUSTIVEL WHERE Nome = 'DIESEL S10'));
INSERT INTO PRECO_COLETADO (Preco, UnidadeMedida, DataColeta, PostoCNPJ, CombustivelID) VALUES (5.990, 'R$ / litro', '2023-12-20', '08022304000161', (SELECT ID_Combustivel FROM COMBUSTIVEL WHERE Nome = 'DIESEL S10'));
INSERT INTO PRECO_COLETADO (Preco, UnidadeMedida, DataColeta, PostoCNPJ, CombustivelID) VALUES (5.990, 'R$ / litro', '2023-12-26', '08022304000161', (SELECT ID_Combustivel FROM COMBUSTIVEL WHERE Nome = 'DIESEL S10'));
INSERT INTO PRECO_COLETADO (Preco, UnidadeMedida, DataColeta, PostoCNPJ, CombustivelID) VALUES (5.890, 'R$ / litro', '2024-01-03', '08022304000161', (SELECT ID_Combustivel FROM COMBUSTIVEL WHERE Nome = 'DIESEL S10'));
INSERT INTO PRECO_COLETADO (Preco, UnidadeMedida, DataColeta, PostoCNPJ, CombustivelID) VALUES (5.890, 'R$ / litro', '2024-01-08', '08022304000161', (SELECT ID_Combustivel FROM COMBUSTIVEL WHERE Nome = 'DIESEL S10'));
INSERT INTO PRECO_COLETADO (Preco, UnidadeMedida, DataColeta, PostoCNPJ, CombustivelID) VALUES (5.890, 'R$ / litro', '2024-01-15', '08022304000161', (SELECT ID_Combustivel FROM COMBUSTIVEL WHERE Nome = 'DIESEL S10'));
INSERT INTO PRECO_COLETADO (Preco, UnidadeMedida, DataColeta, PostoCNPJ, CombustivelID) VALUES (5.890, 'R$ / litro', '2024-01-22', '08022304000161', (SELECT ID_Combustivel FROM COMBUSTIVEL WHERE Nome = 'DIESEL S10'));
INSERT INTO PRECO_COLETADO (Preco, UnidadeMedida, DataColeta, PostoCNPJ, CombustivelID) VALUES (5.890, 'R$ / litro', '2024-02-05', '08022304000161', (SELECT ID_Combustivel FROM COMBUSTIVEL WHERE Nome = 'DIESEL S10'));
INSERT INTO PRECO_COLETADO (Preco, UnidadeMedida, DataColeta, PostoCNPJ, CombustivelID) VALUES (5.890, 'R$ / litro', '2024-02-12', '08022304000161', (SELECT ID_Combustivel FROM COMBUSTIVEL WHERE Nome = 'DIESEL S10'));
INSERT INTO PRECO_COLETADO (Preco, UnidadeMedida, DataColeta, PostoCNPJ, CombustivelID) VALUES (5.890, 'R$ / litro', '2024-02-19', '08022304000161', (SELECT ID_Combustivel FROM COMBUSTIVEL WHERE Nome = 'DIESEL S10'));
INSERT INTO PRECO_COLETADO (Preco, UnidadeMedida, DataColeta, PostoCNPJ, CombustivelID) VALUES (5.890, 'R$ / litro', '2024-02-26', '08022304000161', (SELECT ID_Combustivel FROM COMBUSTIVEL WHERE Nome = 'DIESEL S10'));
INSERT INTO PRECO_COLETADO (Preco, UnidadeMedida, DataColeta, PostoCNPJ, CombustivelID) VALUES (5.890, 'R$ / litro', '2024-03-04', '08022304000161', (SELECT ID_Combustivel FROM COMBUSTIVEL WHERE Nome = 'DIESEL S10'));
INSERT INTO PRECO_COLETADO (Preco, UnidadeMedida, DataColeta, PostoCNPJ, CombustivelID) VALUES (5.890, 'R$ / litro', '2024-03-18', '08022304000161', (SELECT ID_Combustivel FROM COMBUSTIVEL WHERE Nome = 'DIESEL S10'));
INSERT INTO PRECO_COLETADO (Preco, UnidadeMedida, DataColeta, PostoCNPJ, CombustivelID) VALUES (5.890, 'R$ / litro', '2024-04-08', '08022304000161', (SELECT ID_Combustivel FROM COMBUSTIVEL WHERE Nome = 'DIESEL S10'));
INSERT INTO PRECO_COLETADO (Preco, UnidadeMedida, DataColeta, PostoCNPJ, CombustivelID) VALUES (5.890, 'R$ / litro', '2024-04-15', '08022304000161', (SELECT ID_Combustivel FROM COMBUSTIVEL WHERE Nome = 'DIESEL S10'));
INSERT INTO PRECO_COLETADO (Preco, UnidadeMedida, DataColeta, PostoCNPJ, CombustivelID) VALUES (5.890, 'R$ / litro', '2024-04-22', '08022304000161', (SELECT ID_Combustivel FROM COMBUSTIVEL WHERE Nome = 'DIESEL S10'));
INSERT INTO PRECO_COLETADO (Preco, UnidadeMedida, DataColeta, PostoCNPJ, CombustivelID) VALUES (5.890, 'R$ / litro', '2024-05-14', '08022304000161', (SELECT ID_Combustivel FROM COMBUSTIVEL WHERE Nome = 'DIESEL S10'));
INSERT INTO PRECO_COLETADO (Preco, UnidadeMedida, DataColeta, PostoCNPJ, CombustivelID) VALUES (5.890, 'R$ / litro', '2024-05-20', '08022304000161', (SELECT ID_Combustivel FROM COMBUSTIVEL WHERE Nome = 'DIESEL S10'));
INSERT INTO PRECO_COLETADO (Preco, UnidadeMedida, DataColeta, PostoCNPJ, CombustivelID) VALUES (5.890, 'R$ / litro', '2024-05-27', '08022304000161', (SELECT ID_Combustivel FROM COMBUSTIVEL WHERE Nome = 'DIESEL S10'));
INSERT INTO PRECO_COLETADO (Preco, UnidadeMedida, DataColeta, PostoCNPJ, CombustivelID) VALUES (5.890, 'R$ / litro', '2024-06-03', '08022304000161', (SELECT ID_Combustivel FROM COMBUSTIVEL WHERE Nome = 'DIESEL S10'));
INSERT INTO PRECO_COLETADO (Preco, UnidadeMedida, DataColeta, PostoCNPJ, CombustivelID) VALUES (5.890, 'R$ / litro', '2024-06-10', '08022304000161', (SELECT ID_Combustivel FROM COMBUSTIVEL WHERE Nome = 'DIESEL S10'));
INSERT INTO PRECO_COLETADO (Preco, UnidadeMedida, DataColeta, PostoCNPJ, CombustivelID) VALUES (5.890, 'R$ / litro', '2024-06-24', '08022304000161', (SELECT ID_Combustivel FROM COMBUSTIVEL WHERE Nome = 'DIESEL S10'));
INSERT INTO PRECO_COLETADO (Preco, UnidadeMedida, DataColeta, PostoCNPJ, CombustivelID) VALUES (5.890, 'R$ / litro', '2024-07-01', '08022304000161', (SELECT ID_Combustivel FROM COMBUSTIVEL WHERE Nome = 'DIESEL S10'));
INSERT INTO PRECO_COLETADO (Preco, UnidadeMedida, DataColeta, PostoCNPJ, CombustivelID) VALUES (5.890, 'R$ / litro', '2024-07-09', '08022304000161', (SELECT ID_Combustivel FROM COMBUSTIVEL WHERE Nome = 'DIESEL S10'));
INSERT INTO PRECO_COLETADO (Preco, UnidadeMedida, DataColeta, PostoCNPJ, CombustivelID) VALUES (5.890, 'R$ / litro', '2024-07-16', '08022304000161', (SELECT ID_Combustivel FROM COMBUSTIVEL WHERE Nome = 'DIESEL S10'));
INSERT INTO PRECO_COLETADO (Preco, UnidadeMedida, DataColeta, PostoCNPJ, CombustivelID) VALUES (5.890, 'R$ / litro', '2024-07-22', '08022304000161', (SELECT ID_Combustivel FROM COMBUSTIVEL WHERE Nome = 'DIESEL S10'));
INSERT INTO PRECO_COLETADO (Preco, UnidadeMedida, DataColeta, PostoCNPJ, CombustivelID) VALUES (5.890, 'R$ / litro', '2024-07-29', '08022304000161', (SELECT ID_Combustivel FROM COMBUSTIVEL WHERE Nome = 'DIESEL S10'));
INSERT INTO PRECO_COLETADO (Preco, UnidadeMedida, DataColeta, PostoCNPJ, CombustivelID) VALUES (5.890, 'R$ / litro', '2024-08-05', '08022304000161', (SELECT ID_Combustivel FROM COMBUSTIVEL WHERE Nome = 'DIESEL S10'));
INSERT INTO PRECO_COLETADO (Preco, UnidadeMedida, DataColeta, PostoCNPJ, CombustivelID) VALUES (5.890, 'R$ / litro', '2024-08-12', '08022304000161', (SELECT ID_Combustivel FROM COMBUSTIVEL WHERE Nome = 'DIESEL S10'));
INSERT INTO PRECO_COLETADO (Preco, UnidadeMedida, DataColeta, PostoCNPJ, CombustivelID) VALUES (5.890, 'R$ / litro', '2024-08-20', '08022304000161', (SELECT ID_Combustivel FROM COMBUSTIVEL WHERE Nome = 'DIESEL S10'));
INSERT INTO PRECO_COLETADO (Preco, UnidadeMedida, DataColeta, PostoCNPJ, CombustivelID) VALUES (5.890, 'R$ / litro', '2024-08-26', '08022304000161', (SELECT ID_Combustivel FROM COMBUSTIVEL WHERE Nome = 'DIESEL S10'));
INSERT INTO PRECO_COLETADO (Preco, UnidadeMedida, DataColeta, PostoCNPJ, CombustivelID) VALUES (5.890, 'R$ / litro', '2024-09-02', '08022304000161', (SELECT ID_Combustivel FROM COMBUSTIVEL WHERE Nome = 'DIESEL S10'));
INSERT INTO PRECO_COLETADO (Preco, UnidadeMedida, DataColeta, PostoCNPJ, CombustivelID) VALUES (4.980, 'R$ / litro', '2022-10-24', '08022304000161', (SELECT ID_Combustivel FROM COMBUSTIVEL WHERE Nome = 'GASOLINA ADITIVADA'));
INSERT INTO PRECO_COLETADO (Preco, UnidadeMedida, DataColeta, PostoCNPJ, CombustivelID) VALUES (5.090, 'R$ / litro', '2022-11-14', '08022304000161', (SELECT ID_Combustivel FROM COMBUSTIVEL WHERE Nome = 'GASOLINA ADITIVADA'));
INSERT INTO PRECO_COLETADO (Preco, UnidadeMedida, DataColeta, PostoCNPJ, CombustivelID) VALUES (5.090, 'R$ / litro', '2022-11-22', '08022304000161', (SELECT ID_Combustivel FROM COMBUSTIVEL WHERE Nome = 'GASOLINA ADITIVADA'));
INSERT INTO PRECO_COLETADO (Preco, UnidadeMedida, DataColeta, PostoCNPJ, CombustivelID) VALUES (5.090, 'R$ / litro', '2022-12-05', '08022304000161', (SELECT ID_Combustivel FROM COMBUSTIVEL WHERE Nome = 'GASOLINA ADITIVADA'));
INSERT INTO PRECO_COLETADO (Preco, UnidadeMedida, DataColeta, PostoCNPJ, CombustivelID) VALUES (5.090, 'R$ / litro', '2022-12-12', '08022304000161', (SELECT ID_Combustivel FROM COMBUSTIVEL WHERE Nome = 'GASOLINA ADITIVADA'));
INSERT INTO PRECO_COLETADO (Preco, UnidadeMedida, DataColeta, PostoCNPJ, CombustivelID) VALUES (5.040, 'R$ / litro', '2022-12-22', '08022304000161', (SELECT ID_Combustivel FROM COMBUSTIVEL WHERE Nome = 'GASOLINA ADITIVADA'));
INSERT INTO PRECO_COLETADO (Preco, UnidadeMedida, DataColeta, PostoCNPJ, CombustivelID) VALUES (5.040, 'R$ / litro', '2022-12-26', '08022304000161', (SELECT ID_Combustivel FROM COMBUSTIVEL WHERE Nome = 'GASOLINA ADITIVADA'));
INSERT INTO PRECO_COLETADO (Preco, UnidadeMedida, DataColeta, PostoCNPJ, CombustivelID) VALUES (4.990, 'R$ / litro', '2023-01-02', '08022304000161', (SELECT ID_Combustivel FROM COMBUSTIVEL WHERE Nome = 'GASOLINA ADITIVADA'));
INSERT INTO PRECO_COLETADO (Preco, UnidadeMedida, DataColeta, PostoCNPJ, CombustivelID) VALUES (4.990, 'R$ / litro', '2023-01-09', '08022304000161', (SELECT ID_Combustivel FROM COMBUSTIVEL WHERE Nome = 'GASOLINA ADITIVADA'));
INSERT INTO PRECO_COLETADO (Preco, UnidadeMedida, DataColeta, PostoCNPJ, CombustivelID) VALUES (5.120, 'R$ / litro', '2023-02-06', '08022304000161', (SELECT ID_Combustivel FROM COMBUSTIVEL WHERE Nome = 'GASOLINA ADITIVADA'));
INSERT INTO PRECO_COLETADO (Preco, UnidadeMedida, DataColeta, PostoCNPJ, CombustivelID) VALUES (5.120, 'R$ / litro', '2023-02-20', '08022304000161', (SELECT ID_Combustivel FROM COMBUSTIVEL WHERE Nome = 'GASOLINA ADITIVADA'));
INSERT INTO PRECO_COLETADO (Preco, UnidadeMedida, DataColeta, PostoCNPJ, CombustivelID) VALUES (5.790, 'R$ / litro', '2023-03-06', '08022304000161', (SELECT ID_Combustivel FROM COMBUSTIVEL WHERE Nome = 'GASOLINA ADITIVADA'));
INSERT INTO PRECO_COLETADO (Preco, UnidadeMedida, DataColeta, PostoCNPJ, CombustivelID) VALUES (5.640, 'R$ / litro', '2023-03-16', '08022304000161', (SELECT ID_Combustivel FROM COMBUSTIVEL WHERE Nome = 'GASOLINA ADITIVADA'));
INSERT INTO PRECO_COLETADO (Preco, UnidadeMedida, DataColeta, PostoCNPJ, CombustivelID) VALUES (5.540, 'R$ / litro', '2023-03-21', '08022304000161', (SELECT ID_Combustivel FROM COMBUSTIVEL WHERE Nome = 'GASOLINA ADITIVADA'));
INSERT INTO PRECO_COLETADO (Preco, UnidadeMedida, DataColeta, PostoCNPJ, CombustivelID) VALUES (5.540, 'R$ / litro', '2023-03-27', '08022304000161', (SELECT ID_Combustivel FROM COMBUSTIVEL WHERE Nome = 'GASOLINA ADITIVADA'));
INSERT INTO PRECO_COLETADO (Preco, UnidadeMedida, DataColeta, PostoCNPJ, CombustivelID) VALUES (5.470, 'R$ / litro', '2023-04-04', '08022304000161', (SELECT ID_Combustivel FROM COMBUSTIVEL WHERE Nome = 'GASOLINA ADITIVADA'));
INSERT INTO PRECO_COLETADO (Preco, UnidadeMedida, DataColeta, PostoCNPJ, CombustivelID) VALUES (5.490, 'R$ / litro', '2023-05-02', '08022304000161', (SELECT ID_Combustivel FROM COMBUSTIVEL WHERE Nome = 'GASOLINA ADITIVADA'));
INSERT INTO PRECO_COLETADO (Preco, UnidadeMedida, DataColeta, PostoCNPJ, CombustivelID) VALUES (5.650, 'R$ / litro', '2023-08-07', '08022304000161', (SELECT ID_Combustivel FROM COMBUSTIVEL WHERE Nome = 'GASOLINA ADITIVADA'));
INSERT INTO PRECO_COLETADO (Preco, UnidadeMedida, DataColeta, PostoCNPJ, CombustivelID) VALUES (5.990, 'R$ / litro', '2023-09-12', '08022304000161', (SELECT ID_Combustivel FROM COMBUSTIVEL WHERE Nome = 'GASOLINA ADITIVADA'));
INSERT INTO PRECO_COLETADO (Preco, UnidadeMedida, DataColeta, PostoCNPJ, CombustivelID) VALUES (5.690, 'R$ / litro', '2023-10-31', '08022304000161', (SELECT ID_Combustivel FROM COMBUSTIVEL WHERE Nome = 'GASOLINA ADITIVADA'));
INSERT INTO PRECO_COLETADO (Preco, UnidadeMedida, DataColeta, PostoCNPJ, CombustivelID) VALUES (5.690, 'R$ / litro', '2023-12-06', '08022304000161', (SELECT ID_Combustivel FROM COMBUSTIVEL WHERE Nome = 'GASOLINA ADITIVADA'));
INSERT INTO PRECO_COLETADO (Preco, UnidadeMedida, DataColeta, PostoCNPJ, CombustivelID) VALUES (5.590, 'R$ / litro', '2023-12-20', '08022304000161', (SELECT ID_Combustivel FROM COMBUSTIVEL WHERE Nome = 'GASOLINA ADITIVADA'));
INSERT INTO PRECO_COLETADO (Preco, UnidadeMedida, DataColeta, PostoCNPJ, CombustivelID) VALUES (5.590, 'R$ / litro', '2023-12-26', '08022304000161', (SELECT ID_Combustivel FROM COMBUSTIVEL WHERE Nome = 'GASOLINA ADITIVADA'));
INSERT INTO PRECO_COLETADO (Preco, UnidadeMedida, DataColeta, PostoCNPJ, CombustivelID) VALUES (5.480, 'R$ / litro', '2024-01-03', '08022304000161', (SELECT ID_Combustivel FROM COMBUSTIVEL WHERE Nome = 'GASOLINA ADITIVADA'));
INSERT INTO PRECO_COLETADO (Preco, UnidadeMedida, DataColeta, PostoCNPJ, CombustivelID) VALUES (5.480, 'R$ / litro', '2024-01-08', '08022304000161', (SELECT ID_Combustivel FROM COMBUSTIVEL WHERE Nome = 'GASOLINA ADITIVADA'));
INSERT INTO PRECO_COLETADO (Preco, UnidadeMedida, DataColeta, PostoCNPJ, CombustivelID) VALUES (5.480, 'R$ / litro', '2024-01-15', '08022304000161', (SELECT ID_Combustivel FROM COMBUSTIVEL WHERE Nome = 'GASOLINA ADITIVADA'));
INSERT INTO PRECO_COLETADO (Preco, UnidadeMedida, DataColeta, PostoCNPJ, CombustivelID) VALUES (5.460, 'R$ / litro', '2024-01-22', '08022304000161', (SELECT ID_Combustivel FROM COMBUSTIVEL WHERE Nome = 'GASOLINA ADITIVADA'));
INSERT INTO PRECO_COLETADO (Preco, UnidadeMedida, DataColeta, PostoCNPJ, CombustivelID) VALUES (5.770, 'R$ / litro', '2024-02-05', '08022304000161', (SELECT ID_Combustivel FROM COMBUSTIVEL WHERE Nome = 'GASOLINA ADITIVADA'));
INSERT INTO PRECO_COLETADO (Preco, UnidadeMedida, DataColeta, PostoCNPJ, CombustivelID) VALUES (5.770, 'R$ / litro', '2024-02-12', '08022304000161', (SELECT ID_Combustivel FROM COMBUSTIVEL WHERE Nome = 'GASOLINA ADITIVADA'));
INSERT INTO PRECO_COLETADO (Preco, UnidadeMedida, DataColeta, PostoCNPJ, CombustivelID) VALUES (5.770, 'R$ / litro', '2024-02-19', '08022304000161', (SELECT ID_Combustivel FROM COMBUSTIVEL WHERE Nome = 'GASOLINA ADITIVADA'));
INSERT INTO PRECO_COLETADO (Preco, UnidadeMedida, DataColeta, PostoCNPJ, CombustivelID) VALUES (5.770, 'R$ / litro', '2024-02-26', '08022304000161', (SELECT ID_Combustivel FROM COMBUSTIVEL WHERE Nome = 'GASOLINA ADITIVADA'));
INSERT INTO PRECO_COLETADO (Preco, UnidadeMedida, DataColeta, PostoCNPJ, CombustivelID) VALUES (5.770, 'R$ / litro', '2024-03-04', '08022304000161', (SELECT ID_Combustivel FROM COMBUSTIVEL WHERE Nome = 'GASOLINA ADITIVADA'));
INSERT INTO PRECO_COLETADO (Preco, UnidadeMedida, DataColeta, PostoCNPJ, CombustivelID) VALUES (5.770, 'R$ / litro', '2024-03-18', '08022304000161', (SELECT ID_Combustivel FROM COMBUSTIVEL WHERE Nome = 'GASOLINA ADITIVADA'));
INSERT INTO PRECO_COLETADO (Preco, UnidadeMedida, DataColeta, PostoCNPJ, CombustivelID) VALUES (5.770, 'R$ / litro', '2024-04-08', '08022304000161', (SELECT ID_Combustivel FROM COMBUSTIVEL WHERE Nome = 'GASOLINA ADITIVADA'));
INSERT INTO PRECO_COLETADO (Preco, UnidadeMedida, DataColeta, PostoCNPJ, CombustivelID) VALUES (5.770, 'R$ / litro', '2024-04-15', '08022304000161', (SELECT ID_Combustivel FROM COMBUSTIVEL WHERE Nome = 'GASOLINA ADITIVADA'));
INSERT INTO PRECO_COLETADO (Preco, UnidadeMedida, DataColeta, PostoCNPJ, CombustivelID) VALUES (5.770, 'R$ / litro', '2024-04-22', '08022304000161', (SELECT ID_Combustivel FROM COMBUSTIVEL WHERE Nome = 'GASOLINA ADITIVADA'));
INSERT INTO PRECO_COLETADO (Preco, UnidadeMedida, DataColeta, PostoCNPJ, CombustivelID) VALUES (5.950, 'R$ / litro', '2024-05-14', '08022304000161', (SELECT ID_Combustivel FROM COMBUSTIVEL WHERE Nome = 'GASOLINA ADITIVADA'));
INSERT INTO PRECO_COLETADO (Preco, UnidadeMedida, DataColeta, PostoCNPJ, CombustivelID) VALUES (5.950, 'R$ / litro', '2024-05-20', '08022304000161', (SELECT ID_Combustivel FROM COMBUSTIVEL WHERE Nome = 'GASOLINA ADITIVADA'));
INSERT INTO PRECO_COLETADO (Preco, UnidadeMedida, DataColeta, PostoCNPJ, CombustivelID) VALUES (5.890, 'R$ / litro', '2024-05-27', '08022304000161', (SELECT ID_Combustivel FROM COMBUSTIVEL WHERE Nome = 'GASOLINA ADITIVADA'));
INSERT INTO PRECO_COLETADO (Preco, UnidadeMedida, DataColeta, PostoCNPJ, CombustivelID) VALUES (5.890, 'R$ / litro', '2024-06-03', '08022304000161', (SELECT ID_Combustivel FROM COMBUSTIVEL WHERE Nome = 'GASOLINA ADITIVADA'));
INSERT INTO PRECO_COLETADO (Preco, UnidadeMedida, DataColeta, PostoCNPJ, CombustivelID) VALUES (5.890, 'R$ / litro', '2024-06-10', '08022304000161', (SELECT ID_Combustivel FROM COMBUSTIVEL WHERE Nome = 'GASOLINA ADITIVADA'));
INSERT INTO PRECO_COLETADO (Preco, UnidadeMedida, DataColeta, PostoCNPJ, CombustivelID) VALUES (5.890, 'R$ / litro', '2024-06-24', '08022304000161', (SELECT ID_Combustivel FROM COMBUSTIVEL WHERE Nome = 'GASOLINA ADITIVADA'));
INSERT INTO PRECO_COLETADO (Preco, UnidadeMedida, DataColeta, PostoCNPJ, CombustivelID) VALUES (5.890, 'R$ / litro', '2024-07-01', '08022304000161', (SELECT ID_Combustivel FROM COMBUSTIVEL WHERE Nome = 'GASOLINA ADITIVADA'));
INSERT INTO PRECO_COLETADO (Preco, UnidadeMedida, DataColeta, PostoCNPJ, CombustivelID) VALUES (5.850, 'R$ / litro', '2024-07-09', '08022304000161', (SELECT ID_Combustivel FROM COMBUSTIVEL WHERE Nome = 'GASOLINA ADITIVADA'));
INSERT INTO PRECO_COLETADO (Preco, UnidadeMedida, DataColeta, PostoCNPJ, CombustivelID) VALUES (6.280, 'R$ / litro', '2024-07-16', '08022304000161', (SELECT ID_Combustivel FROM COMBUSTIVEL WHERE Nome = 'GASOLINA ADITIVADA'));
INSERT INTO PRECO_COLETADO (Preco, UnidadeMedida, DataColeta, PostoCNPJ, CombustivelID) VALUES (6.240, 'R$ / litro', '2024-07-22', '08022304000161', (SELECT ID_Combustivel FROM COMBUSTIVEL WHERE Nome = 'GASOLINA ADITIVADA'));
INSERT INTO PRECO_COLETADO (Preco, UnidadeMedida, DataColeta, PostoCNPJ, CombustivelID) VALUES (6.240, 'R$ / litro', '2024-07-29', '08022304000161', (SELECT ID_Combustivel FROM COMBUSTIVEL WHERE Nome = 'GASOLINA ADITIVADA'));
INSERT INTO PRECO_COLETADO (Preco, UnidadeMedida, DataColeta, PostoCNPJ, CombustivelID) VALUES (6.190, 'R$ / litro', '2024-08-05', '08022304000161', (SELECT ID_Combustivel FROM COMBUSTIVEL WHERE Nome = 'GASOLINA ADITIVADA'));
INSERT INTO PRECO_COLETADO (Preco, UnidadeMedida, DataColeta, PostoCNPJ, CombustivelID) VALUES (6.190, 'R$ / litro', '2024-08-12', '08022304000161', (SELECT ID_Combustivel FROM COMBUSTIVEL WHERE Nome = 'GASOLINA ADITIVADA'));
INSERT INTO PRECO_COLETADO (Preco, UnidadeMedida, DataColeta, PostoCNPJ, CombustivelID) VALUES (6.190, 'R$ / litro', '2024-08-20', '08022304000161', (SELECT ID_Combustivel FROM COMBUSTIVEL WHERE Nome = 'GASOLINA ADITIVADA'));
INSERT INTO PRECO_COLETADO (Preco, UnidadeMedida, DataColeta, PostoCNPJ, CombustivelID) VALUES (6.190, 'R$ / litro', '2024-08-26', '08022304000161', (SELECT ID_Combustivel FROM COMBUSTIVEL WHERE Nome = 'GASOLINA ADITIVADA'));
INSERT INTO PRECO_COLETADO (Preco, UnidadeMedida, DataColeta, PostoCNPJ, CombustivelID) VALUES (6.190, 'R$ / litro', '2024-09-02', '08022304000161', (SELECT ID_Combustivel FROM COMBUSTIVEL WHERE Nome = 'GASOLINA ADITIVADA'));
INSERT INTO PRECO_COLETADO (Preco, UnidadeMedida, DataColeta, PostoCNPJ, CombustivelID) VALUES (4.790, 'R$ / litro', '2022-10-24', '08022304000161', (SELECT ID_Combustivel FROM COMBUSTIVEL WHERE Nome = 'GASOLINA COMUM'));
INSERT INTO PRECO_COLETADO (Preco, UnidadeMedida, DataColeta, PostoCNPJ, CombustivelID) VALUES (4.990, 'R$ / litro', '2022-11-14', '08022304000161', (SELECT ID_Combustivel FROM COMBUSTIVEL WHERE Nome = 'GASOLINA COMUM'));
INSERT INTO PRECO_COLETADO (Preco, UnidadeMedida, DataColeta, PostoCNPJ, CombustivelID) VALUES (4.970, 'R$ / litro', '2022-11-22', '08022304000161', (SELECT ID_Combustivel FROM COMBUSTIVEL WHERE Nome = 'GASOLINA COMUM'));
INSERT INTO PRECO_COLETADO (Preco, UnidadeMedida, DataColeta, PostoCNPJ, CombustivelID) VALUES (4.970, 'R$ / litro', '2022-12-05', '08022304000161', (SELECT ID_Combustivel FROM COMBUSTIVEL WHERE Nome = 'GASOLINA COMUM'));
INSERT INTO PRECO_COLETADO (Preco, UnidadeMedida, DataColeta, PostoCNPJ, CombustivelID) VALUES (4.970, 'R$ / litro', '2022-12-12', '08022304000161', (SELECT ID_Combustivel FROM COMBUSTIVEL WHERE Nome = 'GASOLINA COMUM'));
INSERT INTO PRECO_COLETADO (Preco, UnidadeMedida, DataColeta, PostoCNPJ, CombustivelID) VALUES (4.880, 'R$ / litro', '2022-12-22', '08022304000161', (SELECT ID_Combustivel FROM COMBUSTIVEL WHERE Nome = 'GASOLINA COMUM'));
INSERT INTO PRECO_COLETADO (Preco, UnidadeMedida, DataColeta, PostoCNPJ, CombustivelID) VALUES (4.880, 'R$ / litro', '2022-12-26', '08022304000161', (SELECT ID_Combustivel FROM COMBUSTIVEL WHERE Nome = 'GASOLINA COMUM'));
INSERT INTO PRECO_COLETADO (Preco, UnidadeMedida, DataColeta, PostoCNPJ, CombustivelID) VALUES (4.880, 'R$ / litro', '2023-01-02', '08022304000161', (SELECT ID_Combustivel FROM COMBUSTIVEL WHERE Nome = 'GASOLINA COMUM'));
INSERT INTO PRECO_COLETADO (Preco, UnidadeMedida, DataColeta, PostoCNPJ, CombustivelID) VALUES (4.880, 'R$ / litro', '2023-01-09', '08022304000161', (SELECT ID_Combustivel FROM COMBUSTIVEL WHERE Nome = 'GASOLINA COMUM'));
INSERT INTO PRECO_COLETADO (Preco, UnidadeMedida, DataColeta, PostoCNPJ, CombustivelID) VALUES (4.990, 'R$ / litro', '2023-02-06', '08022304000161', (SELECT ID_Combustivel FROM COMBUSTIVEL WHERE Nome = 'GASOLINA COMUM'));
INSERT INTO PRECO_COLETADO (Preco, UnidadeMedida, DataColeta, PostoCNPJ, CombustivelID) VALUES (4.950, 'R$ / litro', '2023-02-20', '08022304000161', (SELECT ID_Combustivel FROM COMBUSTIVEL WHERE Nome = 'GASOLINA COMUM'));
INSERT INTO PRECO_COLETADO (Preco, UnidadeMedida, DataColeta, PostoCNPJ, CombustivelID) VALUES (5.590, 'R$ / litro', '2023-03-06', '08022304000161', (SELECT ID_Combustivel FROM COMBUSTIVEL WHERE Nome = 'GASOLINA COMUM'));
INSERT INTO PRECO_COLETADO (Preco, UnidadeMedida, DataColeta, PostoCNPJ, CombustivelID) VALUES (5.480, 'R$ / litro', '2023-03-16', '08022304000161', (SELECT ID_Combustivel FROM COMBUSTIVEL WHERE Nome = 'GASOLINA COMUM'));
INSERT INTO PRECO_COLETADO (Preco, UnidadeMedida, DataColeta, PostoCNPJ, CombustivelID) VALUES (5.390, 'R$ / litro', '2023-03-21', '08022304000161', (SELECT ID_Combustivel FROM COMBUSTIVEL WHERE Nome = 'GASOLINA COMUM'));
INSERT INTO PRECO_COLETADO (Preco, UnidadeMedida, DataColeta, PostoCNPJ, CombustivelID) VALUES (5.390, 'R$ / litro', '2023-03-27', '08022304000161', (SELECT ID_Combustivel FROM COMBUSTIVEL WHERE Nome = 'GASOLINA COMUM'));
INSERT INTO PRECO_COLETADO (Preco, UnidadeMedida, DataColeta, PostoCNPJ, CombustivelID) VALUES (5.350, 'R$ / litro', '2023-04-04', '08022304000161', (SELECT ID_Combustivel FROM COMBUSTIVEL WHERE Nome = 'GASOLINA COMUM'));
INSERT INTO PRECO_COLETADO (Preco, UnidadeMedida, DataColeta, PostoCNPJ, CombustivelID) VALUES (5.390, 'R$ / litro', '2023-05-02', '08022304000161', (SELECT ID_Combustivel FROM COMBUSTIVEL WHERE Nome = 'GASOLINA COMUM'));
INSERT INTO PRECO_COLETADO (Preco, UnidadeMedida, DataColeta, PostoCNPJ, CombustivelID) VALUES (5.570, 'R$ / litro', '2023-08-07', '08022304000161', (SELECT ID_Combustivel FROM COMBUSTIVEL WHERE Nome = 'GASOLINA COMUM'));
INSERT INTO PRECO_COLETADO (Preco, UnidadeMedida, DataColeta, PostoCNPJ, CombustivelID) VALUES (5.770, 'R$ / litro', '2023-09-12', '08022304000161', (SELECT ID_Combustivel FROM COMBUSTIVEL WHERE Nome = 'GASOLINA COMUM'));
INSERT INTO PRECO_COLETADO (Preco, UnidadeMedida, DataColeta, PostoCNPJ, CombustivelID) VALUES (5.580, 'R$ / litro', '2023-10-31', '08022304000161', (SELECT ID_Combustivel FROM COMBUSTIVEL WHERE Nome = 'GASOLINA COMUM'));
INSERT INTO PRECO_COLETADO (Preco, UnidadeMedida, DataColeta, PostoCNPJ, CombustivelID) VALUES (5.550, 'R$ / litro', '2023-12-06', '08022304000161', (SELECT ID_Combustivel FROM COMBUSTIVEL WHERE Nome = 'GASOLINA COMUM'));
INSERT INTO PRECO_COLETADO (Preco, UnidadeMedida, DataColeta, PostoCNPJ, CombustivelID) VALUES (5.470, 'R$ / litro', '2023-12-20', '08022304000161', (SELECT ID_Combustivel FROM COMBUSTIVEL WHERE Nome = 'GASOLINA COMUM'));
INSERT INTO PRECO_COLETADO (Preco, UnidadeMedida, DataColeta, PostoCNPJ, CombustivelID) VALUES (5.470, 'R$ / litro', '2023-12-26', '08022304000161', (SELECT ID_Combustivel FROM COMBUSTIVEL WHERE Nome = 'GASOLINA COMUM'));
INSERT INTO PRECO_COLETADO (Preco, UnidadeMedida, DataColeta, PostoCNPJ, CombustivelID) VALUES (5.380, 'R$ / litro', '2024-01-03', '08022304000161', (SELECT ID_Combustivel FROM COMBUSTIVEL WHERE Nome = 'GASOLINA COMUM'));
INSERT INTO PRECO_COLETADO (Preco, UnidadeMedida, DataColeta, PostoCNPJ, CombustivelID) VALUES (5.380, 'R$ / litro', '2024-01-08', '08022304000161', (SELECT ID_Combustivel FROM COMBUSTIVEL WHERE Nome = 'GASOLINA COMUM'));
INSERT INTO PRECO_COLETADO (Preco, UnidadeMedida, DataColeta, PostoCNPJ, CombustivelID) VALUES (5.380, 'R$ / litro', '2024-01-15', '08022304000161', (SELECT ID_Combustivel FROM COMBUSTIVEL WHERE Nome = 'GASOLINA COMUM'));
INSERT INTO PRECO_COLETADO (Preco, UnidadeMedida, DataColeta, PostoCNPJ, CombustivelID) VALUES (5.360, 'R$ / litro', '2024-01-22', '08022304000161', (SELECT ID_Combustivel FROM COMBUSTIVEL WHERE Nome = 'GASOLINA COMUM'));
INSERT INTO PRECO_COLETADO (Preco, UnidadeMedida, DataColeta, PostoCNPJ, CombustivelID) VALUES (5.670, 'R$ / litro', '2024-02-05', '08022304000161', (SELECT ID_Combustivel FROM COMBUSTIVEL WHERE Nome = 'GASOLINA COMUM'));
INSERT INTO PRECO_COLETADO (Preco, UnidadeMedida, DataColeta, PostoCNPJ, CombustivelID) VALUES (5.670, 'R$ / litro', '2024-02-12', '08022304000161', (SELECT ID_Combustivel FROM COMBUSTIVEL WHERE Nome = 'GASOLINA COMUM'));
INSERT INTO PRECO_COLETADO (Preco, UnidadeMedida, DataColeta, PostoCNPJ, CombustivelID) VALUES (5.670, 'R$ / litro', '2024-02-19', '08022304000161', (SELECT ID_Combustivel FROM COMBUSTIVEL WHERE Nome = 'GASOLINA COMUM'));
INSERT INTO PRECO_COLETADO (Preco, UnidadeMedida, DataColeta, PostoCNPJ, CombustivelID) VALUES (5.570, 'R$ / litro', '2024-02-26', '08022304000161', (SELECT ID_Combustivel FROM COMBUSTIVEL WHERE Nome = 'GASOLINA COMUM'));
INSERT INTO PRECO_COLETADO (Preco, UnidadeMedida, DataColeta, PostoCNPJ, CombustivelID) VALUES (5.570, 'R$ / litro', '2024-03-04', '08022304000161', (SELECT ID_Combustivel FROM COMBUSTIVEL WHERE Nome = 'GASOLINA COMUM'));
INSERT INTO PRECO_COLETADO (Preco, UnidadeMedida, DataColeta, PostoCNPJ, CombustivelID) VALUES (5.570, 'R$ / litro', '2024-03-18', '08022304000161', (SELECT ID_Combustivel FROM COMBUSTIVEL WHERE Nome = 'GASOLINA COMUM'));
INSERT INTO PRECO_COLETADO (Preco, UnidadeMedida, DataColeta, PostoCNPJ, CombustivelID) VALUES (5.570, 'R$ / litro', '2024-04-08', '08022304000161', (SELECT ID_Combustivel FROM COMBUSTIVEL WHERE Nome = 'GASOLINA COMUM'));
INSERT INTO PRECO_COLETADO (Preco, UnidadeMedida, DataColeta, PostoCNPJ, CombustivelID) VALUES (5.670, 'R$ / litro', '2024-04-15', '08022304000161', (SELECT ID_Combustivel FROM COMBUSTIVEL WHERE Nome = 'GASOLINA COMUM'));
INSERT INTO PRECO_COLETADO (Preco, UnidadeMedida, DataColeta, PostoCNPJ, CombustivelID) VALUES (5.570, 'R$ / litro', '2024-04-22', '08022304000161', (SELECT ID_Combustivel FROM COMBUSTIVEL WHERE Nome = 'GASOLINA COMUM'));
INSERT INTO PRECO_COLETADO (Preco, UnidadeMedida, DataColeta, PostoCNPJ, CombustivelID) VALUES (5.850, 'R$ / litro', '2024-05-14', '08022304000161', (SELECT ID_Combustivel FROM COMBUSTIVEL WHERE Nome = 'GASOLINA COMUM'));
INSERT INTO PRECO_COLETADO (Preco, UnidadeMedida, DataColeta, PostoCNPJ, CombustivelID) VALUES (5.850, 'R$ / litro', '2024-05-20', '08022304000161', (SELECT ID_Combustivel FROM COMBUSTIVEL WHERE Nome = 'GASOLINA COMUM'));
INSERT INTO PRECO_COLETADO (Preco, UnidadeMedida, DataColeta, PostoCNPJ, CombustivelID) VALUES (5.790, 'R$ / litro', '2024-05-27', '08022304000161', (SELECT ID_Combustivel FROM COMBUSTIVEL WHERE Nome = 'GASOLINA COMUM'));
INSERT INTO PRECO_COLETADO (Preco, UnidadeMedida, DataColeta, PostoCNPJ, CombustivelID) VALUES (5.790, 'R$ / litro', '2024-06-03', '08022304000161', (SELECT ID_Combustivel FROM COMBUSTIVEL WHERE Nome = 'GASOLINA COMUM'));
INSERT INTO PRECO_COLETADO (Preco, UnidadeMedida, DataColeta, PostoCNPJ, CombustivelID) VALUES (5.790, 'R$ / litro', '2024-06-10', '08022304000161', (SELECT ID_Combustivel FROM COMBUSTIVEL WHERE Nome = 'GASOLINA COMUM'));
INSERT INTO PRECO_COLETADO (Preco, UnidadeMedida, DataColeta, PostoCNPJ, CombustivelID) VALUES (5.790, 'R$ / litro', '2024-06-24', '08022304000161', (SELECT ID_Combustivel FROM COMBUSTIVEL WHERE Nome = 'GASOLINA COMUM'));
INSERT INTO PRECO_COLETADO (Preco, UnidadeMedida, DataColeta, PostoCNPJ, CombustivelID) VALUES (5.790, 'R$ / litro', '2024-07-01', '08022304000161', (SELECT ID_Combustivel FROM COMBUSTIVEL WHERE Nome = 'GASOLINA COMUM'));
INSERT INTO PRECO_COLETADO (Preco, UnidadeMedida, DataColeta, PostoCNPJ, CombustivelID) VALUES (5.750, 'R$ / litro', '2024-07-09', '08022304000161', (SELECT ID_Combustivel FROM COMBUSTIVEL WHERE Nome = 'GASOLINA COMUM'));
INSERT INTO PRECO_COLETADO (Preco, UnidadeMedida, DataColeta, PostoCNPJ, CombustivelID) VALUES (6.170, 'R$ / litro', '2024-07-16', '08022304000161', (SELECT ID_Combustivel FROM COMBUSTIVEL WHERE Nome = 'GASOLINA COMUM'));
INSERT INTO PRECO_COLETADO (Preco, UnidadeMedida, DataColeta, PostoCNPJ, CombustivelID) VALUES (6.120, 'R$ / litro', '2024-07-22', '08022304000161', (SELECT ID_Combustivel FROM COMBUSTIVEL WHERE Nome = 'GASOLINA COMUM'));
INSERT INTO PRECO_COLETADO (Preco, UnidadeMedida, DataColeta, PostoCNPJ, CombustivelID) VALUES (6.120, 'R$ / litro', '2024-07-29', '08022304000161', (SELECT ID_Combustivel FROM COMBUSTIVEL WHERE Nome = 'GASOLINA COMUM'));
INSERT INTO PRECO_COLETADO (Preco, UnidadeMedida, DataColeta, PostoCNPJ, CombustivelID) VALUES (6.090, 'R$ / litro', '2024-08-05', '08022304000161', (SELECT ID_Combustivel FROM COMBUSTIVEL WHERE Nome = 'GASOLINA COMUM'));
INSERT INTO PRECO_COLETADO (Preco, UnidadeMedida, DataColeta, PostoCNPJ, CombustivelID) VALUES (6.090, 'R$ / litro', '2024-08-12', '08022304000161', (SELECT ID_Combustivel FROM COMBUSTIVEL WHERE Nome = 'GASOLINA COMUM'));
INSERT INTO PRECO_COLETADO (Preco, UnidadeMedida, DataColeta, PostoCNPJ, CombustivelID) VALUES (6.070, 'R$ / litro', '2024-08-20', '08022304000161', (SELECT ID_Combustivel FROM COMBUSTIVEL WHERE Nome = 'GASOLINA COMUM'));
INSERT INTO PRECO_COLETADO (Preco, UnidadeMedida, DataColeta, PostoCNPJ, CombustivelID) VALUES (6.070, 'R$ / litro', '2024-08-26', '08022304000161', (SELECT ID_Combustivel FROM COMBUSTIVEL WHERE Nome = 'GASOLINA COMUM'));
INSERT INTO PRECO_COLETADO (Preco, UnidadeMedida, DataColeta, PostoCNPJ, CombustivelID) VALUES (6.070, 'R$ / litro', '2024-09-02', '08022304000161', (SELECT ID_Combustivel FROM COMBUSTIVEL WHERE Nome = 'GASOLINA COMUM'));
INSERT INTO POSTO (CNPJ, RazaoSocial, NomeFantasia, Bandeira, Logradouro, Numero, Bairro, Cidade, Estado, CEP) VALUES ('05904268000171', 'POSTO MEDITERRÂNEO LTDA.', 'POSTO MEDITERRÂNEO', 'VIBRA ENERGIA', 'AVENIDA CARLOS LINDENBERG', '1380', 'COBILANDIA', 'VILA VELHA', 'ESPIRITO SANTO', '29111165');
INSERT INTO PRECO_COLETADO (Preco, UnidadeMedida, DataColeta, PostoCNPJ, CombustivelID) VALUES (4.790, 'R$ / litro', '2022-08-04', '05904268000171', (SELECT ID_Combustivel FROM COMBUSTIVEL WHERE Nome = 'ETANOL'));
INSERT INTO PRECO_COLETADO (Preco, UnidadeMedida, DataColeta, PostoCNPJ, CombustivelID) VALUES (4.790, 'R$ / litro', '2022-08-08', '05904268000171', (SELECT ID_Combustivel FROM COMBUSTIVEL WHERE Nome = 'ETANOL'));
INSERT INTO PRECO_COLETADO (Preco, UnidadeMedida, DataColeta, PostoCNPJ, CombustivelID) VALUES (4.630, 'R$ / litro', '2022-08-15', '05904268000171', (SELECT ID_Combustivel FROM COMBUSTIVEL WHERE Nome = 'ETANOL'));
INSERT INTO PRECO_COLETADO (Preco, UnidadeMedida, DataColeta, PostoCNPJ, CombustivelID) VALUES (4.590, 'R$ / litro', '2022-08-23', '05904268000171', (SELECT ID_Combustivel FROM COMBUSTIVEL WHERE Nome = 'ETANOL'));
INSERT INTO PRECO_COLETADO (Preco, UnidadeMedida, DataColeta, PostoCNPJ, CombustivelID) VALUES (4.090, 'R$ / litro', '2022-09-01', '05904268000171', (SELECT ID_Combustivel FROM COMBUSTIVEL WHERE Nome = 'ETANOL'));
INSERT INTO PRECO_COLETADO (Preco, UnidadeMedida, DataColeta, PostoCNPJ, CombustivelID) VALUES (4.090, 'R$ / litro', '2022-09-05', '05904268000171', (SELECT ID_Combustivel FROM COMBUSTIVEL WHERE Nome = 'ETANOL'));
INSERT INTO PRECO_COLETADO (Preco, UnidadeMedida, DataColeta, PostoCNPJ, CombustivelID) VALUES (3.990, 'R$ / litro', '2022-09-13', '05904268000171', (SELECT ID_Combustivel FROM COMBUSTIVEL WHERE Nome = 'ETANOL'));
INSERT INTO PRECO_COLETADO (Preco, UnidadeMedida, DataColeta, PostoCNPJ, CombustivelID) VALUES (4.190, 'R$ / litro', '2022-10-24', '05904268000171', (SELECT ID_Combustivel FROM COMBUSTIVEL WHERE Nome = 'ETANOL'));
INSERT INTO PRECO_COLETADO (Preco, UnidadeMedida, DataColeta, PostoCNPJ, CombustivelID) VALUES (4.190, 'R$ / litro', '2022-10-31', '05904268000171', (SELECT ID_Combustivel FROM COMBUSTIVEL WHERE Nome = 'ETANOL'));
INSERT INTO PRECO_COLETADO (Preco, UnidadeMedida, DataColeta, PostoCNPJ, CombustivelID) VALUES (4.380, 'R$ / litro', '2022-11-14', '05904268000171', (SELECT ID_Combustivel FROM COMBUSTIVEL WHERE Nome = 'ETANOL'));
INSERT INTO PRECO_COLETADO (Preco, UnidadeMedida, DataColeta, PostoCNPJ, CombustivelID) VALUES (4.380, 'R$ / litro', '2022-11-22', '05904268000171', (SELECT ID_Combustivel FROM COMBUSTIVEL WHERE Nome = 'ETANOL'));
INSERT INTO PRECO_COLETADO (Preco, UnidadeMedida, DataColeta, PostoCNPJ, CombustivelID) VALUES (4.290, 'R$ / litro', '2022-12-05', '05904268000171', (SELECT ID_Combustivel FROM COMBUSTIVEL WHERE Nome = 'ETANOL'));
INSERT INTO PRECO_COLETADO (Preco, UnidadeMedida, DataColeta, PostoCNPJ, CombustivelID) VALUES (4.290, 'R$ / litro', '2022-12-12', '05904268000171', (SELECT ID_Combustivel FROM COMBUSTIVEL WHERE Nome = 'ETANOL'));
INSERT INTO PRECO_COLETADO (Preco, UnidadeMedida, DataColeta, PostoCNPJ, CombustivelID) VALUES (4.290, 'R$ / litro', '2022-12-22', '05904268000171', (SELECT ID_Combustivel FROM COMBUSTIVEL WHERE Nome = 'ETANOL'));
INSERT INTO PRECO_COLETADO (Preco, UnidadeMedida, DataColeta, PostoCNPJ, CombustivelID) VALUES (4.290, 'R$ / litro', '2022-12-26', '05904268000171', (SELECT ID_Combustivel FROM COMBUSTIVEL WHERE Nome = 'ETANOL'));
INSERT INTO PRECO_COLETADO (Preco, UnidadeMedida, DataColeta, PostoCNPJ, CombustivelID) VALUES (4.490, 'R$ / litro', '2023-01-03', '05904268000171', (SELECT ID_Combustivel FROM COMBUSTIVEL WHERE Nome = 'ETANOL'));
INSERT INTO PRECO_COLETADO (Preco, UnidadeMedida, DataColeta, PostoCNPJ, CombustivelID) VALUES (4.490, 'R$ / litro', '2023-01-16', '05904268000171', (SELECT ID_Combustivel FROM COMBUSTIVEL WHERE Nome = 'ETANOL'));
INSERT INTO PRECO_COLETADO (Preco, UnidadeMedida, DataColeta, PostoCNPJ, CombustivelID) VALUES (4.290, 'R$ / litro', '2023-02-06', '05904268000171', (SELECT ID_Combustivel FROM COMBUSTIVEL WHERE Nome = 'ETANOL'));
INSERT INTO PRECO_COLETADO (Preco, UnidadeMedida, DataColeta, PostoCNPJ, CombustivelID) VALUES (4.290, 'R$ / litro', '2023-02-20', '05904268000171', (SELECT ID_Combustivel FROM COMBUSTIVEL WHERE Nome = 'ETANOL'));
INSERT INTO PRECO_COLETADO (Preco, UnidadeMedida, DataColeta, PostoCNPJ, CombustivelID) VALUES (4.490, 'R$ / litro', '2023-03-06', '05904268000171', (SELECT ID_Combustivel FROM COMBUSTIVEL WHERE Nome = 'ETANOL'));
INSERT INTO PRECO_COLETADO (Preco, UnidadeMedida, DataColeta, PostoCNPJ, CombustivelID) VALUES (4.490, 'R$ / litro', '2023-03-16', '05904268000171', (SELECT ID_Combustivel FROM COMBUSTIVEL WHERE Nome = 'ETANOL'));
INSERT INTO PRECO_COLETADO (Preco, UnidadeMedida, DataColeta, PostoCNPJ, CombustivelID) VALUES (4.490, 'R$ / litro', '2023-03-21', '05904268000171', (SELECT ID_Combustivel FROM COMBUSTIVEL WHERE Nome = 'ETANOL'));
INSERT INTO PRECO_COLETADO (Preco, UnidadeMedida, DataColeta, PostoCNPJ, CombustivelID) VALUES (4.490, 'R$ / litro', '2023-03-27', '05904268000171', (SELECT ID_Combustivel FROM COMBUSTIVEL WHERE Nome = 'ETANOL'));
INSERT INTO PRECO_COLETADO (Preco, UnidadeMedida, DataColeta, PostoCNPJ, CombustivelID) VALUES (4.490, 'R$ / litro', '2023-04-05', '05904268000171', (SELECT ID_Combustivel FROM COMBUSTIVEL WHERE Nome = 'ETANOL'));
INSERT INTO PRECO_COLETADO (Preco, UnidadeMedida, DataColeta, PostoCNPJ, CombustivelID) VALUES (4.490, 'R$ / litro', '2023-04-11', '05904268000171', (SELECT ID_Combustivel FROM COMBUSTIVEL WHERE Nome = 'ETANOL'));
INSERT INTO PRECO_COLETADO (Preco, UnidadeMedida, DataColeta, PostoCNPJ, CombustivelID) VALUES (4.490, 'R$ / litro', '2023-04-17', '05904268000171', (SELECT ID_Combustivel FROM COMBUSTIVEL WHERE Nome = 'ETANOL'));
INSERT INTO PRECO_COLETADO (Preco, UnidadeMedida, DataColeta, PostoCNPJ, CombustivelID) VALUES (4.690, 'R$ / litro', '2023-04-24', '05904268000171', (SELECT ID_Combustivel FROM COMBUSTIVEL WHERE Nome = 'ETANOL'));
INSERT INTO PRECO_COLETADO (Preco, UnidadeMedida, DataColeta, PostoCNPJ, CombustivelID) VALUES (4.590, 'R$ / litro', '2023-05-03', '05904268000171', (SELECT ID_Combustivel FROM COMBUSTIVEL WHERE Nome = 'ETANOL'));
INSERT INTO PRECO_COLETADO (Preco, UnidadeMedida, DataColeta, PostoCNPJ, CombustivelID) VALUES (4.590, 'R$ / litro', '2023-05-15', '05904268000171', (SELECT ID_Combustivel FROM COMBUSTIVEL WHERE Nome = 'ETANOL'));
INSERT INTO PRECO_COLETADO (Preco, UnidadeMedida, DataColeta, PostoCNPJ, CombustivelID) VALUES (4.290, 'R$ / litro', '2023-05-23', '05904268000171', (SELECT ID_Combustivel FROM COMBUSTIVEL WHERE Nome = 'ETANOL'));
INSERT INTO PRECO_COLETADO (Preco, UnidadeMedida, DataColeta, PostoCNPJ, CombustivelID) VALUES (7.190, 'R$ / litro', '2022-08-04', '05904268000171', (SELECT ID_Combustivel FROM COMBUSTIVEL WHERE Nome = 'DIESEL S500'));
INSERT INTO PRECO_COLETADO (Preco, UnidadeMedida, DataColeta, PostoCNPJ, CombustivelID) VALUES (7.190, 'R$ / litro', '2022-08-08', '05904268000171', (SELECT ID_Combustivel FROM COMBUSTIVEL WHERE Nome = 'DIESEL S500'));
INSERT INTO PRECO_COLETADO (Preco, UnidadeMedida, DataColeta, PostoCNPJ, CombustivelID) VALUES (6.890, 'R$ / litro', '2022-08-15', '05904268000171', (SELECT ID_Combustivel FROM COMBUSTIVEL WHERE Nome = 'DIESEL S500'));
INSERT INTO PRECO_COLETADO (Preco, UnidadeMedida, DataColeta, PostoCNPJ, CombustivelID) VALUES (6.790, 'R$ / litro', '2022-08-23', '05904268000171', (SELECT ID_Combustivel FROM COMBUSTIVEL WHERE Nome = 'DIESEL S500'));
INSERT INTO PRECO_COLETADO (Preco, UnidadeMedida, DataColeta, PostoCNPJ, CombustivelID) VALUES (6.590, 'R$ / litro', '2022-09-01', '05904268000171', (SELECT ID_Combustivel FROM COMBUSTIVEL WHERE Nome = 'DIESEL S500'));
INSERT INTO PRECO_COLETADO (Preco, UnidadeMedida, DataColeta, PostoCNPJ, CombustivelID) VALUES (6.590, 'R$ / litro', '2022-09-05', '05904268000171', (SELECT ID_Combustivel FROM COMBUSTIVEL WHERE Nome = 'DIESEL S500'));
INSERT INTO PRECO_COLETADO (Preco, UnidadeMedida, DataColeta, PostoCNPJ, CombustivelID) VALUES (6.690, 'R$ / litro', '2022-09-13', '05904268000171', (SELECT ID_Combustivel FROM COMBUSTIVEL WHERE Nome = 'DIESEL S500'));
INSERT INTO PRECO_COLETADO (Preco, UnidadeMedida, DataColeta, PostoCNPJ, CombustivelID) VALUES (6.290, 'R$ / litro', '2022-10-24', '05904268000171', (SELECT ID_Combustivel FROM COMBUSTIVEL WHERE Nome = 'DIESEL S500'));
INSERT INTO PRECO_COLETADO (Preco, UnidadeMedida, DataColeta, PostoCNPJ, CombustivelID) VALUES (6.290, 'R$ / litro', '2022-10-31', '05904268000171', (SELECT ID_Combustivel FROM COMBUSTIVEL WHERE Nome = 'DIESEL S500'));
INSERT INTO PRECO_COLETADO (Preco, UnidadeMedida, DataColeta, PostoCNPJ, CombustivelID) VALUES (6.290, 'R$ / litro', '2022-11-14', '05904268000171', (SELECT ID_Combustivel FROM COMBUSTIVEL WHERE Nome = 'DIESEL S500'));
INSERT INTO PRECO_COLETADO (Preco, UnidadeMedida, DataColeta, PostoCNPJ, CombustivelID) VALUES (6.290, 'R$ / litro', '2022-11-22', '05904268000171', (SELECT ID_Combustivel FROM COMBUSTIVEL WHERE Nome = 'DIESEL S500'));
INSERT INTO PRECO_COLETADO (Preco, UnidadeMedida, DataColeta, PostoCNPJ, CombustivelID) VALUES (6.290, 'R$ / litro', '2022-12-05', '05904268000171', (SELECT ID_Combustivel FROM COMBUSTIVEL WHERE Nome = 'DIESEL S500'));
INSERT INTO PRECO_COLETADO (Preco, UnidadeMedida, DataColeta, PostoCNPJ, CombustivelID) VALUES (5.990, 'R$ / litro', '2022-12-12', '05904268000171', (SELECT ID_Combustivel FROM COMBUSTIVEL WHERE Nome = 'DIESEL S500'));
INSERT INTO PRECO_COLETADO (Preco, UnidadeMedida, DataColeta, PostoCNPJ, CombustivelID) VALUES (5.990, 'R$ / litro', '2022-12-22', '05904268000171', (SELECT ID_Combustivel FROM COMBUSTIVEL WHERE Nome = 'DIESEL S500'));
INSERT INTO PRECO_COLETADO (Preco, UnidadeMedida, DataColeta, PostoCNPJ, CombustivelID) VALUES (5.990, 'R$ / litro', '2022-12-26', '05904268000171', (SELECT ID_Combustivel FROM COMBUSTIVEL WHERE Nome = 'DIESEL S500'));
INSERT INTO PRECO_COLETADO (Preco, UnidadeMedida, DataColeta, PostoCNPJ, CombustivelID) VALUES (6.040, 'R$ / litro', '2023-01-03', '05904268000171', (SELECT ID_Combustivel FROM COMBUSTIVEL WHERE Nome = 'DIESEL S500'));
INSERT INTO PRECO_COLETADO (Preco, UnidadeMedida, DataColeta, PostoCNPJ, CombustivelID) VALUES (5.990, 'R$ / litro', '2023-01-16', '05904268000171', (SELECT ID_Combustivel FROM COMBUSTIVEL WHERE Nome = 'DIESEL S500'));
INSERT INTO PRECO_COLETADO (Preco, UnidadeMedida, DataColeta, PostoCNPJ, CombustivelID) VALUES (5.990, 'R$ / litro', '2023-02-06', '05904268000171', (SELECT ID_Combustivel FROM COMBUSTIVEL WHERE Nome = 'DIESEL S500'));
INSERT INTO PRECO_COLETADO (Preco, UnidadeMedida, DataColeta, PostoCNPJ, CombustivelID) VALUES (5.690, 'R$ / litro', '2023-02-20', '05904268000171', (SELECT ID_Combustivel FROM COMBUSTIVEL WHERE Nome = 'DIESEL S500'));
INSERT INTO PRECO_COLETADO (Preco, UnidadeMedida, DataColeta, PostoCNPJ, CombustivelID) VALUES (5.690, 'R$ / litro', '2023-03-06', '05904268000171', (SELECT ID_Combustivel FROM COMBUSTIVEL WHERE Nome = 'DIESEL S500'));
INSERT INTO PRECO_COLETADO (Preco, UnidadeMedida, DataColeta, PostoCNPJ, CombustivelID) VALUES (5.690, 'R$ / litro', '2023-03-16', '05904268000171', (SELECT ID_Combustivel FROM COMBUSTIVEL WHERE Nome = 'DIESEL S500'));
INSERT INTO PRECO_COLETADO (Preco, UnidadeMedida, DataColeta, PostoCNPJ, CombustivelID) VALUES (5.690, 'R$ / litro', '2023-03-21', '05904268000171', (SELECT ID_Combustivel FROM COMBUSTIVEL WHERE Nome = 'DIESEL S500'));
INSERT INTO PRECO_COLETADO (Preco, UnidadeMedida, DataColeta, PostoCNPJ, CombustivelID) VALUES (5.690, 'R$ / litro', '2023-03-27', '05904268000171', (SELECT ID_Combustivel FROM COMBUSTIVEL WHERE Nome = 'DIESEL S500'));
INSERT INTO PRECO_COLETADO (Preco, UnidadeMedida, DataColeta, PostoCNPJ, CombustivelID) VALUES (5.690, 'R$ / litro', '2023-04-05', '05904268000171', (SELECT ID_Combustivel FROM COMBUSTIVEL WHERE Nome = 'DIESEL S500'));
INSERT INTO PRECO_COLETADO (Preco, UnidadeMedida, DataColeta, PostoCNPJ, CombustivelID) VALUES (5.590, 'R$ / litro', '2023-04-11', '05904268000171', (SELECT ID_Combustivel FROM COMBUSTIVEL WHERE Nome = 'DIESEL S500'));
INSERT INTO PRECO_COLETADO (Preco, UnidadeMedida, DataColeta, PostoCNPJ, CombustivelID) VALUES (5.590, 'R$ / litro', '2023-04-17', '05904268000171', (SELECT ID_Combustivel FROM COMBUSTIVEL WHERE Nome = 'DIESEL S500'));
INSERT INTO PRECO_COLETADO (Preco, UnidadeMedida, DataColeta, PostoCNPJ, CombustivelID) VALUES (5.590, 'R$ / litro', '2023-04-24', '05904268000171', (SELECT ID_Combustivel FROM COMBUSTIVEL WHERE Nome = 'DIESEL S500'));
INSERT INTO PRECO_COLETADO (Preco, UnidadeMedida, DataColeta, PostoCNPJ, CombustivelID) VALUES (5.590, 'R$ / litro', '2023-05-03', '05904268000171', (SELECT ID_Combustivel FROM COMBUSTIVEL WHERE Nome = 'DIESEL S500'));
INSERT INTO PRECO_COLETADO (Preco, UnidadeMedida, DataColeta, PostoCNPJ, CombustivelID) VALUES (5.730, 'R$ / litro', '2022-08-04', '05904268000171', (SELECT ID_Combustivel FROM COMBUSTIVEL WHERE Nome = 'GASOLINA ADITIVADA'));
INSERT INTO PRECO_COLETADO (Preco, UnidadeMedida, DataColeta, PostoCNPJ, CombustivelID) VALUES (5.710, 'R$ / litro', '2022-08-08', '05904268000171', (SELECT ID_Combustivel FROM COMBUSTIVEL WHERE Nome = 'GASOLINA ADITIVADA'));
INSERT INTO PRECO_COLETADO (Preco, UnidadeMedida, DataColeta, PostoCNPJ, CombustivelID) VALUES (5.590, 'R$ / litro', '2022-08-15', '05904268000171', (SELECT ID_Combustivel FROM COMBUSTIVEL WHERE Nome = 'GASOLINA ADITIVADA'));
INSERT INTO PRECO_COLETADO (Preco, UnidadeMedida, DataColeta, PostoCNPJ, CombustivelID) VALUES (5.490, 'R$ / litro', '2022-08-23', '05904268000171', (SELECT ID_Combustivel FROM COMBUSTIVEL WHERE Nome = 'GASOLINA ADITIVADA'));
INSERT INTO PRECO_COLETADO (Preco, UnidadeMedida, DataColeta, PostoCNPJ, CombustivelID) VALUES (5.390, 'R$ / litro', '2022-09-01', '05904268000171', (SELECT ID_Combustivel FROM COMBUSTIVEL WHERE Nome = 'GASOLINA ADITIVADA'));
INSERT INTO PRECO_COLETADO (Preco, UnidadeMedida, DataColeta, PostoCNPJ, CombustivelID) VALUES (5.290, 'R$ / litro', '2022-09-05', '05904268000171', (SELECT ID_Combustivel FROM COMBUSTIVEL WHERE Nome = 'GASOLINA ADITIVADA'));
INSERT INTO PRECO_COLETADO (Preco, UnidadeMedida, DataColeta, PostoCNPJ, CombustivelID) VALUES (5.190, 'R$ / litro', '2022-09-13', '05904268000171', (SELECT ID_Combustivel FROM COMBUSTIVEL WHERE Nome = 'GASOLINA ADITIVADA'));
INSERT INTO PRECO_COLETADO (Preco, UnidadeMedida, DataColeta, PostoCNPJ, CombustivelID) VALUES (4.990, 'R$ / litro', '2022-10-24', '05904268000171', (SELECT ID_Combustivel FROM COMBUSTIVEL WHERE Nome = 'GASOLINA ADITIVADA'));
INSERT INTO PRECO_COLETADO (Preco, UnidadeMedida, DataColeta, PostoCNPJ, CombustivelID) VALUES (4.990, 'R$ / litro', '2022-10-31', '05904268000171', (SELECT ID_Combustivel FROM COMBUSTIVEL WHERE Nome = 'GASOLINA ADITIVADA'));
INSERT INTO PRECO_COLETADO (Preco, UnidadeMedida, DataColeta, PostoCNPJ, CombustivelID) VALUES (5.190, 'R$ / litro', '2022-11-14', '05904268000171', (SELECT ID_Combustivel FROM COMBUSTIVEL WHERE Nome = 'GASOLINA ADITIVADA'));
INSERT INTO PRECO_COLETADO (Preco, UnidadeMedida, DataColeta, PostoCNPJ, CombustivelID) VALUES (5.190, 'R$ / litro', '2022-11-22', '05904268000171', (SELECT ID_Combustivel FROM COMBUSTIVEL WHERE Nome = 'GASOLINA ADITIVADA'));
INSERT INTO PRECO_COLETADO (Preco, UnidadeMedida, DataColeta, PostoCNPJ, CombustivelID) VALUES (5.190, 'R$ / litro', '2022-12-05', '05904268000171', (SELECT ID_Combustivel FROM COMBUSTIVEL WHERE Nome = 'GASOLINA ADITIVADA'));
INSERT INTO PRECO_COLETADO (Preco, UnidadeMedida, DataColeta, PostoCNPJ, CombustivelID) VALUES (5.190, 'R$ / litro', '2022-12-12', '05904268000171', (SELECT ID_Combustivel FROM COMBUSTIVEL WHERE Nome = 'GASOLINA ADITIVADA'));
INSERT INTO PRECO_COLETADO (Preco, UnidadeMedida, DataColeta, PostoCNPJ, CombustivelID) VALUES (5.090, 'R$ / litro', '2022-12-22', '05904268000171', (SELECT ID_Combustivel FROM COMBUSTIVEL WHERE Nome = 'GASOLINA ADITIVADA'));
INSERT INTO PRECO_COLETADO (Preco, UnidadeMedida, DataColeta, PostoCNPJ, CombustivelID) VALUES (5.090, 'R$ / litro', '2022-12-26', '05904268000171', (SELECT ID_Combustivel FROM COMBUSTIVEL WHERE Nome = 'GASOLINA ADITIVADA'));
INSERT INTO PRECO_COLETADO (Preco, UnidadeMedida, DataColeta, PostoCNPJ, CombustivelID) VALUES (5.090, 'R$ / litro', '2023-01-03', '05904268000171', (SELECT ID_Combustivel FROM COMBUSTIVEL WHERE Nome = 'GASOLINA ADITIVADA'));
INSERT INTO PRECO_COLETADO (Preco, UnidadeMedida, DataColeta, PostoCNPJ, CombustivelID) VALUES (5.090, 'R$ / litro', '2023-01-16', '05904268000171', (SELECT ID_Combustivel FROM COMBUSTIVEL WHERE Nome = 'GASOLINA ADITIVADA'));
INSERT INTO PRECO_COLETADO (Preco, UnidadeMedida, DataColeta, PostoCNPJ, CombustivelID) VALUES (5.150, 'R$ / litro', '2023-02-06', '05904268000171', (SELECT ID_Combustivel FROM COMBUSTIVEL WHERE Nome = 'GASOLINA ADITIVADA'));
INSERT INTO PRECO_COLETADO (Preco, UnidadeMedida, DataColeta, PostoCNPJ, CombustivelID) VALUES (5.150, 'R$ / litro', '2023-02-20', '05904268000171', (SELECT ID_Combustivel FROM COMBUSTIVEL WHERE Nome = 'GASOLINA ADITIVADA'));
INSERT INTO PRECO_COLETADO (Preco, UnidadeMedida, DataColeta, PostoCNPJ, CombustivelID) VALUES (5.690, 'R$ / litro', '2023-03-06', '05904268000171', (SELECT ID_Combustivel FROM COMBUSTIVEL WHERE Nome = 'GASOLINA ADITIVADA'));
INSERT INTO PRECO_COLETADO (Preco, UnidadeMedida, DataColeta, PostoCNPJ, CombustivelID) VALUES (5.690, 'R$ / litro', '2023-03-16', '05904268000171', (SELECT ID_Combustivel FROM COMBUSTIVEL WHERE Nome = 'GASOLINA ADITIVADA'));
INSERT INTO PRECO_COLETADO (Preco, UnidadeMedida, DataColeta, PostoCNPJ, CombustivelID) VALUES (5.590, 'R$ / litro', '2023-03-21', '05904268000171', (SELECT ID_Combustivel FROM COMBUSTIVEL WHERE Nome = 'GASOLINA ADITIVADA'));
INSERT INTO PRECO_COLETADO (Preco, UnidadeMedida, DataColeta, PostoCNPJ, CombustivelID) VALUES (5.550, 'R$ / litro', '2023-03-27', '05904268000171', (SELECT ID_Combustivel FROM COMBUSTIVEL WHERE Nome = 'GASOLINA ADITIVADA'));
INSERT INTO PRECO_COLETADO (Preco, UnidadeMedida, DataColeta, PostoCNPJ, CombustivelID) VALUES (5.490, 'R$ / litro', '2023-04-05', '05904268000171', (SELECT ID_Combustivel FROM COMBUSTIVEL WHERE Nome = 'GASOLINA ADITIVADA'));
INSERT INTO PRECO_COLETADO (Preco, UnidadeMedida, DataColeta, PostoCNPJ, CombustivelID) VALUES (5.490, 'R$ / litro', '2023-04-11', '05904268000171', (SELECT ID_Combustivel FROM COMBUSTIVEL WHERE Nome = 'GASOLINA ADITIVADA'));
INSERT INTO PRECO_COLETADO (Preco, UnidadeMedida, DataColeta, PostoCNPJ, CombustivelID) VALUES (5.690, 'R$ / litro', '2023-04-17', '05904268000171', (SELECT ID_Combustivel FROM COMBUSTIVEL WHERE Nome = 'GASOLINA ADITIVADA'));
INSERT INTO PRECO_COLETADO (Preco, UnidadeMedida, DataColeta, PostoCNPJ, CombustivelID) VALUES (5.490, 'R$ / litro', '2023-04-24', '05904268000171', (SELECT ID_Combustivel FROM COMBUSTIVEL WHERE Nome = 'GASOLINA ADITIVADA'));
INSERT INTO PRECO_COLETADO (Preco, UnidadeMedida, DataColeta, PostoCNPJ, CombustivelID) VALUES (5.490, 'R$ / litro', '2023-05-03', '05904268000171', (SELECT ID_Combustivel FROM COMBUSTIVEL WHERE Nome = 'GASOLINA ADITIVADA'));
INSERT INTO PRECO_COLETADO (Preco, UnidadeMedida, DataColeta, PostoCNPJ, CombustivelID) VALUES (5.490, 'R$ / litro', '2023-05-15', '05904268000171', (SELECT ID_Combustivel FROM COMBUSTIVEL WHERE Nome = 'GASOLINA ADITIVADA'));
INSERT INTO PRECO_COLETADO (Preco, UnidadeMedida, DataColeta, PostoCNPJ, CombustivelID) VALUES (5.270, 'R$ / litro', '2023-05-23', '05904268000171', (SELECT ID_Combustivel FROM COMBUSTIVEL WHERE Nome = 'GASOLINA ADITIVADA'));
INSERT INTO PRECO_COLETADO (Preco, UnidadeMedida, DataColeta, PostoCNPJ, CombustivelID) VALUES (5.690, 'R$ / litro', '2023-06-05', '05904268000171', (SELECT ID_Combustivel FROM COMBUSTIVEL WHERE Nome = 'GASOLINA ADITIVADA'));
INSERT INTO PRECO_COLETADO (Preco, UnidadeMedida, DataColeta, PostoCNPJ, CombustivelID) VALUES (5.590, 'R$ / litro', '2023-06-13', '05904268000171', (SELECT ID_Combustivel FROM COMBUSTIVEL WHERE Nome = 'GASOLINA ADITIVADA'));
INSERT INTO PRECO_COLETADO (Preco, UnidadeMedida, DataColeta, PostoCNPJ, CombustivelID) VALUES (5.490, 'R$ / litro', '2023-06-20', '05904268000171', (SELECT ID_Combustivel FROM COMBUSTIVEL WHERE Nome = 'GASOLINA ADITIVADA'));
INSERT INTO PRECO_COLETADO (Preco, UnidadeMedida, DataColeta, PostoCNPJ, CombustivelID) VALUES (5.890, 'R$ / litro', '2023-07-17', '05904268000171', (SELECT ID_Combustivel FROM COMBUSTIVEL WHERE Nome = 'GASOLINA ADITIVADA'));
INSERT INTO PRECO_COLETADO (Preco, UnidadeMedida, DataColeta, PostoCNPJ, CombustivelID) VALUES (5.490, 'R$ / litro', '2023-08-07', '05904268000171', (SELECT ID_Combustivel FROM COMBUSTIVEL WHERE Nome = 'GASOLINA ADITIVADA'));
INSERT INTO PRECO_COLETADO (Preco, UnidadeMedida, DataColeta, PostoCNPJ, CombustivelID) VALUES (5.690, 'R$ / litro', '2023-08-30', '05904268000171', (SELECT ID_Combustivel FROM COMBUSTIVEL WHERE Nome = 'GASOLINA ADITIVADA'));
INSERT INTO PRECO_COLETADO (Preco, UnidadeMedida, DataColeta, PostoCNPJ, CombustivelID) VALUES (5.790, 'R$ / litro', '2023-09-07', '05904268000171', (SELECT ID_Combustivel FROM COMBUSTIVEL WHERE Nome = 'GASOLINA ADITIVADA'));
INSERT INTO PRECO_COLETADO (Preco, UnidadeMedida, DataColeta, PostoCNPJ, CombustivelID) VALUES (5.690, 'R$ / litro', '2023-09-19', '05904268000171', (SELECT ID_Combustivel FROM COMBUSTIVEL WHERE Nome = 'GASOLINA ADITIVADA'));
INSERT INTO PRECO_COLETADO (Preco, UnidadeMedida, DataColeta, PostoCNPJ, CombustivelID) VALUES (5.990, 'R$ / litro', '2023-09-26', '05904268000171', (SELECT ID_Combustivel FROM COMBUSTIVEL WHERE Nome = 'GASOLINA ADITIVADA'));
INSERT INTO PRECO_COLETADO (Preco, UnidadeMedida, DataColeta, PostoCNPJ, CombustivelID) VALUES (5.890, 'R$ / litro', '2023-10-03', '05904268000171', (SELECT ID_Combustivel FROM COMBUSTIVEL WHERE Nome = 'GASOLINA ADITIVADA'));
INSERT INTO PRECO_COLETADO (Preco, UnidadeMedida, DataColeta, PostoCNPJ, CombustivelID) VALUES (5.840, 'R$ / litro', '2023-10-16', '05904268000171', (SELECT ID_Combustivel FROM COMBUSTIVEL WHERE Nome = 'GASOLINA ADITIVADA'));
INSERT INTO PRECO_COLETADO (Preco, UnidadeMedida, DataColeta, PostoCNPJ, CombustivelID) VALUES (5.680, 'R$ / litro', '2023-10-24', '05904268000171', (SELECT ID_Combustivel FROM COMBUSTIVEL WHERE Nome = 'GASOLINA ADITIVADA'));
INSERT INTO PRECO_COLETADO (Preco, UnidadeMedida, DataColeta, PostoCNPJ, CombustivelID) VALUES (5.680, 'R$ / litro', '2023-11-07', '05904268000171', (SELECT ID_Combustivel FROM COMBUSTIVEL WHERE Nome = 'GASOLINA ADITIVADA'));
INSERT INTO PRECO_COLETADO (Preco, UnidadeMedida, DataColeta, PostoCNPJ, CombustivelID) VALUES (5.890, 'R$ / litro', '2023-11-21', '05904268000171', (SELECT ID_Combustivel FROM COMBUSTIVEL WHERE Nome = 'GASOLINA ADITIVADA'));
INSERT INTO PRECO_COLETADO (Preco, UnidadeMedida, DataColeta, PostoCNPJ, CombustivelID) VALUES (5.790, 'R$ / litro', '2023-11-28', '05904268000171', (SELECT ID_Combustivel FROM COMBUSTIVEL WHERE Nome = 'GASOLINA ADITIVADA'));
INSERT INTO PRECO_COLETADO (Preco, UnidadeMedida, DataColeta, PostoCNPJ, CombustivelID) VALUES (5.580, 'R$ / litro', '2023-12-20', '05904268000171', (SELECT ID_Combustivel FROM COMBUSTIVEL WHERE Nome = 'GASOLINA ADITIVADA'));
INSERT INTO PRECO_COLETADO (Preco, UnidadeMedida, DataColeta, PostoCNPJ, CombustivelID) VALUES (5.490, 'R$ / litro', '2024-01-05', '05904268000171', (SELECT ID_Combustivel FROM COMBUSTIVEL WHERE Nome = 'GASOLINA ADITIVADA'));
INSERT INTO PRECO_COLETADO (Preco, UnidadeMedida, DataColeta, PostoCNPJ, CombustivelID) VALUES (5.490, 'R$ / litro', '2024-01-08', '05904268000171', (SELECT ID_Combustivel FROM COMBUSTIVEL WHERE Nome = 'GASOLINA ADITIVADA'));
INSERT INTO PRECO_COLETADO (Preco, UnidadeMedida, DataColeta, PostoCNPJ, CombustivelID) VALUES (5.490, 'R$ / litro', '2024-01-15', '05904268000171', (SELECT ID_Combustivel FROM COMBUSTIVEL WHERE Nome = 'GASOLINA ADITIVADA'));
INSERT INTO PRECO_COLETADO (Preco, UnidadeMedida, DataColeta, PostoCNPJ, CombustivelID) VALUES (5.390, 'R$ / litro', '2024-01-22', '05904268000171', (SELECT ID_Combustivel FROM COMBUSTIVEL WHERE Nome = 'GASOLINA ADITIVADA'));
INSERT INTO PRECO_COLETADO (Preco, UnidadeMedida, DataColeta, PostoCNPJ, CombustivelID) VALUES (5.390, 'R$ / litro', '2024-01-29', '05904268000171', (SELECT ID_Combustivel FROM COMBUSTIVEL WHERE Nome = 'GASOLINA ADITIVADA'));
INSERT INTO PRECO_COLETADO (Preco, UnidadeMedida, DataColeta, PostoCNPJ, CombustivelID) VALUES (5.890, 'R$ / litro', '2024-02-05', '05904268000171', (SELECT ID_Combustivel FROM COMBUSTIVEL WHERE Nome = 'GASOLINA ADITIVADA'));
INSERT INTO PRECO_COLETADO (Preco, UnidadeMedida, DataColeta, PostoCNPJ, CombustivelID) VALUES (5.890, 'R$ / litro', '2024-02-12', '05904268000171', (SELECT ID_Combustivel FROM COMBUSTIVEL WHERE Nome = 'GASOLINA ADITIVADA'));
INSERT INTO PRECO_COLETADO (Preco, UnidadeMedida, DataColeta, PostoCNPJ, CombustivelID) VALUES (5.790, 'R$ / litro', '2024-02-19', '05904268000171', (SELECT ID_Combustivel FROM COMBUSTIVEL WHERE Nome = 'GASOLINA ADITIVADA'));
INSERT INTO PRECO_COLETADO (Preco, UnidadeMedida, DataColeta, PostoCNPJ, CombustivelID) VALUES (5.590, 'R$ / litro', '2024-02-26', '05904268000171', (SELECT ID_Combustivel FROM COMBUSTIVEL WHERE Nome = 'GASOLINA ADITIVADA'));
INSERT INTO PRECO_COLETADO (Preco, UnidadeMedida, DataColeta, PostoCNPJ, CombustivelID) VALUES (5.590, 'R$ / litro', '2024-03-04', '05904268000171', (SELECT ID_Combustivel FROM COMBUSTIVEL WHERE Nome = 'GASOLINA ADITIVADA'));
INSERT INTO PRECO_COLETADO (Preco, UnidadeMedida, DataColeta, PostoCNPJ, CombustivelID) VALUES (5.790, 'R$ / litro', '2024-03-11', '05904268000171', (SELECT ID_Combustivel FROM COMBUSTIVEL WHERE Nome = 'GASOLINA ADITIVADA'));
INSERT INTO PRECO_COLETADO (Preco, UnidadeMedida, DataColeta, PostoCNPJ, CombustivelID) VALUES (5.790, 'R$ / litro', '2024-03-18', '05904268000171', (SELECT ID_Combustivel FROM COMBUSTIVEL WHERE Nome = 'GASOLINA ADITIVADA'));
INSERT INTO PRECO_COLETADO (Preco, UnidadeMedida, DataColeta, PostoCNPJ, CombustivelID) VALUES (5.660, 'R$ / litro', '2024-04-08', '05904268000171', (SELECT ID_Combustivel FROM COMBUSTIVEL WHERE Nome = 'GASOLINA ADITIVADA'));
INSERT INTO PRECO_COLETADO (Preco, UnidadeMedida, DataColeta, PostoCNPJ, CombustivelID) VALUES (5.660, 'R$ / litro', '2024-04-15', '05904268000171', (SELECT ID_Combustivel FROM COMBUSTIVEL WHERE Nome = 'GASOLINA ADITIVADA'));
INSERT INTO PRECO_COLETADO (Preco, UnidadeMedida, DataColeta, PostoCNPJ, CombustivelID) VALUES (5.660, 'R$ / litro', '2024-04-22', '05904268000171', (SELECT ID_Combustivel FROM COMBUSTIVEL WHERE Nome = 'GASOLINA ADITIVADA'));
INSERT INTO PRECO_COLETADO (Preco, UnidadeMedida, DataColeta, PostoCNPJ, CombustivelID) VALUES (6.090, 'R$ / litro', '2024-04-29', '05904268000171', (SELECT ID_Combustivel FROM COMBUSTIVEL WHERE Nome = 'GASOLINA ADITIVADA'));
INSERT INTO PRECO_COLETADO (Preco, UnidadeMedida, DataColeta, PostoCNPJ, CombustivelID) VALUES (6.090, 'R$ / litro', '2024-05-06', '05904268000171', (SELECT ID_Combustivel FROM COMBUSTIVEL WHERE Nome = 'GASOLINA ADITIVADA'));
INSERT INTO PRECO_COLETADO (Preco, UnidadeMedida, DataColeta, PostoCNPJ, CombustivelID) VALUES (6.090, 'R$ / litro', '2024-05-13', '05904268000171', (SELECT ID_Combustivel FROM COMBUSTIVEL WHERE Nome = 'GASOLINA ADITIVADA'));
INSERT INTO PRECO_COLETADO (Preco, UnidadeMedida, DataColeta, PostoCNPJ, CombustivelID) VALUES (5.990, 'R$ / litro', '2024-05-20', '05904268000171', (SELECT ID_Combustivel FROM COMBUSTIVEL WHERE Nome = 'GASOLINA ADITIVADA'));
INSERT INTO PRECO_COLETADO (Preco, UnidadeMedida, DataColeta, PostoCNPJ, CombustivelID) VALUES (5.990, 'R$ / litro', '2024-05-27', '05904268000171', (SELECT ID_Combustivel FROM COMBUSTIVEL WHERE Nome = 'GASOLINA ADITIVADA'));
INSERT INTO PRECO_COLETADO (Preco, UnidadeMedida, DataColeta, PostoCNPJ, CombustivelID) VALUES (5.990, 'R$ / litro', '2024-06-03', '05904268000171', (SELECT ID_Combustivel FROM COMBUSTIVEL WHERE Nome = 'GASOLINA ADITIVADA'));
INSERT INTO PRECO_COLETADO (Preco, UnidadeMedida, DataColeta, PostoCNPJ, CombustivelID) VALUES (5.990, 'R$ / litro', '2024-06-17', '05904268000171', (SELECT ID_Combustivel FROM COMBUSTIVEL WHERE Nome = 'GASOLINA ADITIVADA'));
INSERT INTO PRECO_COLETADO (Preco, UnidadeMedida, DataColeta, PostoCNPJ, CombustivelID) VALUES (5.990, 'R$ / litro', '2024-06-24', '05904268000171', (SELECT ID_Combustivel FROM COMBUSTIVEL WHERE Nome = 'GASOLINA ADITIVADA'));
INSERT INTO PRECO_COLETADO (Preco, UnidadeMedida, DataColeta, PostoCNPJ, CombustivelID) VALUES (5.990, 'R$ / litro', '2024-07-01', '05904268000171', (SELECT ID_Combustivel FROM COMBUSTIVEL WHERE Nome = 'GASOLINA ADITIVADA'));
INSERT INTO PRECO_COLETADO (Preco, UnidadeMedida, DataColeta, PostoCNPJ, CombustivelID) VALUES (6.190, 'R$ / litro', '2024-07-09', '05904268000171', (SELECT ID_Combustivel FROM COMBUSTIVEL WHERE Nome = 'GASOLINA ADITIVADA'));
INSERT INTO PRECO_COLETADO (Preco, UnidadeMedida, DataColeta, PostoCNPJ, CombustivelID) VALUES (6.390, 'R$ / litro', '2024-07-16', '05904268000171', (SELECT ID_Combustivel FROM COMBUSTIVEL WHERE Nome = 'GASOLINA ADITIVADA'));
INSERT INTO PRECO_COLETADO (Preco, UnidadeMedida, DataColeta, PostoCNPJ, CombustivelID) VALUES (6.350, 'R$ / litro', '2024-07-22', '05904268000171', (SELECT ID_Combustivel FROM COMBUSTIVEL WHERE Nome = 'GASOLINA ADITIVADA'));
INSERT INTO PRECO_COLETADO (Preco, UnidadeMedida, DataColeta, PostoCNPJ, CombustivelID) VALUES (6.350, 'R$ / litro', '2024-07-29', '05904268000171', (SELECT ID_Combustivel FROM COMBUSTIVEL WHERE Nome = 'GASOLINA ADITIVADA'));
INSERT INTO PRECO_COLETADO (Preco, UnidadeMedida, DataColeta, PostoCNPJ, CombustivelID) VALUES (6.290, 'R$ / litro', '2024-08-05', '05904268000171', (SELECT ID_Combustivel FROM COMBUSTIVEL WHERE Nome = 'GASOLINA ADITIVADA'));
INSERT INTO PRECO_COLETADO (Preco, UnidadeMedida, DataColeta, PostoCNPJ, CombustivelID) VALUES (6.290, 'R$ / litro', '2024-08-12', '05904268000171', (SELECT ID_Combustivel FROM COMBUSTIVEL WHERE Nome = 'GASOLINA ADITIVADA'));
INSERT INTO PRECO_COLETADO (Preco, UnidadeMedida, DataColeta, PostoCNPJ, CombustivelID) VALUES (6.290, 'R$ / litro', '2024-08-20', '05904268000171', (SELECT ID_Combustivel FROM COMBUSTIVEL WHERE Nome = 'GASOLINA ADITIVADA'));
INSERT INTO PRECO_COLETADO (Preco, UnidadeMedida, DataColeta, PostoCNPJ, CombustivelID) VALUES (6.290, 'R$ / litro', '2024-08-26', '05904268000171', (SELECT ID_Combustivel FROM COMBUSTIVEL WHERE Nome = 'GASOLINA ADITIVADA'));
INSERT INTO PRECO_COLETADO (Preco, UnidadeMedida, DataColeta, PostoCNPJ, CombustivelID) VALUES (6.290, 'R$ / litro', '2024-09-02', '05904268000171', (SELECT ID_Combustivel FROM COMBUSTIVEL WHERE Nome = 'GASOLINA ADITIVADA'));
INSERT INTO PRECO_COLETADO (Preco, UnidadeMedida, DataColeta, PostoCNPJ, CombustivelID) VALUES (5.530, 'R$ / litro', '2022-08-04', '05904268000171', (SELECT ID_Combustivel FROM COMBUSTIVEL WHERE Nome = 'GASOLINA COMUM'));
INSERT INTO PRECO_COLETADO (Preco, UnidadeMedida, DataColeta, PostoCNPJ, CombustivelID) VALUES (5.510, 'R$ / litro', '2022-08-08', '05904268000171', (SELECT ID_Combustivel FROM COMBUSTIVEL WHERE Nome = 'GASOLINA COMUM'));
INSERT INTO PRECO_COLETADO (Preco, UnidadeMedida, DataColeta, PostoCNPJ, CombustivelID) VALUES (5.390, 'R$ / litro', '2022-08-15', '05904268000171', (SELECT ID_Combustivel FROM COMBUSTIVEL WHERE Nome = 'GASOLINA COMUM'));
INSERT INTO PRECO_COLETADO (Preco, UnidadeMedida, DataColeta, PostoCNPJ, CombustivelID) VALUES (5.290, 'R$ / litro', '2022-08-23', '05904268000171', (SELECT ID_Combustivel FROM COMBUSTIVEL WHERE Nome = 'GASOLINA COMUM'));
INSERT INTO PRECO_COLETADO (Preco, UnidadeMedida, DataColeta, PostoCNPJ, CombustivelID) VALUES (5.190, 'R$ / litro', '2022-09-01', '05904268000171', (SELECT ID_Combustivel FROM COMBUSTIVEL WHERE Nome = 'GASOLINA COMUM'));
INSERT INTO PRECO_COLETADO (Preco, UnidadeMedida, DataColeta, PostoCNPJ, CombustivelID) VALUES (5.090, 'R$ / litro', '2022-09-05', '05904268000171', (SELECT ID_Combustivel FROM COMBUSTIVEL WHERE Nome = 'GASOLINA COMUM'));
INSERT INTO PRECO_COLETADO (Preco, UnidadeMedida, DataColeta, PostoCNPJ, CombustivelID) VALUES (4.990, 'R$ / litro', '2022-09-13', '05904268000171', (SELECT ID_Combustivel FROM COMBUSTIVEL WHERE Nome = 'GASOLINA COMUM'));
INSERT INTO PRECO_COLETADO (Preco, UnidadeMedida, DataColeta, PostoCNPJ, CombustivelID) VALUES (4.790, 'R$ / litro', '2022-10-24', '05904268000171', (SELECT ID_Combustivel FROM COMBUSTIVEL WHERE Nome = 'GASOLINA COMUM'));
INSERT INTO PRECO_COLETADO (Preco, UnidadeMedida, DataColeta, PostoCNPJ, CombustivelID) VALUES (4.790, 'R$ / litro', '2022-10-31', '05904268000171', (SELECT ID_Combustivel FROM COMBUSTIVEL WHERE Nome = 'GASOLINA COMUM'));
INSERT INTO PRECO_COLETADO (Preco, UnidadeMedida, DataColeta, PostoCNPJ, CombustivelID) VALUES (4.990, 'R$ / litro', '2022-11-14', '05904268000171', (SELECT ID_Combustivel FROM COMBUSTIVEL WHERE Nome = 'GASOLINA COMUM'));
INSERT INTO PRECO_COLETADO (Preco, UnidadeMedida, DataColeta, PostoCNPJ, CombustivelID) VALUES (4.990, 'R$ / litro', '2022-11-22', '05904268000171', (SELECT ID_Combustivel FROM COMBUSTIVEL WHERE Nome = 'GASOLINA COMUM'));
INSERT INTO PRECO_COLETADO (Preco, UnidadeMedida, DataColeta, PostoCNPJ, CombustivelID) VALUES (4.990, 'R$ / litro', '2022-12-05', '05904268000171', (SELECT ID_Combustivel FROM COMBUSTIVEL WHERE Nome = 'GASOLINA COMUM'));
INSERT INTO PRECO_COLETADO (Preco, UnidadeMedida, DataColeta, PostoCNPJ, CombustivelID) VALUES (4.990, 'R$ / litro', '2022-12-12', '05904268000171', (SELECT ID_Combustivel FROM COMBUSTIVEL WHERE Nome = 'GASOLINA COMUM'));
INSERT INTO PRECO_COLETADO (Preco, UnidadeMedida, DataColeta, PostoCNPJ, CombustivelID) VALUES (4.880, 'R$ / litro', '2022-12-22', '05904268000171', (SELECT ID_Combustivel FROM COMBUSTIVEL WHERE Nome = 'GASOLINA COMUM'));
INSERT INTO PRECO_COLETADO (Preco, UnidadeMedida, DataColeta, PostoCNPJ, CombustivelID) VALUES (4.880, 'R$ / litro', '2022-12-26', '05904268000171', (SELECT ID_Combustivel FROM COMBUSTIVEL WHERE Nome = 'GASOLINA COMUM'));
INSERT INTO PRECO_COLETADO (Preco, UnidadeMedida, DataColeta, PostoCNPJ, CombustivelID) VALUES (4.880, 'R$ / litro', '2023-01-03', '05904268000171', (SELECT ID_Combustivel FROM COMBUSTIVEL WHERE Nome = 'GASOLINA COMUM'));
INSERT INTO PRECO_COLETADO (Preco, UnidadeMedida, DataColeta, PostoCNPJ, CombustivelID) VALUES (4.890, 'R$ / litro', '2023-01-16', '05904268000171', (SELECT ID_Combustivel FROM COMBUSTIVEL WHERE Nome = 'GASOLINA COMUM'));
INSERT INTO PRECO_COLETADO (Preco, UnidadeMedida, DataColeta, PostoCNPJ, CombustivelID) VALUES (4.950, 'R$ / litro', '2023-02-06', '05904268000171', (SELECT ID_Combustivel FROM COMBUSTIVEL WHERE Nome = 'GASOLINA COMUM'));
INSERT INTO PRECO_COLETADO (Preco, UnidadeMedida, DataColeta, PostoCNPJ, CombustivelID) VALUES (4.950, 'R$ / litro', '2023-02-20', '05904268000171', (SELECT ID_Combustivel FROM COMBUSTIVEL WHERE Nome = 'GASOLINA COMUM'));
INSERT INTO PRECO_COLETADO (Preco, UnidadeMedida, DataColeta, PostoCNPJ, CombustivelID) VALUES (5.490, 'R$ / litro', '2023-03-06', '05904268000171', (SELECT ID_Combustivel FROM COMBUSTIVEL WHERE Nome = 'GASOLINA COMUM'));
INSERT INTO PRECO_COLETADO (Preco, UnidadeMedida, DataColeta, PostoCNPJ, CombustivelID) VALUES (5.490, 'R$ / litro', '2023-03-16', '05904268000171', (SELECT ID_Combustivel FROM COMBUSTIVEL WHERE Nome = 'GASOLINA COMUM'));
INSERT INTO PRECO_COLETADO (Preco, UnidadeMedida, DataColeta, PostoCNPJ, CombustivelID) VALUES (5.390, 'R$ / litro', '2023-03-21', '05904268000171', (SELECT ID_Combustivel FROM COMBUSTIVEL WHERE Nome = 'GASOLINA COMUM'));
INSERT INTO PRECO_COLETADO (Preco, UnidadeMedida, DataColeta, PostoCNPJ, CombustivelID) VALUES (5.350, 'R$ / litro', '2023-03-27', '05904268000171', (SELECT ID_Combustivel FROM COMBUSTIVEL WHERE Nome = 'GASOLINA COMUM'));
INSERT INTO PRECO_COLETADO (Preco, UnidadeMedida, DataColeta, PostoCNPJ, CombustivelID) VALUES (5.290, 'R$ / litro', '2023-04-05', '05904268000171', (SELECT ID_Combustivel FROM COMBUSTIVEL WHERE Nome = 'GASOLINA COMUM'));
INSERT INTO PRECO_COLETADO (Preco, UnidadeMedida, DataColeta, PostoCNPJ, CombustivelID) VALUES (5.290, 'R$ / litro', '2023-04-11', '05904268000171', (SELECT ID_Combustivel FROM COMBUSTIVEL WHERE Nome = 'GASOLINA COMUM'));
INSERT INTO PRECO_COLETADO (Preco, UnidadeMedida, DataColeta, PostoCNPJ, CombustivelID) VALUES (5.490, 'R$ / litro', '2023-04-17', '05904268000171', (SELECT ID_Combustivel FROM COMBUSTIVEL WHERE Nome = 'GASOLINA COMUM'));
INSERT INTO PRECO_COLETADO (Preco, UnidadeMedida, DataColeta, PostoCNPJ, CombustivelID) VALUES (5.290, 'R$ / litro', '2023-04-24', '05904268000171', (SELECT ID_Combustivel FROM COMBUSTIVEL WHERE Nome = 'GASOLINA COMUM'));
INSERT INTO PRECO_COLETADO (Preco, UnidadeMedida, DataColeta, PostoCNPJ, CombustivelID) VALUES (5.290, 'R$ / litro', '2023-05-03', '05904268000171', (SELECT ID_Combustivel FROM COMBUSTIVEL WHERE Nome = 'GASOLINA COMUM'));
INSERT INTO PRECO_COLETADO (Preco, UnidadeMedida, DataColeta, PostoCNPJ, CombustivelID) VALUES (5.290, 'R$ / litro', '2023-05-15', '05904268000171', (SELECT ID_Combustivel FROM COMBUSTIVEL WHERE Nome = 'GASOLINA COMUM'));
INSERT INTO PRECO_COLETADO (Preco, UnidadeMedida, DataColeta, PostoCNPJ, CombustivelID) VALUES (5.070, 'R$ / litro', '2023-05-23', '05904268000171', (SELECT ID_Combustivel FROM COMBUSTIVEL WHERE Nome = 'GASOLINA COMUM'));
INSERT INTO PRECO_COLETADO (Preco, UnidadeMedida, DataColeta, PostoCNPJ, CombustivelID) VALUES (5.490, 'R$ / litro', '2023-06-05', '05904268000171', (SELECT ID_Combustivel FROM COMBUSTIVEL WHERE Nome = 'GASOLINA COMUM'));
INSERT INTO PRECO_COLETADO (Preco, UnidadeMedida, DataColeta, PostoCNPJ, CombustivelID) VALUES (5.390, 'R$ / litro', '2023-06-13', '05904268000171', (SELECT ID_Combustivel FROM COMBUSTIVEL WHERE Nome = 'GASOLINA COMUM'));
INSERT INTO PRECO_COLETADO (Preco, UnidadeMedida, DataColeta, PostoCNPJ, CombustivelID) VALUES (5.290, 'R$ / litro', '2023-06-20', '05904268000171', (SELECT ID_Combustivel FROM COMBUSTIVEL WHERE Nome = 'GASOLINA COMUM'));
INSERT INTO PRECO_COLETADO (Preco, UnidadeMedida, DataColeta, PostoCNPJ, CombustivelID) VALUES (5.690, 'R$ / litro', '2023-07-17', '05904268000171', (SELECT ID_Combustivel FROM COMBUSTIVEL WHERE Nome = 'GASOLINA COMUM'));
INSERT INTO PRECO_COLETADO (Preco, UnidadeMedida, DataColeta, PostoCNPJ, CombustivelID) VALUES (5.290, 'R$ / litro', '2023-08-07', '05904268000171', (SELECT ID_Combustivel FROM COMBUSTIVEL WHERE Nome = 'GASOLINA COMUM'));
INSERT INTO PRECO_COLETADO (Preco, UnidadeMedida, DataColeta, PostoCNPJ, CombustivelID) VALUES (5.490, 'R$ / litro', '2023-08-30', '05904268000171', (SELECT ID_Combustivel FROM COMBUSTIVEL WHERE Nome = 'GASOLINA COMUM'));
INSERT INTO PRECO_COLETADO (Preco, UnidadeMedida, DataColeta, PostoCNPJ, CombustivelID) VALUES (5.590, 'R$ / litro', '2023-09-07', '05904268000171', (SELECT ID_Combustivel FROM COMBUSTIVEL WHERE Nome = 'GASOLINA COMUM'));
INSERT INTO PRECO_COLETADO (Preco, UnidadeMedida, DataColeta, PostoCNPJ, CombustivelID) VALUES (5.490, 'R$ / litro', '2023-09-19', '05904268000171', (SELECT ID_Combustivel FROM COMBUSTIVEL WHERE Nome = 'GASOLINA COMUM'));
INSERT INTO PRECO_COLETADO (Preco, UnidadeMedida, DataColeta, PostoCNPJ, CombustivelID) VALUES (5.790, 'R$ / litro', '2023-09-26', '05904268000171', (SELECT ID_Combustivel FROM COMBUSTIVEL WHERE Nome = 'GASOLINA COMUM'));
INSERT INTO PRECO_COLETADO (Preco, UnidadeMedida, DataColeta, PostoCNPJ, CombustivelID) VALUES (5.690, 'R$ / litro', '2023-10-03', '05904268000171', (SELECT ID_Combustivel FROM COMBUSTIVEL WHERE Nome = 'GASOLINA COMUM'));
INSERT INTO PRECO_COLETADO (Preco, UnidadeMedida, DataColeta, PostoCNPJ, CombustivelID) VALUES (5.640, 'R$ / litro', '2023-10-16', '05904268000171', (SELECT ID_Combustivel FROM COMBUSTIVEL WHERE Nome = 'GASOLINA COMUM'));
INSERT INTO PRECO_COLETADO (Preco, UnidadeMedida, DataColeta, PostoCNPJ, CombustivelID) VALUES (5.480, 'R$ / litro', '2023-10-24', '05904268000171', (SELECT ID_Combustivel FROM COMBUSTIVEL WHERE Nome = 'GASOLINA COMUM'));
INSERT INTO PRECO_COLETADO (Preco, UnidadeMedida, DataColeta, PostoCNPJ, CombustivelID) VALUES (5.480, 'R$ / litro', '2023-11-07', '05904268000171', (SELECT ID_Combustivel FROM COMBUSTIVEL WHERE Nome = 'GASOLINA COMUM'));
INSERT INTO PRECO_COLETADO (Preco, UnidadeMedida, DataColeta, PostoCNPJ, CombustivelID) VALUES (5.690, 'R$ / litro', '2023-11-21', '05904268000171', (SELECT ID_Combustivel FROM COMBUSTIVEL WHERE Nome = 'GASOLINA COMUM'));
INSERT INTO PRECO_COLETADO (Preco, UnidadeMedida, DataColeta, PostoCNPJ, CombustivelID) VALUES (5.590, 'R$ / litro', '2023-11-28', '05904268000171', (SELECT ID_Combustivel FROM COMBUSTIVEL WHERE Nome = 'GASOLINA COMUM'));
INSERT INTO PRECO_COLETADO (Preco, UnidadeMedida, DataColeta, PostoCNPJ, CombustivelID) VALUES (5.380, 'R$ / litro', '2023-12-20', '05904268000171', (SELECT ID_Combustivel FROM COMBUSTIVEL WHERE Nome = 'GASOLINA COMUM'));
INSERT INTO PRECO_COLETADO (Preco, UnidadeMedida, DataColeta, PostoCNPJ, CombustivelID) VALUES (5.290, 'R$ / litro', '2024-01-05', '05904268000171', (SELECT ID_Combustivel FROM COMBUSTIVEL WHERE Nome = 'GASOLINA COMUM'));
INSERT INTO PRECO_COLETADO (Preco, UnidadeMedida, DataColeta, PostoCNPJ, CombustivelID) VALUES (5.290, 'R$ / litro', '2024-01-08', '05904268000171', (SELECT ID_Combustivel FROM COMBUSTIVEL WHERE Nome = 'GASOLINA COMUM'));
INSERT INTO PRECO_COLETADO (Preco, UnidadeMedida, DataColeta, PostoCNPJ, CombustivelID) VALUES (5.290, 'R$ / litro', '2024-01-15', '05904268000171', (SELECT ID_Combustivel FROM COMBUSTIVEL WHERE Nome = 'GASOLINA COMUM'));
INSERT INTO PRECO_COLETADO (Preco, UnidadeMedida, DataColeta, PostoCNPJ, CombustivelID) VALUES (5.190, 'R$ / litro', '2024-01-22', '05904268000171', (SELECT ID_Combustivel FROM COMBUSTIVEL WHERE Nome = 'GASOLINA COMUM'));
INSERT INTO PRECO_COLETADO (Preco, UnidadeMedida, DataColeta, PostoCNPJ, CombustivelID) VALUES (5.190, 'R$ / litro', '2024-01-29', '05904268000171', (SELECT ID_Combustivel FROM COMBUSTIVEL WHERE Nome = 'GASOLINA COMUM'));
INSERT INTO PRECO_COLETADO (Preco, UnidadeMedida, DataColeta, PostoCNPJ, CombustivelID) VALUES (5.690, 'R$ / litro', '2024-02-05', '05904268000171', (SELECT ID_Combustivel FROM COMBUSTIVEL WHERE Nome = 'GASOLINA COMUM'));
INSERT INTO PRECO_COLETADO (Preco, UnidadeMedida, DataColeta, PostoCNPJ, CombustivelID) VALUES (5.690, 'R$ / litro', '2024-02-12', '05904268000171', (SELECT ID_Combustivel FROM COMBUSTIVEL WHERE Nome = 'GASOLINA COMUM'));
INSERT INTO PRECO_COLETADO (Preco, UnidadeMedida, DataColeta, PostoCNPJ, CombustivelID) VALUES (5.590, 'R$ / litro', '2024-02-19', '05904268000171', (SELECT ID_Combustivel FROM COMBUSTIVEL WHERE Nome = 'GASOLINA COMUM'));
INSERT INTO PRECO_COLETADO (Preco, UnidadeMedida, DataColeta, PostoCNPJ, CombustivelID) VALUES (5.390, 'R$ / litro', '2024-02-26', '05904268000171', (SELECT ID_Combustivel FROM COMBUSTIVEL WHERE Nome = 'GASOLINA COMUM'));
INSERT INTO PRECO_COLETADO (Preco, UnidadeMedida, DataColeta, PostoCNPJ, CombustivelID) VALUES (5.390, 'R$ / litro', '2024-03-04', '05904268000171', (SELECT ID_Combustivel FROM COMBUSTIVEL WHERE Nome = 'GASOLINA COMUM'));
INSERT INTO PRECO_COLETADO (Preco, UnidadeMedida, DataColeta, PostoCNPJ, CombustivelID) VALUES (5.590, 'R$ / litro', '2024-03-11', '05904268000171', (SELECT ID_Combustivel FROM COMBUSTIVEL WHERE Nome = 'GASOLINA COMUM'));
INSERT INTO PRECO_COLETADO (Preco, UnidadeMedida, DataColeta, PostoCNPJ, CombustivelID) VALUES (5.590, 'R$ / litro', '2024-03-18', '05904268000171', (SELECT ID_Combustivel FROM COMBUSTIVEL WHERE Nome = 'GASOLINA COMUM'));
INSERT INTO PRECO_COLETADO (Preco, UnidadeMedida, DataColeta, PostoCNPJ, CombustivelID) VALUES (5.460, 'R$ / litro', '2024-04-08', '05904268000171', (SELECT ID_Combustivel FROM COMBUSTIVEL WHERE Nome = 'GASOLINA COMUM'));
INSERT INTO PRECO_COLETADO (Preco, UnidadeMedida, DataColeta, PostoCNPJ, CombustivelID) VALUES (5.460, 'R$ / litro', '2024-04-15', '05904268000171', (SELECT ID_Combustivel FROM COMBUSTIVEL WHERE Nome = 'GASOLINA COMUM'));
INSERT INTO PRECO_COLETADO (Preco, UnidadeMedida, DataColeta, PostoCNPJ, CombustivelID) VALUES (5.460, 'R$ / litro', '2024-04-22', '05904268000171', (SELECT ID_Combustivel FROM COMBUSTIVEL WHERE Nome = 'GASOLINA COMUM'));
INSERT INTO PRECO_COLETADO (Preco, UnidadeMedida, DataColeta, PostoCNPJ, CombustivelID) VALUES (5.890, 'R$ / litro', '2024-04-29', '05904268000171', (SELECT ID_Combustivel FROM COMBUSTIVEL WHERE Nome = 'GASOLINA COMUM'));
INSERT INTO PRECO_COLETADO (Preco, UnidadeMedida, DataColeta, PostoCNPJ, CombustivelID) VALUES (5.890, 'R$ / litro', '2024-05-06', '05904268000171', (SELECT ID_Combustivel FROM COMBUSTIVEL WHERE Nome = 'GASOLINA COMUM'));
INSERT INTO PRECO_COLETADO (Preco, UnidadeMedida, DataColeta, PostoCNPJ, CombustivelID) VALUES (5.890, 'R$ / litro', '2024-05-13', '05904268000171', (SELECT ID_Combustivel FROM COMBUSTIVEL WHERE Nome = 'GASOLINA COMUM'));
INSERT INTO PRECO_COLETADO (Preco, UnidadeMedida, DataColeta, PostoCNPJ, CombustivelID) VALUES (5.790, 'R$ / litro', '2024-05-20', '05904268000171', (SELECT ID_Combustivel FROM COMBUSTIVEL WHERE Nome = 'GASOLINA COMUM'));
INSERT INTO PRECO_COLETADO (Preco, UnidadeMedida, DataColeta, PostoCNPJ, CombustivelID) VALUES (5.790, 'R$ / litro', '2024-05-27', '05904268000171', (SELECT ID_Combustivel FROM COMBUSTIVEL WHERE Nome = 'GASOLINA COMUM'));
INSERT INTO PRECO_COLETADO (Preco, UnidadeMedida, DataColeta, PostoCNPJ, CombustivelID) VALUES (5.790, 'R$ / litro', '2024-06-03', '05904268000171', (SELECT ID_Combustivel FROM COMBUSTIVEL WHERE Nome = 'GASOLINA COMUM'));
INSERT INTO PRECO_COLETADO (Preco, UnidadeMedida, DataColeta, PostoCNPJ, CombustivelID) VALUES (5.790, 'R$ / litro', '2024-06-17', '05904268000171', (SELECT ID_Combustivel FROM COMBUSTIVEL WHERE Nome = 'GASOLINA COMUM'));
INSERT INTO PRECO_COLETADO (Preco, UnidadeMedida, DataColeta, PostoCNPJ, CombustivelID) VALUES (5.790, 'R$ / litro', '2024-06-24', '05904268000171', (SELECT ID_Combustivel FROM COMBUSTIVEL WHERE Nome = 'GASOLINA COMUM'));
INSERT INTO PRECO_COLETADO (Preco, UnidadeMedida, DataColeta, PostoCNPJ, CombustivelID) VALUES (5.790, 'R$ / litro', '2024-07-01', '05904268000171', (SELECT ID_Combustivel FROM COMBUSTIVEL WHERE Nome = 'GASOLINA COMUM'));
INSERT INTO PRECO_COLETADO (Preco, UnidadeMedida, DataColeta, PostoCNPJ, CombustivelID) VALUES (5.990, 'R$ / litro', '2024-07-09', '05904268000171', (SELECT ID_Combustivel FROM COMBUSTIVEL WHERE Nome = 'GASOLINA COMUM'));
INSERT INTO PRECO_COLETADO (Preco, UnidadeMedida, DataColeta, PostoCNPJ, CombustivelID) VALUES (6.190, 'R$ / litro', '2024-07-16', '05904268000171', (SELECT ID_Combustivel FROM COMBUSTIVEL WHERE Nome = 'GASOLINA COMUM'));
INSERT INTO PRECO_COLETADO (Preco, UnidadeMedida, DataColeta, PostoCNPJ, CombustivelID) VALUES (6.150, 'R$ / litro', '2024-07-22', '05904268000171', (SELECT ID_Combustivel FROM COMBUSTIVEL WHERE Nome = 'GASOLINA COMUM'));
INSERT INTO PRECO_COLETADO (Preco, UnidadeMedida, DataColeta, PostoCNPJ, CombustivelID) VALUES (6.150, 'R$ / litro', '2024-07-29', '05904268000171', (SELECT ID_Combustivel FROM COMBUSTIVEL WHERE Nome = 'GASOLINA COMUM'));
INSERT INTO PRECO_COLETADO (Preco, UnidadeMedida, DataColeta, PostoCNPJ, CombustivelID) VALUES (6.090, 'R$ / litro', '2024-08-05', '05904268000171', (SELECT ID_Combustivel FROM COMBUSTIVEL WHERE Nome = 'GASOLINA COMUM'));
INSERT INTO PRECO_COLETADO (Preco, UnidadeMedida, DataColeta, PostoCNPJ, CombustivelID) VALUES (6.090, 'R$ / litro', '2024-08-12', '05904268000171', (SELECT ID_Combustivel FROM COMBUSTIVEL WHERE Nome = 'GASOLINA COMUM'));
INSERT INTO PRECO_COLETADO (Preco, UnidadeMedida, DataColeta, PostoCNPJ, CombustivelID) VALUES (6.090, 'R$ / litro', '2024-08-20', '05904268000171', (SELECT ID_Combustivel FROM COMBUSTIVEL WHERE Nome = 'GASOLINA COMUM'));
INSERT INTO PRECO_COLETADO (Preco, UnidadeMedida, DataColeta, PostoCNPJ, CombustivelID) VALUES (6.090, 'R$ / litro', '2024-08-26', '05904268000171', (SELECT ID_Combustivel FROM COMBUSTIVEL WHERE Nome = 'GASOLINA COMUM'));
INSERT INTO PRECO_COLETADO (Preco, UnidadeMedida, DataColeta, PostoCNPJ, CombustivelID) VALUES (6.090, 'R$ / litro', '2024-09-02', '05904268000171', (SELECT ID_Combustivel FROM COMBUSTIVEL WHERE Nome = 'GASOLINA COMUM'));
INSERT INTO POSTO (CNPJ, RazaoSocial, NomeFantasia, Bandeira, Logradouro, Numero, Bairro, Cidade, Estado, CEP) VALUES ('04145589001149', 'ARARA AZUL REDE DE POSTOS LTDA.', 'POSTO ARARA AZUL', 'RAIZEN', 'AVENIDA FRANCISCO LACERDA AQUIAR', '530', 'ITAPARICA', 'VILA VELHA', 'ESPIRITO SANTO', '29102022');
INSERT INTO PRECO_COLETADO (Preco, UnidadeMedida, DataColeta, PostoCNPJ, CombustivelID) VALUES (4.190, 'R$ / litro', '2022-10-24', '04145589001149', (SELECT ID_Combustivel FROM COMBUSTIVEL WHERE Nome = 'ETANOL'));
INSERT INTO PRECO_COLETADO (Preco, UnidadeMedida, DataColeta, PostoCNPJ, CombustivelID) VALUES (4.190, 'R$ / litro', '2022-10-31', '04145589001149', (SELECT ID_Combustivel FROM COMBUSTIVEL WHERE Nome = 'ETANOL'));
INSERT INTO PRECO_COLETADO (Preco, UnidadeMedida, DataColeta, PostoCNPJ, CombustivelID) VALUES (4.490, 'R$ / litro', '2022-11-14', '04145589001149', (SELECT ID_Combustivel FROM COMBUSTIVEL WHERE Nome = 'ETANOL'));
INSERT INTO PRECO_COLETADO (Preco, UnidadeMedida, DataColeta, PostoCNPJ, CombustivelID) VALUES (4.490, 'R$ / litro', '2022-11-22', '04145589001149', (SELECT ID_Combustivel FROM COMBUSTIVEL WHERE Nome = 'ETANOL'));
INSERT INTO PRECO_COLETADO (Preco, UnidadeMedida, DataColeta, PostoCNPJ, CombustivelID) VALUES (4.490, 'R$ / litro', '2022-12-05', '04145589001149', (SELECT ID_Combustivel FROM COMBUSTIVEL WHERE Nome = 'ETANOL'));
INSERT INTO PRECO_COLETADO (Preco, UnidadeMedida, DataColeta, PostoCNPJ, CombustivelID) VALUES (4.490, 'R$ / litro', '2022-12-12', '04145589001149', (SELECT ID_Combustivel FROM COMBUSTIVEL WHERE Nome = 'ETANOL'));
INSERT INTO PRECO_COLETADO (Preco, UnidadeMedida, DataColeta, PostoCNPJ, CombustivelID) VALUES (4.290, 'R$ / litro', '2022-12-22', '04145589001149', (SELECT ID_Combustivel FROM COMBUSTIVEL WHERE Nome = 'ETANOL'));
INSERT INTO PRECO_COLETADO (Preco, UnidadeMedida, DataColeta, PostoCNPJ, CombustivelID) VALUES (4.290, 'R$ / litro', '2022-12-26', '04145589001149', (SELECT ID_Combustivel FROM COMBUSTIVEL WHERE Nome = 'ETANOL'));
INSERT INTO PRECO_COLETADO (Preco, UnidadeMedida, DataColeta, PostoCNPJ, CombustivelID) VALUES (4.290, 'R$ / litro', '2023-01-02', '04145589001149', (SELECT ID_Combustivel FROM COMBUSTIVEL WHERE Nome = 'ETANOL'));
INSERT INTO PRECO_COLETADO (Preco, UnidadeMedida, DataColeta, PostoCNPJ, CombustivelID) VALUES (4.290, 'R$ / litro', '2023-01-09', '04145589001149', (SELECT ID_Combustivel FROM COMBUSTIVEL WHERE Nome = 'ETANOL'));
INSERT INTO PRECO_COLETADO (Preco, UnidadeMedida, DataColeta, PostoCNPJ, CombustivelID) VALUES (4.290, 'R$ / litro', '2023-01-16', '04145589001149', (SELECT ID_Combustivel FROM COMBUSTIVEL WHERE Nome = 'ETANOL'));
INSERT INTO PRECO_COLETADO (Preco, UnidadeMedida, DataColeta, PostoCNPJ, CombustivelID) VALUES (4.170, 'R$ / litro', '2023-01-23', '04145589001149', (SELECT ID_Combustivel FROM COMBUSTIVEL WHERE Nome = 'ETANOL'));
INSERT INTO PRECO_COLETADO (Preco, UnidadeMedida, DataColeta, PostoCNPJ, CombustivelID) VALUES (4.170, 'R$ / litro', '2023-01-30', '04145589001149', (SELECT ID_Combustivel FROM COMBUSTIVEL WHERE Nome = 'ETANOL'));
INSERT INTO PRECO_COLETADO (Preco, UnidadeMedida, DataColeta, PostoCNPJ, CombustivelID) VALUES (4.170, 'R$ / litro', '2023-02-06', '04145589001149', (SELECT ID_Combustivel FROM COMBUSTIVEL WHERE Nome = 'ETANOL'));
INSERT INTO PRECO_COLETADO (Preco, UnidadeMedida, DataColeta, PostoCNPJ, CombustivelID) VALUES (4.170, 'R$ / litro', '2023-02-13', '04145589001149', (SELECT ID_Combustivel FROM COMBUSTIVEL WHERE Nome = 'ETANOL'));
INSERT INTO PRECO_COLETADO (Preco, UnidadeMedida, DataColeta, PostoCNPJ, CombustivelID) VALUES (4.170, 'R$ / litro', '2023-02-20', '04145589001149', (SELECT ID_Combustivel FROM COMBUSTIVEL WHERE Nome = 'ETANOL'));
INSERT INTO PRECO_COLETADO (Preco, UnidadeMedida, DataColeta, PostoCNPJ, CombustivelID) VALUES (4.380, 'R$ / litro', '2023-02-27', '04145589001149', (SELECT ID_Combustivel FROM COMBUSTIVEL WHERE Nome = 'ETANOL'));
INSERT INTO PRECO_COLETADO (Preco, UnidadeMedida, DataColeta, PostoCNPJ, CombustivelID) VALUES (4.490, 'R$ / litro', '2023-03-06', '04145589001149', (SELECT ID_Combustivel FROM COMBUSTIVEL WHERE Nome = 'ETANOL'));
INSERT INTO PRECO_COLETADO (Preco, UnidadeMedida, DataColeta, PostoCNPJ, CombustivelID) VALUES (4.490, 'R$ / litro', '2023-03-16', '04145589001149', (SELECT ID_Combustivel FROM COMBUSTIVEL WHERE Nome = 'ETANOL'));
INSERT INTO PRECO_COLETADO (Preco, UnidadeMedida, DataColeta, PostoCNPJ, CombustivelID) VALUES (4.490, 'R$ / litro', '2023-03-21', '04145589001149', (SELECT ID_Combustivel FROM COMBUSTIVEL WHERE Nome = 'ETANOL'));
INSERT INTO PRECO_COLETADO (Preco, UnidadeMedida, DataColeta, PostoCNPJ, CombustivelID) VALUES (4.490, 'R$ / litro', '2023-03-27', '04145589001149', (SELECT ID_Combustivel FROM COMBUSTIVEL WHERE Nome = 'ETANOL'));
INSERT INTO PRECO_COLETADO (Preco, UnidadeMedida, DataColeta, PostoCNPJ, CombustivelID) VALUES (4.490, 'R$ / litro', '2023-04-04', '04145589001149', (SELECT ID_Combustivel FROM COMBUSTIVEL WHERE Nome = 'ETANOL'));
INSERT INTO PRECO_COLETADO (Preco, UnidadeMedida, DataColeta, PostoCNPJ, CombustivelID) VALUES (4.490, 'R$ / litro', '2023-04-24', '04145589001149', (SELECT ID_Combustivel FROM COMBUSTIVEL WHERE Nome = 'ETANOL'));
INSERT INTO PRECO_COLETADO (Preco, UnidadeMedida, DataColeta, PostoCNPJ, CombustivelID) VALUES (4.690, 'R$ / litro', '2023-05-02', '04145589001149', (SELECT ID_Combustivel FROM COMBUSTIVEL WHERE Nome = 'ETANOL'));
INSERT INTO PRECO_COLETADO (Preco, UnidadeMedida, DataColeta, PostoCNPJ, CombustivelID) VALUES (4.690, 'R$ / litro', '2023-05-09', '04145589001149', (SELECT ID_Combustivel FROM COMBUSTIVEL WHERE Nome = 'ETANOL'));
INSERT INTO PRECO_COLETADO (Preco, UnidadeMedida, DataColeta, PostoCNPJ, CombustivelID) VALUES (4.690, 'R$ / litro', '2023-05-15', '04145589001149', (SELECT ID_Combustivel FROM COMBUSTIVEL WHERE Nome = 'ETANOL'));
INSERT INTO PRECO_COLETADO (Preco, UnidadeMedida, DataColeta, PostoCNPJ, CombustivelID) VALUES (4.490, 'R$ / litro', '2023-05-22', '04145589001149', (SELECT ID_Combustivel FROM COMBUSTIVEL WHERE Nome = 'ETANOL'));
INSERT INTO PRECO_COLETADO (Preco, UnidadeMedida, DataColeta, PostoCNPJ, CombustivelID) VALUES (4.440, 'R$ / litro', '2023-05-29', '04145589001149', (SELECT ID_Combustivel FROM COMBUSTIVEL WHERE Nome = 'ETANOL'));
INSERT INTO PRECO_COLETADO (Preco, UnidadeMedida, DataColeta, PostoCNPJ, CombustivelID) VALUES (4.440, 'R$ / litro', '2023-06-05', '04145589001149', (SELECT ID_Combustivel FROM COMBUSTIVEL WHERE Nome = 'ETANOL'));
INSERT INTO PRECO_COLETADO (Preco, UnidadeMedida, DataColeta, PostoCNPJ, CombustivelID) VALUES (4.390, 'R$ / litro', '2023-06-13', '04145589001149', (SELECT ID_Combustivel FROM COMBUSTIVEL WHERE Nome = 'ETANOL'));
INSERT INTO PRECO_COLETADO (Preco, UnidadeMedida, DataColeta, PostoCNPJ, CombustivelID) VALUES (4.390, 'R$ / litro', '2023-06-20', '04145589001149', (SELECT ID_Combustivel FROM COMBUSTIVEL WHERE Nome = 'ETANOL'));
INSERT INTO PRECO_COLETADO (Preco, UnidadeMedida, DataColeta, PostoCNPJ, CombustivelID) VALUES (4.390, 'R$ / litro', '2023-06-27', '04145589001149', (SELECT ID_Combustivel FROM COMBUSTIVEL WHERE Nome = 'ETANOL'));
INSERT INTO PRECO_COLETADO (Preco, UnidadeMedida, DataColeta, PostoCNPJ, CombustivelID) VALUES (4.390, 'R$ / litro', '2023-07-10', '04145589001149', (SELECT ID_Combustivel FROM COMBUSTIVEL WHERE Nome = 'ETANOL'));
INSERT INTO PRECO_COLETADO (Preco, UnidadeMedida, DataColeta, PostoCNPJ, CombustivelID) VALUES (4.390, 'R$ / litro', '2023-07-17', '04145589001149', (SELECT ID_Combustivel FROM COMBUSTIVEL WHERE Nome = 'ETANOL'));
INSERT INTO PRECO_COLETADO (Preco, UnidadeMedida, DataColeta, PostoCNPJ, CombustivelID) VALUES (4.290, 'R$ / litro', '2023-07-24', '04145589001149', (SELECT ID_Combustivel FROM COMBUSTIVEL WHERE Nome = 'ETANOL'));
INSERT INTO PRECO_COLETADO (Preco, UnidadeMedida, DataColeta, PostoCNPJ, CombustivelID) VALUES (4.290, 'R$ / litro', '2023-07-31', '04145589001149', (SELECT ID_Combustivel FROM COMBUSTIVEL WHERE Nome = 'ETANOL'));
INSERT INTO PRECO_COLETADO (Preco, UnidadeMedida, DataColeta, PostoCNPJ, CombustivelID) VALUES (4.290, 'R$ / litro', '2023-08-15', '04145589001149', (SELECT ID_Combustivel FROM COMBUSTIVEL WHERE Nome = 'ETANOL'));
INSERT INTO PRECO_COLETADO (Preco, UnidadeMedida, DataColeta, PostoCNPJ, CombustivelID) VALUES (4.290, 'R$ / litro', '2023-08-22', '04145589001149', (SELECT ID_Combustivel FROM COMBUSTIVEL WHERE Nome = 'ETANOL'));
INSERT INTO PRECO_COLETADO (Preco, UnidadeMedida, DataColeta, PostoCNPJ, CombustivelID) VALUES (4.290, 'R$ / litro', '2023-09-07', '04145589001149', (SELECT ID_Combustivel FROM COMBUSTIVEL WHERE Nome = 'ETANOL'));
INSERT INTO PRECO_COLETADO (Preco, UnidadeMedida, DataColeta, PostoCNPJ, CombustivelID) VALUES (4.290, 'R$ / litro', '2023-09-26', '04145589001149', (SELECT ID_Combustivel FROM COMBUSTIVEL WHERE Nome = 'ETANOL'));
INSERT INTO PRECO_COLETADO (Preco, UnidadeMedida, DataColeta, PostoCNPJ, CombustivelID) VALUES (4.290, 'R$ / litro', '2023-10-03', '04145589001149', (SELECT ID_Combustivel FROM COMBUSTIVEL WHERE Nome = 'ETANOL'));
INSERT INTO PRECO_COLETADO (Preco, UnidadeMedida, DataColeta, PostoCNPJ, CombustivelID) VALUES (4.290, 'R$ / litro', '2023-10-10', '04145589001149', (SELECT ID_Combustivel FROM COMBUSTIVEL WHERE Nome = 'ETANOL'));
INSERT INTO PRECO_COLETADO (Preco, UnidadeMedida, DataColeta, PostoCNPJ, CombustivelID) VALUES (4.290, 'R$ / litro', '2023-10-16', '04145589001149', (SELECT ID_Combustivel FROM COMBUSTIVEL WHERE Nome = 'ETANOL'));
INSERT INTO PRECO_COLETADO (Preco, UnidadeMedida, DataColeta, PostoCNPJ, CombustivelID) VALUES (4.290, 'R$ / litro', '2023-11-14', '04145589001149', (SELECT ID_Combustivel FROM COMBUSTIVEL WHERE Nome = 'ETANOL'));
INSERT INTO PRECO_COLETADO (Preco, UnidadeMedida, DataColeta, PostoCNPJ, CombustivelID) VALUES (4.290, 'R$ / litro', '2023-11-21', '04145589001149', (SELECT ID_Combustivel FROM COMBUSTIVEL WHERE Nome = 'ETANOL'));
INSERT INTO PRECO_COLETADO (Preco, UnidadeMedida, DataColeta, PostoCNPJ, CombustivelID) VALUES (4.290, 'R$ / litro', '2023-11-28', '04145589001149', (SELECT ID_Combustivel FROM COMBUSTIVEL WHERE Nome = 'ETANOL'));
INSERT INTO PRECO_COLETADO (Preco, UnidadeMedida, DataColeta, PostoCNPJ, CombustivelID) VALUES (4.290, 'R$ / litro', '2023-12-13', '04145589001149', (SELECT ID_Combustivel FROM COMBUSTIVEL WHERE Nome = 'ETANOL'));
INSERT INTO PRECO_COLETADO (Preco, UnidadeMedida, DataColeta, PostoCNPJ, CombustivelID) VALUES (4.290, 'R$ / litro', '2023-12-20', '04145589001149', (SELECT ID_Combustivel FROM COMBUSTIVEL WHERE Nome = 'ETANOL'));
INSERT INTO PRECO_COLETADO (Preco, UnidadeMedida, DataColeta, PostoCNPJ, CombustivelID) VALUES (4.290, 'R$ / litro', '2023-12-26', '04145589001149', (SELECT ID_Combustivel FROM COMBUSTIVEL WHERE Nome = 'ETANOL'));
INSERT INTO PRECO_COLETADO (Preco, UnidadeMedida, DataColeta, PostoCNPJ, CombustivelID) VALUES (4.290, 'R$ / litro', '2024-01-08', '04145589001149', (SELECT ID_Combustivel FROM COMBUSTIVEL WHERE Nome = 'ETANOL'));
INSERT INTO PRECO_COLETADO (Preco, UnidadeMedida, DataColeta, PostoCNPJ, CombustivelID) VALUES (4.290, 'R$ / litro', '2024-01-15', '04145589001149', (SELECT ID_Combustivel FROM COMBUSTIVEL WHERE Nome = 'ETANOL'));
INSERT INTO PRECO_COLETADO (Preco, UnidadeMedida, DataColeta, PostoCNPJ, CombustivelID) VALUES (4.290, 'R$ / litro', '2024-01-29', '04145589001149', (SELECT ID_Combustivel FROM COMBUSTIVEL WHERE Nome = 'ETANOL'));
INSERT INTO PRECO_COLETADO (Preco, UnidadeMedida, DataColeta, PostoCNPJ, CombustivelID) VALUES (4.290, 'R$ / litro', '2024-02-05', '04145589001149', (SELECT ID_Combustivel FROM COMBUSTIVEL WHERE Nome = 'ETANOL'));
INSERT INTO PRECO_COLETADO (Preco, UnidadeMedida, DataColeta, PostoCNPJ, CombustivelID) VALUES (3.990, 'R$ / litro', '2024-02-12', '04145589001149', (SELECT ID_Combustivel FROM COMBUSTIVEL WHERE Nome = 'ETANOL'));
INSERT INTO PRECO_COLETADO (Preco, UnidadeMedida, DataColeta, PostoCNPJ, CombustivelID) VALUES (4.290, 'R$ / litro', '2024-02-19', '04145589001149', (SELECT ID_Combustivel FROM COMBUSTIVEL WHERE Nome = 'ETANOL'));
INSERT INTO PRECO_COLETADO (Preco, UnidadeMedida, DataColeta, PostoCNPJ, CombustivelID) VALUES (4.290, 'R$ / litro', '2024-02-26', '04145589001149', (SELECT ID_Combustivel FROM COMBUSTIVEL WHERE Nome = 'ETANOL'));
INSERT INTO PRECO_COLETADO (Preco, UnidadeMedida, DataColeta, PostoCNPJ, CombustivelID) VALUES (4.290, 'R$ / litro', '2024-03-04', '04145589001149', (SELECT ID_Combustivel FROM COMBUSTIVEL WHERE Nome = 'ETANOL'));
INSERT INTO PRECO_COLETADO (Preco, UnidadeMedida, DataColeta, PostoCNPJ, CombustivelID) VALUES (4.190, 'R$ / litro', '2024-03-11', '04145589001149', (SELECT ID_Combustivel FROM COMBUSTIVEL WHERE Nome = 'ETANOL'));
INSERT INTO PRECO_COLETADO (Preco, UnidadeMedida, DataColeta, PostoCNPJ, CombustivelID) VALUES (4.190, 'R$ / litro', '2024-03-18', '04145589001149', (SELECT ID_Combustivel FROM COMBUSTIVEL WHERE Nome = 'ETANOL'));
INSERT INTO PRECO_COLETADO (Preco, UnidadeMedida, DataColeta, PostoCNPJ, CombustivelID) VALUES (4.190, 'R$ / litro', '2024-03-25', '04145589001149', (SELECT ID_Combustivel FROM COMBUSTIVEL WHERE Nome = 'ETANOL'));
INSERT INTO PRECO_COLETADO (Preco, UnidadeMedida, DataColeta, PostoCNPJ, CombustivelID) VALUES (4.190, 'R$ / litro', '2024-04-02', '04145589001149', (SELECT ID_Combustivel FROM COMBUSTIVEL WHERE Nome = 'ETANOL'));
INSERT INTO PRECO_COLETADO (Preco, UnidadeMedida, DataColeta, PostoCNPJ, CombustivelID) VALUES (4.190, 'R$ / litro', '2024-04-08', '04145589001149', (SELECT ID_Combustivel FROM COMBUSTIVEL WHERE Nome = 'ETANOL'));
INSERT INTO PRECO_COLETADO (Preco, UnidadeMedida, DataColeta, PostoCNPJ, CombustivelID) VALUES (4.390, 'R$ / litro', '2024-04-15', '04145589001149', (SELECT ID_Combustivel FROM COMBUSTIVEL WHERE Nome = 'ETANOL'));
INSERT INTO PRECO_COLETADO (Preco, UnidadeMedida, DataColeta, PostoCNPJ, CombustivelID) VALUES (4.390, 'R$ / litro', '2024-04-22', '04145589001149', (SELECT ID_Combustivel FROM COMBUSTIVEL WHERE Nome = 'ETANOL'));
INSERT INTO PRECO_COLETADO (Preco, UnidadeMedida, DataColeta, PostoCNPJ, CombustivelID) VALUES (4.390, 'R$ / litro', '2024-04-29', '04145589001149', (SELECT ID_Combustivel FROM COMBUSTIVEL WHERE Nome = 'ETANOL'));
INSERT INTO PRECO_COLETADO (Preco, UnidadeMedida, DataColeta, PostoCNPJ, CombustivelID) VALUES (4.390, 'R$ / litro', '2024-05-06', '04145589001149', (SELECT ID_Combustivel FROM COMBUSTIVEL WHERE Nome = 'ETANOL'));
INSERT INTO PRECO_COLETADO (Preco, UnidadeMedida, DataColeta, PostoCNPJ, CombustivelID) VALUES (4.390, 'R$ / litro', '2024-05-14', '04145589001149', (SELECT ID_Combustivel FROM COMBUSTIVEL WHERE Nome = 'ETANOL'));
INSERT INTO PRECO_COLETADO (Preco, UnidadeMedida, DataColeta, PostoCNPJ, CombustivelID) VALUES (4.390, 'R$ / litro', '2024-05-20', '04145589001149', (SELECT ID_Combustivel FROM COMBUSTIVEL WHERE Nome = 'ETANOL'));
INSERT INTO PRECO_COLETADO (Preco, UnidadeMedida, DataColeta, PostoCNPJ, CombustivelID) VALUES (4.390, 'R$ / litro', '2024-05-27', '04145589001149', (SELECT ID_Combustivel FROM COMBUSTIVEL WHERE Nome = 'ETANOL'));
INSERT INTO PRECO_COLETADO (Preco, UnidadeMedida, DataColeta, PostoCNPJ, CombustivelID) VALUES (4.390, 'R$ / litro', '2024-06-04', '04145589001149', (SELECT ID_Combustivel FROM COMBUSTIVEL WHERE Nome = 'ETANOL'));
INSERT INTO PRECO_COLETADO (Preco, UnidadeMedida, DataColeta, PostoCNPJ, CombustivelID) VALUES (4.390, 'R$ / litro', '2024-06-10', '04145589001149', (SELECT ID_Combustivel FROM COMBUSTIVEL WHERE Nome = 'ETANOL'));
INSERT INTO PRECO_COLETADO (Preco, UnidadeMedida, DataColeta, PostoCNPJ, CombustivelID) VALUES (4.390, 'R$ / litro', '2024-06-17', '04145589001149', (SELECT ID_Combustivel FROM COMBUSTIVEL WHERE Nome = 'ETANOL'));
INSERT INTO PRECO_COLETADO (Preco, UnidadeMedida, DataColeta, PostoCNPJ, CombustivelID) VALUES (4.390, 'R$ / litro', '2024-06-24', '04145589001149', (SELECT ID_Combustivel FROM COMBUSTIVEL WHERE Nome = 'ETANOL'));
INSERT INTO PRECO_COLETADO (Preco, UnidadeMedida, DataColeta, PostoCNPJ, CombustivelID) VALUES (4.390, 'R$ / litro', '2024-07-01', '04145589001149', (SELECT ID_Combustivel FROM COMBUSTIVEL WHERE Nome = 'ETANOL'));
INSERT INTO PRECO_COLETADO (Preco, UnidadeMedida, DataColeta, PostoCNPJ, CombustivelID) VALUES (4.390, 'R$ / litro', '2024-07-09', '04145589001149', (SELECT ID_Combustivel FROM COMBUSTIVEL WHERE Nome = 'ETANOL'));
INSERT INTO PRECO_COLETADO (Preco, UnidadeMedida, DataColeta, PostoCNPJ, CombustivelID) VALUES (4.390, 'R$ / litro', '2024-07-16', '04145589001149', (SELECT ID_Combustivel FROM COMBUSTIVEL WHERE Nome = 'ETANOL'));
INSERT INTO PRECO_COLETADO (Preco, UnidadeMedida, DataColeta, PostoCNPJ, CombustivelID) VALUES (4.490, 'R$ / litro', '2024-07-22', '04145589001149', (SELECT ID_Combustivel FROM COMBUSTIVEL WHERE Nome = 'ETANOL'));
INSERT INTO PRECO_COLETADO (Preco, UnidadeMedida, DataColeta, PostoCNPJ, CombustivelID) VALUES (4.490, 'R$ / litro', '2024-07-29', '04145589001149', (SELECT ID_Combustivel FROM COMBUSTIVEL WHERE Nome = 'ETANOL'));
INSERT INTO PRECO_COLETADO (Preco, UnidadeMedida, DataColeta, PostoCNPJ, CombustivelID) VALUES (4.490, 'R$ / litro', '2024-08-05', '04145589001149', (SELECT ID_Combustivel FROM COMBUSTIVEL WHERE Nome = 'ETANOL'));
INSERT INTO PRECO_COLETADO (Preco, UnidadeMedida, DataColeta, PostoCNPJ, CombustivelID) VALUES (4.490, 'R$ / litro', '2024-08-12', '04145589001149', (SELECT ID_Combustivel FROM COMBUSTIVEL WHERE Nome = 'ETANOL'));
INSERT INTO PRECO_COLETADO (Preco, UnidadeMedida, DataColeta, PostoCNPJ, CombustivelID) VALUES (4.490, 'R$ / litro', '2024-08-20', '04145589001149', (SELECT ID_Combustivel FROM COMBUSTIVEL WHERE Nome = 'ETANOL'));
INSERT INTO PRECO_COLETADO (Preco, UnidadeMedida, DataColeta, PostoCNPJ, CombustivelID) VALUES (4.490, 'R$ / litro', '2024-08-26', '04145589001149', (SELECT ID_Combustivel FROM COMBUSTIVEL WHERE Nome = 'ETANOL'));
INSERT INTO PRECO_COLETADO (Preco, UnidadeMedida, DataColeta, PostoCNPJ, CombustivelID) VALUES (4.490, 'R$ / litro', '2024-09-02', '04145589001149', (SELECT ID_Combustivel FROM COMBUSTIVEL WHERE Nome = 'ETANOL'));
INSERT INTO PRECO_COLETADO (Preco, UnidadeMedida, DataColeta, PostoCNPJ, CombustivelID) VALUES (5.090, 'R$ / litro', '2022-10-24', '04145589001149', (SELECT ID_Combustivel FROM COMBUSTIVEL WHERE Nome = 'GASOLINA ADITIVADA'));
INSERT INTO PRECO_COLETADO (Preco, UnidadeMedida, DataColeta, PostoCNPJ, CombustivelID) VALUES (5.090, 'R$ / litro', '2022-10-31', '04145589001149', (SELECT ID_Combustivel FROM COMBUSTIVEL WHERE Nome = 'GASOLINA ADITIVADA'));
INSERT INTO PRECO_COLETADO (Preco, UnidadeMedida, DataColeta, PostoCNPJ, CombustivelID) VALUES (5.290, 'R$ / litro', '2022-11-14', '04145589001149', (SELECT ID_Combustivel FROM COMBUSTIVEL WHERE Nome = 'GASOLINA ADITIVADA'));
INSERT INTO PRECO_COLETADO (Preco, UnidadeMedida, DataColeta, PostoCNPJ, CombustivelID) VALUES (5.290, 'R$ / litro', '2022-11-22', '04145589001149', (SELECT ID_Combustivel FROM COMBUSTIVEL WHERE Nome = 'GASOLINA ADITIVADA'));
INSERT INTO PRECO_COLETADO (Preco, UnidadeMedida, DataColeta, PostoCNPJ, CombustivelID) VALUES (5.290, 'R$ / litro', '2022-12-05', '04145589001149', (SELECT ID_Combustivel FROM COMBUSTIVEL WHERE Nome = 'GASOLINA ADITIVADA'));
INSERT INTO PRECO_COLETADO (Preco, UnidadeMedida, DataColeta, PostoCNPJ, CombustivelID) VALUES (5.340, 'R$ / litro', '2022-12-12', '04145589001149', (SELECT ID_Combustivel FROM COMBUSTIVEL WHERE Nome = 'GASOLINA ADITIVADA'));
INSERT INTO PRECO_COLETADO (Preco, UnidadeMedida, DataColeta, PostoCNPJ, CombustivelID) VALUES (5.240, 'R$ / litro', '2022-12-22', '04145589001149', (SELECT ID_Combustivel FROM COMBUSTIVEL WHERE Nome = 'GASOLINA ADITIVADA'));
INSERT INTO PRECO_COLETADO (Preco, UnidadeMedida, DataColeta, PostoCNPJ, CombustivelID) VALUES (5.240, 'R$ / litro', '2022-12-26', '04145589001149', (SELECT ID_Combustivel FROM COMBUSTIVEL WHERE Nome = 'GASOLINA ADITIVADA'));
INSERT INTO PRECO_COLETADO (Preco, UnidadeMedida, DataColeta, PostoCNPJ, CombustivelID) VALUES (4.990, 'R$ / litro', '2023-01-02', '04145589001149', (SELECT ID_Combustivel FROM COMBUSTIVEL WHERE Nome = 'GASOLINA ADITIVADA'));
INSERT INTO PRECO_COLETADO (Preco, UnidadeMedida, DataColeta, PostoCNPJ, CombustivelID) VALUES (5.340, 'R$ / litro', '2023-01-09', '04145589001149', (SELECT ID_Combustivel FROM COMBUSTIVEL WHERE Nome = 'GASOLINA ADITIVADA'));
INSERT INTO PRECO_COLETADO (Preco, UnidadeMedida, DataColeta, PostoCNPJ, CombustivelID) VALUES (5.200, 'R$ / litro', '2023-01-23', '04145589001149', (SELECT ID_Combustivel FROM COMBUSTIVEL WHERE Nome = 'GASOLINA ADITIVADA'));
INSERT INTO PRECO_COLETADO (Preco, UnidadeMedida, DataColeta, PostoCNPJ, CombustivelID) VALUES (5.440, 'R$ / litro', '2023-01-30', '04145589001149', (SELECT ID_Combustivel FROM COMBUSTIVEL WHERE Nome = 'GASOLINA ADITIVADA'));
INSERT INTO PRECO_COLETADO (Preco, UnidadeMedida, DataColeta, PostoCNPJ, CombustivelID) VALUES (5.340, 'R$ / litro', '2023-02-06', '04145589001149', (SELECT ID_Combustivel FROM COMBUSTIVEL WHERE Nome = 'GASOLINA ADITIVADA'));
INSERT INTO PRECO_COLETADO (Preco, UnidadeMedida, DataColeta, PostoCNPJ, CombustivelID) VALUES (5.340, 'R$ / litro', '2023-02-13', '04145589001149', (SELECT ID_Combustivel FROM COMBUSTIVEL WHERE Nome = 'GASOLINA ADITIVADA'));
INSERT INTO PRECO_COLETADO (Preco, UnidadeMedida, DataColeta, PostoCNPJ, CombustivelID) VALUES (5.300, 'R$ / litro', '2023-02-20', '04145589001149', (SELECT ID_Combustivel FROM COMBUSTIVEL WHERE Nome = 'GASOLINA ADITIVADA'));
INSERT INTO PRECO_COLETADO (Preco, UnidadeMedida, DataColeta, PostoCNPJ, CombustivelID) VALUES (5.340, 'R$ / litro', '2023-02-27', '04145589001149', (SELECT ID_Combustivel FROM COMBUSTIVEL WHERE Nome = 'GASOLINA ADITIVADA'));
INSERT INTO PRECO_COLETADO (Preco, UnidadeMedida, DataColeta, PostoCNPJ, CombustivelID) VALUES (5.840, 'R$ / litro', '2023-03-06', '04145589001149', (SELECT ID_Combustivel FROM COMBUSTIVEL WHERE Nome = 'GASOLINA ADITIVADA'));
INSERT INTO PRECO_COLETADO (Preco, UnidadeMedida, DataColeta, PostoCNPJ, CombustivelID) VALUES (5.820, 'R$ / litro', '2023-03-16', '04145589001149', (SELECT ID_Combustivel FROM COMBUSTIVEL WHERE Nome = 'GASOLINA ADITIVADA'));
INSERT INTO PRECO_COLETADO (Preco, UnidadeMedida, DataColeta, PostoCNPJ, CombustivelID) VALUES (5.740, 'R$ / litro', '2023-03-21', '04145589001149', (SELECT ID_Combustivel FROM COMBUSTIVEL WHERE Nome = 'GASOLINA ADITIVADA'));
INSERT INTO PRECO_COLETADO (Preco, UnidadeMedida, DataColeta, PostoCNPJ, CombustivelID) VALUES (5.840, 'R$ / litro', '2023-03-27', '04145589001149', (SELECT ID_Combustivel FROM COMBUSTIVEL WHERE Nome = 'GASOLINA ADITIVADA'));
INSERT INTO PRECO_COLETADO (Preco, UnidadeMedida, DataColeta, PostoCNPJ, CombustivelID) VALUES (5.640, 'R$ / litro', '2023-04-04', '04145589001149', (SELECT ID_Combustivel FROM COMBUSTIVEL WHERE Nome = 'GASOLINA ADITIVADA'));
INSERT INTO PRECO_COLETADO (Preco, UnidadeMedida, DataColeta, PostoCNPJ, CombustivelID) VALUES (5.840, 'R$ / litro', '2023-04-24', '04145589001149', (SELECT ID_Combustivel FROM COMBUSTIVEL WHERE Nome = 'GASOLINA ADITIVADA'));
INSERT INTO PRECO_COLETADO (Preco, UnidadeMedida, DataColeta, PostoCNPJ, CombustivelID) VALUES (5.870, 'R$ / litro', '2023-12-20', '04145589001149', (SELECT ID_Combustivel FROM COMBUSTIVEL WHERE Nome = 'GASOLINA ADITIVADA'));
INSERT INTO PRECO_COLETADO (Preco, UnidadeMedida, DataColeta, PostoCNPJ, CombustivelID) VALUES (5.850, 'R$ / litro', '2023-12-26', '04145589001149', (SELECT ID_Combustivel FROM COMBUSTIVEL WHERE Nome = 'GASOLINA ADITIVADA'));
INSERT INTO PRECO_COLETADO (Preco, UnidadeMedida, DataColeta, PostoCNPJ, CombustivelID) VALUES (5.790, 'R$ / litro', '2024-01-08', '04145589001149', (SELECT ID_Combustivel FROM COMBUSTIVEL WHERE Nome = 'GASOLINA ADITIVADA'));
INSERT INTO PRECO_COLETADO (Preco, UnidadeMedida, DataColeta, PostoCNPJ, CombustivelID) VALUES (5.790, 'R$ / litro', '2024-01-15', '04145589001149', (SELECT ID_Combustivel FROM COMBUSTIVEL WHERE Nome = 'GASOLINA ADITIVADA'));
INSERT INTO PRECO_COLETADO (Preco, UnidadeMedida, DataColeta, PostoCNPJ, CombustivelID) VALUES (5.760, 'R$ / litro', '2024-01-29', '04145589001149', (SELECT ID_Combustivel FROM COMBUSTIVEL WHERE Nome = 'GASOLINA ADITIVADA'));
INSERT INTO PRECO_COLETADO (Preco, UnidadeMedida, DataColeta, PostoCNPJ, CombustivelID) VALUES (6.090, 'R$ / litro', '2024-02-05', '04145589001149', (SELECT ID_Combustivel FROM COMBUSTIVEL WHERE Nome = 'GASOLINA ADITIVADA'));
INSERT INTO PRECO_COLETADO (Preco, UnidadeMedida, DataColeta, PostoCNPJ, CombustivelID) VALUES (6.090, 'R$ / litro', '2024-02-12', '04145589001149', (SELECT ID_Combustivel FROM COMBUSTIVEL WHERE Nome = 'GASOLINA ADITIVADA'));
INSERT INTO PRECO_COLETADO (Preco, UnidadeMedida, DataColeta, PostoCNPJ, CombustivelID) VALUES (6.090, 'R$ / litro', '2024-02-19', '04145589001149', (SELECT ID_Combustivel FROM COMBUSTIVEL WHERE Nome = 'GASOLINA ADITIVADA'));
INSERT INTO PRECO_COLETADO (Preco, UnidadeMedida, DataColeta, PostoCNPJ, CombustivelID) VALUES (6.090, 'R$ / litro', '2024-02-26', '04145589001149', (SELECT ID_Combustivel FROM COMBUSTIVEL WHERE Nome = 'GASOLINA ADITIVADA'));
INSERT INTO PRECO_COLETADO (Preco, UnidadeMedida, DataColeta, PostoCNPJ, CombustivelID) VALUES (5.990, 'R$ / litro', '2024-03-04', '04145589001149', (SELECT ID_Combustivel FROM COMBUSTIVEL WHERE Nome = 'GASOLINA ADITIVADA'));
INSERT INTO PRECO_COLETADO (Preco, UnidadeMedida, DataColeta, PostoCNPJ, CombustivelID) VALUES (5.990, 'R$ / litro', '2024-03-11', '04145589001149', (SELECT ID_Combustivel FROM COMBUSTIVEL WHERE Nome = 'GASOLINA ADITIVADA'));
INSERT INTO PRECO_COLETADO (Preco, UnidadeMedida, DataColeta, PostoCNPJ, CombustivelID) VALUES (5.990, 'R$ / litro', '2024-03-18', '04145589001149', (SELECT ID_Combustivel FROM COMBUSTIVEL WHERE Nome = 'GASOLINA ADITIVADA'));
INSERT INTO PRECO_COLETADO (Preco, UnidadeMedida, DataColeta, PostoCNPJ, CombustivelID) VALUES (5.970, 'R$ / litro', '2024-03-25', '04145589001149', (SELECT ID_Combustivel FROM COMBUSTIVEL WHERE Nome = 'GASOLINA ADITIVADA'));
INSERT INTO PRECO_COLETADO (Preco, UnidadeMedida, DataColeta, PostoCNPJ, CombustivelID) VALUES (6.090, 'R$ / litro', '2024-04-02', '04145589001149', (SELECT ID_Combustivel FROM COMBUSTIVEL WHERE Nome = 'GASOLINA ADITIVADA'));
INSERT INTO PRECO_COLETADO (Preco, UnidadeMedida, DataColeta, PostoCNPJ, CombustivelID) VALUES (6.090, 'R$ / litro', '2024-04-08', '04145589001149', (SELECT ID_Combustivel FROM COMBUSTIVEL WHERE Nome = 'GASOLINA ADITIVADA'));
INSERT INTO PRECO_COLETADO (Preco, UnidadeMedida, DataColeta, PostoCNPJ, CombustivelID) VALUES (5.970, 'R$ / litro', '2024-04-15', '04145589001149', (SELECT ID_Combustivel FROM COMBUSTIVEL WHERE Nome = 'GASOLINA ADITIVADA'));
INSERT INTO PRECO_COLETADO (Preco, UnidadeMedida, DataColeta, PostoCNPJ, CombustivelID) VALUES (5.970, 'R$ / litro', '2024-04-22', '04145589001149', (SELECT ID_Combustivel FROM COMBUSTIVEL WHERE Nome = 'GASOLINA ADITIVADA'));
INSERT INTO PRECO_COLETADO (Preco, UnidadeMedida, DataColeta, PostoCNPJ, CombustivelID) VALUES (6.190, 'R$ / litro', '2024-04-29', '04145589001149', (SELECT ID_Combustivel FROM COMBUSTIVEL WHERE Nome = 'GASOLINA ADITIVADA'));
INSERT INTO PRECO_COLETADO (Preco, UnidadeMedida, DataColeta, PostoCNPJ, CombustivelID) VALUES (6.290, 'R$ / litro', '2024-05-06', '04145589001149', (SELECT ID_Combustivel FROM COMBUSTIVEL WHERE Nome = 'GASOLINA ADITIVADA'));
INSERT INTO PRECO_COLETADO (Preco, UnidadeMedida, DataColeta, PostoCNPJ, CombustivelID) VALUES (6.190, 'R$ / litro', '2024-05-14', '04145589001149', (SELECT ID_Combustivel FROM COMBUSTIVEL WHERE Nome = 'GASOLINA ADITIVADA'));
INSERT INTO PRECO_COLETADO (Preco, UnidadeMedida, DataColeta, PostoCNPJ, CombustivelID) VALUES (6.190, 'R$ / litro', '2024-05-20', '04145589001149', (SELECT ID_Combustivel FROM COMBUSTIVEL WHERE Nome = 'GASOLINA ADITIVADA'));
INSERT INTO PRECO_COLETADO (Preco, UnidadeMedida, DataColeta, PostoCNPJ, CombustivelID) VALUES (6.190, 'R$ / litro', '2024-05-27', '04145589001149', (SELECT ID_Combustivel FROM COMBUSTIVEL WHERE Nome = 'GASOLINA ADITIVADA'));
INSERT INTO PRECO_COLETADO (Preco, UnidadeMedida, DataColeta, PostoCNPJ, CombustivelID) VALUES (6.190, 'R$ / litro', '2024-06-04', '04145589001149', (SELECT ID_Combustivel FROM COMBUSTIVEL WHERE Nome = 'GASOLINA ADITIVADA'));
INSERT INTO PRECO_COLETADO (Preco, UnidadeMedida, DataColeta, PostoCNPJ, CombustivelID) VALUES (6.190, 'R$ / litro', '2024-06-10', '04145589001149', (SELECT ID_Combustivel FROM COMBUSTIVEL WHERE Nome = 'GASOLINA ADITIVADA'));
INSERT INTO PRECO_COLETADO (Preco, UnidadeMedida, DataColeta, PostoCNPJ, CombustivelID) VALUES (6.190, 'R$ / litro', '2024-06-17', '04145589001149', (SELECT ID_Combustivel FROM COMBUSTIVEL WHERE Nome = 'GASOLINA ADITIVADA'));
INSERT INTO PRECO_COLETADO (Preco, UnidadeMedida, DataColeta, PostoCNPJ, CombustivelID) VALUES (6.190, 'R$ / litro', '2024-06-24', '04145589001149', (SELECT ID_Combustivel FROM COMBUSTIVEL WHERE Nome = 'GASOLINA ADITIVADA'));
INSERT INTO PRECO_COLETADO (Preco, UnidadeMedida, DataColeta, PostoCNPJ, CombustivelID) VALUES (6.190, 'R$ / litro', '2024-07-01', '04145589001149', (SELECT ID_Combustivel FROM COMBUSTIVEL WHERE Nome = 'GASOLINA ADITIVADA'));
INSERT INTO PRECO_COLETADO (Preco, UnidadeMedida, DataColeta, PostoCNPJ, CombustivelID) VALUES (6.590, 'R$ / litro', '2024-07-09', '04145589001149', (SELECT ID_Combustivel FROM COMBUSTIVEL WHERE Nome = 'GASOLINA ADITIVADA'));
INSERT INTO PRECO_COLETADO (Preco, UnidadeMedida, DataColeta, PostoCNPJ, CombustivelID) VALUES (6.490, 'R$ / litro', '2024-07-16', '04145589001149', (SELECT ID_Combustivel FROM COMBUSTIVEL WHERE Nome = 'GASOLINA ADITIVADA'));
INSERT INTO PRECO_COLETADO (Preco, UnidadeMedida, DataColeta, PostoCNPJ, CombustivelID) VALUES (6.450, 'R$ / litro', '2024-07-22', '04145589001149', (SELECT ID_Combustivel FROM COMBUSTIVEL WHERE Nome = 'GASOLINA ADITIVADA'));
INSERT INTO PRECO_COLETADO (Preco, UnidadeMedida, DataColeta, PostoCNPJ, CombustivelID) VALUES (6.450, 'R$ / litro', '2024-07-29', '04145589001149', (SELECT ID_Combustivel FROM COMBUSTIVEL WHERE Nome = 'GASOLINA ADITIVADA'));
INSERT INTO PRECO_COLETADO (Preco, UnidadeMedida, DataColeta, PostoCNPJ, CombustivelID) VALUES (6.390, 'R$ / litro', '2024-08-05', '04145589001149', (SELECT ID_Combustivel FROM COMBUSTIVEL WHERE Nome = 'GASOLINA ADITIVADA'));
INSERT INTO PRECO_COLETADO (Preco, UnidadeMedida, DataColeta, PostoCNPJ, CombustivelID) VALUES (6.440, 'R$ / litro', '2024-08-12', '04145589001149', (SELECT ID_Combustivel FROM COMBUSTIVEL WHERE Nome = 'GASOLINA ADITIVADA'));
INSERT INTO PRECO_COLETADO (Preco, UnidadeMedida, DataColeta, PostoCNPJ, CombustivelID) VALUES (6.290, 'R$ / litro', '2024-08-20', '04145589001149', (SELECT ID_Combustivel FROM COMBUSTIVEL WHERE Nome = 'GASOLINA ADITIVADA'));
INSERT INTO PRECO_COLETADO (Preco, UnidadeMedida, DataColeta, PostoCNPJ, CombustivelID) VALUES (6.440, 'R$ / litro', '2024-08-26', '04145589001149', (SELECT ID_Combustivel FROM COMBUSTIVEL WHERE Nome = 'GASOLINA ADITIVADA'));
INSERT INTO PRECO_COLETADO (Preco, UnidadeMedida, DataColeta, PostoCNPJ, CombustivelID) VALUES (6.390, 'R$ / litro', '2024-09-02', '04145589001149', (SELECT ID_Combustivel FROM COMBUSTIVEL WHERE Nome = 'GASOLINA ADITIVADA'));
INSERT INTO PRECO_COLETADO (Preco, UnidadeMedida, DataColeta, PostoCNPJ, CombustivelID) VALUES (4.790, 'R$ / litro', '2022-10-24', '04145589001149', (SELECT ID_Combustivel FROM COMBUSTIVEL WHERE Nome = 'GASOLINA COMUM'));
INSERT INTO PRECO_COLETADO (Preco, UnidadeMedida, DataColeta, PostoCNPJ, CombustivelID) VALUES (4.790, 'R$ / litro', '2022-10-31', '04145589001149', (SELECT ID_Combustivel FROM COMBUSTIVEL WHERE Nome = 'GASOLINA COMUM'));
INSERT INTO PRECO_COLETADO (Preco, UnidadeMedida, DataColeta, PostoCNPJ, CombustivelID) VALUES (4.990, 'R$ / litro', '2022-11-14', '04145589001149', (SELECT ID_Combustivel FROM COMBUSTIVEL WHERE Nome = 'GASOLINA COMUM'));
INSERT INTO PRECO_COLETADO (Preco, UnidadeMedida, DataColeta, PostoCNPJ, CombustivelID) VALUES (4.990, 'R$ / litro', '2022-11-22', '04145589001149', (SELECT ID_Combustivel FROM COMBUSTIVEL WHERE Nome = 'GASOLINA COMUM'));
INSERT INTO PRECO_COLETADO (Preco, UnidadeMedida, DataColeta, PostoCNPJ, CombustivelID) VALUES (4.990, 'R$ / litro', '2022-12-05', '04145589001149', (SELECT ID_Combustivel FROM COMBUSTIVEL WHERE Nome = 'GASOLINA COMUM'));
INSERT INTO PRECO_COLETADO (Preco, UnidadeMedida, DataColeta, PostoCNPJ, CombustivelID) VALUES (4.990, 'R$ / litro', '2022-12-12', '04145589001149', (SELECT ID_Combustivel FROM COMBUSTIVEL WHERE Nome = 'GASOLINA COMUM'));
INSERT INTO PRECO_COLETADO (Preco, UnidadeMedida, DataColeta, PostoCNPJ, CombustivelID) VALUES (4.880, 'R$ / litro', '2022-12-22', '04145589001149', (SELECT ID_Combustivel FROM COMBUSTIVEL WHERE Nome = 'GASOLINA COMUM'));
INSERT INTO PRECO_COLETADO (Preco, UnidadeMedida, DataColeta, PostoCNPJ, CombustivelID) VALUES (4.880, 'R$ / litro', '2022-12-26', '04145589001149', (SELECT ID_Combustivel FROM COMBUSTIVEL WHERE Nome = 'GASOLINA COMUM'));
INSERT INTO PRECO_COLETADO (Preco, UnidadeMedida, DataColeta, PostoCNPJ, CombustivelID) VALUES (4.990, 'R$ / litro', '2023-01-02', '04145589001149', (SELECT ID_Combustivel FROM COMBUSTIVEL WHERE Nome = 'GASOLINA COMUM'));
INSERT INTO PRECO_COLETADO (Preco, UnidadeMedida, DataColeta, PostoCNPJ, CombustivelID) VALUES (5.340, 'R$ / litro', '2023-01-09', '04145589001149', (SELECT ID_Combustivel FROM COMBUSTIVEL WHERE Nome = 'GASOLINA COMUM'));
INSERT INTO PRECO_COLETADO (Preco, UnidadeMedida, DataColeta, PostoCNPJ, CombustivelID) VALUES (5.340, 'R$ / litro', '2023-01-16', '04145589001149', (SELECT ID_Combustivel FROM COMBUSTIVEL WHERE Nome = 'GASOLINA COMUM'));
INSERT INTO PRECO_COLETADO (Preco, UnidadeMedida, DataColeta, PostoCNPJ, CombustivelID) VALUES (4.850, 'R$ / litro', '2023-01-23', '04145589001149', (SELECT ID_Combustivel FROM COMBUSTIVEL WHERE Nome = 'GASOLINA COMUM'));
INSERT INTO PRECO_COLETADO (Preco, UnidadeMedida, DataColeta, PostoCNPJ, CombustivelID) VALUES (5.090, 'R$ / litro', '2023-01-30', '04145589001149', (SELECT ID_Combustivel FROM COMBUSTIVEL WHERE Nome = 'GASOLINA COMUM'));
INSERT INTO PRECO_COLETADO (Preco, UnidadeMedida, DataColeta, PostoCNPJ, CombustivelID) VALUES (4.990, 'R$ / litro', '2023-02-06', '04145589001149', (SELECT ID_Combustivel FROM COMBUSTIVEL WHERE Nome = 'GASOLINA COMUM'));
INSERT INTO PRECO_COLETADO (Preco, UnidadeMedida, DataColeta, PostoCNPJ, CombustivelID) VALUES (4.990, 'R$ / litro', '2023-02-13', '04145589001149', (SELECT ID_Combustivel FROM COMBUSTIVEL WHERE Nome = 'GASOLINA COMUM'));
INSERT INTO PRECO_COLETADO (Preco, UnidadeMedida, DataColeta, PostoCNPJ, CombustivelID) VALUES (4.950, 'R$ / litro', '2023-02-20', '04145589001149', (SELECT ID_Combustivel FROM COMBUSTIVEL WHERE Nome = 'GASOLINA COMUM'));
INSERT INTO PRECO_COLETADO (Preco, UnidadeMedida, DataColeta, PostoCNPJ, CombustivelID) VALUES (4.990, 'R$ / litro', '2023-02-27', '04145589001149', (SELECT ID_Combustivel FROM COMBUSTIVEL WHERE Nome = 'GASOLINA COMUM'));
INSERT INTO PRECO_COLETADO (Preco, UnidadeMedida, DataColeta, PostoCNPJ, CombustivelID) VALUES (5.540, 'R$ / litro', '2023-03-06', '04145589001149', (SELECT ID_Combustivel FROM COMBUSTIVEL WHERE Nome = 'GASOLINA COMUM'));
INSERT INTO PRECO_COLETADO (Preco, UnidadeMedida, DataColeta, PostoCNPJ, CombustivelID) VALUES (5.470, 'R$ / litro', '2023-03-16', '04145589001149', (SELECT ID_Combustivel FROM COMBUSTIVEL WHERE Nome = 'GASOLINA COMUM'));
INSERT INTO PRECO_COLETADO (Preco, UnidadeMedida, DataColeta, PostoCNPJ, CombustivelID) VALUES (5.390, 'R$ / litro', '2023-03-21', '04145589001149', (SELECT ID_Combustivel FROM COMBUSTIVEL WHERE Nome = 'GASOLINA COMUM'));
INSERT INTO PRECO_COLETADO (Preco, UnidadeMedida, DataColeta, PostoCNPJ, CombustivelID) VALUES (5.490, 'R$ / litro', '2023-03-27', '04145589001149', (SELECT ID_Combustivel FROM COMBUSTIVEL WHERE Nome = 'GASOLINA COMUM'));
INSERT INTO PRECO_COLETADO (Preco, UnidadeMedida, DataColeta, PostoCNPJ, CombustivelID) VALUES (5.290, 'R$ / litro', '2023-04-04', '04145589001149', (SELECT ID_Combustivel FROM COMBUSTIVEL WHERE Nome = 'GASOLINA COMUM'));
INSERT INTO PRECO_COLETADO (Preco, UnidadeMedida, DataColeta, PostoCNPJ, CombustivelID) VALUES (5.490, 'R$ / litro', '2023-04-17', '04145589001149', (SELECT ID_Combustivel FROM COMBUSTIVEL WHERE Nome = 'GASOLINA COMUM'));
INSERT INTO PRECO_COLETADO (Preco, UnidadeMedida, DataColeta, PostoCNPJ, CombustivelID) VALUES (5.490, 'R$ / litro', '2023-04-24', '04145589001149', (SELECT ID_Combustivel FROM COMBUSTIVEL WHERE Nome = 'GASOLINA COMUM'));
INSERT INTO PRECO_COLETADO (Preco, UnidadeMedida, DataColeta, PostoCNPJ, CombustivelID) VALUES (5.390, 'R$ / litro', '2023-05-02', '04145589001149', (SELECT ID_Combustivel FROM COMBUSTIVEL WHERE Nome = 'GASOLINA COMUM'));
INSERT INTO PRECO_COLETADO (Preco, UnidadeMedida, DataColeta, PostoCNPJ, CombustivelID) VALUES (5.390, 'R$ / litro', '2023-05-09', '04145589001149', (SELECT ID_Combustivel FROM COMBUSTIVEL WHERE Nome = 'GASOLINA COMUM'));
INSERT INTO PRECO_COLETADO (Preco, UnidadeMedida, DataColeta, PostoCNPJ, CombustivelID) VALUES (5.290, 'R$ / litro', '2023-05-15', '04145589001149', (SELECT ID_Combustivel FROM COMBUSTIVEL WHERE Nome = 'GASOLINA COMUM'));
INSERT INTO PRECO_COLETADO (Preco, UnidadeMedida, DataColeta, PostoCNPJ, CombustivelID) VALUES (5.030, 'R$ / litro', '2023-05-22', '04145589001149', (SELECT ID_Combustivel FROM COMBUSTIVEL WHERE Nome = 'GASOLINA COMUM'));
INSERT INTO PRECO_COLETADO (Preco, UnidadeMedida, DataColeta, PostoCNPJ, CombustivelID) VALUES (5.030, 'R$ / litro', '2023-05-29', '04145589001149', (SELECT ID_Combustivel FROM COMBUSTIVEL WHERE Nome = 'GASOLINA COMUM'));
INSERT INTO PRECO_COLETADO (Preco, UnidadeMedida, DataColeta, PostoCNPJ, CombustivelID) VALUES (5.340, 'R$ / litro', '2023-06-05', '04145589001149', (SELECT ID_Combustivel FROM COMBUSTIVEL WHERE Nome = 'GASOLINA COMUM'));
INSERT INTO PRECO_COLETADO (Preco, UnidadeMedida, DataColeta, PostoCNPJ, CombustivelID) VALUES (5.340, 'R$ / litro', '2023-06-13', '04145589001149', (SELECT ID_Combustivel FROM COMBUSTIVEL WHERE Nome = 'GASOLINA COMUM'));
INSERT INTO PRECO_COLETADO (Preco, UnidadeMedida, DataColeta, PostoCNPJ, CombustivelID) VALUES (5.290, 'R$ / litro', '2023-06-20', '04145589001149', (SELECT ID_Combustivel FROM COMBUSTIVEL WHERE Nome = 'GASOLINA COMUM'));
INSERT INTO PRECO_COLETADO (Preco, UnidadeMedida, DataColeta, PostoCNPJ, CombustivelID) VALUES (5.290, 'R$ / litro', '2023-06-27', '04145589001149', (SELECT ID_Combustivel FROM COMBUSTIVEL WHERE Nome = 'GASOLINA COMUM'));
INSERT INTO PRECO_COLETADO (Preco, UnidadeMedida, DataColeta, PostoCNPJ, CombustivelID) VALUES (5.890, 'R$ / litro', '2023-07-04', '04145589001149', (SELECT ID_Combustivel FROM COMBUSTIVEL WHERE Nome = 'GASOLINA COMUM'));
INSERT INTO PRECO_COLETADO (Preco, UnidadeMedida, DataColeta, PostoCNPJ, CombustivelID) VALUES (5.790, 'R$ / litro', '2023-07-10', '04145589001149', (SELECT ID_Combustivel FROM COMBUSTIVEL WHERE Nome = 'GASOLINA COMUM'));
INSERT INTO PRECO_COLETADO (Preco, UnidadeMedida, DataColeta, PostoCNPJ, CombustivelID) VALUES (5.670, 'R$ / litro', '2023-07-17', '04145589001149', (SELECT ID_Combustivel FROM COMBUSTIVEL WHERE Nome = 'GASOLINA COMUM'));
INSERT INTO PRECO_COLETADO (Preco, UnidadeMedida, DataColeta, PostoCNPJ, CombustivelID) VALUES (5.670, 'R$ / litro', '2023-07-24', '04145589001149', (SELECT ID_Combustivel FROM COMBUSTIVEL WHERE Nome = 'GASOLINA COMUM'));
INSERT INTO PRECO_COLETADO (Preco, UnidadeMedida, DataColeta, PostoCNPJ, CombustivelID) VALUES (5.590, 'R$ / litro', '2023-07-31', '04145589001149', (SELECT ID_Combustivel FROM COMBUSTIVEL WHERE Nome = 'GASOLINA COMUM'));
INSERT INTO PRECO_COLETADO (Preco, UnidadeMedida, DataColeta, PostoCNPJ, CombustivelID) VALUES (5.450, 'R$ / litro', '2023-08-15', '04145589001149', (SELECT ID_Combustivel FROM COMBUSTIVEL WHERE Nome = 'GASOLINA COMUM'));
INSERT INTO PRECO_COLETADO (Preco, UnidadeMedida, DataColeta, PostoCNPJ, CombustivelID) VALUES (5.890, 'R$ / litro', '2023-08-22', '04145589001149', (SELECT ID_Combustivel FROM COMBUSTIVEL WHERE Nome = 'GASOLINA COMUM'));
INSERT INTO PRECO_COLETADO (Preco, UnidadeMedida, DataColeta, PostoCNPJ, CombustivelID) VALUES (5.820, 'R$ / litro', '2023-09-07', '04145589001149', (SELECT ID_Combustivel FROM COMBUSTIVEL WHERE Nome = 'GASOLINA COMUM'));
INSERT INTO PRECO_COLETADO (Preco, UnidadeMedida, DataColeta, PostoCNPJ, CombustivelID) VALUES (5.750, 'R$ / litro', '2023-09-26', '04145589001149', (SELECT ID_Combustivel FROM COMBUSTIVEL WHERE Nome = 'GASOLINA COMUM'));
INSERT INTO PRECO_COLETADO (Preco, UnidadeMedida, DataColeta, PostoCNPJ, CombustivelID) VALUES (5.690, 'R$ / litro', '2023-10-03', '04145589001149', (SELECT ID_Combustivel FROM COMBUSTIVEL WHERE Nome = 'GASOLINA COMUM'));
INSERT INTO PRECO_COLETADO (Preco, UnidadeMedida, DataColeta, PostoCNPJ, CombustivelID) VALUES (5.690, 'R$ / litro', '2023-10-10', '04145589001149', (SELECT ID_Combustivel FROM COMBUSTIVEL WHERE Nome = 'GASOLINA COMUM'));
INSERT INTO PRECO_COLETADO (Preco, UnidadeMedida, DataColeta, PostoCNPJ, CombustivelID) VALUES (5.690, 'R$ / litro', '2023-10-16', '04145589001149', (SELECT ID_Combustivel FROM COMBUSTIVEL WHERE Nome = 'GASOLINA COMUM'));
INSERT INTO PRECO_COLETADO (Preco, UnidadeMedida, DataColeta, PostoCNPJ, CombustivelID) VALUES (5.470, 'R$ / litro', '2023-11-14', '04145589001149', (SELECT ID_Combustivel FROM COMBUSTIVEL WHERE Nome = 'GASOLINA COMUM'));
INSERT INTO PRECO_COLETADO (Preco, UnidadeMedida, DataColeta, PostoCNPJ, CombustivelID) VALUES (5.590, 'R$ / litro', '2023-11-28', '04145589001149', (SELECT ID_Combustivel FROM COMBUSTIVEL WHERE Nome = 'GASOLINA COMUM'));
INSERT INTO PRECO_COLETADO (Preco, UnidadeMedida, DataColeta, PostoCNPJ, CombustivelID) VALUES (5.590, 'R$ / litro', '2023-12-13', '04145589001149', (SELECT ID_Combustivel FROM COMBUSTIVEL WHERE Nome = 'GASOLINA COMUM'));
INSERT INTO PRECO_COLETADO (Preco, UnidadeMedida, DataColeta, PostoCNPJ, CombustivelID) VALUES (5.470, 'R$ / litro', '2023-12-20', '04145589001149', (SELECT ID_Combustivel FROM COMBUSTIVEL WHERE Nome = 'GASOLINA COMUM'));
INSERT INTO PRECO_COLETADO (Preco, UnidadeMedida, DataColeta, PostoCNPJ, CombustivelID) VALUES (5.450, 'R$ / litro', '2023-12-26', '04145589001149', (SELECT ID_Combustivel FROM COMBUSTIVEL WHERE Nome = 'GASOLINA COMUM'));
INSERT INTO PRECO_COLETADO (Preco, UnidadeMedida, DataColeta, PostoCNPJ, CombustivelID) VALUES (5.390, 'R$ / litro', '2024-01-08', '04145589001149', (SELECT ID_Combustivel FROM COMBUSTIVEL WHERE Nome = 'GASOLINA COMUM'));
INSERT INTO PRECO_COLETADO (Preco, UnidadeMedida, DataColeta, PostoCNPJ, CombustivelID) VALUES (5.390, 'R$ / litro', '2024-01-15', '04145589001149', (SELECT ID_Combustivel FROM COMBUSTIVEL WHERE Nome = 'GASOLINA COMUM'));
INSERT INTO PRECO_COLETADO (Preco, UnidadeMedida, DataColeta, PostoCNPJ, CombustivelID) VALUES (5.360, 'R$ / litro', '2024-01-29', '04145589001149', (SELECT ID_Combustivel FROM COMBUSTIVEL WHERE Nome = 'GASOLINA COMUM'));
INSERT INTO PRECO_COLETADO (Preco, UnidadeMedida, DataColeta, PostoCNPJ, CombustivelID) VALUES (5.690, 'R$ / litro', '2024-02-05', '04145589001149', (SELECT ID_Combustivel FROM COMBUSTIVEL WHERE Nome = 'GASOLINA COMUM'));
INSERT INTO PRECO_COLETADO (Preco, UnidadeMedida, DataColeta, PostoCNPJ, CombustivelID) VALUES (5.690, 'R$ / litro', '2024-02-12', '04145589001149', (SELECT ID_Combustivel FROM COMBUSTIVEL WHERE Nome = 'GASOLINA COMUM'));
INSERT INTO PRECO_COLETADO (Preco, UnidadeMedida, DataColeta, PostoCNPJ, CombustivelID) VALUES (5.690, 'R$ / litro', '2024-02-19', '04145589001149', (SELECT ID_Combustivel FROM COMBUSTIVEL WHERE Nome = 'GASOLINA COMUM'));
INSERT INTO PRECO_COLETADO (Preco, UnidadeMedida, DataColeta, PostoCNPJ, CombustivelID) VALUES (5.690, 'R$ / litro', '2024-02-26', '04145589001149', (SELECT ID_Combustivel FROM COMBUSTIVEL WHERE Nome = 'GASOLINA COMUM'));
INSERT INTO PRECO_COLETADO (Preco, UnidadeMedida, DataColeta, PostoCNPJ, CombustivelID) VALUES (5.590, 'R$ / litro', '2024-03-04', '04145589001149', (SELECT ID_Combustivel FROM COMBUSTIVEL WHERE Nome = 'GASOLINA COMUM'));
INSERT INTO PRECO_COLETADO (Preco, UnidadeMedida, DataColeta, PostoCNPJ, CombustivelID) VALUES (5.590, 'R$ / litro', '2024-03-11', '04145589001149', (SELECT ID_Combustivel FROM COMBUSTIVEL WHERE Nome = 'GASOLINA COMUM'));
INSERT INTO PRECO_COLETADO (Preco, UnidadeMedida, DataColeta, PostoCNPJ, CombustivelID) VALUES (5.590, 'R$ / litro', '2024-03-18', '04145589001149', (SELECT ID_Combustivel FROM COMBUSTIVEL WHERE Nome = 'GASOLINA COMUM'));
INSERT INTO PRECO_COLETADO (Preco, UnidadeMedida, DataColeta, PostoCNPJ, CombustivelID) VALUES (5.570, 'R$ / litro', '2024-03-25', '04145589001149', (SELECT ID_Combustivel FROM COMBUSTIVEL WHERE Nome = 'GASOLINA COMUM'));
INSERT INTO PRECO_COLETADO (Preco, UnidadeMedida, DataColeta, PostoCNPJ, CombustivelID) VALUES (5.690, 'R$ / litro', '2024-04-02', '04145589001149', (SELECT ID_Combustivel FROM COMBUSTIVEL WHERE Nome = 'GASOLINA COMUM'));
INSERT INTO PRECO_COLETADO (Preco, UnidadeMedida, DataColeta, PostoCNPJ, CombustivelID) VALUES (5.690, 'R$ / litro', '2024-04-08', '04145589001149', (SELECT ID_Combustivel FROM COMBUSTIVEL WHERE Nome = 'GASOLINA COMUM'));
INSERT INTO PRECO_COLETADO (Preco, UnidadeMedida, DataColeta, PostoCNPJ, CombustivelID) VALUES (5.570, 'R$ / litro', '2024-04-15', '04145589001149', (SELECT ID_Combustivel FROM COMBUSTIVEL WHERE Nome = 'GASOLINA COMUM'));
INSERT INTO PRECO_COLETADO (Preco, UnidadeMedida, DataColeta, PostoCNPJ, CombustivelID) VALUES (5.570, 'R$ / litro', '2024-04-22', '04145589001149', (SELECT ID_Combustivel FROM COMBUSTIVEL WHERE Nome = 'GASOLINA COMUM'));
INSERT INTO PRECO_COLETADO (Preco, UnidadeMedida, DataColeta, PostoCNPJ, CombustivelID) VALUES (5.890, 'R$ / litro', '2024-04-29', '04145589001149', (SELECT ID_Combustivel FROM COMBUSTIVEL WHERE Nome = 'GASOLINA COMUM'));
INSERT INTO PRECO_COLETADO (Preco, UnidadeMedida, DataColeta, PostoCNPJ, CombustivelID) VALUES (5.890, 'R$ / litro', '2024-05-06', '04145589001149', (SELECT ID_Combustivel FROM COMBUSTIVEL WHERE Nome = 'GASOLINA COMUM'));
INSERT INTO PRECO_COLETADO (Preco, UnidadeMedida, DataColeta, PostoCNPJ, CombustivelID) VALUES (5.890, 'R$ / litro', '2024-05-14', '04145589001149', (SELECT ID_Combustivel FROM COMBUSTIVEL WHERE Nome = 'GASOLINA COMUM'));
INSERT INTO PRECO_COLETADO (Preco, UnidadeMedida, DataColeta, PostoCNPJ, CombustivelID) VALUES (5.890, 'R$ / litro', '2024-05-20', '04145589001149', (SELECT ID_Combustivel FROM COMBUSTIVEL WHERE Nome = 'GASOLINA COMUM'));
INSERT INTO PRECO_COLETADO (Preco, UnidadeMedida, DataColeta, PostoCNPJ, CombustivelID) VALUES (5.790, 'R$ / litro', '2024-05-27', '04145589001149', (SELECT ID_Combustivel FROM COMBUSTIVEL WHERE Nome = 'GASOLINA COMUM'));
INSERT INTO PRECO_COLETADO (Preco, UnidadeMedida, DataColeta, PostoCNPJ, CombustivelID) VALUES (5.790, 'R$ / litro', '2024-06-04', '04145589001149', (SELECT ID_Combustivel FROM COMBUSTIVEL WHERE Nome = 'GASOLINA COMUM'));
INSERT INTO PRECO_COLETADO (Preco, UnidadeMedida, DataColeta, PostoCNPJ, CombustivelID) VALUES (5.790, 'R$ / litro', '2024-06-10', '04145589001149', (SELECT ID_Combustivel FROM COMBUSTIVEL WHERE Nome = 'GASOLINA COMUM'));
INSERT INTO PRECO_COLETADO (Preco, UnidadeMedida, DataColeta, PostoCNPJ, CombustivelID) VALUES (5.790, 'R$ / litro', '2024-06-17', '04145589001149', (SELECT ID_Combustivel FROM COMBUSTIVEL WHERE Nome = 'GASOLINA COMUM'));
INSERT INTO PRECO_COLETADO (Preco, UnidadeMedida, DataColeta, PostoCNPJ, CombustivelID) VALUES (5.790, 'R$ / litro', '2024-06-24', '04145589001149', (SELECT ID_Combustivel FROM COMBUSTIVEL WHERE Nome = 'GASOLINA COMUM'));
INSERT INTO PRECO_COLETADO (Preco, UnidadeMedida, DataColeta, PostoCNPJ, CombustivelID) VALUES (5.790, 'R$ / litro', '2024-07-01', '04145589001149', (SELECT ID_Combustivel FROM COMBUSTIVEL WHERE Nome = 'GASOLINA COMUM'));
INSERT INTO PRECO_COLETADO (Preco, UnidadeMedida, DataColeta, PostoCNPJ, CombustivelID) VALUES (6.190, 'R$ / litro', '2024-07-09', '04145589001149', (SELECT ID_Combustivel FROM COMBUSTIVEL WHERE Nome = 'GASOLINA COMUM'));
INSERT INTO PRECO_COLETADO (Preco, UnidadeMedida, DataColeta, PostoCNPJ, CombustivelID) VALUES (6.190, 'R$ / litro', '2024-07-16', '04145589001149', (SELECT ID_Combustivel FROM COMBUSTIVEL WHERE Nome = 'GASOLINA COMUM'));
INSERT INTO PRECO_COLETADO (Preco, UnidadeMedida, DataColeta, PostoCNPJ, CombustivelID) VALUES (6.150, 'R$ / litro', '2024-07-22', '04145589001149', (SELECT ID_Combustivel FROM COMBUSTIVEL WHERE Nome = 'GASOLINA COMUM'));
INSERT INTO PRECO_COLETADO (Preco, UnidadeMedida, DataColeta, PostoCNPJ, CombustivelID) VALUES (6.150, 'R$ / litro', '2024-07-29', '04145589001149', (SELECT ID_Combustivel FROM COMBUSTIVEL WHERE Nome = 'GASOLINA COMUM'));
INSERT INTO PRECO_COLETADO (Preco, UnidadeMedida, DataColeta, PostoCNPJ, CombustivelID) VALUES (6.090, 'R$ / litro', '2024-08-05', '04145589001149', (SELECT ID_Combustivel FROM COMBUSTIVEL WHERE Nome = 'GASOLINA COMUM'));
INSERT INTO PRECO_COLETADO (Preco, UnidadeMedida, DataColeta, PostoCNPJ, CombustivelID) VALUES (6.090, 'R$ / litro', '2024-08-12', '04145589001149', (SELECT ID_Combustivel FROM COMBUSTIVEL WHERE Nome = 'GASOLINA COMUM'));
INSERT INTO PRECO_COLETADO (Preco, UnidadeMedida, DataColeta, PostoCNPJ, CombustivelID) VALUES (6.290, 'R$ / litro', '2024-08-20', '04145589001149', (SELECT ID_Combustivel FROM COMBUSTIVEL WHERE Nome = 'GASOLINA COMUM'));
INSERT INTO PRECO_COLETADO (Preco, UnidadeMedida, DataColeta, PostoCNPJ, CombustivelID) VALUES (6.090, 'R$ / litro', '2024-08-26', '04145589001149', (SELECT ID_Combustivel FROM COMBUSTIVEL WHERE Nome = 'GASOLINA COMUM'));
INSERT INTO PRECO_COLETADO (Preco, UnidadeMedida, DataColeta, PostoCNPJ, CombustivelID) VALUES (6.090, 'R$ / litro', '2024-09-02', '04145589001149', (SELECT ID_Combustivel FROM COMBUSTIVEL WHERE Nome = 'GASOLINA COMUM'));
INSERT INTO PRECO_COLETADO (Preco, UnidadeMedida, DataColeta, PostoCNPJ, CombustivelID) VALUES (6.390, 'R$ / litro', '2022-10-24', '04145589001149', (SELECT ID_Combustivel FROM COMBUSTIVEL WHERE Nome = 'DIESEL S10'));
INSERT INTO PRECO_COLETADO (Preco, UnidadeMedida, DataColeta, PostoCNPJ, CombustivelID) VALUES (6.370, 'R$ / litro', '2022-10-31', '04145589001149', (SELECT ID_Combustivel FROM COMBUSTIVEL WHERE Nome = 'DIESEL S10'));
INSERT INTO PRECO_COLETADO (Preco, UnidadeMedida, DataColeta, PostoCNPJ, CombustivelID) VALUES (6.370, 'R$ / litro', '2022-11-14', '04145589001149', (SELECT ID_Combustivel FROM COMBUSTIVEL WHERE Nome = 'DIESEL S10'));
INSERT INTO PRECO_COLETADO (Preco, UnidadeMedida, DataColeta, PostoCNPJ, CombustivelID) VALUES (6.370, 'R$ / litro', '2022-11-22', '04145589001149', (SELECT ID_Combustivel FROM COMBUSTIVEL WHERE Nome = 'DIESEL S10'));
INSERT INTO PRECO_COLETADO (Preco, UnidadeMedida, DataColeta, PostoCNPJ, CombustivelID) VALUES (6.370, 'R$ / litro', '2022-12-05', '04145589001149', (SELECT ID_Combustivel FROM COMBUSTIVEL WHERE Nome = 'DIESEL S10'));
INSERT INTO PRECO_COLETADO (Preco, UnidadeMedida, DataColeta, PostoCNPJ, CombustivelID) VALUES (6.370, 'R$ / litro', '2022-12-12', '04145589001149', (SELECT ID_Combustivel FROM COMBUSTIVEL WHERE Nome = 'DIESEL S10'));
INSERT INTO PRECO_COLETADO (Preco, UnidadeMedida, DataColeta, PostoCNPJ, CombustivelID) VALUES (6.190, 'R$ / litro', '2022-12-22', '04145589001149', (SELECT ID_Combustivel FROM COMBUSTIVEL WHERE Nome = 'DIESEL S10'));
INSERT INTO PRECO_COLETADO (Preco, UnidadeMedida, DataColeta, PostoCNPJ, CombustivelID) VALUES (6.190, 'R$ / litro', '2022-12-26', '04145589001149', (SELECT ID_Combustivel FROM COMBUSTIVEL WHERE Nome = 'DIESEL S10'));
INSERT INTO PRECO_COLETADO (Preco, UnidadeMedida, DataColeta, PostoCNPJ, CombustivelID) VALUES (6.090, 'R$ / litro', '2023-01-09', '04145589001149', (SELECT ID_Combustivel FROM COMBUSTIVEL WHERE Nome = 'DIESEL S10'));
INSERT INTO PRECO_COLETADO (Preco, UnidadeMedida, DataColeta, PostoCNPJ, CombustivelID) VALUES (6.050, 'R$ / litro', '2023-01-16', '04145589001149', (SELECT ID_Combustivel FROM COMBUSTIVEL WHERE Nome = 'DIESEL S10'));
INSERT INTO PRECO_COLETADO (Preco, UnidadeMedida, DataColeta, PostoCNPJ, CombustivelID) VALUES (6.050, 'R$ / litro', '2023-01-23', '04145589001149', (SELECT ID_Combustivel FROM COMBUSTIVEL WHERE Nome = 'DIESEL S10'));
INSERT INTO PRECO_COLETADO (Preco, UnidadeMedida, DataColeta, PostoCNPJ, CombustivelID) VALUES (5.990, 'R$ / litro', '2023-01-30', '04145589001149', (SELECT ID_Combustivel FROM COMBUSTIVEL WHERE Nome = 'DIESEL S10'));
INSERT INTO PRECO_COLETADO (Preco, UnidadeMedida, DataColeta, PostoCNPJ, CombustivelID) VALUES (5.990, 'R$ / litro', '2023-02-06', '04145589001149', (SELECT ID_Combustivel FROM COMBUSTIVEL WHERE Nome = 'DIESEL S10'));
INSERT INTO PRECO_COLETADO (Preco, UnidadeMedida, DataColeta, PostoCNPJ, CombustivelID) VALUES (5.970, 'R$ / litro', '2023-02-13', '04145589001149', (SELECT ID_Combustivel FROM COMBUSTIVEL WHERE Nome = 'DIESEL S10'));
INSERT INTO PRECO_COLETADO (Preco, UnidadeMedida, DataColeta, PostoCNPJ, CombustivelID) VALUES (5.970, 'R$ / litro', '2023-02-20', '04145589001149', (SELECT ID_Combustivel FROM COMBUSTIVEL WHERE Nome = 'DIESEL S10'));
INSERT INTO PRECO_COLETADO (Preco, UnidadeMedida, DataColeta, PostoCNPJ, CombustivelID) VALUES (5.870, 'R$ / litro', '2023-02-27', '04145589001149', (SELECT ID_Combustivel FROM COMBUSTIVEL WHERE Nome = 'DIESEL S10'));
INSERT INTO PRECO_COLETADO (Preco, UnidadeMedida, DataColeta, PostoCNPJ, CombustivelID) VALUES (5.790, 'R$ / litro', '2023-03-06', '04145589001149', (SELECT ID_Combustivel FROM COMBUSTIVEL WHERE Nome = 'DIESEL S10'));
INSERT INTO PRECO_COLETADO (Preco, UnidadeMedida, DataColeta, PostoCNPJ, CombustivelID) VALUES (5.690, 'R$ / litro', '2023-03-16', '04145589001149', (SELECT ID_Combustivel FROM COMBUSTIVEL WHERE Nome = 'DIESEL S10'));
INSERT INTO PRECO_COLETADO (Preco, UnidadeMedida, DataColeta, PostoCNPJ, CombustivelID) VALUES (5.690, 'R$ / litro', '2023-03-21', '04145589001149', (SELECT ID_Combustivel FROM COMBUSTIVEL WHERE Nome = 'DIESEL S10'));
INSERT INTO PRECO_COLETADO (Preco, UnidadeMedida, DataColeta, PostoCNPJ, CombustivelID) VALUES (5.650, 'R$ / litro', '2023-03-27', '04145589001149', (SELECT ID_Combustivel FROM COMBUSTIVEL WHERE Nome = 'DIESEL S10'));
INSERT INTO PRECO_COLETADO (Preco, UnidadeMedida, DataColeta, PostoCNPJ, CombustivelID) VALUES (5.590, 'R$ / litro', '2023-04-17', '04145589001149', (SELECT ID_Combustivel FROM COMBUSTIVEL WHERE Nome = 'DIESEL S10'));
INSERT INTO PRECO_COLETADO (Preco, UnidadeMedida, DataColeta, PostoCNPJ, CombustivelID) VALUES (5.590, 'R$ / litro', '2023-04-24', '04145589001149', (SELECT ID_Combustivel FROM COMBUSTIVEL WHERE Nome = 'DIESEL S10'));
INSERT INTO PRECO_COLETADO (Preco, UnidadeMedida, DataColeta, PostoCNPJ, CombustivelID) VALUES (5.550, 'R$ / litro', '2023-05-02', '04145589001149', (SELECT ID_Combustivel FROM COMBUSTIVEL WHERE Nome = 'DIESEL S10'));
INSERT INTO PRECO_COLETADO (Preco, UnidadeMedida, DataColeta, PostoCNPJ, CombustivelID) VALUES (5.490, 'R$ / litro', '2023-05-09', '04145589001149', (SELECT ID_Combustivel FROM COMBUSTIVEL WHERE Nome = 'DIESEL S10'));
INSERT INTO PRECO_COLETADO (Preco, UnidadeMedida, DataColeta, PostoCNPJ, CombustivelID) VALUES (5.490, 'R$ / litro', '2023-05-15', '04145589001149', (SELECT ID_Combustivel FROM COMBUSTIVEL WHERE Nome = 'DIESEL S10'));
INSERT INTO PRECO_COLETADO (Preco, UnidadeMedida, DataColeta, PostoCNPJ, CombustivelID) VALUES (5.190, 'R$ / litro', '2023-05-22', '04145589001149', (SELECT ID_Combustivel FROM COMBUSTIVEL WHERE Nome = 'DIESEL S10'));
INSERT INTO PRECO_COLETADO (Preco, UnidadeMedida, DataColeta, PostoCNPJ, CombustivelID) VALUES (5.190, 'R$ / litro', '2023-05-29', '04145589001149', (SELECT ID_Combustivel FROM COMBUSTIVEL WHERE Nome = 'DIESEL S10'));
INSERT INTO PRECO_COLETADO (Preco, UnidadeMedida, DataColeta, PostoCNPJ, CombustivelID) VALUES (5.190, 'R$ / litro', '2023-06-05', '04145589001149', (SELECT ID_Combustivel FROM COMBUSTIVEL WHERE Nome = 'DIESEL S10'));
INSERT INTO PRECO_COLETADO (Preco, UnidadeMedida, DataColeta, PostoCNPJ, CombustivelID) VALUES (5.090, 'R$ / litro', '2023-06-13', '04145589001149', (SELECT ID_Combustivel FROM COMBUSTIVEL WHERE Nome = 'DIESEL S10'));
INSERT INTO PRECO_COLETADO (Preco, UnidadeMedida, DataColeta, PostoCNPJ, CombustivelID) VALUES (4.990, 'R$ / litro', '2023-06-20', '04145589001149', (SELECT ID_Combustivel FROM COMBUSTIVEL WHERE Nome = 'DIESEL S10'));
INSERT INTO PRECO_COLETADO (Preco, UnidadeMedida, DataColeta, PostoCNPJ, CombustivelID) VALUES (4.990, 'R$ / litro', '2023-06-27', '04145589001149', (SELECT ID_Combustivel FROM COMBUSTIVEL WHERE Nome = 'DIESEL S10'));
INSERT INTO PRECO_COLETADO (Preco, UnidadeMedida, DataColeta, PostoCNPJ, CombustivelID) VALUES (4.990, 'R$ / litro', '2023-07-04', '04145589001149', (SELECT ID_Combustivel FROM COMBUSTIVEL WHERE Nome = 'DIESEL S10'));
INSERT INTO PRECO_COLETADO (Preco, UnidadeMedida, DataColeta, PostoCNPJ, CombustivelID) VALUES (4.990, 'R$ / litro', '2023-07-10', '04145589001149', (SELECT ID_Combustivel FROM COMBUSTIVEL WHERE Nome = 'DIESEL S10'));
INSERT INTO PRECO_COLETADO (Preco, UnidadeMedida, DataColeta, PostoCNPJ, CombustivelID) VALUES (4.970, 'R$ / litro', '2023-07-17', '04145589001149', (SELECT ID_Combustivel FROM COMBUSTIVEL WHERE Nome = 'DIESEL S10'));
INSERT INTO PRECO_COLETADO (Preco, UnidadeMedida, DataColeta, PostoCNPJ, CombustivelID) VALUES (4.950, 'R$ / litro', '2023-07-24', '04145589001149', (SELECT ID_Combustivel FROM COMBUSTIVEL WHERE Nome = 'DIESEL S10'));
INSERT INTO PRECO_COLETADO (Preco, UnidadeMedida, DataColeta, PostoCNPJ, CombustivelID) VALUES (4.950, 'R$ / litro', '2023-07-31', '04145589001149', (SELECT ID_Combustivel FROM COMBUSTIVEL WHERE Nome = 'DIESEL S10'));
INSERT INTO PRECO_COLETADO (Preco, UnidadeMedida, DataColeta, PostoCNPJ, CombustivelID) VALUES (4.950, 'R$ / litro', '2023-08-15', '04145589001149', (SELECT ID_Combustivel FROM COMBUSTIVEL WHERE Nome = 'DIESEL S10'));
INSERT INTO PRECO_COLETADO (Preco, UnidadeMedida, DataColeta, PostoCNPJ, CombustivelID) VALUES (5.870, 'R$ / litro', '2023-08-22', '04145589001149', (SELECT ID_Combustivel FROM COMBUSTIVEL WHERE Nome = 'DIESEL S10'));
INSERT INTO PRECO_COLETADO (Preco, UnidadeMedida, DataColeta, PostoCNPJ, CombustivelID) VALUES (5.980, 'R$ / litro', '2023-09-07', '04145589001149', (SELECT ID_Combustivel FROM COMBUSTIVEL WHERE Nome = 'DIESEL S10'));
INSERT INTO PRECO_COLETADO (Preco, UnidadeMedida, DataColeta, PostoCNPJ, CombustivelID) VALUES (5.980, 'R$ / litro', '2023-09-26', '04145589001149', (SELECT ID_Combustivel FROM COMBUSTIVEL WHERE Nome = 'DIESEL S10'));
INSERT INTO PRECO_COLETADO (Preco, UnidadeMedida, DataColeta, PostoCNPJ, CombustivelID) VALUES (5.980, 'R$ / litro', '2023-10-03', '04145589001149', (SELECT ID_Combustivel FROM COMBUSTIVEL WHERE Nome = 'DIESEL S10'));
INSERT INTO PRECO_COLETADO (Preco, UnidadeMedida, DataColeta, PostoCNPJ, CombustivelID) VALUES (5.980, 'R$ / litro', '2023-10-10', '04145589001149', (SELECT ID_Combustivel FROM COMBUSTIVEL WHERE Nome = 'DIESEL S10'));
INSERT INTO PRECO_COLETADO (Preco, UnidadeMedida, DataColeta, PostoCNPJ, CombustivelID) VALUES (5.980, 'R$ / litro', '2023-10-16', '04145589001149', (SELECT ID_Combustivel FROM COMBUSTIVEL WHERE Nome = 'DIESEL S10'));
INSERT INTO PRECO_COLETADO (Preco, UnidadeMedida, DataColeta, PostoCNPJ, CombustivelID) VALUES (6.090, 'R$ / litro', '2023-11-14', '04145589001149', (SELECT ID_Combustivel FROM COMBUSTIVEL WHERE Nome = 'DIESEL S10'));
INSERT INTO PRECO_COLETADO (Preco, UnidadeMedida, DataColeta, PostoCNPJ, CombustivelID) VALUES (5.990, 'R$ / litro', '2023-11-21', '04145589001149', (SELECT ID_Combustivel FROM COMBUSTIVEL WHERE Nome = 'DIESEL S10'));
INSERT INTO PRECO_COLETADO (Preco, UnidadeMedida, DataColeta, PostoCNPJ, CombustivelID) VALUES (5.990, 'R$ / litro', '2023-11-28', '04145589001149', (SELECT ID_Combustivel FROM COMBUSTIVEL WHERE Nome = 'DIESEL S10'));
INSERT INTO PRECO_COLETADO (Preco, UnidadeMedida, DataColeta, PostoCNPJ, CombustivelID) VALUES (5.990, 'R$ / litro', '2023-12-13', '04145589001149', (SELECT ID_Combustivel FROM COMBUSTIVEL WHERE Nome = 'DIESEL S10'));
INSERT INTO PRECO_COLETADO (Preco, UnidadeMedida, DataColeta, PostoCNPJ, CombustivelID) VALUES (5.890, 'R$ / litro', '2023-12-20', '04145589001149', (SELECT ID_Combustivel FROM COMBUSTIVEL WHERE Nome = 'DIESEL S10'));
INSERT INTO PRECO_COLETADO (Preco, UnidadeMedida, DataColeta, PostoCNPJ, CombustivelID) VALUES (5.870, 'R$ / litro', '2023-12-26', '04145589001149', (SELECT ID_Combustivel FROM COMBUSTIVEL WHERE Nome = 'DIESEL S10'));
INSERT INTO PRECO_COLETADO (Preco, UnidadeMedida, DataColeta, PostoCNPJ, CombustivelID) VALUES (5.870, 'R$ / litro', '2024-01-08', '04145589001149', (SELECT ID_Combustivel FROM COMBUSTIVEL WHERE Nome = 'DIESEL S10'));
INSERT INTO PRECO_COLETADO (Preco, UnidadeMedida, DataColeta, PostoCNPJ, CombustivelID) VALUES (5.870, 'R$ / litro', '2024-01-15', '04145589001149', (SELECT ID_Combustivel FROM COMBUSTIVEL WHERE Nome = 'DIESEL S10'));
INSERT INTO PRECO_COLETADO (Preco, UnidadeMedida, DataColeta, PostoCNPJ, CombustivelID) VALUES (5.870, 'R$ / litro', '2024-01-29', '04145589001149', (SELECT ID_Combustivel FROM COMBUSTIVEL WHERE Nome = 'DIESEL S10'));
INSERT INTO PRECO_COLETADO (Preco, UnidadeMedida, DataColeta, PostoCNPJ, CombustivelID) VALUES (6.190, 'R$ / litro', '2024-02-05', '04145589001149', (SELECT ID_Combustivel FROM COMBUSTIVEL WHERE Nome = 'DIESEL S10'));
INSERT INTO PRECO_COLETADO (Preco, UnidadeMedida, DataColeta, PostoCNPJ, CombustivelID) VALUES (5.990, 'R$ / litro', '2024-02-12', '04145589001149', (SELECT ID_Combustivel FROM COMBUSTIVEL WHERE Nome = 'DIESEL S10'));
INSERT INTO PRECO_COLETADO (Preco, UnidadeMedida, DataColeta, PostoCNPJ, CombustivelID) VALUES (5.990, 'R$ / litro', '2024-02-19', '04145589001149', (SELECT ID_Combustivel FROM COMBUSTIVEL WHERE Nome = 'DIESEL S10'));
INSERT INTO PRECO_COLETADO (Preco, UnidadeMedida, DataColeta, PostoCNPJ, CombustivelID) VALUES (5.990, 'R$ / litro', '2024-02-26', '04145589001149', (SELECT ID_Combustivel FROM COMBUSTIVEL WHERE Nome = 'DIESEL S10'));
INSERT INTO PRECO_COLETADO (Preco, UnidadeMedida, DataColeta, PostoCNPJ, CombustivelID) VALUES (5.990, 'R$ / litro', '2024-03-04', '04145589001149', (SELECT ID_Combustivel FROM COMBUSTIVEL WHERE Nome = 'DIESEL S10'));
INSERT INTO PRECO_COLETADO (Preco, UnidadeMedida, DataColeta, PostoCNPJ, CombustivelID) VALUES (5.990, 'R$ / litro', '2024-03-11', '04145589001149', (SELECT ID_Combustivel FROM COMBUSTIVEL WHERE Nome = 'DIESEL S10'));
INSERT INTO PRECO_COLETADO (Preco, UnidadeMedida, DataColeta, PostoCNPJ, CombustivelID) VALUES (5.990, 'R$ / litro', '2024-03-18', '04145589001149', (SELECT ID_Combustivel FROM COMBUSTIVEL WHERE Nome = 'DIESEL S10'));
INSERT INTO PRECO_COLETADO (Preco, UnidadeMedida, DataColeta, PostoCNPJ, CombustivelID) VALUES (5.870, 'R$ / litro', '2024-03-25', '04145589001149', (SELECT ID_Combustivel FROM COMBUSTIVEL WHERE Nome = 'DIESEL S10'));
INSERT INTO PRECO_COLETADO (Preco, UnidadeMedida, DataColeta, PostoCNPJ, CombustivelID) VALUES (5.870, 'R$ / litro', '2024-04-02', '04145589001149', (SELECT ID_Combustivel FROM COMBUSTIVEL WHERE Nome = 'DIESEL S10'));
INSERT INTO PRECO_COLETADO (Preco, UnidadeMedida, DataColeta, PostoCNPJ, CombustivelID) VALUES (5.870, 'R$ / litro', '2024-04-08', '04145589001149', (SELECT ID_Combustivel FROM COMBUSTIVEL WHERE Nome = 'DIESEL S10'));
INSERT INTO PRECO_COLETADO (Preco, UnidadeMedida, DataColeta, PostoCNPJ, CombustivelID) VALUES (5.990, 'R$ / litro', '2024-04-15', '04145589001149', (SELECT ID_Combustivel FROM COMBUSTIVEL WHERE Nome = 'DIESEL S10'));
INSERT INTO PRECO_COLETADO (Preco, UnidadeMedida, DataColeta, PostoCNPJ, CombustivelID) VALUES (5.990, 'R$ / litro', '2024-04-22', '04145589001149', (SELECT ID_Combustivel FROM COMBUSTIVEL WHERE Nome = 'DIESEL S10'));
INSERT INTO PRECO_COLETADO (Preco, UnidadeMedida, DataColeta, PostoCNPJ, CombustivelID) VALUES (5.990, 'R$ / litro', '2024-04-29', '04145589001149', (SELECT ID_Combustivel FROM COMBUSTIVEL WHERE Nome = 'DIESEL S10'));
INSERT INTO PRECO_COLETADO (Preco, UnidadeMedida, DataColeta, PostoCNPJ, CombustivelID) VALUES (5.990, 'R$ / litro', '2024-05-06', '04145589001149', (SELECT ID_Combustivel FROM COMBUSTIVEL WHERE Nome = 'DIESEL S10'));
INSERT INTO PRECO_COLETADO (Preco, UnidadeMedida, DataColeta, PostoCNPJ, CombustivelID) VALUES (5.990, 'R$ / litro', '2024-05-14', '04145589001149', (SELECT ID_Combustivel FROM COMBUSTIVEL WHERE Nome = 'DIESEL S10'));
INSERT INTO PRECO_COLETADO (Preco, UnidadeMedida, DataColeta, PostoCNPJ, CombustivelID) VALUES (5.990, 'R$ / litro', '2024-05-20', '04145589001149', (SELECT ID_Combustivel FROM COMBUSTIVEL WHERE Nome = 'DIESEL S10'));
INSERT INTO PRECO_COLETADO (Preco, UnidadeMedida, DataColeta, PostoCNPJ, CombustivelID) VALUES (5.990, 'R$ / litro', '2024-05-27', '04145589001149', (SELECT ID_Combustivel FROM COMBUSTIVEL WHERE Nome = 'DIESEL S10'));
INSERT INTO PRECO_COLETADO (Preco, UnidadeMedida, DataColeta, PostoCNPJ, CombustivelID) VALUES (5.990, 'R$ / litro', '2024-06-04', '04145589001149', (SELECT ID_Combustivel FROM COMBUSTIVEL WHERE Nome = 'DIESEL S10'));
INSERT INTO PRECO_COLETADO (Preco, UnidadeMedida, DataColeta, PostoCNPJ, CombustivelID) VALUES (5.990, 'R$ / litro', '2024-06-10', '04145589001149', (SELECT ID_Combustivel FROM COMBUSTIVEL WHERE Nome = 'DIESEL S10'));
INSERT INTO PRECO_COLETADO (Preco, UnidadeMedida, DataColeta, PostoCNPJ, CombustivelID) VALUES (5.990, 'R$ / litro', '2024-06-17', '04145589001149', (SELECT ID_Combustivel FROM COMBUSTIVEL WHERE Nome = 'DIESEL S10'));
INSERT INTO PRECO_COLETADO (Preco, UnidadeMedida, DataColeta, PostoCNPJ, CombustivelID) VALUES (5.990, 'R$ / litro', '2024-06-24', '04145589001149', (SELECT ID_Combustivel FROM COMBUSTIVEL WHERE Nome = 'DIESEL S10'));
INSERT INTO PRECO_COLETADO (Preco, UnidadeMedida, DataColeta, PostoCNPJ, CombustivelID) VALUES (5.990, 'R$ / litro', '2024-07-01', '04145589001149', (SELECT ID_Combustivel FROM COMBUSTIVEL WHERE Nome = 'DIESEL S10'));
INSERT INTO PRECO_COLETADO (Preco, UnidadeMedida, DataColeta, PostoCNPJ, CombustivelID) VALUES (5.990, 'R$ / litro', '2024-07-09', '04145589001149', (SELECT ID_Combustivel FROM COMBUSTIVEL WHERE Nome = 'DIESEL S10'));
INSERT INTO PRECO_COLETADO (Preco, UnidadeMedida, DataColeta, PostoCNPJ, CombustivelID) VALUES (5.990, 'R$ / litro', '2024-07-16', '04145589001149', (SELECT ID_Combustivel FROM COMBUSTIVEL WHERE Nome = 'DIESEL S10'));
INSERT INTO PRECO_COLETADO (Preco, UnidadeMedida, DataColeta, PostoCNPJ, CombustivelID) VALUES (5.990, 'R$ / litro', '2024-07-22', '04145589001149', (SELECT ID_Combustivel FROM COMBUSTIVEL WHERE Nome = 'DIESEL S10'));
INSERT INTO PRECO_COLETADO (Preco, UnidadeMedida, DataColeta, PostoCNPJ, CombustivelID) VALUES (5.990, 'R$ / litro', '2024-07-29', '04145589001149', (SELECT ID_Combustivel FROM COMBUSTIVEL WHERE Nome = 'DIESEL S10'));
INSERT INTO PRECO_COLETADO (Preco, UnidadeMedida, DataColeta, PostoCNPJ, CombustivelID) VALUES (5.990, 'R$ / litro', '2024-08-05', '04145589001149', (SELECT ID_Combustivel FROM COMBUSTIVEL WHERE Nome = 'DIESEL S10'));
INSERT INTO PRECO_COLETADO (Preco, UnidadeMedida, DataColeta, PostoCNPJ, CombustivelID) VALUES (5.990, 'R$ / litro', '2024-08-12', '04145589001149', (SELECT ID_Combustivel FROM COMBUSTIVEL WHERE Nome = 'DIESEL S10'));
INSERT INTO PRECO_COLETADO (Preco, UnidadeMedida, DataColeta, PostoCNPJ, CombustivelID) VALUES (5.990, 'R$ / litro', '2024-08-20', '04145589001149', (SELECT ID_Combustivel FROM COMBUSTIVEL WHERE Nome = 'DIESEL S10'));
INSERT INTO PRECO_COLETADO (Preco, UnidadeMedida, DataColeta, PostoCNPJ, CombustivelID) VALUES (5.990, 'R$ / litro', '2024-08-26', '04145589001149', (SELECT ID_Combustivel FROM COMBUSTIVEL WHERE Nome = 'DIESEL S10'));
INSERT INTO PRECO_COLETADO (Preco, UnidadeMedida, DataColeta, PostoCNPJ, CombustivelID) VALUES (5.990, 'R$ / litro', '2024-09-02', '04145589001149', (SELECT ID_Combustivel FROM COMBUSTIVEL WHERE Nome = 'DIESEL S10'));
INSERT INTO POSTO (CNPJ, RazaoSocial, NomeFantasia, Bandeira, Logradouro, Numero, Bairro, Cidade, Estado, CEP) VALUES ('04850382000101', 'POSTO ARIBIRI DO GAS LTDA', 'POSTO ARIBIRI', 'VIBRA ENERGIA', 'AVENIDA CARLOS LINDEMBERG', '1944', 'SANTA INEZ', 'VILA VELHA', 'ESPIRITO SANTO', '29108075');
INSERT INTO PRECO_COLETADO (Preco, UnidadeMedida, DataColeta, PostoCNPJ, CombustivelID) VALUES (4.790, 'R$ / litro', '2022-08-02', '04850382000101', (SELECT ID_Combustivel FROM COMBUSTIVEL WHERE Nome = 'ETANOL'));
INSERT INTO PRECO_COLETADO (Preco, UnidadeMedida, DataColeta, PostoCNPJ, CombustivelID) VALUES (4.790, 'R$ / litro', '2022-08-08', '04850382000101', (SELECT ID_Combustivel FROM COMBUSTIVEL WHERE Nome = 'ETANOL'));
INSERT INTO PRECO_COLETADO (Preco, UnidadeMedida, DataColeta, PostoCNPJ, CombustivelID) VALUES (4.630, 'R$ / litro', '2022-08-15', '04850382000101', (SELECT ID_Combustivel FROM COMBUSTIVEL WHERE Nome = 'ETANOL'));
INSERT INTO PRECO_COLETADO (Preco, UnidadeMedida, DataColeta, PostoCNPJ, CombustivelID) VALUES (4.590, 'R$ / litro', '2022-08-23', '04850382000101', (SELECT ID_Combustivel FROM COMBUSTIVEL WHERE Nome = 'ETANOL'));
INSERT INTO PRECO_COLETADO (Preco, UnidadeMedida, DataColeta, PostoCNPJ, CombustivelID) VALUES (4.090, 'R$ / litro', '2022-09-01', '04850382000101', (SELECT ID_Combustivel FROM COMBUSTIVEL WHERE Nome = 'ETANOL'));
INSERT INTO PRECO_COLETADO (Preco, UnidadeMedida, DataColeta, PostoCNPJ, CombustivelID) VALUES (4.090, 'R$ / litro', '2022-09-05', '04850382000101', (SELECT ID_Combustivel FROM COMBUSTIVEL WHERE Nome = 'ETANOL'));
INSERT INTO PRECO_COLETADO (Preco, UnidadeMedida, DataColeta, PostoCNPJ, CombustivelID) VALUES (3.990, 'R$ / litro', '2022-09-13', '04850382000101', (SELECT ID_Combustivel FROM COMBUSTIVEL WHERE Nome = 'ETANOL'));
INSERT INTO PRECO_COLETADO (Preco, UnidadeMedida, DataColeta, PostoCNPJ, CombustivelID) VALUES (4.190, 'R$ / litro', '2022-10-24', '04850382000101', (SELECT ID_Combustivel FROM COMBUSTIVEL WHERE Nome = 'ETANOL'));
INSERT INTO PRECO_COLETADO (Preco, UnidadeMedida, DataColeta, PostoCNPJ, CombustivelID) VALUES (4.190, 'R$ / litro', '2022-10-31', '04850382000101', (SELECT ID_Combustivel FROM COMBUSTIVEL WHERE Nome = 'ETANOL'));
INSERT INTO PRECO_COLETADO (Preco, UnidadeMedida, DataColeta, PostoCNPJ, CombustivelID) VALUES (4.380, 'R$ / litro', '2022-11-14', '04850382000101', (SELECT ID_Combustivel FROM COMBUSTIVEL WHERE Nome = 'ETANOL'));
INSERT INTO PRECO_COLETADO (Preco, UnidadeMedida, DataColeta, PostoCNPJ, CombustivelID) VALUES (4.380, 'R$ / litro', '2022-11-22', '04850382000101', (SELECT ID_Combustivel FROM COMBUSTIVEL WHERE Nome = 'ETANOL'));
INSERT INTO PRECO_COLETADO (Preco, UnidadeMedida, DataColeta, PostoCNPJ, CombustivelID) VALUES (4.290, 'R$ / litro', '2022-12-05', '04850382000101', (SELECT ID_Combustivel FROM COMBUSTIVEL WHERE Nome = 'ETANOL'));
INSERT INTO PRECO_COLETADO (Preco, UnidadeMedida, DataColeta, PostoCNPJ, CombustivelID) VALUES (4.290, 'R$ / litro', '2022-12-12', '04850382000101', (SELECT ID_Combustivel FROM COMBUSTIVEL WHERE Nome = 'ETANOL'));
INSERT INTO PRECO_COLETADO (Preco, UnidadeMedida, DataColeta, PostoCNPJ, CombustivelID) VALUES (4.290, 'R$ / litro', '2022-12-22', '04850382000101', (SELECT ID_Combustivel FROM COMBUSTIVEL WHERE Nome = 'ETANOL'));
INSERT INTO PRECO_COLETADO (Preco, UnidadeMedida, DataColeta, PostoCNPJ, CombustivelID) VALUES (4.290, 'R$ / litro', '2022-12-26', '04850382000101', (SELECT ID_Combustivel FROM COMBUSTIVEL WHERE Nome = 'ETANOL'));
INSERT INTO PRECO_COLETADO (Preco, UnidadeMedida, DataColeta, PostoCNPJ, CombustivelID) VALUES (4.490, 'R$ / litro', '2023-01-03', '04850382000101', (SELECT ID_Combustivel FROM COMBUSTIVEL WHERE Nome = 'ETANOL'));
INSERT INTO PRECO_COLETADO (Preco, UnidadeMedida, DataColeta, PostoCNPJ, CombustivelID) VALUES (4.490, 'R$ / litro', '2023-01-09', '04850382000101', (SELECT ID_Combustivel FROM COMBUSTIVEL WHERE Nome = 'ETANOL'));
INSERT INTO PRECO_COLETADO (Preco, UnidadeMedida, DataColeta, PostoCNPJ, CombustivelID) VALUES (4.490, 'R$ / litro', '2023-01-16', '04850382000101', (SELECT ID_Combustivel FROM COMBUSTIVEL WHERE Nome = 'ETANOL'));
INSERT INTO PRECO_COLETADO (Preco, UnidadeMedida, DataColeta, PostoCNPJ, CombustivelID) VALUES (4.290, 'R$ / litro', '2023-01-23', '04850382000101', (SELECT ID_Combustivel FROM COMBUSTIVEL WHERE Nome = 'ETANOL'));
INSERT INTO PRECO_COLETADO (Preco, UnidadeMedida, DataColeta, PostoCNPJ, CombustivelID) VALUES (4.290, 'R$ / litro', '2023-01-30', '04850382000101', (SELECT ID_Combustivel FROM COMBUSTIVEL WHERE Nome = 'ETANOL'));
INSERT INTO PRECO_COLETADO (Preco, UnidadeMedida, DataColeta, PostoCNPJ, CombustivelID) VALUES (4.290, 'R$ / litro', '2023-02-06', '04850382000101', (SELECT ID_Combustivel FROM COMBUSTIVEL WHERE Nome = 'ETANOL'));
INSERT INTO PRECO_COLETADO (Preco, UnidadeMedida, DataColeta, PostoCNPJ, CombustivelID) VALUES (4.290, 'R$ / litro', '2023-02-13', '04850382000101', (SELECT ID_Combustivel FROM COMBUSTIVEL WHERE Nome = 'ETANOL'));
INSERT INTO PRECO_COLETADO (Preco, UnidadeMedida, DataColeta, PostoCNPJ, CombustivelID) VALUES (4.290, 'R$ / litro', '2023-02-20', '04850382000101', (SELECT ID_Combustivel FROM COMBUSTIVEL WHERE Nome = 'ETANOL'));
INSERT INTO PRECO_COLETADO (Preco, UnidadeMedida, DataColeta, PostoCNPJ, CombustivelID) VALUES (4.290, 'R$ / litro', '2023-02-27', '04850382000101', (SELECT ID_Combustivel FROM COMBUSTIVEL WHERE Nome = 'ETANOL'));
INSERT INTO PRECO_COLETADO (Preco, UnidadeMedida, DataColeta, PostoCNPJ, CombustivelID) VALUES (4.590, 'R$ / litro', '2023-03-06', '04850382000101', (SELECT ID_Combustivel FROM COMBUSTIVEL WHERE Nome = 'ETANOL'));
INSERT INTO PRECO_COLETADO (Preco, UnidadeMedida, DataColeta, PostoCNPJ, CombustivelID) VALUES (4.490, 'R$ / litro', '2023-03-16', '04850382000101', (SELECT ID_Combustivel FROM COMBUSTIVEL WHERE Nome = 'ETANOL'));
INSERT INTO PRECO_COLETADO (Preco, UnidadeMedida, DataColeta, PostoCNPJ, CombustivelID) VALUES (4.490, 'R$ / litro', '2023-03-21', '04850382000101', (SELECT ID_Combustivel FROM COMBUSTIVEL WHERE Nome = 'ETANOL'));
INSERT INTO PRECO_COLETADO (Preco, UnidadeMedida, DataColeta, PostoCNPJ, CombustivelID) VALUES (4.490, 'R$ / litro', '2023-03-27', '04850382000101', (SELECT ID_Combustivel FROM COMBUSTIVEL WHERE Nome = 'ETANOL'));
INSERT INTO PRECO_COLETADO (Preco, UnidadeMedida, DataColeta, PostoCNPJ, CombustivelID) VALUES (4.490, 'R$ / litro', '2023-04-05', '04850382000101', (SELECT ID_Combustivel FROM COMBUSTIVEL WHERE Nome = 'ETANOL'));
INSERT INTO PRECO_COLETADO (Preco, UnidadeMedida, DataColeta, PostoCNPJ, CombustivelID) VALUES (4.490, 'R$ / litro', '2023-04-10', '04850382000101', (SELECT ID_Combustivel FROM COMBUSTIVEL WHERE Nome = 'ETANOL'));
INSERT INTO PRECO_COLETADO (Preco, UnidadeMedida, DataColeta, PostoCNPJ, CombustivelID) VALUES (4.490, 'R$ / litro', '2023-04-17', '04850382000101', (SELECT ID_Combustivel FROM COMBUSTIVEL WHERE Nome = 'ETANOL'));
INSERT INTO PRECO_COLETADO (Preco, UnidadeMedida, DataColeta, PostoCNPJ, CombustivelID) VALUES (4.690, 'R$ / litro', '2023-04-24', '04850382000101', (SELECT ID_Combustivel FROM COMBUSTIVEL WHERE Nome = 'ETANOL'));
INSERT INTO PRECO_COLETADO (Preco, UnidadeMedida, DataColeta, PostoCNPJ, CombustivelID) VALUES (4.590, 'R$ / litro', '2023-05-03', '04850382000101', (SELECT ID_Combustivel FROM COMBUSTIVEL WHERE Nome = 'ETANOL'));
INSERT INTO PRECO_COLETADO (Preco, UnidadeMedida, DataColeta, PostoCNPJ, CombustivelID) VALUES (4.590, 'R$ / litro', '2023-05-09', '04850382000101', (SELECT ID_Combustivel FROM COMBUSTIVEL WHERE Nome = 'ETANOL'));
INSERT INTO PRECO_COLETADO (Preco, UnidadeMedida, DataColeta, PostoCNPJ, CombustivelID) VALUES (4.590, 'R$ / litro', '2023-05-15', '04850382000101', (SELECT ID_Combustivel FROM COMBUSTIVEL WHERE Nome = 'ETANOL'));
INSERT INTO PRECO_COLETADO (Preco, UnidadeMedida, DataColeta, PostoCNPJ, CombustivelID) VALUES (4.290, 'R$ / litro', '2023-05-29', '04850382000101', (SELECT ID_Combustivel FROM COMBUSTIVEL WHERE Nome = 'ETANOL'));
INSERT INTO PRECO_COLETADO (Preco, UnidadeMedida, DataColeta, PostoCNPJ, CombustivelID) VALUES (4.290, 'R$ / litro', '2023-06-05', '04850382000101', (SELECT ID_Combustivel FROM COMBUSTIVEL WHERE Nome = 'ETANOL'));
INSERT INTO PRECO_COLETADO (Preco, UnidadeMedida, DataColeta, PostoCNPJ, CombustivelID) VALUES (4.290, 'R$ / litro', '2023-06-13', '04850382000101', (SELECT ID_Combustivel FROM COMBUSTIVEL WHERE Nome = 'ETANOL'));
INSERT INTO PRECO_COLETADO (Preco, UnidadeMedida, DataColeta, PostoCNPJ, CombustivelID) VALUES (4.290, 'R$ / litro', '2023-06-20', '04850382000101', (SELECT ID_Combustivel FROM COMBUSTIVEL WHERE Nome = 'ETANOL'));
INSERT INTO PRECO_COLETADO (Preco, UnidadeMedida, DataColeta, PostoCNPJ, CombustivelID) VALUES (3.990, 'R$ / litro', '2023-10-24', '04850382000101', (SELECT ID_Combustivel FROM COMBUSTIVEL WHERE Nome = 'ETANOL'));
INSERT INTO PRECO_COLETADO (Preco, UnidadeMedida, DataColeta, PostoCNPJ, CombustivelID) VALUES (3.990, 'R$ / litro', '2023-11-21', '04850382000101', (SELECT ID_Combustivel FROM COMBUSTIVEL WHERE Nome = 'ETANOL'));
INSERT INTO PRECO_COLETADO (Preco, UnidadeMedida, DataColeta, PostoCNPJ, CombustivelID) VALUES (3.990, 'R$ / litro', '2023-11-28', '04850382000101', (SELECT ID_Combustivel FROM COMBUSTIVEL WHERE Nome = 'ETANOL'));
INSERT INTO PRECO_COLETADO (Preco, UnidadeMedida, DataColeta, PostoCNPJ, CombustivelID) VALUES (3.990, 'R$ / litro', '2023-12-20', '04850382000101', (SELECT ID_Combustivel FROM COMBUSTIVEL WHERE Nome = 'ETANOL'));
INSERT INTO PRECO_COLETADO (Preco, UnidadeMedida, DataColeta, PostoCNPJ, CombustivelID) VALUES (3.890, 'R$ / litro', '2024-01-15', '04850382000101', (SELECT ID_Combustivel FROM COMBUSTIVEL WHERE Nome = 'ETANOL'));
INSERT INTO PRECO_COLETADO (Preco, UnidadeMedida, DataColeta, PostoCNPJ, CombustivelID) VALUES (4.190, 'R$ / litro', '2024-06-24', '04850382000101', (SELECT ID_Combustivel FROM COMBUSTIVEL WHERE Nome = 'ETANOL'));
INSERT INTO PRECO_COLETADO (Preco, UnidadeMedida, DataColeta, PostoCNPJ, CombustivelID) VALUES (7.390, 'R$ / litro', '2022-08-02', '04850382000101', (SELECT ID_Combustivel FROM COMBUSTIVEL WHERE Nome = 'DIESEL S10'));
INSERT INTO PRECO_COLETADO (Preco, UnidadeMedida, DataColeta, PostoCNPJ, CombustivelID) VALUES (7.290, 'R$ / litro', '2022-08-08', '04850382000101', (SELECT ID_Combustivel FROM COMBUSTIVEL WHERE Nome = 'DIESEL S10'));
INSERT INTO PRECO_COLETADO (Preco, UnidadeMedida, DataColeta, PostoCNPJ, CombustivelID) VALUES (6.990, 'R$ / litro', '2022-08-15', '04850382000101', (SELECT ID_Combustivel FROM COMBUSTIVEL WHERE Nome = 'DIESEL S10'));
INSERT INTO PRECO_COLETADO (Preco, UnidadeMedida, DataColeta, PostoCNPJ, CombustivelID) VALUES (6.840, 'R$ / litro', '2022-08-23', '04850382000101', (SELECT ID_Combustivel FROM COMBUSTIVEL WHERE Nome = 'DIESEL S10'));
INSERT INTO PRECO_COLETADO (Preco, UnidadeMedida, DataColeta, PostoCNPJ, CombustivelID) VALUES (6.690, 'R$ / litro', '2022-09-01', '04850382000101', (SELECT ID_Combustivel FROM COMBUSTIVEL WHERE Nome = 'DIESEL S10'));
INSERT INTO PRECO_COLETADO (Preco, UnidadeMedida, DataColeta, PostoCNPJ, CombustivelID) VALUES (6.690, 'R$ / litro', '2022-09-05', '04850382000101', (SELECT ID_Combustivel FROM COMBUSTIVEL WHERE Nome = 'DIESEL S10'));
INSERT INTO PRECO_COLETADO (Preco, UnidadeMedida, DataColeta, PostoCNPJ, CombustivelID) VALUES (6.790, 'R$ / litro', '2022-09-13', '04850382000101', (SELECT ID_Combustivel FROM COMBUSTIVEL WHERE Nome = 'DIESEL S10'));
INSERT INTO PRECO_COLETADO (Preco, UnidadeMedida, DataColeta, PostoCNPJ, CombustivelID) VALUES (6.390, 'R$ / litro', '2022-10-24', '04850382000101', (SELECT ID_Combustivel FROM COMBUSTIVEL WHERE Nome = 'DIESEL S10'));
INSERT INTO PRECO_COLETADO (Preco, UnidadeMedida, DataColeta, PostoCNPJ, CombustivelID) VALUES (6.390, 'R$ / litro', '2022-10-31', '04850382000101', (SELECT ID_Combustivel FROM COMBUSTIVEL WHERE Nome = 'DIESEL S10'));
INSERT INTO PRECO_COLETADO (Preco, UnidadeMedida, DataColeta, PostoCNPJ, CombustivelID) VALUES (6.390, 'R$ / litro', '2022-11-14', '04850382000101', (SELECT ID_Combustivel FROM COMBUSTIVEL WHERE Nome = 'DIESEL S10'));
INSERT INTO PRECO_COLETADO (Preco, UnidadeMedida, DataColeta, PostoCNPJ, CombustivelID) VALUES (6.390, 'R$ / litro', '2022-11-22', '04850382000101', (SELECT ID_Combustivel FROM COMBUSTIVEL WHERE Nome = 'DIESEL S10'));
INSERT INTO PRECO_COLETADO (Preco, UnidadeMedida, DataColeta, PostoCNPJ, CombustivelID) VALUES (6.390, 'R$ / litro', '2022-12-05', '04850382000101', (SELECT ID_Combustivel FROM COMBUSTIVEL WHERE Nome = 'DIESEL S10'));
INSERT INTO PRECO_COLETADO (Preco, UnidadeMedida, DataColeta, PostoCNPJ, CombustivelID) VALUES (6.390, 'R$ / litro', '2022-12-12', '04850382000101', (SELECT ID_Combustivel FROM COMBUSTIVEL WHERE Nome = 'DIESEL S10'));
INSERT INTO PRECO_COLETADO (Preco, UnidadeMedida, DataColeta, PostoCNPJ, CombustivelID) VALUES (6.090, 'R$ / litro', '2022-12-22', '04850382000101', (SELECT ID_Combustivel FROM COMBUSTIVEL WHERE Nome = 'DIESEL S10'));
INSERT INTO PRECO_COLETADO (Preco, UnidadeMedida, DataColeta, PostoCNPJ, CombustivelID) VALUES (6.090, 'R$ / litro', '2022-12-26', '04850382000101', (SELECT ID_Combustivel FROM COMBUSTIVEL WHERE Nome = 'DIESEL S10'));
INSERT INTO PRECO_COLETADO (Preco, UnidadeMedida, DataColeta, PostoCNPJ, CombustivelID) VALUES (6.140, 'R$ / litro', '2023-01-03', '04850382000101', (SELECT ID_Combustivel FROM COMBUSTIVEL WHERE Nome = 'DIESEL S10'));
INSERT INTO PRECO_COLETADO (Preco, UnidadeMedida, DataColeta, PostoCNPJ, CombustivelID) VALUES (6.140, 'R$ / litro', '2023-01-09', '04850382000101', (SELECT ID_Combustivel FROM COMBUSTIVEL WHERE Nome = 'DIESEL S10'));
INSERT INTO PRECO_COLETADO (Preco, UnidadeMedida, DataColeta, PostoCNPJ, CombustivelID) VALUES (6.090, 'R$ / litro', '2023-01-16', '04850382000101', (SELECT ID_Combustivel FROM COMBUSTIVEL WHERE Nome = 'DIESEL S10'));
INSERT INTO PRECO_COLETADO (Preco, UnidadeMedida, DataColeta, PostoCNPJ, CombustivelID) VALUES (6.090, 'R$ / litro', '2023-01-23', '04850382000101', (SELECT ID_Combustivel FROM COMBUSTIVEL WHERE Nome = 'DIESEL S10'));
INSERT INTO PRECO_COLETADO (Preco, UnidadeMedida, DataColeta, PostoCNPJ, CombustivelID) VALUES (6.090, 'R$ / litro', '2023-01-30', '04850382000101', (SELECT ID_Combustivel FROM COMBUSTIVEL WHERE Nome = 'DIESEL S10'));
INSERT INTO PRECO_COLETADO (Preco, UnidadeMedida, DataColeta, PostoCNPJ, CombustivelID) VALUES (6.090, 'R$ / litro', '2023-02-06', '04850382000101', (SELECT ID_Combustivel FROM COMBUSTIVEL WHERE Nome = 'DIESEL S10'));
INSERT INTO PRECO_COLETADO (Preco, UnidadeMedida, DataColeta, PostoCNPJ, CombustivelID) VALUES (6.090, 'R$ / litro', '2023-02-13', '04850382000101', (SELECT ID_Combustivel FROM COMBUSTIVEL WHERE Nome = 'DIESEL S10'));
INSERT INTO PRECO_COLETADO (Preco, UnidadeMedida, DataColeta, PostoCNPJ, CombustivelID) VALUES (5.790, 'R$ / litro', '2023-02-20', '04850382000101', (SELECT ID_Combustivel FROM COMBUSTIVEL WHERE Nome = 'DIESEL S10'));
INSERT INTO PRECO_COLETADO (Preco, UnidadeMedida, DataColeta, PostoCNPJ, CombustivelID) VALUES (5.790, 'R$ / litro', '2023-02-27', '04850382000101', (SELECT ID_Combustivel FROM COMBUSTIVEL WHERE Nome = 'DIESEL S10'));
INSERT INTO PRECO_COLETADO (Preco, UnidadeMedida, DataColeta, PostoCNPJ, CombustivelID) VALUES (5.790, 'R$ / litro', '2023-03-06', '04850382000101', (SELECT ID_Combustivel FROM COMBUSTIVEL WHERE Nome = 'DIESEL S10'));
INSERT INTO PRECO_COLETADO (Preco, UnidadeMedida, DataColeta, PostoCNPJ, CombustivelID) VALUES (5.790, 'R$ / litro', '2023-03-16', '04850382000101', (SELECT ID_Combustivel FROM COMBUSTIVEL WHERE Nome = 'DIESEL S10'));
INSERT INTO PRECO_COLETADO (Preco, UnidadeMedida, DataColeta, PostoCNPJ, CombustivelID) VALUES (5.790, 'R$ / litro', '2023-03-21', '04850382000101', (SELECT ID_Combustivel FROM COMBUSTIVEL WHERE Nome = 'DIESEL S10'));
INSERT INTO PRECO_COLETADO (Preco, UnidadeMedida, DataColeta, PostoCNPJ, CombustivelID) VALUES (5.790, 'R$ / litro', '2023-03-27', '04850382000101', (SELECT ID_Combustivel FROM COMBUSTIVEL WHERE Nome = 'DIESEL S10'));
INSERT INTO PRECO_COLETADO (Preco, UnidadeMedida, DataColeta, PostoCNPJ, CombustivelID) VALUES (5.790, 'R$ / litro', '2023-04-05', '04850382000101', (SELECT ID_Combustivel FROM COMBUSTIVEL WHERE Nome = 'DIESEL S10'));
INSERT INTO PRECO_COLETADO (Preco, UnidadeMedida, DataColeta, PostoCNPJ, CombustivelID) VALUES (5.790, 'R$ / litro', '2023-04-10', '04850382000101', (SELECT ID_Combustivel FROM COMBUSTIVEL WHERE Nome = 'DIESEL S10'));
INSERT INTO PRECO_COLETADO (Preco, UnidadeMedida, DataColeta, PostoCNPJ, CombustivelID) VALUES (5.690, 'R$ / litro', '2023-04-17', '04850382000101', (SELECT ID_Combustivel FROM COMBUSTIVEL WHERE Nome = 'DIESEL S10'));
INSERT INTO PRECO_COLETADO (Preco, UnidadeMedida, DataColeta, PostoCNPJ, CombustivelID) VALUES (5.690, 'R$ / litro', '2023-04-24', '04850382000101', (SELECT ID_Combustivel FROM COMBUSTIVEL WHERE Nome = 'DIESEL S10'));
INSERT INTO PRECO_COLETADO (Preco, UnidadeMedida, DataColeta, PostoCNPJ, CombustivelID) VALUES (5.690, 'R$ / litro', '2023-05-03', '04850382000101', (SELECT ID_Combustivel FROM COMBUSTIVEL WHERE Nome = 'DIESEL S10'));
INSERT INTO PRECO_COLETADO (Preco, UnidadeMedida, DataColeta, PostoCNPJ, CombustivelID) VALUES (5.590, 'R$ / litro', '2023-05-09', '04850382000101', (SELECT ID_Combustivel FROM COMBUSTIVEL WHERE Nome = 'DIESEL S10'));
INSERT INTO PRECO_COLETADO (Preco, UnidadeMedida, DataColeta, PostoCNPJ, CombustivelID) VALUES (5.490, 'R$ / litro', '2023-05-15', '04850382000101', (SELECT ID_Combustivel FROM COMBUSTIVEL WHERE Nome = 'DIESEL S10'));
INSERT INTO PRECO_COLETADO (Preco, UnidadeMedida, DataColeta, PostoCNPJ, CombustivelID) VALUES (5.990, 'R$ / litro', '2023-08-30', '04850382000101', (SELECT ID_Combustivel FROM COMBUSTIVEL WHERE Nome = 'DIESEL S10'));
INSERT INTO PRECO_COLETADO (Preco, UnidadeMedida, DataColeta, PostoCNPJ, CombustivelID) VALUES (6.090, 'R$ / litro', '2023-11-14', '04850382000101', (SELECT ID_Combustivel FROM COMBUSTIVEL WHERE Nome = 'DIESEL S10'));
INSERT INTO PRECO_COLETADO (Preco, UnidadeMedida, DataColeta, PostoCNPJ, CombustivelID) VALUES (6.090, 'R$ / litro', '2023-11-21', '04850382000101', (SELECT ID_Combustivel FROM COMBUSTIVEL WHERE Nome = 'DIESEL S10'));
INSERT INTO PRECO_COLETADO (Preco, UnidadeMedida, DataColeta, PostoCNPJ, CombustivelID) VALUES (5.990, 'R$ / litro', '2023-12-20', '04850382000101', (SELECT ID_Combustivel FROM COMBUSTIVEL WHERE Nome = 'DIESEL S10'));
INSERT INTO PRECO_COLETADO (Preco, UnidadeMedida, DataColeta, PostoCNPJ, CombustivelID) VALUES (5.990, 'R$ / litro', '2024-07-01', '04850382000101', (SELECT ID_Combustivel FROM COMBUSTIVEL WHERE Nome = 'DIESEL S10'));
INSERT INTO PRECO_COLETADO (Preco, UnidadeMedida, DataColeta, PostoCNPJ, CombustivelID) VALUES (5.790, 'R$ / litro', '2022-08-02', '04850382000101', (SELECT ID_Combustivel FROM COMBUSTIVEL WHERE Nome = 'GASOLINA ADITIVADA'));
INSERT INTO PRECO_COLETADO (Preco, UnidadeMedida, DataColeta, PostoCNPJ, CombustivelID) VALUES (5.710, 'R$ / litro', '2022-08-08', '04850382000101', (SELECT ID_Combustivel FROM COMBUSTIVEL WHERE Nome = 'GASOLINA ADITIVADA'));
INSERT INTO PRECO_COLETADO (Preco, UnidadeMedida, DataColeta, PostoCNPJ, CombustivelID) VALUES (5.690, 'R$ / litro', '2022-08-15', '04850382000101', (SELECT ID_Combustivel FROM COMBUSTIVEL WHERE Nome = 'GASOLINA ADITIVADA'));
INSERT INTO PRECO_COLETADO (Preco, UnidadeMedida, DataColeta, PostoCNPJ, CombustivelID) VALUES (5.490, 'R$ / litro', '2022-08-23', '04850382000101', (SELECT ID_Combustivel FROM COMBUSTIVEL WHERE Nome = 'GASOLINA ADITIVADA'));
INSERT INTO PRECO_COLETADO (Preco, UnidadeMedida, DataColeta, PostoCNPJ, CombustivelID) VALUES (5.390, 'R$ / litro', '2022-09-01', '04850382000101', (SELECT ID_Combustivel FROM COMBUSTIVEL WHERE Nome = 'GASOLINA ADITIVADA'));
INSERT INTO PRECO_COLETADO (Preco, UnidadeMedida, DataColeta, PostoCNPJ, CombustivelID) VALUES (5.290, 'R$ / litro', '2022-09-05', '04850382000101', (SELECT ID_Combustivel FROM COMBUSTIVEL WHERE Nome = 'GASOLINA ADITIVADA'));
INSERT INTO PRECO_COLETADO (Preco, UnidadeMedida, DataColeta, PostoCNPJ, CombustivelID) VALUES (5.190, 'R$ / litro', '2022-09-13', '04850382000101', (SELECT ID_Combustivel FROM COMBUSTIVEL WHERE Nome = 'GASOLINA ADITIVADA'));
INSERT INTO PRECO_COLETADO (Preco, UnidadeMedida, DataColeta, PostoCNPJ, CombustivelID) VALUES (4.990, 'R$ / litro', '2022-10-24', '04850382000101', (SELECT ID_Combustivel FROM COMBUSTIVEL WHERE Nome = 'GASOLINA ADITIVADA'));
INSERT INTO PRECO_COLETADO (Preco, UnidadeMedida, DataColeta, PostoCNPJ, CombustivelID) VALUES (4.990, 'R$ / litro', '2022-10-31', '04850382000101', (SELECT ID_Combustivel FROM COMBUSTIVEL WHERE Nome = 'GASOLINA ADITIVADA'));
INSERT INTO PRECO_COLETADO (Preco, UnidadeMedida, DataColeta, PostoCNPJ, CombustivelID) VALUES (5.190, 'R$ / litro', '2022-11-14', '04850382000101', (SELECT ID_Combustivel FROM COMBUSTIVEL WHERE Nome = 'GASOLINA ADITIVADA'));
INSERT INTO PRECO_COLETADO (Preco, UnidadeMedida, DataColeta, PostoCNPJ, CombustivelID) VALUES (5.190, 'R$ / litro', '2022-11-22', '04850382000101', (SELECT ID_Combustivel FROM COMBUSTIVEL WHERE Nome = 'GASOLINA ADITIVADA'));
INSERT INTO PRECO_COLETADO (Preco, UnidadeMedida, DataColeta, PostoCNPJ, CombustivelID) VALUES (5.190, 'R$ / litro', '2022-12-05', '04850382000101', (SELECT ID_Combustivel FROM COMBUSTIVEL WHERE Nome = 'GASOLINA ADITIVADA'));
INSERT INTO PRECO_COLETADO (Preco, UnidadeMedida, DataColeta, PostoCNPJ, CombustivelID) VALUES (5.190, 'R$ / litro', '2022-12-12', '04850382000101', (SELECT ID_Combustivel FROM COMBUSTIVEL WHERE Nome = 'GASOLINA ADITIVADA'));
INSERT INTO PRECO_COLETADO (Preco, UnidadeMedida, DataColeta, PostoCNPJ, CombustivelID) VALUES (5.090, 'R$ / litro', '2022-12-22', '04850382000101', (SELECT ID_Combustivel FROM COMBUSTIVEL WHERE Nome = 'GASOLINA ADITIVADA'));
INSERT INTO PRECO_COLETADO (Preco, UnidadeMedida, DataColeta, PostoCNPJ, CombustivelID) VALUES (5.090, 'R$ / litro', '2022-12-26', '04850382000101', (SELECT ID_Combustivel FROM COMBUSTIVEL WHERE Nome = 'GASOLINA ADITIVADA'));
INSERT INTO PRECO_COLETADO (Preco, UnidadeMedida, DataColeta, PostoCNPJ, CombustivelID) VALUES (5.090, 'R$ / litro', '2023-01-03', '04850382000101', (SELECT ID_Combustivel FROM COMBUSTIVEL WHERE Nome = 'GASOLINA ADITIVADA'));
INSERT INTO PRECO_COLETADO (Preco, UnidadeMedida, DataColeta, PostoCNPJ, CombustivelID) VALUES (5.180, 'R$ / litro', '2023-01-09', '04850382000101', (SELECT ID_Combustivel FROM COMBUSTIVEL WHERE Nome = 'GASOLINA ADITIVADA'));
INSERT INTO PRECO_COLETADO (Preco, UnidadeMedida, DataColeta, PostoCNPJ, CombustivelID) VALUES (5.090, 'R$ / litro', '2023-01-16', '04850382000101', (SELECT ID_Combustivel FROM COMBUSTIVEL WHERE Nome = 'GASOLINA ADITIVADA'));
INSERT INTO PRECO_COLETADO (Preco, UnidadeMedida, DataColeta, PostoCNPJ, CombustivelID) VALUES (5.090, 'R$ / litro', '2023-01-23', '04850382000101', (SELECT ID_Combustivel FROM COMBUSTIVEL WHERE Nome = 'GASOLINA ADITIVADA'));
INSERT INTO PRECO_COLETADO (Preco, UnidadeMedida, DataColeta, PostoCNPJ, CombustivelID) VALUES (5.290, 'R$ / litro', '2023-01-30', '04850382000101', (SELECT ID_Combustivel FROM COMBUSTIVEL WHERE Nome = 'GASOLINA ADITIVADA'));
INSERT INTO PRECO_COLETADO (Preco, UnidadeMedida, DataColeta, PostoCNPJ, CombustivelID) VALUES (5.150, 'R$ / litro', '2023-02-06', '04850382000101', (SELECT ID_Combustivel FROM COMBUSTIVEL WHERE Nome = 'GASOLINA ADITIVADA'));
INSERT INTO PRECO_COLETADO (Preco, UnidadeMedida, DataColeta, PostoCNPJ, CombustivelID) VALUES (5.150, 'R$ / litro', '2023-02-13', '04850382000101', (SELECT ID_Combustivel FROM COMBUSTIVEL WHERE Nome = 'GASOLINA ADITIVADA'));
INSERT INTO PRECO_COLETADO (Preco, UnidadeMedida, DataColeta, PostoCNPJ, CombustivelID) VALUES (5.150, 'R$ / litro', '2023-02-20', '04850382000101', (SELECT ID_Combustivel FROM COMBUSTIVEL WHERE Nome = 'GASOLINA ADITIVADA'));
INSERT INTO PRECO_COLETADO (Preco, UnidadeMedida, DataColeta, PostoCNPJ, CombustivelID) VALUES (5.190, 'R$ / litro', '2023-02-27', '04850382000101', (SELECT ID_Combustivel FROM COMBUSTIVEL WHERE Nome = 'GASOLINA ADITIVADA'));
INSERT INTO PRECO_COLETADO (Preco, UnidadeMedida, DataColeta, PostoCNPJ, CombustivelID) VALUES (5.690, 'R$ / litro', '2023-03-06', '04850382000101', (SELECT ID_Combustivel FROM COMBUSTIVEL WHERE Nome = 'GASOLINA ADITIVADA'));
INSERT INTO PRECO_COLETADO (Preco, UnidadeMedida, DataColeta, PostoCNPJ, CombustivelID) VALUES (5.690, 'R$ / litro', '2023-03-16', '04850382000101', (SELECT ID_Combustivel FROM COMBUSTIVEL WHERE Nome = 'GASOLINA ADITIVADA'));
INSERT INTO PRECO_COLETADO (Preco, UnidadeMedida, DataColeta, PostoCNPJ, CombustivelID) VALUES (5.590, 'R$ / litro', '2023-03-21', '04850382000101', (SELECT ID_Combustivel FROM COMBUSTIVEL WHERE Nome = 'GASOLINA ADITIVADA'));
INSERT INTO PRECO_COLETADO (Preco, UnidadeMedida, DataColeta, PostoCNPJ, CombustivelID) VALUES (5.550, 'R$ / litro', '2023-03-27', '04850382000101', (SELECT ID_Combustivel FROM COMBUSTIVEL WHERE Nome = 'GASOLINA ADITIVADA'));
INSERT INTO PRECO_COLETADO (Preco, UnidadeMedida, DataColeta, PostoCNPJ, CombustivelID) VALUES (5.490, 'R$ / litro', '2023-04-05', '04850382000101', (SELECT ID_Combustivel FROM COMBUSTIVEL WHERE Nome = 'GASOLINA ADITIVADA'));
INSERT INTO PRECO_COLETADO (Preco, UnidadeMedida, DataColeta, PostoCNPJ, CombustivelID) VALUES (5.490, 'R$ / litro', '2023-04-10', '04850382000101', (SELECT ID_Combustivel FROM COMBUSTIVEL WHERE Nome = 'GASOLINA ADITIVADA'));
INSERT INTO PRECO_COLETADO (Preco, UnidadeMedida, DataColeta, PostoCNPJ, CombustivelID) VALUES (5.590, 'R$ / litro', '2023-04-17', '04850382000101', (SELECT ID_Combustivel FROM COMBUSTIVEL WHERE Nome = 'GASOLINA ADITIVADA'));
INSERT INTO PRECO_COLETADO (Preco, UnidadeMedida, DataColeta, PostoCNPJ, CombustivelID) VALUES (5.490, 'R$ / litro', '2023-04-24', '04850382000101', (SELECT ID_Combustivel FROM COMBUSTIVEL WHERE Nome = 'GASOLINA ADITIVADA'));
INSERT INTO PRECO_COLETADO (Preco, UnidadeMedida, DataColeta, PostoCNPJ, CombustivelID) VALUES (5.490, 'R$ / litro', '2023-05-03', '04850382000101', (SELECT ID_Combustivel FROM COMBUSTIVEL WHERE Nome = 'GASOLINA ADITIVADA'));
INSERT INTO PRECO_COLETADO (Preco, UnidadeMedida, DataColeta, PostoCNPJ, CombustivelID) VALUES (5.490, 'R$ / litro', '2023-05-09', '04850382000101', (SELECT ID_Combustivel FROM COMBUSTIVEL WHERE Nome = 'GASOLINA ADITIVADA'));
INSERT INTO PRECO_COLETADO (Preco, UnidadeMedida, DataColeta, PostoCNPJ, CombustivelID) VALUES (5.490, 'R$ / litro', '2023-05-15', '04850382000101', (SELECT ID_Combustivel FROM COMBUSTIVEL WHERE Nome = 'GASOLINA ADITIVADA'));
INSERT INTO PRECO_COLETADO (Preco, UnidadeMedida, DataColeta, PostoCNPJ, CombustivelID) VALUES (5.260, 'R$ / litro', '2023-05-29', '04850382000101', (SELECT ID_Combustivel FROM COMBUSTIVEL WHERE Nome = 'GASOLINA ADITIVADA'));
INSERT INTO PRECO_COLETADO (Preco, UnidadeMedida, DataColeta, PostoCNPJ, CombustivelID) VALUES (5.690, 'R$ / litro', '2023-06-05', '04850382000101', (SELECT ID_Combustivel FROM COMBUSTIVEL WHERE Nome = 'GASOLINA ADITIVADA'));
INSERT INTO PRECO_COLETADO (Preco, UnidadeMedida, DataColeta, PostoCNPJ, CombustivelID) VALUES (5.590, 'R$ / litro', '2023-06-13', '04850382000101', (SELECT ID_Combustivel FROM COMBUSTIVEL WHERE Nome = 'GASOLINA ADITIVADA'));
INSERT INTO PRECO_COLETADO (Preco, UnidadeMedida, DataColeta, PostoCNPJ, CombustivelID) VALUES (5.490, 'R$ / litro', '2023-06-20', '04850382000101', (SELECT ID_Combustivel FROM COMBUSTIVEL WHERE Nome = 'GASOLINA ADITIVADA'));
INSERT INTO PRECO_COLETADO (Preco, UnidadeMedida, DataColeta, PostoCNPJ, CombustivelID) VALUES (5.490, 'R$ / litro', '2023-06-27', '04850382000101', (SELECT ID_Combustivel FROM COMBUSTIVEL WHERE Nome = 'GASOLINA ADITIVADA'));
INSERT INTO PRECO_COLETADO (Preco, UnidadeMedida, DataColeta, PostoCNPJ, CombustivelID) VALUES (5.990, 'R$ / litro', '2023-07-04', '04850382000101', (SELECT ID_Combustivel FROM COMBUSTIVEL WHERE Nome = 'GASOLINA ADITIVADA'));
INSERT INTO PRECO_COLETADO (Preco, UnidadeMedida, DataColeta, PostoCNPJ, CombustivelID) VALUES (5.890, 'R$ / litro', '2023-07-10', '04850382000101', (SELECT ID_Combustivel FROM COMBUSTIVEL WHERE Nome = 'GASOLINA ADITIVADA'));
INSERT INTO PRECO_COLETADO (Preco, UnidadeMedida, DataColeta, PostoCNPJ, CombustivelID) VALUES (5.890, 'R$ / litro', '2023-07-17', '04850382000101', (SELECT ID_Combustivel FROM COMBUSTIVEL WHERE Nome = 'GASOLINA ADITIVADA'));
INSERT INTO PRECO_COLETADO (Preco, UnidadeMedida, DataColeta, PostoCNPJ, CombustivelID) VALUES (5.690, 'R$ / litro', '2023-07-24', '04850382000101', (SELECT ID_Combustivel FROM COMBUSTIVEL WHERE Nome = 'GASOLINA ADITIVADA'));
INSERT INTO PRECO_COLETADO (Preco, UnidadeMedida, DataColeta, PostoCNPJ, CombustivelID) VALUES (5.590, 'R$ / litro', '2023-07-31', '04850382000101', (SELECT ID_Combustivel FROM COMBUSTIVEL WHERE Nome = 'GASOLINA ADITIVADA'));
INSERT INTO PRECO_COLETADO (Preco, UnidadeMedida, DataColeta, PostoCNPJ, CombustivelID) VALUES (5.490, 'R$ / litro', '2023-08-07', '04850382000101', (SELECT ID_Combustivel FROM COMBUSTIVEL WHERE Nome = 'GASOLINA ADITIVADA'));
INSERT INTO PRECO_COLETADO (Preco, UnidadeMedida, DataColeta, PostoCNPJ, CombustivelID) VALUES (5.430, 'R$ / litro', '2023-08-15', '04850382000101', (SELECT ID_Combustivel FROM COMBUSTIVEL WHERE Nome = 'GASOLINA ADITIVADA'));
INSERT INTO PRECO_COLETADO (Preco, UnidadeMedida, DataColeta, PostoCNPJ, CombustivelID) VALUES (5.690, 'R$ / litro', '2023-08-21', '04850382000101', (SELECT ID_Combustivel FROM COMBUSTIVEL WHERE Nome = 'GASOLINA ADITIVADA'));
INSERT INTO PRECO_COLETADO (Preco, UnidadeMedida, DataColeta, PostoCNPJ, CombustivelID) VALUES (5.590, 'R$ / litro', '2023-08-30', '04850382000101', (SELECT ID_Combustivel FROM COMBUSTIVEL WHERE Nome = 'GASOLINA ADITIVADA'));
INSERT INTO PRECO_COLETADO (Preco, UnidadeMedida, DataColeta, PostoCNPJ, CombustivelID) VALUES (5.590, 'R$ / litro', '2023-09-07', '04850382000101', (SELECT ID_Combustivel FROM COMBUSTIVEL WHERE Nome = 'GASOLINA ADITIVADA'));
INSERT INTO PRECO_COLETADO (Preco, UnidadeMedida, DataColeta, PostoCNPJ, CombustivelID) VALUES (5.590, 'R$ / litro', '2023-09-12', '04850382000101', (SELECT ID_Combustivel FROM COMBUSTIVEL WHERE Nome = 'GASOLINA ADITIVADA'));
INSERT INTO PRECO_COLETADO (Preco, UnidadeMedida, DataColeta, PostoCNPJ, CombustivelID) VALUES (5.590, 'R$ / litro', '2023-09-19', '04850382000101', (SELECT ID_Combustivel FROM COMBUSTIVEL WHERE Nome = 'GASOLINA ADITIVADA'));
INSERT INTO PRECO_COLETADO (Preco, UnidadeMedida, DataColeta, PostoCNPJ, CombustivelID) VALUES (5.990, 'R$ / litro', '2023-09-26', '04850382000101', (SELECT ID_Combustivel FROM COMBUSTIVEL WHERE Nome = 'GASOLINA ADITIVADA'));
INSERT INTO PRECO_COLETADO (Preco, UnidadeMedida, DataColeta, PostoCNPJ, CombustivelID) VALUES (5.740, 'R$ / litro', '2023-10-03', '04850382000101', (SELECT ID_Combustivel FROM COMBUSTIVEL WHERE Nome = 'GASOLINA ADITIVADA'));
INSERT INTO PRECO_COLETADO (Preco, UnidadeMedida, DataColeta, PostoCNPJ, CombustivelID) VALUES (5.720, 'R$ / litro', '2023-10-10', '04850382000101', (SELECT ID_Combustivel FROM COMBUSTIVEL WHERE Nome = 'GASOLINA ADITIVADA'));
INSERT INTO PRECO_COLETADO (Preco, UnidadeMedida, DataColeta, PostoCNPJ, CombustivelID) VALUES (5.690, 'R$ / litro', '2023-10-16', '04850382000101', (SELECT ID_Combustivel FROM COMBUSTIVEL WHERE Nome = 'GASOLINA ADITIVADA'));
INSERT INTO PRECO_COLETADO (Preco, UnidadeMedida, DataColeta, PostoCNPJ, CombustivelID) VALUES (5.540, 'R$ / litro', '2023-10-24', '04850382000101', (SELECT ID_Combustivel FROM COMBUSTIVEL WHERE Nome = 'GASOLINA ADITIVADA'));
INSERT INTO PRECO_COLETADO (Preco, UnidadeMedida, DataColeta, PostoCNPJ, CombustivelID) VALUES (5.540, 'R$ / litro', '2023-10-31', '04850382000101', (SELECT ID_Combustivel FROM COMBUSTIVEL WHERE Nome = 'GASOLINA ADITIVADA'));
INSERT INTO PRECO_COLETADO (Preco, UnidadeMedida, DataColeta, PostoCNPJ, CombustivelID) VALUES (5.540, 'R$ / litro', '2023-11-07', '04850382000101', (SELECT ID_Combustivel FROM COMBUSTIVEL WHERE Nome = 'GASOLINA ADITIVADA'));
INSERT INTO PRECO_COLETADO (Preco, UnidadeMedida, DataColeta, PostoCNPJ, CombustivelID) VALUES (5.540, 'R$ / litro', '2023-11-14', '04850382000101', (SELECT ID_Combustivel FROM COMBUSTIVEL WHERE Nome = 'GASOLINA ADITIVADA'));
INSERT INTO PRECO_COLETADO (Preco, UnidadeMedida, DataColeta, PostoCNPJ, CombustivelID) VALUES (5.740, 'R$ / litro', '2023-11-21', '04850382000101', (SELECT ID_Combustivel FROM COMBUSTIVEL WHERE Nome = 'GASOLINA ADITIVADA'));
INSERT INTO PRECO_COLETADO (Preco, UnidadeMedida, DataColeta, PostoCNPJ, CombustivelID) VALUES (5.640, 'R$ / litro', '2023-11-28', '04850382000101', (SELECT ID_Combustivel FROM COMBUSTIVEL WHERE Nome = 'GASOLINA ADITIVADA'));
INSERT INTO PRECO_COLETADO (Preco, UnidadeMedida, DataColeta, PostoCNPJ, CombustivelID) VALUES (5.640, 'R$ / litro', '2023-12-06', '04850382000101', (SELECT ID_Combustivel FROM COMBUSTIVEL WHERE Nome = 'GASOLINA ADITIVADA'));
INSERT INTO PRECO_COLETADO (Preco, UnidadeMedida, DataColeta, PostoCNPJ, CombustivelID) VALUES (5.540, 'R$ / litro', '2023-12-13', '04850382000101', (SELECT ID_Combustivel FROM COMBUSTIVEL WHERE Nome = 'GASOLINA ADITIVADA'));
INSERT INTO PRECO_COLETADO (Preco, UnidadeMedida, DataColeta, PostoCNPJ, CombustivelID) VALUES (5.430, 'R$ / litro', '2023-12-20', '04850382000101', (SELECT ID_Combustivel FROM COMBUSTIVEL WHERE Nome = 'GASOLINA ADITIVADA'));
INSERT INTO PRECO_COLETADO (Preco, UnidadeMedida, DataColeta, PostoCNPJ, CombustivelID) VALUES (5.430, 'R$ / litro', '2023-12-26', '04850382000101', (SELECT ID_Combustivel FROM COMBUSTIVEL WHERE Nome = 'GASOLINA ADITIVADA'));
INSERT INTO PRECO_COLETADO (Preco, UnidadeMedida, DataColeta, PostoCNPJ, CombustivelID) VALUES (5.490, 'R$ / litro', '2024-01-03', '04850382000101', (SELECT ID_Combustivel FROM COMBUSTIVEL WHERE Nome = 'GASOLINA ADITIVADA'));
INSERT INTO PRECO_COLETADO (Preco, UnidadeMedida, DataColeta, PostoCNPJ, CombustivelID) VALUES (5.490, 'R$ / litro', '2024-01-08', '04850382000101', (SELECT ID_Combustivel FROM COMBUSTIVEL WHERE Nome = 'GASOLINA ADITIVADA'));
INSERT INTO PRECO_COLETADO (Preco, UnidadeMedida, DataColeta, PostoCNPJ, CombustivelID) VALUES (5.490, 'R$ / litro', '2024-01-15', '04850382000101', (SELECT ID_Combustivel FROM COMBUSTIVEL WHERE Nome = 'GASOLINA ADITIVADA'));
INSERT INTO PRECO_COLETADO (Preco, UnidadeMedida, DataColeta, PostoCNPJ, CombustivelID) VALUES (5.390, 'R$ / litro', '2024-01-22', '04850382000101', (SELECT ID_Combustivel FROM COMBUSTIVEL WHERE Nome = 'GASOLINA ADITIVADA'));
INSERT INTO PRECO_COLETADO (Preco, UnidadeMedida, DataColeta, PostoCNPJ, CombustivelID) VALUES (5.390, 'R$ / litro', '2024-01-29', '04850382000101', (SELECT ID_Combustivel FROM COMBUSTIVEL WHERE Nome = 'GASOLINA ADITIVADA'));
INSERT INTO PRECO_COLETADO (Preco, UnidadeMedida, DataColeta, PostoCNPJ, CombustivelID) VALUES (5.890, 'R$ / litro', '2024-02-05', '04850382000101', (SELECT ID_Combustivel FROM COMBUSTIVEL WHERE Nome = 'GASOLINA ADITIVADA'));
INSERT INTO PRECO_COLETADO (Preco, UnidadeMedida, DataColeta, PostoCNPJ, CombustivelID) VALUES (5.680, 'R$ / litro', '2024-02-12', '04850382000101', (SELECT ID_Combustivel FROM COMBUSTIVEL WHERE Nome = 'GASOLINA ADITIVADA'));
INSERT INTO PRECO_COLETADO (Preco, UnidadeMedida, DataColeta, PostoCNPJ, CombustivelID) VALUES (5.770, 'R$ / litro', '2024-02-19', '04850382000101', (SELECT ID_Combustivel FROM COMBUSTIVEL WHERE Nome = 'GASOLINA ADITIVADA'));
INSERT INTO PRECO_COLETADO (Preco, UnidadeMedida, DataColeta, PostoCNPJ, CombustivelID) VALUES (5.590, 'R$ / litro', '2024-02-26', '04850382000101', (SELECT ID_Combustivel FROM COMBUSTIVEL WHERE Nome = 'GASOLINA ADITIVADA'));
INSERT INTO PRECO_COLETADO (Preco, UnidadeMedida, DataColeta, PostoCNPJ, CombustivelID) VALUES (5.590, 'R$ / litro', '2024-03-04', '04850382000101', (SELECT ID_Combustivel FROM COMBUSTIVEL WHERE Nome = 'GASOLINA ADITIVADA'));
INSERT INTO PRECO_COLETADO (Preco, UnidadeMedida, DataColeta, PostoCNPJ, CombustivelID) VALUES (5.790, 'R$ / litro', '2024-03-11', '04850382000101', (SELECT ID_Combustivel FROM COMBUSTIVEL WHERE Nome = 'GASOLINA ADITIVADA'));
INSERT INTO PRECO_COLETADO (Preco, UnidadeMedida, DataColeta, PostoCNPJ, CombustivelID) VALUES (5.790, 'R$ / litro', '2024-03-18', '04850382000101', (SELECT ID_Combustivel FROM COMBUSTIVEL WHERE Nome = 'GASOLINA ADITIVADA'));
INSERT INTO PRECO_COLETADO (Preco, UnidadeMedida, DataColeta, PostoCNPJ, CombustivelID) VALUES (5.790, 'R$ / litro', '2024-03-25', '04850382000101', (SELECT ID_Combustivel FROM COMBUSTIVEL WHERE Nome = 'GASOLINA ADITIVADA'));
INSERT INTO PRECO_COLETADO (Preco, UnidadeMedida, DataColeta, PostoCNPJ, CombustivelID) VALUES (5.660, 'R$ / litro', '2024-04-02', '04850382000101', (SELECT ID_Combustivel FROM COMBUSTIVEL WHERE Nome = 'GASOLINA ADITIVADA'));
INSERT INTO PRECO_COLETADO (Preco, UnidadeMedida, DataColeta, PostoCNPJ, CombustivelID) VALUES (5.660, 'R$ / litro', '2024-04-08', '04850382000101', (SELECT ID_Combustivel FROM COMBUSTIVEL WHERE Nome = 'GASOLINA ADITIVADA'));
INSERT INTO PRECO_COLETADO (Preco, UnidadeMedida, DataColeta, PostoCNPJ, CombustivelID) VALUES (5.660, 'R$ / litro', '2024-04-15', '04850382000101', (SELECT ID_Combustivel FROM COMBUSTIVEL WHERE Nome = 'GASOLINA ADITIVADA'));
INSERT INTO PRECO_COLETADO (Preco, UnidadeMedida, DataColeta, PostoCNPJ, CombustivelID) VALUES (5.660, 'R$ / litro', '2024-04-22', '04850382000101', (SELECT ID_Combustivel FROM COMBUSTIVEL WHERE Nome = 'GASOLINA ADITIVADA'));
INSERT INTO PRECO_COLETADO (Preco, UnidadeMedida, DataColeta, PostoCNPJ, CombustivelID) VALUES (6.090, 'R$ / litro', '2024-04-29', '04850382000101', (SELECT ID_Combustivel FROM COMBUSTIVEL WHERE Nome = 'GASOLINA ADITIVADA'));
INSERT INTO PRECO_COLETADO (Preco, UnidadeMedida, DataColeta, PostoCNPJ, CombustivelID) VALUES (6.090, 'R$ / litro', '2024-05-13', '04850382000101', (SELECT ID_Combustivel FROM COMBUSTIVEL WHERE Nome = 'GASOLINA ADITIVADA'));
INSERT INTO PRECO_COLETADO (Preco, UnidadeMedida, DataColeta, PostoCNPJ, CombustivelID) VALUES (5.990, 'R$ / litro', '2024-05-20', '04850382000101', (SELECT ID_Combustivel FROM COMBUSTIVEL WHERE Nome = 'GASOLINA ADITIVADA'));
INSERT INTO PRECO_COLETADO (Preco, UnidadeMedida, DataColeta, PostoCNPJ, CombustivelID) VALUES (5.990, 'R$ / litro', '2024-05-27', '04850382000101', (SELECT ID_Combustivel FROM COMBUSTIVEL WHERE Nome = 'GASOLINA ADITIVADA'));
INSERT INTO PRECO_COLETADO (Preco, UnidadeMedida, DataColeta, PostoCNPJ, CombustivelID) VALUES (5.990, 'R$ / litro', '2024-06-03', '04850382000101', (SELECT ID_Combustivel FROM COMBUSTIVEL WHERE Nome = 'GASOLINA ADITIVADA'));
INSERT INTO PRECO_COLETADO (Preco, UnidadeMedida, DataColeta, PostoCNPJ, CombustivelID) VALUES (5.990, 'R$ / litro', '2024-06-17', '04850382000101', (SELECT ID_Combustivel FROM COMBUSTIVEL WHERE Nome = 'GASOLINA ADITIVADA'));
INSERT INTO PRECO_COLETADO (Preco, UnidadeMedida, DataColeta, PostoCNPJ, CombustivelID) VALUES (5.990, 'R$ / litro', '2024-06-24', '04850382000101', (SELECT ID_Combustivel FROM COMBUSTIVEL WHERE Nome = 'GASOLINA ADITIVADA'));
INSERT INTO PRECO_COLETADO (Preco, UnidadeMedida, DataColeta, PostoCNPJ, CombustivelID) VALUES (5.990, 'R$ / litro', '2024-07-01', '04850382000101', (SELECT ID_Combustivel FROM COMBUSTIVEL WHERE Nome = 'GASOLINA ADITIVADA'));
INSERT INTO PRECO_COLETADO (Preco, UnidadeMedida, DataColeta, PostoCNPJ, CombustivelID) VALUES (6.190, 'R$ / litro', '2024-07-09', '04850382000101', (SELECT ID_Combustivel FROM COMBUSTIVEL WHERE Nome = 'GASOLINA ADITIVADA'));
INSERT INTO PRECO_COLETADO (Preco, UnidadeMedida, DataColeta, PostoCNPJ, CombustivelID) VALUES (6.350, 'R$ / litro', '2024-07-16', '04850382000101', (SELECT ID_Combustivel FROM COMBUSTIVEL WHERE Nome = 'GASOLINA ADITIVADA'));
INSERT INTO PRECO_COLETADO (Preco, UnidadeMedida, DataColeta, PostoCNPJ, CombustivelID) VALUES (6.350, 'R$ / litro', '2024-07-22', '04850382000101', (SELECT ID_Combustivel FROM COMBUSTIVEL WHERE Nome = 'GASOLINA ADITIVADA'));
INSERT INTO PRECO_COLETADO (Preco, UnidadeMedida, DataColeta, PostoCNPJ, CombustivelID) VALUES (6.350, 'R$ / litro', '2024-07-29', '04850382000101', (SELECT ID_Combustivel FROM COMBUSTIVEL WHERE Nome = 'GASOLINA ADITIVADA'));
INSERT INTO PRECO_COLETADO (Preco, UnidadeMedida, DataColeta, PostoCNPJ, CombustivelID) VALUES (6.290, 'R$ / litro', '2024-08-05', '04850382000101', (SELECT ID_Combustivel FROM COMBUSTIVEL WHERE Nome = 'GASOLINA ADITIVADA'));
INSERT INTO PRECO_COLETADO (Preco, UnidadeMedida, DataColeta, PostoCNPJ, CombustivelID) VALUES (6.290, 'R$ / litro', '2024-08-12', '04850382000101', (SELECT ID_Combustivel FROM COMBUSTIVEL WHERE Nome = 'GASOLINA ADITIVADA'));
INSERT INTO PRECO_COLETADO (Preco, UnidadeMedida, DataColeta, PostoCNPJ, CombustivelID) VALUES (6.290, 'R$ / litro', '2024-08-20', '04850382000101', (SELECT ID_Combustivel FROM COMBUSTIVEL WHERE Nome = 'GASOLINA ADITIVADA'));
INSERT INTO PRECO_COLETADO (Preco, UnidadeMedida, DataColeta, PostoCNPJ, CombustivelID) VALUES (6.290, 'R$ / litro', '2024-08-26', '04850382000101', (SELECT ID_Combustivel FROM COMBUSTIVEL WHERE Nome = 'GASOLINA ADITIVADA'));
INSERT INTO PRECO_COLETADO (Preco, UnidadeMedida, DataColeta, PostoCNPJ, CombustivelID) VALUES (6.290, 'R$ / litro', '2024-09-02', '04850382000101', (SELECT ID_Combustivel FROM COMBUSTIVEL WHERE Nome = 'GASOLINA ADITIVADA'));
INSERT INTO PRECO_COLETADO (Preco, UnidadeMedida, DataColeta, PostoCNPJ, CombustivelID) VALUES (5.590, 'R$ / litro', '2022-08-02', '04850382000101', (SELECT ID_Combustivel FROM COMBUSTIVEL WHERE Nome = 'GASOLINA COMUM'));
INSERT INTO PRECO_COLETADO (Preco, UnidadeMedida, DataColeta, PostoCNPJ, CombustivelID) VALUES (5.510, 'R$ / litro', '2022-08-08', '04850382000101', (SELECT ID_Combustivel FROM COMBUSTIVEL WHERE Nome = 'GASOLINA COMUM'));
INSERT INTO PRECO_COLETADO (Preco, UnidadeMedida, DataColeta, PostoCNPJ, CombustivelID) VALUES (5.490, 'R$ / litro', '2022-08-15', '04850382000101', (SELECT ID_Combustivel FROM COMBUSTIVEL WHERE Nome = 'GASOLINA COMUM'));
INSERT INTO PRECO_COLETADO (Preco, UnidadeMedida, DataColeta, PostoCNPJ, CombustivelID) VALUES (5.290, 'R$ / litro', '2022-08-23', '04850382000101', (SELECT ID_Combustivel FROM COMBUSTIVEL WHERE Nome = 'GASOLINA COMUM'));
INSERT INTO PRECO_COLETADO (Preco, UnidadeMedida, DataColeta, PostoCNPJ, CombustivelID) VALUES (5.190, 'R$ / litro', '2022-09-01', '04850382000101', (SELECT ID_Combustivel FROM COMBUSTIVEL WHERE Nome = 'GASOLINA COMUM'));
INSERT INTO PRECO_COLETADO (Preco, UnidadeMedida, DataColeta, PostoCNPJ, CombustivelID) VALUES (5.090, 'R$ / litro', '2022-09-05', '04850382000101', (SELECT ID_Combustivel FROM COMBUSTIVEL WHERE Nome = 'GASOLINA COMUM'));
INSERT INTO PRECO_COLETADO (Preco, UnidadeMedida, DataColeta, PostoCNPJ, CombustivelID) VALUES (4.990, 'R$ / litro', '2022-09-13', '04850382000101', (SELECT ID_Combustivel FROM COMBUSTIVEL WHERE Nome = 'GASOLINA COMUM'));
INSERT INTO PRECO_COLETADO (Preco, UnidadeMedida, DataColeta, PostoCNPJ, CombustivelID) VALUES (4.790, 'R$ / litro', '2022-10-24', '04850382000101', (SELECT ID_Combustivel FROM COMBUSTIVEL WHERE Nome = 'GASOLINA COMUM'));
INSERT INTO PRECO_COLETADO (Preco, UnidadeMedida, DataColeta, PostoCNPJ, CombustivelID) VALUES (4.790, 'R$ / litro', '2022-10-31', '04850382000101', (SELECT ID_Combustivel FROM COMBUSTIVEL WHERE Nome = 'GASOLINA COMUM'));
INSERT INTO PRECO_COLETADO (Preco, UnidadeMedida, DataColeta, PostoCNPJ, CombustivelID) VALUES (4.990, 'R$ / litro', '2022-11-14', '04850382000101', (SELECT ID_Combustivel FROM COMBUSTIVEL WHERE Nome = 'GASOLINA COMUM'));
INSERT INTO PRECO_COLETADO (Preco, UnidadeMedida, DataColeta, PostoCNPJ, CombustivelID) VALUES (4.990, 'R$ / litro', '2022-11-22', '04850382000101', (SELECT ID_Combustivel FROM COMBUSTIVEL WHERE Nome = 'GASOLINA COMUM'));
INSERT INTO PRECO_COLETADO (Preco, UnidadeMedida, DataColeta, PostoCNPJ, CombustivelID) VALUES (4.990, 'R$ / litro', '2022-12-05', '04850382000101', (SELECT ID_Combustivel FROM COMBUSTIVEL WHERE Nome = 'GASOLINA COMUM'));
INSERT INTO PRECO_COLETADO (Preco, UnidadeMedida, DataColeta, PostoCNPJ, CombustivelID) VALUES (4.990, 'R$ / litro', '2022-12-12', '04850382000101', (SELECT ID_Combustivel FROM COMBUSTIVEL WHERE Nome = 'GASOLINA COMUM'));
INSERT INTO PRECO_COLETADO (Preco, UnidadeMedida, DataColeta, PostoCNPJ, CombustivelID) VALUES (4.880, 'R$ / litro', '2022-12-22', '04850382000101', (SELECT ID_Combustivel FROM COMBUSTIVEL WHERE Nome = 'GASOLINA COMUM'));
INSERT INTO PRECO_COLETADO (Preco, UnidadeMedida, DataColeta, PostoCNPJ, CombustivelID) VALUES (4.880, 'R$ / litro', '2022-12-26', '04850382000101', (SELECT ID_Combustivel FROM COMBUSTIVEL WHERE Nome = 'GASOLINA COMUM'));
INSERT INTO PRECO_COLETADO (Preco, UnidadeMedida, DataColeta, PostoCNPJ, CombustivelID) VALUES (4.880, 'R$ / litro', '2023-01-03', '04850382000101', (SELECT ID_Combustivel FROM COMBUSTIVEL WHERE Nome = 'GASOLINA COMUM'));
INSERT INTO PRECO_COLETADO (Preco, UnidadeMedida, DataColeta, PostoCNPJ, CombustivelID) VALUES (4.980, 'R$ / litro', '2023-01-09', '04850382000101', (SELECT ID_Combustivel FROM COMBUSTIVEL WHERE Nome = 'GASOLINA COMUM'));
INSERT INTO PRECO_COLETADO (Preco, UnidadeMedida, DataColeta, PostoCNPJ, CombustivelID) VALUES (4.890, 'R$ / litro', '2023-01-16', '04850382000101', (SELECT ID_Combustivel FROM COMBUSTIVEL WHERE Nome = 'GASOLINA COMUM'));
INSERT INTO PRECO_COLETADO (Preco, UnidadeMedida, DataColeta, PostoCNPJ, CombustivelID) VALUES (4.890, 'R$ / litro', '2023-01-23', '04850382000101', (SELECT ID_Combustivel FROM COMBUSTIVEL WHERE Nome = 'GASOLINA COMUM'));
INSERT INTO PRECO_COLETADO (Preco, UnidadeMedida, DataColeta, PostoCNPJ, CombustivelID) VALUES (5.090, 'R$ / litro', '2023-01-30', '04850382000101', (SELECT ID_Combustivel FROM COMBUSTIVEL WHERE Nome = 'GASOLINA COMUM'));
INSERT INTO PRECO_COLETADO (Preco, UnidadeMedida, DataColeta, PostoCNPJ, CombustivelID) VALUES (4.950, 'R$ / litro', '2023-02-06', '04850382000101', (SELECT ID_Combustivel FROM COMBUSTIVEL WHERE Nome = 'GASOLINA COMUM'));
INSERT INTO PRECO_COLETADO (Preco, UnidadeMedida, DataColeta, PostoCNPJ, CombustivelID) VALUES (4.950, 'R$ / litro', '2023-02-13', '04850382000101', (SELECT ID_Combustivel FROM COMBUSTIVEL WHERE Nome = 'GASOLINA COMUM'));
INSERT INTO PRECO_COLETADO (Preco, UnidadeMedida, DataColeta, PostoCNPJ, CombustivelID) VALUES (4.950, 'R$ / litro', '2023-02-20', '04850382000101', (SELECT ID_Combustivel FROM COMBUSTIVEL WHERE Nome = 'GASOLINA COMUM'));
INSERT INTO PRECO_COLETADO (Preco, UnidadeMedida, DataColeta, PostoCNPJ, CombustivelID) VALUES (4.990, 'R$ / litro', '2023-02-27', '04850382000101', (SELECT ID_Combustivel FROM COMBUSTIVEL WHERE Nome = 'GASOLINA COMUM'));
INSERT INTO PRECO_COLETADO (Preco, UnidadeMedida, DataColeta, PostoCNPJ, CombustivelID) VALUES (5.490, 'R$ / litro', '2023-03-06', '04850382000101', (SELECT ID_Combustivel FROM COMBUSTIVEL WHERE Nome = 'GASOLINA COMUM'));
INSERT INTO PRECO_COLETADO (Preco, UnidadeMedida, DataColeta, PostoCNPJ, CombustivelID) VALUES (5.490, 'R$ / litro', '2023-03-16', '04850382000101', (SELECT ID_Combustivel FROM COMBUSTIVEL WHERE Nome = 'GASOLINA COMUM'));
INSERT INTO PRECO_COLETADO (Preco, UnidadeMedida, DataColeta, PostoCNPJ, CombustivelID) VALUES (5.390, 'R$ / litro', '2023-03-21', '04850382000101', (SELECT ID_Combustivel FROM COMBUSTIVEL WHERE Nome = 'GASOLINA COMUM'));
INSERT INTO PRECO_COLETADO (Preco, UnidadeMedida, DataColeta, PostoCNPJ, CombustivelID) VALUES (5.350, 'R$ / litro', '2023-03-27', '04850382000101', (SELECT ID_Combustivel FROM COMBUSTIVEL WHERE Nome = 'GASOLINA COMUM'));
INSERT INTO PRECO_COLETADO (Preco, UnidadeMedida, DataColeta, PostoCNPJ, CombustivelID) VALUES (5.290, 'R$ / litro', '2023-04-05', '04850382000101', (SELECT ID_Combustivel FROM COMBUSTIVEL WHERE Nome = 'GASOLINA COMUM'));
INSERT INTO PRECO_COLETADO (Preco, UnidadeMedida, DataColeta, PostoCNPJ, CombustivelID) VALUES (5.290, 'R$ / litro', '2023-04-10', '04850382000101', (SELECT ID_Combustivel FROM COMBUSTIVEL WHERE Nome = 'GASOLINA COMUM'));
INSERT INTO PRECO_COLETADO (Preco, UnidadeMedida, DataColeta, PostoCNPJ, CombustivelID) VALUES (5.390, 'R$ / litro', '2023-04-17', '04850382000101', (SELECT ID_Combustivel FROM COMBUSTIVEL WHERE Nome = 'GASOLINA COMUM'));
INSERT INTO PRECO_COLETADO (Preco, UnidadeMedida, DataColeta, PostoCNPJ, CombustivelID) VALUES (5.290, 'R$ / litro', '2023-04-24', '04850382000101', (SELECT ID_Combustivel FROM COMBUSTIVEL WHERE Nome = 'GASOLINA COMUM'));
INSERT INTO PRECO_COLETADO (Preco, UnidadeMedida, DataColeta, PostoCNPJ, CombustivelID) VALUES (5.290, 'R$ / litro', '2023-05-03', '04850382000101', (SELECT ID_Combustivel FROM COMBUSTIVEL WHERE Nome = 'GASOLINA COMUM'));
INSERT INTO PRECO_COLETADO (Preco, UnidadeMedida, DataColeta, PostoCNPJ, CombustivelID) VALUES (5.290, 'R$ / litro', '2023-05-09', '04850382000101', (SELECT ID_Combustivel FROM COMBUSTIVEL WHERE Nome = 'GASOLINA COMUM'));
INSERT INTO PRECO_COLETADO (Preco, UnidadeMedida, DataColeta, PostoCNPJ, CombustivelID) VALUES (5.290, 'R$ / litro', '2023-05-15', '04850382000101', (SELECT ID_Combustivel FROM COMBUSTIVEL WHERE Nome = 'GASOLINA COMUM'));
INSERT INTO PRECO_COLETADO (Preco, UnidadeMedida, DataColeta, PostoCNPJ, CombustivelID) VALUES (5.060, 'R$ / litro', '2023-05-29', '04850382000101', (SELECT ID_Combustivel FROM COMBUSTIVEL WHERE Nome = 'GASOLINA COMUM'));
INSERT INTO PRECO_COLETADO (Preco, UnidadeMedida, DataColeta, PostoCNPJ, CombustivelID) VALUES (5.490, 'R$ / litro', '2023-06-05', '04850382000101', (SELECT ID_Combustivel FROM COMBUSTIVEL WHERE Nome = 'GASOLINA COMUM'));
INSERT INTO PRECO_COLETADO (Preco, UnidadeMedida, DataColeta, PostoCNPJ, CombustivelID) VALUES (5.390, 'R$ / litro', '2023-06-13', '04850382000101', (SELECT ID_Combustivel FROM COMBUSTIVEL WHERE Nome = 'GASOLINA COMUM'));
INSERT INTO PRECO_COLETADO (Preco, UnidadeMedida, DataColeta, PostoCNPJ, CombustivelID) VALUES (5.290, 'R$ / litro', '2023-06-20', '04850382000101', (SELECT ID_Combustivel FROM COMBUSTIVEL WHERE Nome = 'GASOLINA COMUM'));
INSERT INTO PRECO_COLETADO (Preco, UnidadeMedida, DataColeta, PostoCNPJ, CombustivelID) VALUES (5.290, 'R$ / litro', '2023-06-27', '04850382000101', (SELECT ID_Combustivel FROM COMBUSTIVEL WHERE Nome = 'GASOLINA COMUM'));
INSERT INTO PRECO_COLETADO (Preco, UnidadeMedida, DataColeta, PostoCNPJ, CombustivelID) VALUES (5.790, 'R$ / litro', '2023-07-04', '04850382000101', (SELECT ID_Combustivel FROM COMBUSTIVEL WHERE Nome = 'GASOLINA COMUM'));
INSERT INTO PRECO_COLETADO (Preco, UnidadeMedida, DataColeta, PostoCNPJ, CombustivelID) VALUES (5.690, 'R$ / litro', '2023-07-10', '04850382000101', (SELECT ID_Combustivel FROM COMBUSTIVEL WHERE Nome = 'GASOLINA COMUM'));
INSERT INTO PRECO_COLETADO (Preco, UnidadeMedida, DataColeta, PostoCNPJ, CombustivelID) VALUES (5.690, 'R$ / litro', '2023-07-17', '04850382000101', (SELECT ID_Combustivel FROM COMBUSTIVEL WHERE Nome = 'GASOLINA COMUM'));
INSERT INTO PRECO_COLETADO (Preco, UnidadeMedida, DataColeta, PostoCNPJ, CombustivelID) VALUES (5.490, 'R$ / litro', '2023-07-24', '04850382000101', (SELECT ID_Combustivel FROM COMBUSTIVEL WHERE Nome = 'GASOLINA COMUM'));
INSERT INTO PRECO_COLETADO (Preco, UnidadeMedida, DataColeta, PostoCNPJ, CombustivelID) VALUES (5.390, 'R$ / litro', '2023-07-31', '04850382000101', (SELECT ID_Combustivel FROM COMBUSTIVEL WHERE Nome = 'GASOLINA COMUM'));
INSERT INTO PRECO_COLETADO (Preco, UnidadeMedida, DataColeta, PostoCNPJ, CombustivelID) VALUES (5.290, 'R$ / litro', '2023-08-07', '04850382000101', (SELECT ID_Combustivel FROM COMBUSTIVEL WHERE Nome = 'GASOLINA COMUM'));
INSERT INTO PRECO_COLETADO (Preco, UnidadeMedida, DataColeta, PostoCNPJ, CombustivelID) VALUES (5.230, 'R$ / litro', '2023-08-15', '04850382000101', (SELECT ID_Combustivel FROM COMBUSTIVEL WHERE Nome = 'GASOLINA COMUM'));
INSERT INTO PRECO_COLETADO (Preco, UnidadeMedida, DataColeta, PostoCNPJ, CombustivelID) VALUES (5.490, 'R$ / litro', '2023-08-21', '04850382000101', (SELECT ID_Combustivel FROM COMBUSTIVEL WHERE Nome = 'GASOLINA COMUM'));
INSERT INTO PRECO_COLETADO (Preco, UnidadeMedida, DataColeta, PostoCNPJ, CombustivelID) VALUES (5.390, 'R$ / litro', '2023-08-30', '04850382000101', (SELECT ID_Combustivel FROM COMBUSTIVEL WHERE Nome = 'GASOLINA COMUM'));
INSERT INTO PRECO_COLETADO (Preco, UnidadeMedida, DataColeta, PostoCNPJ, CombustivelID) VALUES (5.390, 'R$ / litro', '2023-09-07', '04850382000101', (SELECT ID_Combustivel FROM COMBUSTIVEL WHERE Nome = 'GASOLINA COMUM'));
INSERT INTO PRECO_COLETADO (Preco, UnidadeMedida, DataColeta, PostoCNPJ, CombustivelID) VALUES (5.390, 'R$ / litro', '2023-09-12', '04850382000101', (SELECT ID_Combustivel FROM COMBUSTIVEL WHERE Nome = 'GASOLINA COMUM'));
INSERT INTO PRECO_COLETADO (Preco, UnidadeMedida, DataColeta, PostoCNPJ, CombustivelID) VALUES (5.390, 'R$ / litro', '2023-09-19', '04850382000101', (SELECT ID_Combustivel FROM COMBUSTIVEL WHERE Nome = 'GASOLINA COMUM'));
INSERT INTO PRECO_COLETADO (Preco, UnidadeMedida, DataColeta, PostoCNPJ, CombustivelID) VALUES (5.790, 'R$ / litro', '2023-09-26', '04850382000101', (SELECT ID_Combustivel FROM COMBUSTIVEL WHERE Nome = 'GASOLINA COMUM'));
INSERT INTO PRECO_COLETADO (Preco, UnidadeMedida, DataColeta, PostoCNPJ, CombustivelID) VALUES (5.690, 'R$ / litro', '2023-10-03', '04850382000101', (SELECT ID_Combustivel FROM COMBUSTIVEL WHERE Nome = 'GASOLINA COMUM'));
INSERT INTO PRECO_COLETADO (Preco, UnidadeMedida, DataColeta, PostoCNPJ, CombustivelID) VALUES (5.670, 'R$ / litro', '2023-10-10', '04850382000101', (SELECT ID_Combustivel FROM COMBUSTIVEL WHERE Nome = 'GASOLINA COMUM'));
INSERT INTO PRECO_COLETADO (Preco, UnidadeMedida, DataColeta, PostoCNPJ, CombustivelID) VALUES (5.640, 'R$ / litro', '2023-10-16', '04850382000101', (SELECT ID_Combustivel FROM COMBUSTIVEL WHERE Nome = 'GASOLINA COMUM'));
INSERT INTO PRECO_COLETADO (Preco, UnidadeMedida, DataColeta, PostoCNPJ, CombustivelID) VALUES (5.490, 'R$ / litro', '2023-10-24', '04850382000101', (SELECT ID_Combustivel FROM COMBUSTIVEL WHERE Nome = 'GASOLINA COMUM'));
INSERT INTO PRECO_COLETADO (Preco, UnidadeMedida, DataColeta, PostoCNPJ, CombustivelID) VALUES (5.490, 'R$ / litro', '2023-10-31', '04850382000101', (SELECT ID_Combustivel FROM COMBUSTIVEL WHERE Nome = 'GASOLINA COMUM'));
INSERT INTO PRECO_COLETADO (Preco, UnidadeMedida, DataColeta, PostoCNPJ, CombustivelID) VALUES (5.490, 'R$ / litro', '2023-11-07', '04850382000101', (SELECT ID_Combustivel FROM COMBUSTIVEL WHERE Nome = 'GASOLINA COMUM'));
INSERT INTO PRECO_COLETADO (Preco, UnidadeMedida, DataColeta, PostoCNPJ, CombustivelID) VALUES (5.490, 'R$ / litro', '2023-11-14', '04850382000101', (SELECT ID_Combustivel FROM COMBUSTIVEL WHERE Nome = 'GASOLINA COMUM'));
INSERT INTO PRECO_COLETADO (Preco, UnidadeMedida, DataColeta, PostoCNPJ, CombustivelID) VALUES (5.690, 'R$ / litro', '2023-11-21', '04850382000101', (SELECT ID_Combustivel FROM COMBUSTIVEL WHERE Nome = 'GASOLINA COMUM'));
INSERT INTO PRECO_COLETADO (Preco, UnidadeMedida, DataColeta, PostoCNPJ, CombustivelID) VALUES (5.590, 'R$ / litro', '2023-11-28', '04850382000101', (SELECT ID_Combustivel FROM COMBUSTIVEL WHERE Nome = 'GASOLINA COMUM'));
INSERT INTO PRECO_COLETADO (Preco, UnidadeMedida, DataColeta, PostoCNPJ, CombustivelID) VALUES (5.590, 'R$ / litro', '2023-12-06', '04850382000101', (SELECT ID_Combustivel FROM COMBUSTIVEL WHERE Nome = 'GASOLINA COMUM'));
INSERT INTO PRECO_COLETADO (Preco, UnidadeMedida, DataColeta, PostoCNPJ, CombustivelID) VALUES (5.490, 'R$ / litro', '2023-12-13', '04850382000101', (SELECT ID_Combustivel FROM COMBUSTIVEL WHERE Nome = 'GASOLINA COMUM'));
INSERT INTO PRECO_COLETADO (Preco, UnidadeMedida, DataColeta, PostoCNPJ, CombustivelID) VALUES (5.380, 'R$ / litro', '2023-12-20', '04850382000101', (SELECT ID_Combustivel FROM COMBUSTIVEL WHERE Nome = 'GASOLINA COMUM'));
INSERT INTO PRECO_COLETADO (Preco, UnidadeMedida, DataColeta, PostoCNPJ, CombustivelID) VALUES (5.380, 'R$ / litro', '2023-12-26', '04850382000101', (SELECT ID_Combustivel FROM COMBUSTIVEL WHERE Nome = 'GASOLINA COMUM'));
INSERT INTO PRECO_COLETADO (Preco, UnidadeMedida, DataColeta, PostoCNPJ, CombustivelID) VALUES (5.290, 'R$ / litro', '2024-01-03', '04850382000101', (SELECT ID_Combustivel FROM COMBUSTIVEL WHERE Nome = 'GASOLINA COMUM'));
INSERT INTO PRECO_COLETADO (Preco, UnidadeMedida, DataColeta, PostoCNPJ, CombustivelID) VALUES (5.290, 'R$ / litro', '2024-01-08', '04850382000101', (SELECT ID_Combustivel FROM COMBUSTIVEL WHERE Nome = 'GASOLINA COMUM'));
INSERT INTO PRECO_COLETADO (Preco, UnidadeMedida, DataColeta, PostoCNPJ, CombustivelID) VALUES (5.290, 'R$ / litro', '2024-01-15', '04850382000101', (SELECT ID_Combustivel FROM COMBUSTIVEL WHERE Nome = 'GASOLINA COMUM'));
INSERT INTO PRECO_COLETADO (Preco, UnidadeMedida, DataColeta, PostoCNPJ, CombustivelID) VALUES (5.190, 'R$ / litro', '2024-01-22', '04850382000101', (SELECT ID_Combustivel FROM COMBUSTIVEL WHERE Nome = 'GASOLINA COMUM'));
INSERT INTO PRECO_COLETADO (Preco, UnidadeMedida, DataColeta, PostoCNPJ, CombustivelID) VALUES (5.190, 'R$ / litro', '2024-01-29', '04850382000101', (SELECT ID_Combustivel FROM COMBUSTIVEL WHERE Nome = 'GASOLINA COMUM'));
INSERT INTO PRECO_COLETADO (Preco, UnidadeMedida, DataColeta, PostoCNPJ, CombustivelID) VALUES (5.690, 'R$ / litro', '2024-02-05', '04850382000101', (SELECT ID_Combustivel FROM COMBUSTIVEL WHERE Nome = 'GASOLINA COMUM'));
INSERT INTO PRECO_COLETADO (Preco, UnidadeMedida, DataColeta, PostoCNPJ, CombustivelID) VALUES (5.480, 'R$ / litro', '2024-02-12', '04850382000101', (SELECT ID_Combustivel FROM COMBUSTIVEL WHERE Nome = 'GASOLINA COMUM'));
INSERT INTO PRECO_COLETADO (Preco, UnidadeMedida, DataColeta, PostoCNPJ, CombustivelID) VALUES (5.570, 'R$ / litro', '2024-02-19', '04850382000101', (SELECT ID_Combustivel FROM COMBUSTIVEL WHERE Nome = 'GASOLINA COMUM'));
INSERT INTO PRECO_COLETADO (Preco, UnidadeMedida, DataColeta, PostoCNPJ, CombustivelID) VALUES (5.390, 'R$ / litro', '2024-02-26', '04850382000101', (SELECT ID_Combustivel FROM COMBUSTIVEL WHERE Nome = 'GASOLINA COMUM'));
INSERT INTO PRECO_COLETADO (Preco, UnidadeMedida, DataColeta, PostoCNPJ, CombustivelID) VALUES (5.390, 'R$ / litro', '2024-03-04', '04850382000101', (SELECT ID_Combustivel FROM COMBUSTIVEL WHERE Nome = 'GASOLINA COMUM'));
INSERT INTO PRECO_COLETADO (Preco, UnidadeMedida, DataColeta, PostoCNPJ, CombustivelID) VALUES (5.590, 'R$ / litro', '2024-03-11', '04850382000101', (SELECT ID_Combustivel FROM COMBUSTIVEL WHERE Nome = 'GASOLINA COMUM'));
INSERT INTO PRECO_COLETADO (Preco, UnidadeMedida, DataColeta, PostoCNPJ, CombustivelID) VALUES (5.590, 'R$ / litro', '2024-03-18', '04850382000101', (SELECT ID_Combustivel FROM COMBUSTIVEL WHERE Nome = 'GASOLINA COMUM'));
INSERT INTO PRECO_COLETADO (Preco, UnidadeMedida, DataColeta, PostoCNPJ, CombustivelID) VALUES (5.590, 'R$ / litro', '2024-03-25', '04850382000101', (SELECT ID_Combustivel FROM COMBUSTIVEL WHERE Nome = 'GASOLINA COMUM'));
INSERT INTO PRECO_COLETADO (Preco, UnidadeMedida, DataColeta, PostoCNPJ, CombustivelID) VALUES (5.460, 'R$ / litro', '2024-04-02', '04850382000101', (SELECT ID_Combustivel FROM COMBUSTIVEL WHERE Nome = 'GASOLINA COMUM'));
INSERT INTO PRECO_COLETADO (Preco, UnidadeMedida, DataColeta, PostoCNPJ, CombustivelID) VALUES (5.460, 'R$ / litro', '2024-04-08', '04850382000101', (SELECT ID_Combustivel FROM COMBUSTIVEL WHERE Nome = 'GASOLINA COMUM'));
INSERT INTO PRECO_COLETADO (Preco, UnidadeMedida, DataColeta, PostoCNPJ, CombustivelID) VALUES (5.460, 'R$ / litro', '2024-04-15', '04850382000101', (SELECT ID_Combustivel FROM COMBUSTIVEL WHERE Nome = 'GASOLINA COMUM'));
INSERT INTO PRECO_COLETADO (Preco, UnidadeMedida, DataColeta, PostoCNPJ, CombustivelID) VALUES (5.460, 'R$ / litro', '2024-04-22', '04850382000101', (SELECT ID_Combustivel FROM COMBUSTIVEL WHERE Nome = 'GASOLINA COMUM'));
INSERT INTO PRECO_COLETADO (Preco, UnidadeMedida, DataColeta, PostoCNPJ, CombustivelID) VALUES (5.890, 'R$ / litro', '2024-04-29', '04850382000101', (SELECT ID_Combustivel FROM COMBUSTIVEL WHERE Nome = 'GASOLINA COMUM'));
INSERT INTO PRECO_COLETADO (Preco, UnidadeMedida, DataColeta, PostoCNPJ, CombustivelID) VALUES (5.890, 'R$ / litro', '2024-05-13', '04850382000101', (SELECT ID_Combustivel FROM COMBUSTIVEL WHERE Nome = 'GASOLINA COMUM'));
INSERT INTO PRECO_COLETADO (Preco, UnidadeMedida, DataColeta, PostoCNPJ, CombustivelID) VALUES (5.790, 'R$ / litro', '2024-05-20', '04850382000101', (SELECT ID_Combustivel FROM COMBUSTIVEL WHERE Nome = 'GASOLINA COMUM'));
INSERT INTO PRECO_COLETADO (Preco, UnidadeMedida, DataColeta, PostoCNPJ, CombustivelID) VALUES (5.790, 'R$ / litro', '2024-05-27', '04850382000101', (SELECT ID_Combustivel FROM COMBUSTIVEL WHERE Nome = 'GASOLINA COMUM'));
INSERT INTO PRECO_COLETADO (Preco, UnidadeMedida, DataColeta, PostoCNPJ, CombustivelID) VALUES (5.790, 'R$ / litro', '2024-06-03', '04850382000101', (SELECT ID_Combustivel FROM COMBUSTIVEL WHERE Nome = 'GASOLINA COMUM'));
INSERT INTO PRECO_COLETADO (Preco, UnidadeMedida, DataColeta, PostoCNPJ, CombustivelID) VALUES (5.790, 'R$ / litro', '2024-06-17', '04850382000101', (SELECT ID_Combustivel FROM COMBUSTIVEL WHERE Nome = 'GASOLINA COMUM'));
INSERT INTO PRECO_COLETADO (Preco, UnidadeMedida, DataColeta, PostoCNPJ, CombustivelID) VALUES (5.790, 'R$ / litro', '2024-06-24', '04850382000101', (SELECT ID_Combustivel FROM COMBUSTIVEL WHERE Nome = 'GASOLINA COMUM'));
INSERT INTO PRECO_COLETADO (Preco, UnidadeMedida, DataColeta, PostoCNPJ, CombustivelID) VALUES (5.790, 'R$ / litro', '2024-07-01', '04850382000101', (SELECT ID_Combustivel FROM COMBUSTIVEL WHERE Nome = 'GASOLINA COMUM'));
INSERT INTO PRECO_COLETADO (Preco, UnidadeMedida, DataColeta, PostoCNPJ, CombustivelID) VALUES (5.990, 'R$ / litro', '2024-07-09', '04850382000101', (SELECT ID_Combustivel FROM COMBUSTIVEL WHERE Nome = 'GASOLINA COMUM'));
INSERT INTO PRECO_COLETADO (Preco, UnidadeMedida, DataColeta, PostoCNPJ, CombustivelID) VALUES (6.150, 'R$ / litro', '2024-07-16', '04850382000101', (SELECT ID_Combustivel FROM COMBUSTIVEL WHERE Nome = 'GASOLINA COMUM'));
INSERT INTO PRECO_COLETADO (Preco, UnidadeMedida, DataColeta, PostoCNPJ, CombustivelID) VALUES (6.150, 'R$ / litro', '2024-07-22', '04850382000101', (SELECT ID_Combustivel FROM COMBUSTIVEL WHERE Nome = 'GASOLINA COMUM'));
INSERT INTO PRECO_COLETADO (Preco, UnidadeMedida, DataColeta, PostoCNPJ, CombustivelID) VALUES (6.150, 'R$ / litro', '2024-07-29', '04850382000101', (SELECT ID_Combustivel FROM COMBUSTIVEL WHERE Nome = 'GASOLINA COMUM'));
INSERT INTO PRECO_COLETADO (Preco, UnidadeMedida, DataColeta, PostoCNPJ, CombustivelID) VALUES (6.090, 'R$ / litro', '2024-08-05', '04850382000101', (SELECT ID_Combustivel FROM COMBUSTIVEL WHERE Nome = 'GASOLINA COMUM'));
INSERT INTO PRECO_COLETADO (Preco, UnidadeMedida, DataColeta, PostoCNPJ, CombustivelID) VALUES (6.090, 'R$ / litro', '2024-08-12', '04850382000101', (SELECT ID_Combustivel FROM COMBUSTIVEL WHERE Nome = 'GASOLINA COMUM'));
INSERT INTO PRECO_COLETADO (Preco, UnidadeMedida, DataColeta, PostoCNPJ, CombustivelID) VALUES (6.090, 'R$ / litro', '2024-08-20', '04850382000101', (SELECT ID_Combustivel FROM COMBUSTIVEL WHERE Nome = 'GASOLINA COMUM'));
INSERT INTO PRECO_COLETADO (Preco, UnidadeMedida, DataColeta, PostoCNPJ, CombustivelID) VALUES (6.090, 'R$ / litro', '2024-08-26', '04850382000101', (SELECT ID_Combustivel FROM COMBUSTIVEL WHERE Nome = 'GASOLINA COMUM'));
INSERT INTO PRECO_COLETADO (Preco, UnidadeMedida, DataColeta, PostoCNPJ, CombustivelID) VALUES (6.090, 'R$ / litro', '2024-09-02', '04850382000101', (SELECT ID_Combustivel FROM COMBUSTIVEL WHERE Nome = 'GASOLINA COMUM'));
INSERT INTO POSTO (CNPJ, RazaoSocial, NomeFantasia, Bandeira, Logradouro, Numero, Bairro, Cidade, Estado, CEP) VALUES ('04763356000138', 'POSTO SETE EIRELI', 'POSTO 7', 'IPIRANGA', 'AVENIDA CARLOS LINDENBERG', '1896', 'ARIBIRI', 'VILA VELHA', 'ESPIRITO SANTO', '29120568');
INSERT INTO PRECO_COLETADO (Preco, UnidadeMedida, DataColeta, PostoCNPJ, CombustivelID) VALUES (4.590, 'R$ / litro', '2022-08-03', '04763356000138', (SELECT ID_Combustivel FROM COMBUSTIVEL WHERE Nome = 'ETANOL'));
INSERT INTO PRECO_COLETADO (Preco, UnidadeMedida, DataColeta, PostoCNPJ, CombustivelID) VALUES (4.450, 'R$ / litro', '2022-08-08', '04763356000138', (SELECT ID_Combustivel FROM COMBUSTIVEL WHERE Nome = 'ETANOL'));
INSERT INTO PRECO_COLETADO (Preco, UnidadeMedida, DataColeta, PostoCNPJ, CombustivelID) VALUES (4.380, 'R$ / litro', '2022-08-15', '04763356000138', (SELECT ID_Combustivel FROM COMBUSTIVEL WHERE Nome = 'ETANOL'));
INSERT INTO PRECO_COLETADO (Preco, UnidadeMedida, DataColeta, PostoCNPJ, CombustivelID) VALUES (4.050, 'R$ / litro', '2022-09-01', '04763356000138', (SELECT ID_Combustivel FROM COMBUSTIVEL WHERE Nome = 'ETANOL'));
INSERT INTO PRECO_COLETADO (Preco, UnidadeMedida, DataColeta, PostoCNPJ, CombustivelID) VALUES (3.850, 'R$ / litro', '2022-09-08', '04763356000138', (SELECT ID_Combustivel FROM COMBUSTIVEL WHERE Nome = 'ETANOL'));
INSERT INTO PRECO_COLETADO (Preco, UnidadeMedida, DataColeta, PostoCNPJ, CombustivelID) VALUES (3.850, 'R$ / litro', '2022-09-12', '04763356000138', (SELECT ID_Combustivel FROM COMBUSTIVEL WHERE Nome = 'ETANOL'));
INSERT INTO PRECO_COLETADO (Preco, UnidadeMedida, DataColeta, PostoCNPJ, CombustivelID) VALUES (3.760, 'R$ / litro', '2022-10-24', '04763356000138', (SELECT ID_Combustivel FROM COMBUSTIVEL WHERE Nome = 'ETANOL'));
INSERT INTO PRECO_COLETADO (Preco, UnidadeMedida, DataColeta, PostoCNPJ, CombustivelID) VALUES (3.790, 'R$ / litro', '2022-10-31', '04763356000138', (SELECT ID_Combustivel FROM COMBUSTIVEL WHERE Nome = 'ETANOL'));
INSERT INTO PRECO_COLETADO (Preco, UnidadeMedida, DataColeta, PostoCNPJ, CombustivelID) VALUES (4.070, 'R$ / litro', '2022-11-14', '04763356000138', (SELECT ID_Combustivel FROM COMBUSTIVEL WHERE Nome = 'ETANOL'));
INSERT INTO PRECO_COLETADO (Preco, UnidadeMedida, DataColeta, PostoCNPJ, CombustivelID) VALUES (3.990, 'R$ / litro', '2022-11-22', '04763356000138', (SELECT ID_Combustivel FROM COMBUSTIVEL WHERE Nome = 'ETANOL'));
INSERT INTO PRECO_COLETADO (Preco, UnidadeMedida, DataColeta, PostoCNPJ, CombustivelID) VALUES (3.990, 'R$ / litro', '2022-12-05', '04763356000138', (SELECT ID_Combustivel FROM COMBUSTIVEL WHERE Nome = 'ETANOL'));
INSERT INTO PRECO_COLETADO (Preco, UnidadeMedida, DataColeta, PostoCNPJ, CombustivelID) VALUES (3.990, 'R$ / litro', '2022-12-12', '04763356000138', (SELECT ID_Combustivel FROM COMBUSTIVEL WHERE Nome = 'ETANOL'));
INSERT INTO PRECO_COLETADO (Preco, UnidadeMedida, DataColeta, PostoCNPJ, CombustivelID) VALUES (3.950, 'R$ / litro', '2022-12-22', '04763356000138', (SELECT ID_Combustivel FROM COMBUSTIVEL WHERE Nome = 'ETANOL'));
INSERT INTO PRECO_COLETADO (Preco, UnidadeMedida, DataColeta, PostoCNPJ, CombustivelID) VALUES (3.950, 'R$ / litro', '2022-12-26', '04763356000138', (SELECT ID_Combustivel FROM COMBUSTIVEL WHERE Nome = 'ETANOL'));
INSERT INTO PRECO_COLETADO (Preco, UnidadeMedida, DataColeta, PostoCNPJ, CombustivelID) VALUES (3.950, 'R$ / litro', '2023-01-03', '04763356000138', (SELECT ID_Combustivel FROM COMBUSTIVEL WHERE Nome = 'ETANOL'));
INSERT INTO PRECO_COLETADO (Preco, UnidadeMedida, DataColeta, PostoCNPJ, CombustivelID) VALUES (3.950, 'R$ / litro', '2023-01-09', '04763356000138', (SELECT ID_Combustivel FROM COMBUSTIVEL WHERE Nome = 'ETANOL'));
INSERT INTO PRECO_COLETADO (Preco, UnidadeMedida, DataColeta, PostoCNPJ, CombustivelID) VALUES (3.990, 'R$ / litro', '2023-01-16', '04763356000138', (SELECT ID_Combustivel FROM COMBUSTIVEL WHERE Nome = 'ETANOL'));
INSERT INTO PRECO_COLETADO (Preco, UnidadeMedida, DataColeta, PostoCNPJ, CombustivelID) VALUES (3.990, 'R$ / litro', '2023-01-23', '04763356000138', (SELECT ID_Combustivel FROM COMBUSTIVEL WHERE Nome = 'ETANOL'));
INSERT INTO PRECO_COLETADO (Preco, UnidadeMedida, DataColeta, PostoCNPJ, CombustivelID) VALUES (3.950, 'R$ / litro', '2023-01-30', '04763356000138', (SELECT ID_Combustivel FROM COMBUSTIVEL WHERE Nome = 'ETANOL'));
INSERT INTO PRECO_COLETADO (Preco, UnidadeMedida, DataColeta, PostoCNPJ, CombustivelID) VALUES (3.990, 'R$ / litro', '2023-02-06', '04763356000138', (SELECT ID_Combustivel FROM COMBUSTIVEL WHERE Nome = 'ETANOL'));
INSERT INTO PRECO_COLETADO (Preco, UnidadeMedida, DataColeta, PostoCNPJ, CombustivelID) VALUES (3.990, 'R$ / litro', '2023-02-13', '04763356000138', (SELECT ID_Combustivel FROM COMBUSTIVEL WHERE Nome = 'ETANOL'));
INSERT INTO PRECO_COLETADO (Preco, UnidadeMedida, DataColeta, PostoCNPJ, CombustivelID) VALUES (3.950, 'R$ / litro', '2023-02-27', '04763356000138', (SELECT ID_Combustivel FROM COMBUSTIVEL WHERE Nome = 'ETANOL'));
INSERT INTO PRECO_COLETADO (Preco, UnidadeMedida, DataColeta, PostoCNPJ, CombustivelID) VALUES (3.990, 'R$ / litro', '2023-03-06', '04763356000138', (SELECT ID_Combustivel FROM COMBUSTIVEL WHERE Nome = 'ETANOL'));
INSERT INTO PRECO_COLETADO (Preco, UnidadeMedida, DataColeta, PostoCNPJ, CombustivelID) VALUES (4.050, 'R$ / litro', '2023-03-16', '04763356000138', (SELECT ID_Combustivel FROM COMBUSTIVEL WHERE Nome = 'ETANOL'));
INSERT INTO PRECO_COLETADO (Preco, UnidadeMedida, DataColeta, PostoCNPJ, CombustivelID) VALUES (4.050, 'R$ / litro', '2023-03-27', '04763356000138', (SELECT ID_Combustivel FROM COMBUSTIVEL WHERE Nome = 'ETANOL'));
INSERT INTO PRECO_COLETADO (Preco, UnidadeMedida, DataColeta, PostoCNPJ, CombustivelID) VALUES (4.050, 'R$ / litro', '2023-04-04', '04763356000138', (SELECT ID_Combustivel FROM COMBUSTIVEL WHERE Nome = 'ETANOL'));
INSERT INTO PRECO_COLETADO (Preco, UnidadeMedida, DataColeta, PostoCNPJ, CombustivelID) VALUES (4.050, 'R$ / litro', '2023-04-17', '04763356000138', (SELECT ID_Combustivel FROM COMBUSTIVEL WHERE Nome = 'ETANOL'));
INSERT INTO PRECO_COLETADO (Preco, UnidadeMedida, DataColeta, PostoCNPJ, CombustivelID) VALUES (4.050, 'R$ / litro', '2023-04-24', '04763356000138', (SELECT ID_Combustivel FROM COMBUSTIVEL WHERE Nome = 'ETANOL'));
INSERT INTO PRECO_COLETADO (Preco, UnidadeMedida, DataColeta, PostoCNPJ, CombustivelID) VALUES (4.250, 'R$ / litro', '2023-05-03', '04763356000138', (SELECT ID_Combustivel FROM COMBUSTIVEL WHERE Nome = 'ETANOL'));
INSERT INTO PRECO_COLETADO (Preco, UnidadeMedida, DataColeta, PostoCNPJ, CombustivelID) VALUES (4.250, 'R$ / litro', '2023-05-09', '04763356000138', (SELECT ID_Combustivel FROM COMBUSTIVEL WHERE Nome = 'ETANOL'));
INSERT INTO PRECO_COLETADO (Preco, UnidadeMedida, DataColeta, PostoCNPJ, CombustivelID) VALUES (4.250, 'R$ / litro', '2023-05-15', '04763356000138', (SELECT ID_Combustivel FROM COMBUSTIVEL WHERE Nome = 'ETANOL'));
INSERT INTO PRECO_COLETADO (Preco, UnidadeMedida, DataColeta, PostoCNPJ, CombustivelID) VALUES (4.170, 'R$ / litro', '2023-05-22', '04763356000138', (SELECT ID_Combustivel FROM COMBUSTIVEL WHERE Nome = 'ETANOL'));
INSERT INTO PRECO_COLETADO (Preco, UnidadeMedida, DataColeta, PostoCNPJ, CombustivelID) VALUES (4.020, 'R$ / litro', '2023-05-29', '04763356000138', (SELECT ID_Combustivel FROM COMBUSTIVEL WHERE Nome = 'ETANOL'));
INSERT INTO PRECO_COLETADO (Preco, UnidadeMedida, DataColeta, PostoCNPJ, CombustivelID) VALUES (3.990, 'R$ / litro', '2023-06-05', '04763356000138', (SELECT ID_Combustivel FROM COMBUSTIVEL WHERE Nome = 'ETANOL'));
INSERT INTO PRECO_COLETADO (Preco, UnidadeMedida, DataColeta, PostoCNPJ, CombustivelID) VALUES (3.990, 'R$ / litro', '2023-06-13', '04763356000138', (SELECT ID_Combustivel FROM COMBUSTIVEL WHERE Nome = 'ETANOL'));
INSERT INTO PRECO_COLETADO (Preco, UnidadeMedida, DataColeta, PostoCNPJ, CombustivelID) VALUES (3.990, 'R$ / litro', '2023-06-20', '04763356000138', (SELECT ID_Combustivel FROM COMBUSTIVEL WHERE Nome = 'ETANOL'));
INSERT INTO PRECO_COLETADO (Preco, UnidadeMedida, DataColeta, PostoCNPJ, CombustivelID) VALUES (3.950, 'R$ / litro', '2023-06-27', '04763356000138', (SELECT ID_Combustivel FROM COMBUSTIVEL WHERE Nome = 'ETANOL'));
INSERT INTO PRECO_COLETADO (Preco, UnidadeMedida, DataColeta, PostoCNPJ, CombustivelID) VALUES (3.950, 'R$ / litro', '2023-07-04', '04763356000138', (SELECT ID_Combustivel FROM COMBUSTIVEL WHERE Nome = 'ETANOL'));
INSERT INTO PRECO_COLETADO (Preco, UnidadeMedida, DataColeta, PostoCNPJ, CombustivelID) VALUES (3.950, 'R$ / litro', '2023-07-24', '04763356000138', (SELECT ID_Combustivel FROM COMBUSTIVEL WHERE Nome = 'ETANOL'));
INSERT INTO PRECO_COLETADO (Preco, UnidadeMedida, DataColeta, PostoCNPJ, CombustivelID) VALUES (3.870, 'R$ / litro', '2023-07-31', '04763356000138', (SELECT ID_Combustivel FROM COMBUSTIVEL WHERE Nome = 'ETANOL'));
INSERT INTO PRECO_COLETADO (Preco, UnidadeMedida, DataColeta, PostoCNPJ, CombustivelID) VALUES (3.870, 'R$ / litro', '2023-08-07', '04763356000138', (SELECT ID_Combustivel FROM COMBUSTIVEL WHERE Nome = 'ETANOL'));
INSERT INTO PRECO_COLETADO (Preco, UnidadeMedida, DataColeta, PostoCNPJ, CombustivelID) VALUES (3.870, 'R$ / litro', '2023-08-15', '04763356000138', (SELECT ID_Combustivel FROM COMBUSTIVEL WHERE Nome = 'ETANOL'));
INSERT INTO PRECO_COLETADO (Preco, UnidadeMedida, DataColeta, PostoCNPJ, CombustivelID) VALUES (3.990, 'R$ / litro', '2023-08-21', '04763356000138', (SELECT ID_Combustivel FROM COMBUSTIVEL WHERE Nome = 'ETANOL'));
INSERT INTO PRECO_COLETADO (Preco, UnidadeMedida, DataColeta, PostoCNPJ, CombustivelID) VALUES (3.990, 'R$ / litro', '2023-08-30', '04763356000138', (SELECT ID_Combustivel FROM COMBUSTIVEL WHERE Nome = 'ETANOL'));
INSERT INTO PRECO_COLETADO (Preco, UnidadeMedida, DataColeta, PostoCNPJ, CombustivelID) VALUES (3.950, 'R$ / litro', '2023-09-07', '04763356000138', (SELECT ID_Combustivel FROM COMBUSTIVEL WHERE Nome = 'ETANOL'));
INSERT INTO PRECO_COLETADO (Preco, UnidadeMedida, DataColeta, PostoCNPJ, CombustivelID) VALUES (7.170, 'R$ / litro', '2022-08-03', '04763356000138', (SELECT ID_Combustivel FROM COMBUSTIVEL WHERE Nome = 'DIESEL S10'));
INSERT INTO PRECO_COLETADO (Preco, UnidadeMedida, DataColeta, PostoCNPJ, CombustivelID) VALUES (7.150, 'R$ / litro', '2022-08-08', '04763356000138', (SELECT ID_Combustivel FROM COMBUSTIVEL WHERE Nome = 'DIESEL S10'));
INSERT INTO PRECO_COLETADO (Preco, UnidadeMedida, DataColeta, PostoCNPJ, CombustivelID) VALUES (6.970, 'R$ / litro', '2022-08-15', '04763356000138', (SELECT ID_Combustivel FROM COMBUSTIVEL WHERE Nome = 'DIESEL S10'));
INSERT INTO PRECO_COLETADO (Preco, UnidadeMedida, DataColeta, PostoCNPJ, CombustivelID) VALUES (6.590, 'R$ / litro', '2022-09-01', '04763356000138', (SELECT ID_Combustivel FROM COMBUSTIVEL WHERE Nome = 'DIESEL S10'));
INSERT INTO PRECO_COLETADO (Preco, UnidadeMedida, DataColeta, PostoCNPJ, CombustivelID) VALUES (6.590, 'R$ / litro', '2022-09-08', '04763356000138', (SELECT ID_Combustivel FROM COMBUSTIVEL WHERE Nome = 'DIESEL S10'));
INSERT INTO PRECO_COLETADO (Preco, UnidadeMedida, DataColeta, PostoCNPJ, CombustivelID) VALUES (6.590, 'R$ / litro', '2022-09-12', '04763356000138', (SELECT ID_Combustivel FROM COMBUSTIVEL WHERE Nome = 'DIESEL S10'));
INSERT INTO PRECO_COLETADO (Preco, UnidadeMedida, DataColeta, PostoCNPJ, CombustivelID) VALUES (6.270, 'R$ / litro', '2022-10-24', '04763356000138', (SELECT ID_Combustivel FROM COMBUSTIVEL WHERE Nome = 'DIESEL S10'));
INSERT INTO PRECO_COLETADO (Preco, UnidadeMedida, DataColeta, PostoCNPJ, CombustivelID) VALUES (6.270, 'R$ / litro', '2022-10-31', '04763356000138', (SELECT ID_Combustivel FROM COMBUSTIVEL WHERE Nome = 'DIESEL S10'));
INSERT INTO PRECO_COLETADO (Preco, UnidadeMedida, DataColeta, PostoCNPJ, CombustivelID) VALUES (6.250, 'R$ / litro', '2022-11-14', '04763356000138', (SELECT ID_Combustivel FROM COMBUSTIVEL WHERE Nome = 'DIESEL S10'));
INSERT INTO PRECO_COLETADO (Preco, UnidadeMedida, DataColeta, PostoCNPJ, CombustivelID) VALUES (6.250, 'R$ / litro', '2022-11-22', '04763356000138', (SELECT ID_Combustivel FROM COMBUSTIVEL WHERE Nome = 'DIESEL S10'));
INSERT INTO PRECO_COLETADO (Preco, UnidadeMedida, DataColeta, PostoCNPJ, CombustivelID) VALUES (6.220, 'R$ / litro', '2022-12-05', '04763356000138', (SELECT ID_Combustivel FROM COMBUSTIVEL WHERE Nome = 'DIESEL S10'));
INSERT INTO PRECO_COLETADO (Preco, UnidadeMedida, DataColeta, PostoCNPJ, CombustivelID) VALUES (6.220, 'R$ / litro', '2022-12-12', '04763356000138', (SELECT ID_Combustivel FROM COMBUSTIVEL WHERE Nome = 'DIESEL S10'));
INSERT INTO PRECO_COLETADO (Preco, UnidadeMedida, DataColeta, PostoCNPJ, CombustivelID) VALUES (5.990, 'R$ / litro', '2022-12-22', '04763356000138', (SELECT ID_Combustivel FROM COMBUSTIVEL WHERE Nome = 'DIESEL S10'));
INSERT INTO PRECO_COLETADO (Preco, UnidadeMedida, DataColeta, PostoCNPJ, CombustivelID) VALUES (5.990, 'R$ / litro', '2022-12-26', '04763356000138', (SELECT ID_Combustivel FROM COMBUSTIVEL WHERE Nome = 'DIESEL S10'));
INSERT INTO PRECO_COLETADO (Preco, UnidadeMedida, DataColeta, PostoCNPJ, CombustivelID) VALUES (5.990, 'R$ / litro', '2023-01-03', '04763356000138', (SELECT ID_Combustivel FROM COMBUSTIVEL WHERE Nome = 'DIESEL S10'));
INSERT INTO PRECO_COLETADO (Preco, UnidadeMedida, DataColeta, PostoCNPJ, CombustivelID) VALUES (5.940, 'R$ / litro', '2023-01-09', '04763356000138', (SELECT ID_Combustivel FROM COMBUSTIVEL WHERE Nome = 'DIESEL S10'));
INSERT INTO PRECO_COLETADO (Preco, UnidadeMedida, DataColeta, PostoCNPJ, CombustivelID) VALUES (5.970, 'R$ / litro', '2023-01-16', '04763356000138', (SELECT ID_Combustivel FROM COMBUSTIVEL WHERE Nome = 'DIESEL S10'));
INSERT INTO PRECO_COLETADO (Preco, UnidadeMedida, DataColeta, PostoCNPJ, CombustivelID) VALUES (5.970, 'R$ / litro', '2023-01-23', '04763356000138', (SELECT ID_Combustivel FROM COMBUSTIVEL WHERE Nome = 'DIESEL S10'));
INSERT INTO PRECO_COLETADO (Preco, UnidadeMedida, DataColeta, PostoCNPJ, CombustivelID) VALUES (5.970, 'R$ / litro', '2023-01-30', '04763356000138', (SELECT ID_Combustivel FROM COMBUSTIVEL WHERE Nome = 'DIESEL S10'));
INSERT INTO PRECO_COLETADO (Preco, UnidadeMedida, DataColeta, PostoCNPJ, CombustivelID) VALUES (5.950, 'R$ / litro', '2023-02-06', '04763356000138', (SELECT ID_Combustivel FROM COMBUSTIVEL WHERE Nome = 'DIESEL S10'));
INSERT INTO PRECO_COLETADO (Preco, UnidadeMedida, DataColeta, PostoCNPJ, CombustivelID) VALUES (5.920, 'R$ / litro', '2023-02-13', '04763356000138', (SELECT ID_Combustivel FROM COMBUSTIVEL WHERE Nome = 'DIESEL S10'));
INSERT INTO PRECO_COLETADO (Preco, UnidadeMedida, DataColeta, PostoCNPJ, CombustivelID) VALUES (5.670, 'R$ / litro', '2023-02-27', '04763356000138', (SELECT ID_Combustivel FROM COMBUSTIVEL WHERE Nome = 'DIESEL S10'));
INSERT INTO PRECO_COLETADO (Preco, UnidadeMedida, DataColeta, PostoCNPJ, CombustivelID) VALUES (5.670, 'R$ / litro', '2023-03-06', '04763356000138', (SELECT ID_Combustivel FROM COMBUSTIVEL WHERE Nome = 'DIESEL S10'));
INSERT INTO PRECO_COLETADO (Preco, UnidadeMedida, DataColeta, PostoCNPJ, CombustivelID) VALUES (5.670, 'R$ / litro', '2023-03-16', '04763356000138', (SELECT ID_Combustivel FROM COMBUSTIVEL WHERE Nome = 'DIESEL S10'));
INSERT INTO PRECO_COLETADO (Preco, UnidadeMedida, DataColeta, PostoCNPJ, CombustivelID) VALUES (5.570, 'R$ / litro', '2023-03-27', '04763356000138', (SELECT ID_Combustivel FROM COMBUSTIVEL WHERE Nome = 'DIESEL S10'));
INSERT INTO PRECO_COLETADO (Preco, UnidadeMedida, DataColeta, PostoCNPJ, CombustivelID) VALUES (5.490, 'R$ / litro', '2023-04-04', '04763356000138', (SELECT ID_Combustivel FROM COMBUSTIVEL WHERE Nome = 'DIESEL S10'));
INSERT INTO PRECO_COLETADO (Preco, UnidadeMedida, DataColeta, PostoCNPJ, CombustivelID) VALUES (5.490, 'R$ / litro', '2023-04-17', '04763356000138', (SELECT ID_Combustivel FROM COMBUSTIVEL WHERE Nome = 'DIESEL S10'));
INSERT INTO PRECO_COLETADO (Preco, UnidadeMedida, DataColeta, PostoCNPJ, CombustivelID) VALUES (5.490, 'R$ / litro', '2023-04-24', '04763356000138', (SELECT ID_Combustivel FROM COMBUSTIVEL WHERE Nome = 'DIESEL S10'));
INSERT INTO PRECO_COLETADO (Preco, UnidadeMedida, DataColeta, PostoCNPJ, CombustivelID) VALUES (5.490, 'R$ / litro', '2023-05-03', '04763356000138', (SELECT ID_Combustivel FROM COMBUSTIVEL WHERE Nome = 'DIESEL S10'));
INSERT INTO PRECO_COLETADO (Preco, UnidadeMedida, DataColeta, PostoCNPJ, CombustivelID) VALUES (5.490, 'R$ / litro', '2023-05-09', '04763356000138', (SELECT ID_Combustivel FROM COMBUSTIVEL WHERE Nome = 'DIESEL S10'));
INSERT INTO PRECO_COLETADO (Preco, UnidadeMedida, DataColeta, PostoCNPJ, CombustivelID) VALUES (5.490, 'R$ / litro', '2023-05-15', '04763356000138', (SELECT ID_Combustivel FROM COMBUSTIVEL WHERE Nome = 'DIESEL S10'));
INSERT INTO PRECO_COLETADO (Preco, UnidadeMedida, DataColeta, PostoCNPJ, CombustivelID) VALUES (5.490, 'R$ / litro', '2023-05-22', '04763356000138', (SELECT ID_Combustivel FROM COMBUSTIVEL WHERE Nome = 'DIESEL S10'));
INSERT INTO PRECO_COLETADO (Preco, UnidadeMedida, DataColeta, PostoCNPJ, CombustivelID) VALUES (4.970, 'R$ / litro', '2023-05-29', '04763356000138', (SELECT ID_Combustivel FROM COMBUSTIVEL WHERE Nome = 'DIESEL S10'));
INSERT INTO PRECO_COLETADO (Preco, UnidadeMedida, DataColeta, PostoCNPJ, CombustivelID) VALUES (4.970, 'R$ / litro', '2023-06-05', '04763356000138', (SELECT ID_Combustivel FROM COMBUSTIVEL WHERE Nome = 'DIESEL S10'));
INSERT INTO PRECO_COLETADO (Preco, UnidadeMedida, DataColeta, PostoCNPJ, CombustivelID) VALUES (4.970, 'R$ / litro', '2023-06-13', '04763356000138', (SELECT ID_Combustivel FROM COMBUSTIVEL WHERE Nome = 'DIESEL S10'));
INSERT INTO PRECO_COLETADO (Preco, UnidadeMedida, DataColeta, PostoCNPJ, CombustivelID) VALUES (4.970, 'R$ / litro', '2023-06-20', '04763356000138', (SELECT ID_Combustivel FROM COMBUSTIVEL WHERE Nome = 'DIESEL S10'));
INSERT INTO PRECO_COLETADO (Preco, UnidadeMedida, DataColeta, PostoCNPJ, CombustivelID) VALUES (4.890, 'R$ / litro', '2023-06-27', '04763356000138', (SELECT ID_Combustivel FROM COMBUSTIVEL WHERE Nome = 'DIESEL S10'));
INSERT INTO PRECO_COLETADO (Preco, UnidadeMedida, DataColeta, PostoCNPJ, CombustivelID) VALUES (4.890, 'R$ / litro', '2023-07-04', '04763356000138', (SELECT ID_Combustivel FROM COMBUSTIVEL WHERE Nome = 'DIESEL S10'));
INSERT INTO PRECO_COLETADO (Preco, UnidadeMedida, DataColeta, PostoCNPJ, CombustivelID) VALUES (4.890, 'R$ / litro', '2023-07-10', '04763356000138', (SELECT ID_Combustivel FROM COMBUSTIVEL WHERE Nome = 'DIESEL S10'));
INSERT INTO PRECO_COLETADO (Preco, UnidadeMedida, DataColeta, PostoCNPJ, CombustivelID) VALUES (4.740, 'R$ / litro', '2023-07-31', '04763356000138', (SELECT ID_Combustivel FROM COMBUSTIVEL WHERE Nome = 'DIESEL S10'));
INSERT INTO PRECO_COLETADO (Preco, UnidadeMedida, DataColeta, PostoCNPJ, CombustivelID) VALUES (4.890, 'R$ / litro', '2023-08-15', '04763356000138', (SELECT ID_Combustivel FROM COMBUSTIVEL WHERE Nome = 'DIESEL S10'));
INSERT INTO PRECO_COLETADO (Preco, UnidadeMedida, DataColeta, PostoCNPJ, CombustivelID) VALUES (5.570, 'R$ / litro', '2023-08-21', '04763356000138', (SELECT ID_Combustivel FROM COMBUSTIVEL WHERE Nome = 'DIESEL S10'));
INSERT INTO PRECO_COLETADO (Preco, UnidadeMedida, DataColeta, PostoCNPJ, CombustivelID) VALUES (5.690, 'R$ / litro', '2023-08-30', '04763356000138', (SELECT ID_Combustivel FROM COMBUSTIVEL WHERE Nome = 'DIESEL S10'));
INSERT INTO PRECO_COLETADO (Preco, UnidadeMedida, DataColeta, PostoCNPJ, CombustivelID) VALUES (5.790, 'R$ / litro', '2023-09-07', '04763356000138', (SELECT ID_Combustivel FROM COMBUSTIVEL WHERE Nome = 'DIESEL S10'));
INSERT INTO PRECO_COLETADO (Preco, UnidadeMedida, DataColeta, PostoCNPJ, CombustivelID) VALUES (7.090, 'R$ / litro', '2022-08-03', '04763356000138', (SELECT ID_Combustivel FROM COMBUSTIVEL WHERE Nome = 'DIESEL S500'));
INSERT INTO PRECO_COLETADO (Preco, UnidadeMedida, DataColeta, PostoCNPJ, CombustivelID) VALUES (7.090, 'R$ / litro', '2022-08-08', '04763356000138', (SELECT ID_Combustivel FROM COMBUSTIVEL WHERE Nome = 'DIESEL S500'));
INSERT INTO PRECO_COLETADO (Preco, UnidadeMedida, DataColeta, PostoCNPJ, CombustivelID) VALUES (6.930, 'R$ / litro', '2022-08-15', '04763356000138', (SELECT ID_Combustivel FROM COMBUSTIVEL WHERE Nome = 'DIESEL S500'));
INSERT INTO PRECO_COLETADO (Preco, UnidadeMedida, DataColeta, PostoCNPJ, CombustivelID) VALUES (6.490, 'R$ / litro', '2022-09-01', '04763356000138', (SELECT ID_Combustivel FROM COMBUSTIVEL WHERE Nome = 'DIESEL S500'));
INSERT INTO PRECO_COLETADO (Preco, UnidadeMedida, DataColeta, PostoCNPJ, CombustivelID) VALUES (6.490, 'R$ / litro', '2022-09-08', '04763356000138', (SELECT ID_Combustivel FROM COMBUSTIVEL WHERE Nome = 'DIESEL S500'));
INSERT INTO PRECO_COLETADO (Preco, UnidadeMedida, DataColeta, PostoCNPJ, CombustivelID) VALUES (6.490, 'R$ / litro', '2022-09-12', '04763356000138', (SELECT ID_Combustivel FROM COMBUSTIVEL WHERE Nome = 'DIESEL S500'));
INSERT INTO PRECO_COLETADO (Preco, UnidadeMedida, DataColeta, PostoCNPJ, CombustivelID) VALUES (6.190, 'R$ / litro', '2022-10-24', '04763356000138', (SELECT ID_Combustivel FROM COMBUSTIVEL WHERE Nome = 'DIESEL S500'));
INSERT INTO PRECO_COLETADO (Preco, UnidadeMedida, DataColeta, PostoCNPJ, CombustivelID) VALUES (6.190, 'R$ / litro', '2022-10-31', '04763356000138', (SELECT ID_Combustivel FROM COMBUSTIVEL WHERE Nome = 'DIESEL S500'));
INSERT INTO PRECO_COLETADO (Preco, UnidadeMedida, DataColeta, PostoCNPJ, CombustivelID) VALUES (6.190, 'R$ / litro', '2022-11-14', '04763356000138', (SELECT ID_Combustivel FROM COMBUSTIVEL WHERE Nome = 'DIESEL S500'));
INSERT INTO PRECO_COLETADO (Preco, UnidadeMedida, DataColeta, PostoCNPJ, CombustivelID) VALUES (6.180, 'R$ / litro', '2022-11-22', '04763356000138', (SELECT ID_Combustivel FROM COMBUSTIVEL WHERE Nome = 'DIESEL S500'));
INSERT INTO PRECO_COLETADO (Preco, UnidadeMedida, DataColeta, PostoCNPJ, CombustivelID) VALUES (6.150, 'R$ / litro', '2022-12-05', '04763356000138', (SELECT ID_Combustivel FROM COMBUSTIVEL WHERE Nome = 'DIESEL S500'));
INSERT INTO PRECO_COLETADO (Preco, UnidadeMedida, DataColeta, PostoCNPJ, CombustivelID) VALUES (6.150, 'R$ / litro', '2022-12-12', '04763356000138', (SELECT ID_Combustivel FROM COMBUSTIVEL WHERE Nome = 'DIESEL S500'));
INSERT INTO PRECO_COLETADO (Preco, UnidadeMedida, DataColeta, PostoCNPJ, CombustivelID) VALUES (5.920, 'R$ / litro', '2022-12-22', '04763356000138', (SELECT ID_Combustivel FROM COMBUSTIVEL WHERE Nome = 'DIESEL S500'));
INSERT INTO PRECO_COLETADO (Preco, UnidadeMedida, DataColeta, PostoCNPJ, CombustivelID) VALUES (5.920, 'R$ / litro', '2022-12-26', '04763356000138', (SELECT ID_Combustivel FROM COMBUSTIVEL WHERE Nome = 'DIESEL S500'));
INSERT INTO PRECO_COLETADO (Preco, UnidadeMedida, DataColeta, PostoCNPJ, CombustivelID) VALUES (5.920, 'R$ / litro', '2023-01-03', '04763356000138', (SELECT ID_Combustivel FROM COMBUSTIVEL WHERE Nome = 'DIESEL S500'));
INSERT INTO PRECO_COLETADO (Preco, UnidadeMedida, DataColeta, PostoCNPJ, CombustivelID) VALUES (5.870, 'R$ / litro', '2023-01-09', '04763356000138', (SELECT ID_Combustivel FROM COMBUSTIVEL WHERE Nome = 'DIESEL S500'));
INSERT INTO PRECO_COLETADO (Preco, UnidadeMedida, DataColeta, PostoCNPJ, CombustivelID) VALUES (5.890, 'R$ / litro', '2023-01-16', '04763356000138', (SELECT ID_Combustivel FROM COMBUSTIVEL WHERE Nome = 'DIESEL S500'));
INSERT INTO PRECO_COLETADO (Preco, UnidadeMedida, DataColeta, PostoCNPJ, CombustivelID) VALUES (5.890, 'R$ / litro', '2023-01-23', '04763356000138', (SELECT ID_Combustivel FROM COMBUSTIVEL WHERE Nome = 'DIESEL S500'));
INSERT INTO PRECO_COLETADO (Preco, UnidadeMedida, DataColeta, PostoCNPJ, CombustivelID) VALUES (5.890, 'R$ / litro', '2023-01-30', '04763356000138', (SELECT ID_Combustivel FROM COMBUSTIVEL WHERE Nome = 'DIESEL S500'));
INSERT INTO PRECO_COLETADO (Preco, UnidadeMedida, DataColeta, PostoCNPJ, CombustivelID) VALUES (5.890, 'R$ / litro', '2023-02-06', '04763356000138', (SELECT ID_Combustivel FROM COMBUSTIVEL WHERE Nome = 'DIESEL S500'));
INSERT INTO PRECO_COLETADO (Preco, UnidadeMedida, DataColeta, PostoCNPJ, CombustivelID) VALUES (5.720, 'R$ / litro', '2023-02-13', '04763356000138', (SELECT ID_Combustivel FROM COMBUSTIVEL WHERE Nome = 'DIESEL S500'));
INSERT INTO PRECO_COLETADO (Preco, UnidadeMedida, DataColeta, PostoCNPJ, CombustivelID) VALUES (5.590, 'R$ / litro', '2023-02-27', '04763356000138', (SELECT ID_Combustivel FROM COMBUSTIVEL WHERE Nome = 'DIESEL S500'));
INSERT INTO PRECO_COLETADO (Preco, UnidadeMedida, DataColeta, PostoCNPJ, CombustivelID) VALUES (5.590, 'R$ / litro', '2023-03-06', '04763356000138', (SELECT ID_Combustivel FROM COMBUSTIVEL WHERE Nome = 'DIESEL S500'));
INSERT INTO PRECO_COLETADO (Preco, UnidadeMedida, DataColeta, PostoCNPJ, CombustivelID) VALUES (5.590, 'R$ / litro', '2023-03-16', '04763356000138', (SELECT ID_Combustivel FROM COMBUSTIVEL WHERE Nome = 'DIESEL S500'));
INSERT INTO PRECO_COLETADO (Preco, UnidadeMedida, DataColeta, PostoCNPJ, CombustivelID) VALUES (5.470, 'R$ / litro', '2023-03-27', '04763356000138', (SELECT ID_Combustivel FROM COMBUSTIVEL WHERE Nome = 'DIESEL S500'));
INSERT INTO PRECO_COLETADO (Preco, UnidadeMedida, DataColeta, PostoCNPJ, CombustivelID) VALUES (5.470, 'R$ / litro', '2023-04-04', '04763356000138', (SELECT ID_Combustivel FROM COMBUSTIVEL WHERE Nome = 'DIESEL S500'));
INSERT INTO PRECO_COLETADO (Preco, UnidadeMedida, DataColeta, PostoCNPJ, CombustivelID) VALUES (5.440, 'R$ / litro', '2023-04-17', '04763356000138', (SELECT ID_Combustivel FROM COMBUSTIVEL WHERE Nome = 'DIESEL S500'));
INSERT INTO PRECO_COLETADO (Preco, UnidadeMedida, DataColeta, PostoCNPJ, CombustivelID) VALUES (5.440, 'R$ / litro', '2023-04-24', '04763356000138', (SELECT ID_Combustivel FROM COMBUSTIVEL WHERE Nome = 'DIESEL S500'));
INSERT INTO PRECO_COLETADO (Preco, UnidadeMedida, DataColeta, PostoCNPJ, CombustivelID) VALUES (5.440, 'R$ / litro', '2023-05-03', '04763356000138', (SELECT ID_Combustivel FROM COMBUSTIVEL WHERE Nome = 'DIESEL S500'));
INSERT INTO PRECO_COLETADO (Preco, UnidadeMedida, DataColeta, PostoCNPJ, CombustivelID) VALUES (5.440, 'R$ / litro', '2023-05-09', '04763356000138', (SELECT ID_Combustivel FROM COMBUSTIVEL WHERE Nome = 'DIESEL S500'));
INSERT INTO PRECO_COLETADO (Preco, UnidadeMedida, DataColeta, PostoCNPJ, CombustivelID) VALUES (5.440, 'R$ / litro', '2023-05-15', '04763356000138', (SELECT ID_Combustivel FROM COMBUSTIVEL WHERE Nome = 'DIESEL S500'));
INSERT INTO PRECO_COLETADO (Preco, UnidadeMedida, DataColeta, PostoCNPJ, CombustivelID) VALUES (5.440, 'R$ / litro', '2023-05-22', '04763356000138', (SELECT ID_Combustivel FROM COMBUSTIVEL WHERE Nome = 'DIESEL S500'));
INSERT INTO PRECO_COLETADO (Preco, UnidadeMedida, DataColeta, PostoCNPJ, CombustivelID) VALUES (4.920, 'R$ / litro', '2023-05-29', '04763356000138', (SELECT ID_Combustivel FROM COMBUSTIVEL WHERE Nome = 'DIESEL S500'));
INSERT INTO PRECO_COLETADO (Preco, UnidadeMedida, DataColeta, PostoCNPJ, CombustivelID) VALUES (4.920, 'R$ / litro', '2023-06-05', '04763356000138', (SELECT ID_Combustivel FROM COMBUSTIVEL WHERE Nome = 'DIESEL S500'));
INSERT INTO PRECO_COLETADO (Preco, UnidadeMedida, DataColeta, PostoCNPJ, CombustivelID) VALUES (4.920, 'R$ / litro', '2023-06-13', '04763356000138', (SELECT ID_Combustivel FROM COMBUSTIVEL WHERE Nome = 'DIESEL S500'));
INSERT INTO PRECO_COLETADO (Preco, UnidadeMedida, DataColeta, PostoCNPJ, CombustivelID) VALUES (4.920, 'R$ / litro', '2023-06-20', '04763356000138', (SELECT ID_Combustivel FROM COMBUSTIVEL WHERE Nome = 'DIESEL S500'));
INSERT INTO PRECO_COLETADO (Preco, UnidadeMedida, DataColeta, PostoCNPJ, CombustivelID) VALUES (4.820, 'R$ / litro', '2023-06-27', '04763356000138', (SELECT ID_Combustivel FROM COMBUSTIVEL WHERE Nome = 'DIESEL S500'));
INSERT INTO PRECO_COLETADO (Preco, UnidadeMedida, DataColeta, PostoCNPJ, CombustivelID) VALUES (4.820, 'R$ / litro', '2023-07-04', '04763356000138', (SELECT ID_Combustivel FROM COMBUSTIVEL WHERE Nome = 'DIESEL S500'));
INSERT INTO PRECO_COLETADO (Preco, UnidadeMedida, DataColeta, PostoCNPJ, CombustivelID) VALUES (4.820, 'R$ / litro', '2023-07-10', '04763356000138', (SELECT ID_Combustivel FROM COMBUSTIVEL WHERE Nome = 'DIESEL S500'));
INSERT INTO PRECO_COLETADO (Preco, UnidadeMedida, DataColeta, PostoCNPJ, CombustivelID) VALUES (4.720, 'R$ / litro', '2023-07-24', '04763356000138', (SELECT ID_Combustivel FROM COMBUSTIVEL WHERE Nome = 'DIESEL S500'));
INSERT INTO PRECO_COLETADO (Preco, UnidadeMedida, DataColeta, PostoCNPJ, CombustivelID) VALUES (4.690, 'R$ / litro', '2023-07-31', '04763356000138', (SELECT ID_Combustivel FROM COMBUSTIVEL WHERE Nome = 'DIESEL S500'));
INSERT INTO PRECO_COLETADO (Preco, UnidadeMedida, DataColeta, PostoCNPJ, CombustivelID) VALUES (4.690, 'R$ / litro', '2023-08-07', '04763356000138', (SELECT ID_Combustivel FROM COMBUSTIVEL WHERE Nome = 'DIESEL S500'));
INSERT INTO PRECO_COLETADO (Preco, UnidadeMedida, DataColeta, PostoCNPJ, CombustivelID) VALUES (4.820, 'R$ / litro', '2023-08-15', '04763356000138', (SELECT ID_Combustivel FROM COMBUSTIVEL WHERE Nome = 'DIESEL S500'));
INSERT INTO PRECO_COLETADO (Preco, UnidadeMedida, DataColeta, PostoCNPJ, CombustivelID) VALUES (5.470, 'R$ / litro', '2023-08-21', '04763356000138', (SELECT ID_Combustivel FROM COMBUSTIVEL WHERE Nome = 'DIESEL S500'));
INSERT INTO PRECO_COLETADO (Preco, UnidadeMedida, DataColeta, PostoCNPJ, CombustivelID) VALUES (5.630, 'R$ / litro', '2023-08-30', '04763356000138', (SELECT ID_Combustivel FROM COMBUSTIVEL WHERE Nome = 'DIESEL S500'));
INSERT INTO PRECO_COLETADO (Preco, UnidadeMedida, DataColeta, PostoCNPJ, CombustivelID) VALUES (5.720, 'R$ / litro', '2023-09-07', '04763356000138', (SELECT ID_Combustivel FROM COMBUSTIVEL WHERE Nome = 'DIESEL S500'));
INSERT INTO PRECO_COLETADO (Preco, UnidadeMedida, DataColeta, PostoCNPJ, CombustivelID) VALUES (5.630, 'R$ / litro', '2022-08-03', '04763356000138', (SELECT ID_Combustivel FROM COMBUSTIVEL WHERE Nome = 'GASOLINA ADITIVADA'));
INSERT INTO PRECO_COLETADO (Preco, UnidadeMedida, DataColeta, PostoCNPJ, CombustivelID) VALUES (5.550, 'R$ / litro', '2022-08-08', '04763356000138', (SELECT ID_Combustivel FROM COMBUSTIVEL WHERE Nome = 'GASOLINA ADITIVADA'));
INSERT INTO PRECO_COLETADO (Preco, UnidadeMedida, DataColeta, PostoCNPJ, CombustivelID) VALUES (5.450, 'R$ / litro', '2022-08-15', '04763356000138', (SELECT ID_Combustivel FROM COMBUSTIVEL WHERE Nome = 'GASOLINA ADITIVADA'));
INSERT INTO PRECO_COLETADO (Preco, UnidadeMedida, DataColeta, PostoCNPJ, CombustivelID) VALUES (5.220, 'R$ / litro', '2022-09-01', '04763356000138', (SELECT ID_Combustivel FROM COMBUSTIVEL WHERE Nome = 'GASOLINA ADITIVADA'));
INSERT INTO PRECO_COLETADO (Preco, UnidadeMedida, DataColeta, PostoCNPJ, CombustivelID) VALUES (5.010, 'R$ / litro', '2022-09-08', '04763356000138', (SELECT ID_Combustivel FROM COMBUSTIVEL WHERE Nome = 'GASOLINA ADITIVADA'));
INSERT INTO PRECO_COLETADO (Preco, UnidadeMedida, DataColeta, PostoCNPJ, CombustivelID) VALUES (5.010, 'R$ / litro', '2022-09-12', '04763356000138', (SELECT ID_Combustivel FROM COMBUSTIVEL WHERE Nome = 'GASOLINA ADITIVADA'));
INSERT INTO PRECO_COLETADO (Preco, UnidadeMedida, DataColeta, PostoCNPJ, CombustivelID) VALUES (4.750, 'R$ / litro', '2022-10-24', '04763356000138', (SELECT ID_Combustivel FROM COMBUSTIVEL WHERE Nome = 'GASOLINA ADITIVADA'));
INSERT INTO PRECO_COLETADO (Preco, UnidadeMedida, DataColeta, PostoCNPJ, CombustivelID) VALUES (4.750, 'R$ / litro', '2022-10-31', '04763356000138', (SELECT ID_Combustivel FROM COMBUSTIVEL WHERE Nome = 'GASOLINA ADITIVADA'));
INSERT INTO PRECO_COLETADO (Preco, UnidadeMedida, DataColeta, PostoCNPJ, CombustivelID) VALUES (5.030, 'R$ / litro', '2022-11-14', '04763356000138', (SELECT ID_Combustivel FROM COMBUSTIVEL WHERE Nome = 'GASOLINA ADITIVADA'));
INSERT INTO PRECO_COLETADO (Preco, UnidadeMedida, DataColeta, PostoCNPJ, CombustivelID) VALUES (5.030, 'R$ / litro', '2022-11-22', '04763356000138', (SELECT ID_Combustivel FROM COMBUSTIVEL WHERE Nome = 'GASOLINA ADITIVADA'));
INSERT INTO PRECO_COLETADO (Preco, UnidadeMedida, DataColeta, PostoCNPJ, CombustivelID) VALUES (5.030, 'R$ / litro', '2022-12-05', '04763356000138', (SELECT ID_Combustivel FROM COMBUSTIVEL WHERE Nome = 'GASOLINA ADITIVADA'));
INSERT INTO PRECO_COLETADO (Preco, UnidadeMedida, DataColeta, PostoCNPJ, CombustivelID) VALUES (4.990, 'R$ / litro', '2022-12-12', '04763356000138', (SELECT ID_Combustivel FROM COMBUSTIVEL WHERE Nome = 'GASOLINA ADITIVADA'));
INSERT INTO PRECO_COLETADO (Preco, UnidadeMedida, DataColeta, PostoCNPJ, CombustivelID) VALUES (4.950, 'R$ / litro', '2022-12-22', '04763356000138', (SELECT ID_Combustivel FROM COMBUSTIVEL WHERE Nome = 'GASOLINA ADITIVADA'));
INSERT INTO PRECO_COLETADO (Preco, UnidadeMedida, DataColeta, PostoCNPJ, CombustivelID) VALUES (4.950, 'R$ / litro', '2022-12-26', '04763356000138', (SELECT ID_Combustivel FROM COMBUSTIVEL WHERE Nome = 'GASOLINA ADITIVADA'));
INSERT INTO PRECO_COLETADO (Preco, UnidadeMedida, DataColeta, PostoCNPJ, CombustivelID) VALUES (4.950, 'R$ / litro', '2023-01-03', '04763356000138', (SELECT ID_Combustivel FROM COMBUSTIVEL WHERE Nome = 'GASOLINA ADITIVADA'));
INSERT INTO PRECO_COLETADO (Preco, UnidadeMedida, DataColeta, PostoCNPJ, CombustivelID) VALUES (4.950, 'R$ / litro', '2023-01-09', '04763356000138', (SELECT ID_Combustivel FROM COMBUSTIVEL WHERE Nome = 'GASOLINA ADITIVADA'));
INSERT INTO PRECO_COLETADO (Preco, UnidadeMedida, DataColeta, PostoCNPJ, CombustivelID) VALUES (4.950, 'R$ / litro', '2023-01-16', '04763356000138', (SELECT ID_Combustivel FROM COMBUSTIVEL WHERE Nome = 'GASOLINA ADITIVADA'));
INSERT INTO PRECO_COLETADO (Preco, UnidadeMedida, DataColeta, PostoCNPJ, CombustivelID) VALUES (4.890, 'R$ / litro', '2023-01-23', '04763356000138', (SELECT ID_Combustivel FROM COMBUSTIVEL WHERE Nome = 'GASOLINA ADITIVADA'));
INSERT INTO PRECO_COLETADO (Preco, UnidadeMedida, DataColeta, PostoCNPJ, CombustivelID) VALUES (5.090, 'R$ / litro', '2023-01-30', '04763356000138', (SELECT ID_Combustivel FROM COMBUSTIVEL WHERE Nome = 'GASOLINA ADITIVADA'));
INSERT INTO PRECO_COLETADO (Preco, UnidadeMedida, DataColeta, PostoCNPJ, CombustivelID) VALUES (4.990, 'R$ / litro', '2023-02-06', '04763356000138', (SELECT ID_Combustivel FROM COMBUSTIVEL WHERE Nome = 'GASOLINA ADITIVADA'));
INSERT INTO PRECO_COLETADO (Preco, UnidadeMedida, DataColeta, PostoCNPJ, CombustivelID) VALUES (4.990, 'R$ / litro', '2023-02-13', '04763356000138', (SELECT ID_Combustivel FROM COMBUSTIVEL WHERE Nome = 'GASOLINA ADITIVADA'));
INSERT INTO PRECO_COLETADO (Preco, UnidadeMedida, DataColeta, PostoCNPJ, CombustivelID) VALUES (5.070, 'R$ / litro', '2023-02-27', '04763356000138', (SELECT ID_Combustivel FROM COMBUSTIVEL WHERE Nome = 'GASOLINA ADITIVADA'));
INSERT INTO PRECO_COLETADO (Preco, UnidadeMedida, DataColeta, PostoCNPJ, CombustivelID) VALUES (5.550, 'R$ / litro', '2023-03-06', '04763356000138', (SELECT ID_Combustivel FROM COMBUSTIVEL WHERE Nome = 'GASOLINA ADITIVADA'));
INSERT INTO PRECO_COLETADO (Preco, UnidadeMedida, DataColeta, PostoCNPJ, CombustivelID) VALUES (5.520, 'R$ / litro', '2023-03-16', '04763356000138', (SELECT ID_Combustivel FROM COMBUSTIVEL WHERE Nome = 'GASOLINA ADITIVADA'));
INSERT INTO PRECO_COLETADO (Preco, UnidadeMedida, DataColeta, PostoCNPJ, CombustivelID) VALUES (5.430, 'R$ / litro', '2023-03-27', '04763356000138', (SELECT ID_Combustivel FROM COMBUSTIVEL WHERE Nome = 'GASOLINA ADITIVADA'));
INSERT INTO PRECO_COLETADO (Preco, UnidadeMedida, DataColeta, PostoCNPJ, CombustivelID) VALUES (5.390, 'R$ / litro', '2023-04-04', '04763356000138', (SELECT ID_Combustivel FROM COMBUSTIVEL WHERE Nome = 'GASOLINA ADITIVADA'));
INSERT INTO PRECO_COLETADO (Preco, UnidadeMedida, DataColeta, PostoCNPJ, CombustivelID) VALUES (5.390, 'R$ / litro', '2023-04-17', '04763356000138', (SELECT ID_Combustivel FROM COMBUSTIVEL WHERE Nome = 'GASOLINA ADITIVADA'));
INSERT INTO PRECO_COLETADO (Preco, UnidadeMedida, DataColeta, PostoCNPJ, CombustivelID) VALUES (5.390, 'R$ / litro', '2023-04-24', '04763356000138', (SELECT ID_Combustivel FROM COMBUSTIVEL WHERE Nome = 'GASOLINA ADITIVADA'));
INSERT INTO PRECO_COLETADO (Preco, UnidadeMedida, DataColeta, PostoCNPJ, CombustivelID) VALUES (5.390, 'R$ / litro', '2023-05-03', '04763356000138', (SELECT ID_Combustivel FROM COMBUSTIVEL WHERE Nome = 'GASOLINA ADITIVADA'));
INSERT INTO PRECO_COLETADO (Preco, UnidadeMedida, DataColeta, PostoCNPJ, CombustivelID) VALUES (5.350, 'R$ / litro', '2023-05-09', '04763356000138', (SELECT ID_Combustivel FROM COMBUSTIVEL WHERE Nome = 'GASOLINA ADITIVADA'));
INSERT INTO PRECO_COLETADO (Preco, UnidadeMedida, DataColeta, PostoCNPJ, CombustivelID) VALUES (5.350, 'R$ / litro', '2023-05-15', '04763356000138', (SELECT ID_Combustivel FROM COMBUSTIVEL WHERE Nome = 'GASOLINA ADITIVADA'));
INSERT INTO PRECO_COLETADO (Preco, UnidadeMedida, DataColeta, PostoCNPJ, CombustivelID) VALUES (5.150, 'R$ / litro', '2023-05-22', '04763356000138', (SELECT ID_Combustivel FROM COMBUSTIVEL WHERE Nome = 'GASOLINA ADITIVADA'));
INSERT INTO PRECO_COLETADO (Preco, UnidadeMedida, DataColeta, PostoCNPJ, CombustivelID) VALUES (5.120, 'R$ / litro', '2023-05-29', '04763356000138', (SELECT ID_Combustivel FROM COMBUSTIVEL WHERE Nome = 'GASOLINA ADITIVADA'));
INSERT INTO PRECO_COLETADO (Preco, UnidadeMedida, DataColeta, PostoCNPJ, CombustivelID) VALUES (5.570, 'R$ / litro', '2023-06-05', '04763356000138', (SELECT ID_Combustivel FROM COMBUSTIVEL WHERE Nome = 'GASOLINA ADITIVADA'));
INSERT INTO PRECO_COLETADO (Preco, UnidadeMedida, DataColeta, PostoCNPJ, CombustivelID) VALUES (5.470, 'R$ / litro', '2023-06-13', '04763356000138', (SELECT ID_Combustivel FROM COMBUSTIVEL WHERE Nome = 'GASOLINA ADITIVADA'));
INSERT INTO PRECO_COLETADO (Preco, UnidadeMedida, DataColeta, PostoCNPJ, CombustivelID) VALUES (5.390, 'R$ / litro', '2023-06-20', '04763356000138', (SELECT ID_Combustivel FROM COMBUSTIVEL WHERE Nome = 'GASOLINA ADITIVADA'));
INSERT INTO PRECO_COLETADO (Preco, UnidadeMedida, DataColeta, PostoCNPJ, CombustivelID) VALUES (5.250, 'R$ / litro', '2023-06-27', '04763356000138', (SELECT ID_Combustivel FROM COMBUSTIVEL WHERE Nome = 'GASOLINA ADITIVADA'));
INSERT INTO PRECO_COLETADO (Preco, UnidadeMedida, DataColeta, PostoCNPJ, CombustivelID) VALUES (5.890, 'R$ / litro', '2023-07-04', '04763356000138', (SELECT ID_Combustivel FROM COMBUSTIVEL WHERE Nome = 'GASOLINA ADITIVADA'));
INSERT INTO PRECO_COLETADO (Preco, UnidadeMedida, DataColeta, PostoCNPJ, CombustivelID) VALUES (5.770, 'R$ / litro', '2023-07-10', '04763356000138', (SELECT ID_Combustivel FROM COMBUSTIVEL WHERE Nome = 'GASOLINA ADITIVADA'));
INSERT INTO PRECO_COLETADO (Preco, UnidadeMedida, DataColeta, PostoCNPJ, CombustivelID) VALUES (5.520, 'R$ / litro', '2023-07-24', '04763356000138', (SELECT ID_Combustivel FROM COMBUSTIVEL WHERE Nome = 'GASOLINA ADITIVADA'));
INSERT INTO PRECO_COLETADO (Preco, UnidadeMedida, DataColeta, PostoCNPJ, CombustivelID) VALUES (5.390, 'R$ / litro', '2023-07-31', '04763356000138', (SELECT ID_Combustivel FROM COMBUSTIVEL WHERE Nome = 'GASOLINA ADITIVADA'));
INSERT INTO PRECO_COLETADO (Preco, UnidadeMedida, DataColeta, PostoCNPJ, CombustivelID) VALUES (5.370, 'R$ / litro', '2023-08-07', '04763356000138', (SELECT ID_Combustivel FROM COMBUSTIVEL WHERE Nome = 'GASOLINA ADITIVADA'));
INSERT INTO PRECO_COLETADO (Preco, UnidadeMedida, DataColeta, PostoCNPJ, CombustivelID) VALUES (5.320, 'R$ / litro', '2023-08-15', '04763356000138', (SELECT ID_Combustivel FROM COMBUSTIVEL WHERE Nome = 'GASOLINA ADITIVADA'));
INSERT INTO PRECO_COLETADO (Preco, UnidadeMedida, DataColeta, PostoCNPJ, CombustivelID) VALUES (5.590, 'R$ / litro', '2023-08-21', '04763356000138', (SELECT ID_Combustivel FROM COMBUSTIVEL WHERE Nome = 'GASOLINA ADITIVADA'));
INSERT INTO PRECO_COLETADO (Preco, UnidadeMedida, DataColeta, PostoCNPJ, CombustivelID) VALUES (5.490, 'R$ / litro', '2023-08-30', '04763356000138', (SELECT ID_Combustivel FROM COMBUSTIVEL WHERE Nome = 'GASOLINA ADITIVADA'));
INSERT INTO PRECO_COLETADO (Preco, UnidadeMedida, DataColeta, PostoCNPJ, CombustivelID) VALUES (5.490, 'R$ / litro', '2023-09-07', '04763356000138', (SELECT ID_Combustivel FROM COMBUSTIVEL WHERE Nome = 'GASOLINA ADITIVADA'));
INSERT INTO PRECO_COLETADO (Preco, UnidadeMedida, DataColeta, PostoCNPJ, CombustivelID) VALUES (5.560, 'R$ / litro', '2022-08-03', '04763356000138', (SELECT ID_Combustivel FROM COMBUSTIVEL WHERE Nome = 'GASOLINA COMUM'));
INSERT INTO PRECO_COLETADO (Preco, UnidadeMedida, DataColeta, PostoCNPJ, CombustivelID) VALUES (5.480, 'R$ / litro', '2022-08-08', '04763356000138', (SELECT ID_Combustivel FROM COMBUSTIVEL WHERE Nome = 'GASOLINA COMUM'));
INSERT INTO PRECO_COLETADO (Preco, UnidadeMedida, DataColeta, PostoCNPJ, CombustivelID) VALUES (5.380, 'R$ / litro', '2022-08-15', '04763356000138', (SELECT ID_Combustivel FROM COMBUSTIVEL WHERE Nome = 'GASOLINA COMUM'));
INSERT INTO PRECO_COLETADO (Preco, UnidadeMedida, DataColeta, PostoCNPJ, CombustivelID) VALUES (5.150, 'R$ / litro', '2022-09-01', '04763356000138', (SELECT ID_Combustivel FROM COMBUSTIVEL WHERE Nome = 'GASOLINA COMUM'));
INSERT INTO PRECO_COLETADO (Preco, UnidadeMedida, DataColeta, PostoCNPJ, CombustivelID) VALUES (4.950, 'R$ / litro', '2022-09-08', '04763356000138', (SELECT ID_Combustivel FROM COMBUSTIVEL WHERE Nome = 'GASOLINA COMUM'));
INSERT INTO PRECO_COLETADO (Preco, UnidadeMedida, DataColeta, PostoCNPJ, CombustivelID) VALUES (4.950, 'R$ / litro', '2022-09-12', '04763356000138', (SELECT ID_Combustivel FROM COMBUSTIVEL WHERE Nome = 'GASOLINA COMUM'));
INSERT INTO PRECO_COLETADO (Preco, UnidadeMedida, DataColeta, PostoCNPJ, CombustivelID) VALUES (4.690, 'R$ / litro', '2022-10-24', '04763356000138', (SELECT ID_Combustivel FROM COMBUSTIVEL WHERE Nome = 'GASOLINA COMUM'));
INSERT INTO PRECO_COLETADO (Preco, UnidadeMedida, DataColeta, PostoCNPJ, CombustivelID) VALUES (4.690, 'R$ / litro', '2022-10-31', '04763356000138', (SELECT ID_Combustivel FROM COMBUSTIVEL WHERE Nome = 'GASOLINA COMUM'));
INSERT INTO PRECO_COLETADO (Preco, UnidadeMedida, DataColeta, PostoCNPJ, CombustivelID) VALUES (4.970, 'R$ / litro', '2022-11-14', '04763356000138', (SELECT ID_Combustivel FROM COMBUSTIVEL WHERE Nome = 'GASOLINA COMUM'));
INSERT INTO PRECO_COLETADO (Preco, UnidadeMedida, DataColeta, PostoCNPJ, CombustivelID) VALUES (4.970, 'R$ / litro', '2022-11-22', '04763356000138', (SELECT ID_Combustivel FROM COMBUSTIVEL WHERE Nome = 'GASOLINA COMUM'));
INSERT INTO PRECO_COLETADO (Preco, UnidadeMedida, DataColeta, PostoCNPJ, CombustivelID) VALUES (4.970, 'R$ / litro', '2022-12-05', '04763356000138', (SELECT ID_Combustivel FROM COMBUSTIVEL WHERE Nome = 'GASOLINA COMUM'));
INSERT INTO PRECO_COLETADO (Preco, UnidadeMedida, DataColeta, PostoCNPJ, CombustivelID) VALUES (4.920, 'R$ / litro', '2022-12-12', '04763356000138', (SELECT ID_Combustivel FROM COMBUSTIVEL WHERE Nome = 'GASOLINA COMUM'));
INSERT INTO PRECO_COLETADO (Preco, UnidadeMedida, DataColeta, PostoCNPJ, CombustivelID) VALUES (4.840, 'R$ / litro', '2022-12-22', '04763356000138', (SELECT ID_Combustivel FROM COMBUSTIVEL WHERE Nome = 'GASOLINA COMUM'));
INSERT INTO PRECO_COLETADO (Preco, UnidadeMedida, DataColeta, PostoCNPJ, CombustivelID) VALUES (4.840, 'R$ / litro', '2022-12-26', '04763356000138', (SELECT ID_Combustivel FROM COMBUSTIVEL WHERE Nome = 'GASOLINA COMUM'));
INSERT INTO PRECO_COLETADO (Preco, UnidadeMedida, DataColeta, PostoCNPJ, CombustivelID) VALUES (4.840, 'R$ / litro', '2023-01-03', '04763356000138', (SELECT ID_Combustivel FROM COMBUSTIVEL WHERE Nome = 'GASOLINA COMUM'));
INSERT INTO PRECO_COLETADO (Preco, UnidadeMedida, DataColeta, PostoCNPJ, CombustivelID) VALUES (4.840, 'R$ / litro', '2023-01-09', '04763356000138', (SELECT ID_Combustivel FROM COMBUSTIVEL WHERE Nome = 'GASOLINA COMUM'));
INSERT INTO PRECO_COLETADO (Preco, UnidadeMedida, DataColeta, PostoCNPJ, CombustivelID) VALUES (4.850, 'R$ / litro', '2023-01-16', '04763356000138', (SELECT ID_Combustivel FROM COMBUSTIVEL WHERE Nome = 'GASOLINA COMUM'));
INSERT INTO PRECO_COLETADO (Preco, UnidadeMedida, DataColeta, PostoCNPJ, CombustivelID) VALUES (4.850, 'R$ / litro', '2023-01-23', '04763356000138', (SELECT ID_Combustivel FROM COMBUSTIVEL WHERE Nome = 'GASOLINA COMUM'));
INSERT INTO PRECO_COLETADO (Preco, UnidadeMedida, DataColeta, PostoCNPJ, CombustivelID) VALUES (5.020, 'R$ / litro', '2023-01-30', '04763356000138', (SELECT ID_Combustivel FROM COMBUSTIVEL WHERE Nome = 'GASOLINA COMUM'));
INSERT INTO PRECO_COLETADO (Preco, UnidadeMedida, DataColeta, PostoCNPJ, CombustivelID) VALUES (4.940, 'R$ / litro', '2023-02-06', '04763356000138', (SELECT ID_Combustivel FROM COMBUSTIVEL WHERE Nome = 'GASOLINA COMUM'));
INSERT INTO PRECO_COLETADO (Preco, UnidadeMedida, DataColeta, PostoCNPJ, CombustivelID) VALUES (4.940, 'R$ / litro', '2023-02-13', '04763356000138', (SELECT ID_Combustivel FROM COMBUSTIVEL WHERE Nome = 'GASOLINA COMUM'));
INSERT INTO PRECO_COLETADO (Preco, UnidadeMedida, DataColeta, PostoCNPJ, CombustivelID) VALUES (4.990, 'R$ / litro', '2023-02-27', '04763356000138', (SELECT ID_Combustivel FROM COMBUSTIVEL WHERE Nome = 'GASOLINA COMUM'));
INSERT INTO PRECO_COLETADO (Preco, UnidadeMedida, DataColeta, PostoCNPJ, CombustivelID) VALUES (5.470, 'R$ / litro', '2023-03-06', '04763356000138', (SELECT ID_Combustivel FROM COMBUSTIVEL WHERE Nome = 'GASOLINA COMUM'));
INSERT INTO PRECO_COLETADO (Preco, UnidadeMedida, DataColeta, PostoCNPJ, CombustivelID) VALUES (5.450, 'R$ / litro', '2023-03-16', '04763356000138', (SELECT ID_Combustivel FROM COMBUSTIVEL WHERE Nome = 'GASOLINA COMUM'));
INSERT INTO PRECO_COLETADO (Preco, UnidadeMedida, DataColeta, PostoCNPJ, CombustivelID) VALUES (5.330, 'R$ / litro', '2023-03-27', '04763356000138', (SELECT ID_Combustivel FROM COMBUSTIVEL WHERE Nome = 'GASOLINA COMUM'));
INSERT INTO PRECO_COLETADO (Preco, UnidadeMedida, DataColeta, PostoCNPJ, CombustivelID) VALUES (5.290, 'R$ / litro', '2023-04-04', '04763356000138', (SELECT ID_Combustivel FROM COMBUSTIVEL WHERE Nome = 'GASOLINA COMUM'));
INSERT INTO PRECO_COLETADO (Preco, UnidadeMedida, DataColeta, PostoCNPJ, CombustivelID) VALUES (5.290, 'R$ / litro', '2023-04-17', '04763356000138', (SELECT ID_Combustivel FROM COMBUSTIVEL WHERE Nome = 'GASOLINA COMUM'));
INSERT INTO PRECO_COLETADO (Preco, UnidadeMedida, DataColeta, PostoCNPJ, CombustivelID) VALUES (5.290, 'R$ / litro', '2023-04-24', '04763356000138', (SELECT ID_Combustivel FROM COMBUSTIVEL WHERE Nome = 'GASOLINA COMUM'));
INSERT INTO PRECO_COLETADO (Preco, UnidadeMedida, DataColeta, PostoCNPJ, CombustivelID) VALUES (5.290, 'R$ / litro', '2023-05-03', '04763356000138', (SELECT ID_Combustivel FROM COMBUSTIVEL WHERE Nome = 'GASOLINA COMUM'));
INSERT INTO PRECO_COLETADO (Preco, UnidadeMedida, DataColeta, PostoCNPJ, CombustivelID) VALUES (5.250, 'R$ / litro', '2023-05-09', '04763356000138', (SELECT ID_Combustivel FROM COMBUSTIVEL WHERE Nome = 'GASOLINA COMUM'));
INSERT INTO PRECO_COLETADO (Preco, UnidadeMedida, DataColeta, PostoCNPJ, CombustivelID) VALUES (5.250, 'R$ / litro', '2023-05-15', '04763356000138', (SELECT ID_Combustivel FROM COMBUSTIVEL WHERE Nome = 'GASOLINA COMUM'));
INSERT INTO PRECO_COLETADO (Preco, UnidadeMedida, DataColeta, PostoCNPJ, CombustivelID) VALUES (5.050, 'R$ / litro', '2023-05-22', '04763356000138', (SELECT ID_Combustivel FROM COMBUSTIVEL WHERE Nome = 'GASOLINA COMUM'));
INSERT INTO PRECO_COLETADO (Preco, UnidadeMedida, DataColeta, PostoCNPJ, CombustivelID) VALUES (5.020, 'R$ / litro', '2023-05-29', '04763356000138', (SELECT ID_Combustivel FROM COMBUSTIVEL WHERE Nome = 'GASOLINA COMUM'));
INSERT INTO PRECO_COLETADO (Preco, UnidadeMedida, DataColeta, PostoCNPJ, CombustivelID) VALUES (5.470, 'R$ / litro', '2023-06-05', '04763356000138', (SELECT ID_Combustivel FROM COMBUSTIVEL WHERE Nome = 'GASOLINA COMUM'));
INSERT INTO PRECO_COLETADO (Preco, UnidadeMedida, DataColeta, PostoCNPJ, CombustivelID) VALUES (5.370, 'R$ / litro', '2023-06-13', '04763356000138', (SELECT ID_Combustivel FROM COMBUSTIVEL WHERE Nome = 'GASOLINA COMUM'));
INSERT INTO PRECO_COLETADO (Preco, UnidadeMedida, DataColeta, PostoCNPJ, CombustivelID) VALUES (5.290, 'R$ / litro', '2023-06-20', '04763356000138', (SELECT ID_Combustivel FROM COMBUSTIVEL WHERE Nome = 'GASOLINA COMUM'));
INSERT INTO PRECO_COLETADO (Preco, UnidadeMedida, DataColeta, PostoCNPJ, CombustivelID) VALUES (5.150, 'R$ / litro', '2023-06-27', '04763356000138', (SELECT ID_Combustivel FROM COMBUSTIVEL WHERE Nome = 'GASOLINA COMUM'));
INSERT INTO PRECO_COLETADO (Preco, UnidadeMedida, DataColeta, PostoCNPJ, CombustivelID) VALUES (5.790, 'R$ / litro', '2023-07-04', '04763356000138', (SELECT ID_Combustivel FROM COMBUSTIVEL WHERE Nome = 'GASOLINA COMUM'));
INSERT INTO PRECO_COLETADO (Preco, UnidadeMedida, DataColeta, PostoCNPJ, CombustivelID) VALUES (5.670, 'R$ / litro', '2023-07-10', '04763356000138', (SELECT ID_Combustivel FROM COMBUSTIVEL WHERE Nome = 'GASOLINA COMUM'));
INSERT INTO PRECO_COLETADO (Preco, UnidadeMedida, DataColeta, PostoCNPJ, CombustivelID) VALUES (5.420, 'R$ / litro', '2023-07-24', '04763356000138', (SELECT ID_Combustivel FROM COMBUSTIVEL WHERE Nome = 'GASOLINA COMUM'));
INSERT INTO PRECO_COLETADO (Preco, UnidadeMedida, DataColeta, PostoCNPJ, CombustivelID) VALUES (5.320, 'R$ / litro', '2023-07-31', '04763356000138', (SELECT ID_Combustivel FROM COMBUSTIVEL WHERE Nome = 'GASOLINA COMUM'));
INSERT INTO PRECO_COLETADO (Preco, UnidadeMedida, DataColeta, PostoCNPJ, CombustivelID) VALUES (5.270, 'R$ / litro', '2023-08-07', '04763356000138', (SELECT ID_Combustivel FROM COMBUSTIVEL WHERE Nome = 'GASOLINA COMUM'));
INSERT INTO PRECO_COLETADO (Preco, UnidadeMedida, DataColeta, PostoCNPJ, CombustivelID) VALUES (5.220, 'R$ / litro', '2023-08-15', '04763356000138', (SELECT ID_Combustivel FROM COMBUSTIVEL WHERE Nome = 'GASOLINA COMUM'));
INSERT INTO PRECO_COLETADO (Preco, UnidadeMedida, DataColeta, PostoCNPJ, CombustivelID) VALUES (5.490, 'R$ / litro', '2023-08-21', '04763356000138', (SELECT ID_Combustivel FROM COMBUSTIVEL WHERE Nome = 'GASOLINA COMUM'));
INSERT INTO PRECO_COLETADO (Preco, UnidadeMedida, DataColeta, PostoCNPJ, CombustivelID) VALUES (5.390, 'R$ / litro', '2023-08-30', '04763356000138', (SELECT ID_Combustivel FROM COMBUSTIVEL WHERE Nome = 'GASOLINA COMUM'));
INSERT INTO PRECO_COLETADO (Preco, UnidadeMedida, DataColeta, PostoCNPJ, CombustivelID) VALUES (5.390, 'R$ / litro', '2023-09-07', '04763356000138', (SELECT ID_Combustivel FROM COMBUSTIVEL WHERE Nome = 'GASOLINA COMUM'));
INSERT INTO POSTO (CNPJ, RazaoSocial, NomeFantasia, Bandeira, Logradouro, Numero, Bairro, Cidade, Estado, CEP) VALUES ('01496517000186', 'POSTO PERIM LTDA', 'POSTO PERIM LTDA', 'VIBRA ENERGIA', 'RUA SANTA LEOPOLDINA', '1650', 'ITAPARICA', 'VILA VELHA', 'ESPIRITO SANTO', '29102040');
INSERT INTO PRECO_COLETADO (Preco, UnidadeMedida, DataColeta, PostoCNPJ, CombustivelID) VALUES (4.380, 'R$ / litro', '2022-10-24', '01496517000186', (SELECT ID_Combustivel FROM COMBUSTIVEL WHERE Nome = 'ETANOL'));
INSERT INTO PRECO_COLETADO (Preco, UnidadeMedida, DataColeta, PostoCNPJ, CombustivelID) VALUES (4.380, 'R$ / litro', '2022-10-31', '01496517000186', (SELECT ID_Combustivel FROM COMBUSTIVEL WHERE Nome = 'ETANOL'));
INSERT INTO PRECO_COLETADO (Preco, UnidadeMedida, DataColeta, PostoCNPJ, CombustivelID) VALUES (4.690, 'R$ / litro', '2022-11-14', '01496517000186', (SELECT ID_Combustivel FROM COMBUSTIVEL WHERE Nome = 'ETANOL'));
INSERT INTO PRECO_COLETADO (Preco, UnidadeMedida, DataColeta, PostoCNPJ, CombustivelID) VALUES (4.690, 'R$ / litro', '2022-11-22', '01496517000186', (SELECT ID_Combustivel FROM COMBUSTIVEL WHERE Nome = 'ETANOL'));
INSERT INTO PRECO_COLETADO (Preco, UnidadeMedida, DataColeta, PostoCNPJ, CombustivelID) VALUES (4.690, 'R$ / litro', '2022-12-05', '01496517000186', (SELECT ID_Combustivel FROM COMBUSTIVEL WHERE Nome = 'ETANOL'));
INSERT INTO PRECO_COLETADO (Preco, UnidadeMedida, DataColeta, PostoCNPJ, CombustivelID) VALUES (4.690, 'R$ / litro', '2022-12-12', '01496517000186', (SELECT ID_Combustivel FROM COMBUSTIVEL WHERE Nome = 'ETANOL'));
INSERT INTO PRECO_COLETADO (Preco, UnidadeMedida, DataColeta, PostoCNPJ, CombustivelID) VALUES (4.690, 'R$ / litro', '2022-12-22', '01496517000186', (SELECT ID_Combustivel FROM COMBUSTIVEL WHERE Nome = 'ETANOL'));
INSERT INTO PRECO_COLETADO (Preco, UnidadeMedida, DataColeta, PostoCNPJ, CombustivelID) VALUES (4.690, 'R$ / litro', '2022-12-26', '01496517000186', (SELECT ID_Combustivel FROM COMBUSTIVEL WHERE Nome = 'ETANOL'));
INSERT INTO PRECO_COLETADO (Preco, UnidadeMedida, DataColeta, PostoCNPJ, CombustivelID) VALUES (4.990, 'R$ / litro', '2023-01-02', '01496517000186', (SELECT ID_Combustivel FROM COMBUSTIVEL WHERE Nome = 'ETANOL'));
INSERT INTO PRECO_COLETADO (Preco, UnidadeMedida, DataColeta, PostoCNPJ, CombustivelID) VALUES (4.990, 'R$ / litro', '2023-01-09', '01496517000186', (SELECT ID_Combustivel FROM COMBUSTIVEL WHERE Nome = 'ETANOL'));
INSERT INTO PRECO_COLETADO (Preco, UnidadeMedida, DataColeta, PostoCNPJ, CombustivelID) VALUES (4.990, 'R$ / litro', '2023-01-16', '01496517000186', (SELECT ID_Combustivel FROM COMBUSTIVEL WHERE Nome = 'ETANOL'));
INSERT INTO PRECO_COLETADO (Preco, UnidadeMedida, DataColeta, PostoCNPJ, CombustivelID) VALUES (4.590, 'R$ / litro', '2023-01-23', '01496517000186', (SELECT ID_Combustivel FROM COMBUSTIVEL WHERE Nome = 'ETANOL'));
INSERT INTO PRECO_COLETADO (Preco, UnidadeMedida, DataColeta, PostoCNPJ, CombustivelID) VALUES (4.690, 'R$ / litro', '2023-01-30', '01496517000186', (SELECT ID_Combustivel FROM COMBUSTIVEL WHERE Nome = 'ETANOL'));
INSERT INTO PRECO_COLETADO (Preco, UnidadeMedida, DataColeta, PostoCNPJ, CombustivelID) VALUES (4.690, 'R$ / litro', '2023-02-06', '01496517000186', (SELECT ID_Combustivel FROM COMBUSTIVEL WHERE Nome = 'ETANOL'));
INSERT INTO PRECO_COLETADO (Preco, UnidadeMedida, DataColeta, PostoCNPJ, CombustivelID) VALUES (4.690, 'R$ / litro', '2023-02-13', '01496517000186', (SELECT ID_Combustivel FROM COMBUSTIVEL WHERE Nome = 'ETANOL'));
INSERT INTO PRECO_COLETADO (Preco, UnidadeMedida, DataColeta, PostoCNPJ, CombustivelID) VALUES (4.690, 'R$ / litro', '2023-02-20', '01496517000186', (SELECT ID_Combustivel FROM COMBUSTIVEL WHERE Nome = 'ETANOL'));
INSERT INTO PRECO_COLETADO (Preco, UnidadeMedida, DataColeta, PostoCNPJ, CombustivelID) VALUES (4.690, 'R$ / litro', '2023-02-27', '01496517000186', (SELECT ID_Combustivel FROM COMBUSTIVEL WHERE Nome = 'ETANOL'));
INSERT INTO PRECO_COLETADO (Preco, UnidadeMedida, DataColeta, PostoCNPJ, CombustivelID) VALUES (4.880, 'R$ / litro', '2023-03-06', '01496517000186', (SELECT ID_Combustivel FROM COMBUSTIVEL WHERE Nome = 'ETANOL'));
INSERT INTO PRECO_COLETADO (Preco, UnidadeMedida, DataColeta, PostoCNPJ, CombustivelID) VALUES (4.880, 'R$ / litro', '2023-03-16', '01496517000186', (SELECT ID_Combustivel FROM COMBUSTIVEL WHERE Nome = 'ETANOL'));
INSERT INTO PRECO_COLETADO (Preco, UnidadeMedida, DataColeta, PostoCNPJ, CombustivelID) VALUES (4.880, 'R$ / litro', '2023-03-21', '01496517000186', (SELECT ID_Combustivel FROM COMBUSTIVEL WHERE Nome = 'ETANOL'));
INSERT INTO PRECO_COLETADO (Preco, UnidadeMedida, DataColeta, PostoCNPJ, CombustivelID) VALUES (4.590, 'R$ / litro', '2023-03-27', '01496517000186', (SELECT ID_Combustivel FROM COMBUSTIVEL WHERE Nome = 'ETANOL'));
INSERT INTO PRECO_COLETADO (Preco, UnidadeMedida, DataColeta, PostoCNPJ, CombustivelID) VALUES (4.590, 'R$ / litro', '2023-04-04', '01496517000186', (SELECT ID_Combustivel FROM COMBUSTIVEL WHERE Nome = 'ETANOL'));
INSERT INTO PRECO_COLETADO (Preco, UnidadeMedida, DataColeta, PostoCNPJ, CombustivelID) VALUES (4.590, 'R$ / litro', '2023-04-10', '01496517000186', (SELECT ID_Combustivel FROM COMBUSTIVEL WHERE Nome = 'ETANOL'));
INSERT INTO PRECO_COLETADO (Preco, UnidadeMedida, DataColeta, PostoCNPJ, CombustivelID) VALUES (4.690, 'R$ / litro', '2023-04-17', '01496517000186', (SELECT ID_Combustivel FROM COMBUSTIVEL WHERE Nome = 'ETANOL'));
INSERT INTO PRECO_COLETADO (Preco, UnidadeMedida, DataColeta, PostoCNPJ, CombustivelID) VALUES (4.690, 'R$ / litro', '2023-04-24', '01496517000186', (SELECT ID_Combustivel FROM COMBUSTIVEL WHERE Nome = 'ETANOL'));
INSERT INTO PRECO_COLETADO (Preco, UnidadeMedida, DataColeta, PostoCNPJ, CombustivelID) VALUES (4.990, 'R$ / litro', '2023-05-02', '01496517000186', (SELECT ID_Combustivel FROM COMBUSTIVEL WHERE Nome = 'ETANOL'));
INSERT INTO PRECO_COLETADO (Preco, UnidadeMedida, DataColeta, PostoCNPJ, CombustivelID) VALUES (4.990, 'R$ / litro', '2023-05-09', '01496517000186', (SELECT ID_Combustivel FROM COMBUSTIVEL WHERE Nome = 'ETANOL'));
INSERT INTO PRECO_COLETADO (Preco, UnidadeMedida, DataColeta, PostoCNPJ, CombustivelID) VALUES (4.990, 'R$ / litro', '2023-05-15', '01496517000186', (SELECT ID_Combustivel FROM COMBUSTIVEL WHERE Nome = 'ETANOL'));
INSERT INTO PRECO_COLETADO (Preco, UnidadeMedida, DataColeta, PostoCNPJ, CombustivelID) VALUES (4.690, 'R$ / litro', '2023-05-22', '01496517000186', (SELECT ID_Combustivel FROM COMBUSTIVEL WHERE Nome = 'ETANOL'));
INSERT INTO PRECO_COLETADO (Preco, UnidadeMedida, DataColeta, PostoCNPJ, CombustivelID) VALUES (4.690, 'R$ / litro', '2023-05-29', '01496517000186', (SELECT ID_Combustivel FROM COMBUSTIVEL WHERE Nome = 'ETANOL'));
INSERT INTO PRECO_COLETADO (Preco, UnidadeMedida, DataColeta, PostoCNPJ, CombustivelID) VALUES (4.690, 'R$ / litro', '2023-06-05', '01496517000186', (SELECT ID_Combustivel FROM COMBUSTIVEL WHERE Nome = 'ETANOL'));
INSERT INTO PRECO_COLETADO (Preco, UnidadeMedida, DataColeta, PostoCNPJ, CombustivelID) VALUES (4.690, 'R$ / litro', '2023-06-13', '01496517000186', (SELECT ID_Combustivel FROM COMBUSTIVEL WHERE Nome = 'ETANOL'));
INSERT INTO PRECO_COLETADO (Preco, UnidadeMedida, DataColeta, PostoCNPJ, CombustivelID) VALUES (4.690, 'R$ / litro', '2023-06-20', '01496517000186', (SELECT ID_Combustivel FROM COMBUSTIVEL WHERE Nome = 'ETANOL'));
INSERT INTO PRECO_COLETADO (Preco, UnidadeMedida, DataColeta, PostoCNPJ, CombustivelID) VALUES (4.690, 'R$ / litro', '2023-06-27', '01496517000186', (SELECT ID_Combustivel FROM COMBUSTIVEL WHERE Nome = 'ETANOL'));
INSERT INTO PRECO_COLETADO (Preco, UnidadeMedida, DataColeta, PostoCNPJ, CombustivelID) VALUES (4.790, 'R$ / litro', '2023-07-04', '01496517000186', (SELECT ID_Combustivel FROM COMBUSTIVEL WHERE Nome = 'ETANOL'));
INSERT INTO PRECO_COLETADO (Preco, UnidadeMedida, DataColeta, PostoCNPJ, CombustivelID) VALUES (4.790, 'R$ / litro', '2023-07-10', '01496517000186', (SELECT ID_Combustivel FROM COMBUSTIVEL WHERE Nome = 'ETANOL'));
INSERT INTO PRECO_COLETADO (Preco, UnidadeMedida, DataColeta, PostoCNPJ, CombustivelID) VALUES (4.490, 'R$ / litro', '2023-07-17', '01496517000186', (SELECT ID_Combustivel FROM COMBUSTIVEL WHERE Nome = 'ETANOL'));
INSERT INTO PRECO_COLETADO (Preco, UnidadeMedida, DataColeta, PostoCNPJ, CombustivelID) VALUES (4.490, 'R$ / litro', '2023-07-24', '01496517000186', (SELECT ID_Combustivel FROM COMBUSTIVEL WHERE Nome = 'ETANOL'));
INSERT INTO PRECO_COLETADO (Preco, UnidadeMedida, DataColeta, PostoCNPJ, CombustivelID) VALUES (4.490, 'R$ / litro', '2023-07-31', '01496517000186', (SELECT ID_Combustivel FROM COMBUSTIVEL WHERE Nome = 'ETANOL'));
INSERT INTO PRECO_COLETADO (Preco, UnidadeMedida, DataColeta, PostoCNPJ, CombustivelID) VALUES (4.490, 'R$ / litro', '2023-08-15', '01496517000186', (SELECT ID_Combustivel FROM COMBUSTIVEL WHERE Nome = 'ETANOL'));
INSERT INTO PRECO_COLETADO (Preco, UnidadeMedida, DataColeta, PostoCNPJ, CombustivelID) VALUES (4.490, 'R$ / litro', '2023-08-22', '01496517000186', (SELECT ID_Combustivel FROM COMBUSTIVEL WHERE Nome = 'ETANOL'));
INSERT INTO PRECO_COLETADO (Preco, UnidadeMedida, DataColeta, PostoCNPJ, CombustivelID) VALUES (4.490, 'R$ / litro', '2023-08-30', '01496517000186', (SELECT ID_Combustivel FROM COMBUSTIVEL WHERE Nome = 'ETANOL'));
INSERT INTO PRECO_COLETADO (Preco, UnidadeMedida, DataColeta, PostoCNPJ, CombustivelID) VALUES (4.490, 'R$ / litro', '2023-09-07', '01496517000186', (SELECT ID_Combustivel FROM COMBUSTIVEL WHERE Nome = 'ETANOL'));
INSERT INTO PRECO_COLETADO (Preco, UnidadeMedida, DataColeta, PostoCNPJ, CombustivelID) VALUES (4.490, 'R$ / litro', '2023-09-12', '01496517000186', (SELECT ID_Combustivel FROM COMBUSTIVEL WHERE Nome = 'ETANOL'));
INSERT INTO PRECO_COLETADO (Preco, UnidadeMedida, DataColeta, PostoCNPJ, CombustivelID) VALUES (4.490, 'R$ / litro', '2023-09-19', '01496517000186', (SELECT ID_Combustivel FROM COMBUSTIVEL WHERE Nome = 'ETANOL'));
INSERT INTO PRECO_COLETADO (Preco, UnidadeMedida, DataColeta, PostoCNPJ, CombustivelID) VALUES (4.490, 'R$ / litro', '2023-09-26', '01496517000186', (SELECT ID_Combustivel FROM COMBUSTIVEL WHERE Nome = 'ETANOL'));
INSERT INTO PRECO_COLETADO (Preco, UnidadeMedida, DataColeta, PostoCNPJ, CombustivelID) VALUES (4.490, 'R$ / litro', '2023-10-03', '01496517000186', (SELECT ID_Combustivel FROM COMBUSTIVEL WHERE Nome = 'ETANOL'));
INSERT INTO PRECO_COLETADO (Preco, UnidadeMedida, DataColeta, PostoCNPJ, CombustivelID) VALUES (4.490, 'R$ / litro', '2023-10-10', '01496517000186', (SELECT ID_Combustivel FROM COMBUSTIVEL WHERE Nome = 'ETANOL'));
INSERT INTO PRECO_COLETADO (Preco, UnidadeMedida, DataColeta, PostoCNPJ, CombustivelID) VALUES (4.490, 'R$ / litro', '2023-10-16', '01496517000186', (SELECT ID_Combustivel FROM COMBUSTIVEL WHERE Nome = 'ETANOL'));
INSERT INTO PRECO_COLETADO (Preco, UnidadeMedida, DataColeta, PostoCNPJ, CombustivelID) VALUES (4.490, 'R$ / litro', '2023-10-24', '01496517000186', (SELECT ID_Combustivel FROM COMBUSTIVEL WHERE Nome = 'ETANOL'));
INSERT INTO PRECO_COLETADO (Preco, UnidadeMedida, DataColeta, PostoCNPJ, CombustivelID) VALUES (4.490, 'R$ / litro', '2023-10-31', '01496517000186', (SELECT ID_Combustivel FROM COMBUSTIVEL WHERE Nome = 'ETANOL'));
INSERT INTO PRECO_COLETADO (Preco, UnidadeMedida, DataColeta, PostoCNPJ, CombustivelID) VALUES (4.490, 'R$ / litro', '2023-11-07', '01496517000186', (SELECT ID_Combustivel FROM COMBUSTIVEL WHERE Nome = 'ETANOL'));
INSERT INTO PRECO_COLETADO (Preco, UnidadeMedida, DataColeta, PostoCNPJ, CombustivelID) VALUES (4.490, 'R$ / litro', '2023-11-14', '01496517000186', (SELECT ID_Combustivel FROM COMBUSTIVEL WHERE Nome = 'ETANOL'));
INSERT INTO PRECO_COLETADO (Preco, UnidadeMedida, DataColeta, PostoCNPJ, CombustivelID) VALUES (4.490, 'R$ / litro', '2023-11-21', '01496517000186', (SELECT ID_Combustivel FROM COMBUSTIVEL WHERE Nome = 'ETANOL'));
INSERT INTO PRECO_COLETADO (Preco, UnidadeMedida, DataColeta, PostoCNPJ, CombustivelID) VALUES (4.490, 'R$ / litro', '2023-11-28', '01496517000186', (SELECT ID_Combustivel FROM COMBUSTIVEL WHERE Nome = 'ETANOL'));
INSERT INTO PRECO_COLETADO (Preco, UnidadeMedida, DataColeta, PostoCNPJ, CombustivelID) VALUES (4.490, 'R$ / litro', '2023-12-06', '01496517000186', (SELECT ID_Combustivel FROM COMBUSTIVEL WHERE Nome = 'ETANOL'));
INSERT INTO PRECO_COLETADO (Preco, UnidadeMedida, DataColeta, PostoCNPJ, CombustivelID) VALUES (4.490, 'R$ / litro', '2023-12-13', '01496517000186', (SELECT ID_Combustivel FROM COMBUSTIVEL WHERE Nome = 'ETANOL'));
INSERT INTO PRECO_COLETADO (Preco, UnidadeMedida, DataColeta, PostoCNPJ, CombustivelID) VALUES (4.490, 'R$ / litro', '2023-12-20', '01496517000186', (SELECT ID_Combustivel FROM COMBUSTIVEL WHERE Nome = 'ETANOL'));
INSERT INTO PRECO_COLETADO (Preco, UnidadeMedida, DataColeta, PostoCNPJ, CombustivelID) VALUES (4.490, 'R$ / litro', '2024-01-08', '01496517000186', (SELECT ID_Combustivel FROM COMBUSTIVEL WHERE Nome = 'ETANOL'));
INSERT INTO PRECO_COLETADO (Preco, UnidadeMedida, DataColeta, PostoCNPJ, CombustivelID) VALUES (4.490, 'R$ / litro', '2024-01-22', '01496517000186', (SELECT ID_Combustivel FROM COMBUSTIVEL WHERE Nome = 'ETANOL'));
INSERT INTO PRECO_COLETADO (Preco, UnidadeMedida, DataColeta, PostoCNPJ, CombustivelID) VALUES (4.490, 'R$ / litro', '2024-02-05', '01496517000186', (SELECT ID_Combustivel FROM COMBUSTIVEL WHERE Nome = 'ETANOL'));
INSERT INTO PRECO_COLETADO (Preco, UnidadeMedida, DataColeta, PostoCNPJ, CombustivelID) VALUES (4.490, 'R$ / litro', '2024-02-12', '01496517000186', (SELECT ID_Combustivel FROM COMBUSTIVEL WHERE Nome = 'ETANOL'));
INSERT INTO PRECO_COLETADO (Preco, UnidadeMedida, DataColeta, PostoCNPJ, CombustivelID) VALUES (4.490, 'R$ / litro', '2024-02-19', '01496517000186', (SELECT ID_Combustivel FROM COMBUSTIVEL WHERE Nome = 'ETANOL'));
INSERT INTO PRECO_COLETADO (Preco, UnidadeMedida, DataColeta, PostoCNPJ, CombustivelID) VALUES (4.490, 'R$ / litro', '2024-02-26', '01496517000186', (SELECT ID_Combustivel FROM COMBUSTIVEL WHERE Nome = 'ETANOL'));
INSERT INTO PRECO_COLETADO (Preco, UnidadeMedida, DataColeta, PostoCNPJ, CombustivelID) VALUES (4.490, 'R$ / litro', '2024-03-04', '01496517000186', (SELECT ID_Combustivel FROM COMBUSTIVEL WHERE Nome = 'ETANOL'));
INSERT INTO PRECO_COLETADO (Preco, UnidadeMedida, DataColeta, PostoCNPJ, CombustivelID) VALUES (4.490, 'R$ / litro', '2024-03-11', '01496517000186', (SELECT ID_Combustivel FROM COMBUSTIVEL WHERE Nome = 'ETANOL'));
INSERT INTO PRECO_COLETADO (Preco, UnidadeMedida, DataColeta, PostoCNPJ, CombustivelID) VALUES (4.490, 'R$ / litro', '2024-03-25', '01496517000186', (SELECT ID_Combustivel FROM COMBUSTIVEL WHERE Nome = 'ETANOL'));
INSERT INTO PRECO_COLETADO (Preco, UnidadeMedida, DataColeta, PostoCNPJ, CombustivelID) VALUES (4.490, 'R$ / litro', '2024-04-02', '01496517000186', (SELECT ID_Combustivel FROM COMBUSTIVEL WHERE Nome = 'ETANOL'));
INSERT INTO PRECO_COLETADO (Preco, UnidadeMedida, DataColeta, PostoCNPJ, CombustivelID) VALUES (4.490, 'R$ / litro', '2024-04-08', '01496517000186', (SELECT ID_Combustivel FROM COMBUSTIVEL WHERE Nome = 'ETANOL'));
INSERT INTO PRECO_COLETADO (Preco, UnidadeMedida, DataColeta, PostoCNPJ, CombustivelID) VALUES (4.490, 'R$ / litro', '2024-04-15', '01496517000186', (SELECT ID_Combustivel FROM COMBUSTIVEL WHERE Nome = 'ETANOL'));
INSERT INTO PRECO_COLETADO (Preco, UnidadeMedida, DataColeta, PostoCNPJ, CombustivelID) VALUES (4.490, 'R$ / litro', '2024-04-22', '01496517000186', (SELECT ID_Combustivel FROM COMBUSTIVEL WHERE Nome = 'ETANOL'));
INSERT INTO PRECO_COLETADO (Preco, UnidadeMedida, DataColeta, PostoCNPJ, CombustivelID) VALUES (4.490, 'R$ / litro', '2024-04-29', '01496517000186', (SELECT ID_Combustivel FROM COMBUSTIVEL WHERE Nome = 'ETANOL'));
INSERT INTO PRECO_COLETADO (Preco, UnidadeMedida, DataColeta, PostoCNPJ, CombustivelID) VALUES (4.490, 'R$ / litro', '2024-05-06', '01496517000186', (SELECT ID_Combustivel FROM COMBUSTIVEL WHERE Nome = 'ETANOL'));
INSERT INTO PRECO_COLETADO (Preco, UnidadeMedida, DataColeta, PostoCNPJ, CombustivelID) VALUES (4.490, 'R$ / litro', '2024-05-14', '01496517000186', (SELECT ID_Combustivel FROM COMBUSTIVEL WHERE Nome = 'ETANOL'));
INSERT INTO PRECO_COLETADO (Preco, UnidadeMedida, DataColeta, PostoCNPJ, CombustivelID) VALUES (4.490, 'R$ / litro', '2024-05-20', '01496517000186', (SELECT ID_Combustivel FROM COMBUSTIVEL WHERE Nome = 'ETANOL'));
INSERT INTO PRECO_COLETADO (Preco, UnidadeMedida, DataColeta, PostoCNPJ, CombustivelID) VALUES (4.490, 'R$ / litro', '2024-05-27', '01496517000186', (SELECT ID_Combustivel FROM COMBUSTIVEL WHERE Nome = 'ETANOL'));
INSERT INTO PRECO_COLETADO (Preco, UnidadeMedida, DataColeta, PostoCNPJ, CombustivelID) VALUES (4.490, 'R$ / litro', '2024-06-10', '01496517000186', (SELECT ID_Combustivel FROM COMBUSTIVEL WHERE Nome = 'ETANOL'));
INSERT INTO PRECO_COLETADO (Preco, UnidadeMedida, DataColeta, PostoCNPJ, CombustivelID) VALUES (4.490, 'R$ / litro', '2024-06-17', '01496517000186', (SELECT ID_Combustivel FROM COMBUSTIVEL WHERE Nome = 'ETANOL'));
INSERT INTO PRECO_COLETADO (Preco, UnidadeMedida, DataColeta, PostoCNPJ, CombustivelID) VALUES (4.490, 'R$ / litro', '2024-06-24', '01496517000186', (SELECT ID_Combustivel FROM COMBUSTIVEL WHERE Nome = 'ETANOL'));
INSERT INTO PRECO_COLETADO (Preco, UnidadeMedida, DataColeta, PostoCNPJ, CombustivelID) VALUES (4.690, 'R$ / litro', '2024-07-01', '01496517000186', (SELECT ID_Combustivel FROM COMBUSTIVEL WHERE Nome = 'ETANOL'));
INSERT INTO PRECO_COLETADO (Preco, UnidadeMedida, DataColeta, PostoCNPJ, CombustivelID) VALUES (4.690, 'R$ / litro', '2024-07-09', '01496517000186', (SELECT ID_Combustivel FROM COMBUSTIVEL WHERE Nome = 'ETANOL'));
INSERT INTO PRECO_COLETADO (Preco, UnidadeMedida, DataColeta, PostoCNPJ, CombustivelID) VALUES (4.990, 'R$ / litro', '2024-07-16', '01496517000186', (SELECT ID_Combustivel FROM COMBUSTIVEL WHERE Nome = 'ETANOL'));
INSERT INTO PRECO_COLETADO (Preco, UnidadeMedida, DataColeta, PostoCNPJ, CombustivelID) VALUES (4.990, 'R$ / litro', '2024-07-22', '01496517000186', (SELECT ID_Combustivel FROM COMBUSTIVEL WHERE Nome = 'ETANOL'));
INSERT INTO PRECO_COLETADO (Preco, UnidadeMedida, DataColeta, PostoCNPJ, CombustivelID) VALUES (4.990, 'R$ / litro', '2024-07-29', '01496517000186', (SELECT ID_Combustivel FROM COMBUSTIVEL WHERE Nome = 'ETANOL'));
INSERT INTO PRECO_COLETADO (Preco, UnidadeMedida, DataColeta, PostoCNPJ, CombustivelID) VALUES (4.990, 'R$ / litro', '2024-08-05', '01496517000186', (SELECT ID_Combustivel FROM COMBUSTIVEL WHERE Nome = 'ETANOL'));
INSERT INTO PRECO_COLETADO (Preco, UnidadeMedida, DataColeta, PostoCNPJ, CombustivelID) VALUES (4.990, 'R$ / litro', '2024-08-12', '01496517000186', (SELECT ID_Combustivel FROM COMBUSTIVEL WHERE Nome = 'ETANOL'));
INSERT INTO PRECO_COLETADO (Preco, UnidadeMedida, DataColeta, PostoCNPJ, CombustivelID) VALUES (4.990, 'R$ / litro', '2024-08-20', '01496517000186', (SELECT ID_Combustivel FROM COMBUSTIVEL WHERE Nome = 'ETANOL'));
INSERT INTO PRECO_COLETADO (Preco, UnidadeMedida, DataColeta, PostoCNPJ, CombustivelID) VALUES (4.990, 'R$ / litro', '2024-08-26', '01496517000186', (SELECT ID_Combustivel FROM COMBUSTIVEL WHERE Nome = 'ETANOL'));
INSERT INTO PRECO_COLETADO (Preco, UnidadeMedida, DataColeta, PostoCNPJ, CombustivelID) VALUES (4.990, 'R$ / litro', '2024-09-02', '01496517000186', (SELECT ID_Combustivel FROM COMBUSTIVEL WHERE Nome = 'ETANOL'));
INSERT INTO PRECO_COLETADO (Preco, UnidadeMedida, DataColeta, PostoCNPJ, CombustivelID) VALUES (6.590, 'R$ / litro', '2022-10-24', '01496517000186', (SELECT ID_Combustivel FROM COMBUSTIVEL WHERE Nome = 'DIESEL S10'));
INSERT INTO PRECO_COLETADO (Preco, UnidadeMedida, DataColeta, PostoCNPJ, CombustivelID) VALUES (6.590, 'R$ / litro', '2022-10-31', '01496517000186', (SELECT ID_Combustivel FROM COMBUSTIVEL WHERE Nome = 'DIESEL S10'));
INSERT INTO PRECO_COLETADO (Preco, UnidadeMedida, DataColeta, PostoCNPJ, CombustivelID) VALUES (6.690, 'R$ / litro', '2022-11-14', '01496517000186', (SELECT ID_Combustivel FROM COMBUSTIVEL WHERE Nome = 'DIESEL S10'));
INSERT INTO PRECO_COLETADO (Preco, UnidadeMedida, DataColeta, PostoCNPJ, CombustivelID) VALUES (6.690, 'R$ / litro', '2022-11-22', '01496517000186', (SELECT ID_Combustivel FROM COMBUSTIVEL WHERE Nome = 'DIESEL S10'));
INSERT INTO PRECO_COLETADO (Preco, UnidadeMedida, DataColeta, PostoCNPJ, CombustivelID) VALUES (6.690, 'R$ / litro', '2022-12-05', '01496517000186', (SELECT ID_Combustivel FROM COMBUSTIVEL WHERE Nome = 'DIESEL S10'));
INSERT INTO PRECO_COLETADO (Preco, UnidadeMedida, DataColeta, PostoCNPJ, CombustivelID) VALUES (6.690, 'R$ / litro', '2022-12-12', '01496517000186', (SELECT ID_Combustivel FROM COMBUSTIVEL WHERE Nome = 'DIESEL S10'));
INSERT INTO PRECO_COLETADO (Preco, UnidadeMedida, DataColeta, PostoCNPJ, CombustivelID) VALUES (6.690, 'R$ / litro', '2022-12-22', '01496517000186', (SELECT ID_Combustivel FROM COMBUSTIVEL WHERE Nome = 'DIESEL S10'));
INSERT INTO PRECO_COLETADO (Preco, UnidadeMedida, DataColeta, PostoCNPJ, CombustivelID) VALUES (6.690, 'R$ / litro', '2022-12-26', '01496517000186', (SELECT ID_Combustivel FROM COMBUSTIVEL WHERE Nome = 'DIESEL S10'));
INSERT INTO PRECO_COLETADO (Preco, UnidadeMedida, DataColeta, PostoCNPJ, CombustivelID) VALUES (6.690, 'R$ / litro', '2023-01-02', '01496517000186', (SELECT ID_Combustivel FROM COMBUSTIVEL WHERE Nome = 'DIESEL S10'));
INSERT INTO PRECO_COLETADO (Preco, UnidadeMedida, DataColeta, PostoCNPJ, CombustivelID) VALUES (6.690, 'R$ / litro', '2023-01-09', '01496517000186', (SELECT ID_Combustivel FROM COMBUSTIVEL WHERE Nome = 'DIESEL S10'));
INSERT INTO PRECO_COLETADO (Preco, UnidadeMedida, DataColeta, PostoCNPJ, CombustivelID) VALUES (6.490, 'R$ / litro', '2023-01-16', '01496517000186', (SELECT ID_Combustivel FROM COMBUSTIVEL WHERE Nome = 'DIESEL S10'));
INSERT INTO PRECO_COLETADO (Preco, UnidadeMedida, DataColeta, PostoCNPJ, CombustivelID) VALUES (6.490, 'R$ / litro', '2023-01-23', '01496517000186', (SELECT ID_Combustivel FROM COMBUSTIVEL WHERE Nome = 'DIESEL S10'));
INSERT INTO PRECO_COLETADO (Preco, UnidadeMedida, DataColeta, PostoCNPJ, CombustivelID) VALUES (6.290, 'R$ / litro', '2023-01-30', '01496517000186', (SELECT ID_Combustivel FROM COMBUSTIVEL WHERE Nome = 'DIESEL S10'));
INSERT INTO PRECO_COLETADO (Preco, UnidadeMedida, DataColeta, PostoCNPJ, CombustivelID) VALUES (6.290, 'R$ / litro', '2023-02-06', '01496517000186', (SELECT ID_Combustivel FROM COMBUSTIVEL WHERE Nome = 'DIESEL S10'));
INSERT INTO PRECO_COLETADO (Preco, UnidadeMedida, DataColeta, PostoCNPJ, CombustivelID) VALUES (6.290, 'R$ / litro', '2023-02-13', '01496517000186', (SELECT ID_Combustivel FROM COMBUSTIVEL WHERE Nome = 'DIESEL S10'));
INSERT INTO PRECO_COLETADO (Preco, UnidadeMedida, DataColeta, PostoCNPJ, CombustivelID) VALUES (6.290, 'R$ / litro', '2023-02-20', '01496517000186', (SELECT ID_Combustivel FROM COMBUSTIVEL WHERE Nome = 'DIESEL S10'));
INSERT INTO PRECO_COLETADO (Preco, UnidadeMedida, DataColeta, PostoCNPJ, CombustivelID) VALUES (5.890, 'R$ / litro', '2023-02-27', '01496517000186', (SELECT ID_Combustivel FROM COMBUSTIVEL WHERE Nome = 'DIESEL S10'));
INSERT INTO PRECO_COLETADO (Preco, UnidadeMedida, DataColeta, PostoCNPJ, CombustivelID) VALUES (5.890, 'R$ / litro', '2023-03-06', '01496517000186', (SELECT ID_Combustivel FROM COMBUSTIVEL WHERE Nome = 'DIESEL S10'));
INSERT INTO PRECO_COLETADO (Preco, UnidadeMedida, DataColeta, PostoCNPJ, CombustivelID) VALUES (5.890, 'R$ / litro', '2023-03-16', '01496517000186', (SELECT ID_Combustivel FROM COMBUSTIVEL WHERE Nome = 'DIESEL S10'));
INSERT INTO PRECO_COLETADO (Preco, UnidadeMedida, DataColeta, PostoCNPJ, CombustivelID) VALUES (5.890, 'R$ / litro', '2023-03-21', '01496517000186', (SELECT ID_Combustivel FROM COMBUSTIVEL WHERE Nome = 'DIESEL S10'));
INSERT INTO PRECO_COLETADO (Preco, UnidadeMedida, DataColeta, PostoCNPJ, CombustivelID) VALUES (5.690, 'R$ / litro', '2023-03-27', '01496517000186', (SELECT ID_Combustivel FROM COMBUSTIVEL WHERE Nome = 'DIESEL S10'));
INSERT INTO PRECO_COLETADO (Preco, UnidadeMedida, DataColeta, PostoCNPJ, CombustivelID) VALUES (5.690, 'R$ / litro', '2023-04-04', '01496517000186', (SELECT ID_Combustivel FROM COMBUSTIVEL WHERE Nome = 'DIESEL S10'));
INSERT INTO PRECO_COLETADO (Preco, UnidadeMedida, DataColeta, PostoCNPJ, CombustivelID) VALUES (5.790, 'R$ / litro', '2023-04-10', '01496517000186', (SELECT ID_Combustivel FROM COMBUSTIVEL WHERE Nome = 'DIESEL S10'));
INSERT INTO PRECO_COLETADO (Preco, UnidadeMedida, DataColeta, PostoCNPJ, CombustivelID) VALUES (5.790, 'R$ / litro', '2023-04-17', '01496517000186', (SELECT ID_Combustivel FROM COMBUSTIVEL WHERE Nome = 'DIESEL S10'));
INSERT INTO PRECO_COLETADO (Preco, UnidadeMedida, DataColeta, PostoCNPJ, CombustivelID) VALUES (5.790, 'R$ / litro', '2023-04-24', '01496517000186', (SELECT ID_Combustivel FROM COMBUSTIVEL WHERE Nome = 'DIESEL S10'));
INSERT INTO PRECO_COLETADO (Preco, UnidadeMedida, DataColeta, PostoCNPJ, CombustivelID) VALUES (5.790, 'R$ / litro', '2023-05-02', '01496517000186', (SELECT ID_Combustivel FROM COMBUSTIVEL WHERE Nome = 'DIESEL S10'));
INSERT INTO PRECO_COLETADO (Preco, UnidadeMedida, DataColeta, PostoCNPJ, CombustivelID) VALUES (5.590, 'R$ / litro', '2023-05-09', '01496517000186', (SELECT ID_Combustivel FROM COMBUSTIVEL WHERE Nome = 'DIESEL S10'));
INSERT INTO PRECO_COLETADO (Preco, UnidadeMedida, DataColeta, PostoCNPJ, CombustivelID) VALUES (5.590, 'R$ / litro', '2023-05-15', '01496517000186', (SELECT ID_Combustivel FROM COMBUSTIVEL WHERE Nome = 'DIESEL S10'));
INSERT INTO PRECO_COLETADO (Preco, UnidadeMedida, DataColeta, PostoCNPJ, CombustivelID) VALUES (5.290, 'R$ / litro', '2023-05-22', '01496517000186', (SELECT ID_Combustivel FROM COMBUSTIVEL WHERE Nome = 'DIESEL S10'));
INSERT INTO PRECO_COLETADO (Preco, UnidadeMedida, DataColeta, PostoCNPJ, CombustivelID) VALUES (5.290, 'R$ / litro', '2023-05-29', '01496517000186', (SELECT ID_Combustivel FROM COMBUSTIVEL WHERE Nome = 'DIESEL S10'));
INSERT INTO PRECO_COLETADO (Preco, UnidadeMedida, DataColeta, PostoCNPJ, CombustivelID) VALUES (5.290, 'R$ / litro', '2023-06-05', '01496517000186', (SELECT ID_Combustivel FROM COMBUSTIVEL WHERE Nome = 'DIESEL S10'));
INSERT INTO PRECO_COLETADO (Preco, UnidadeMedida, DataColeta, PostoCNPJ, CombustivelID) VALUES (5.290, 'R$ / litro', '2023-06-13', '01496517000186', (SELECT ID_Combustivel FROM COMBUSTIVEL WHERE Nome = 'DIESEL S10'));
INSERT INTO PRECO_COLETADO (Preco, UnidadeMedida, DataColeta, PostoCNPJ, CombustivelID) VALUES (5.290, 'R$ / litro', '2023-06-20', '01496517000186', (SELECT ID_Combustivel FROM COMBUSTIVEL WHERE Nome = 'DIESEL S10'));
INSERT INTO PRECO_COLETADO (Preco, UnidadeMedida, DataColeta, PostoCNPJ, CombustivelID) VALUES (5.290, 'R$ / litro', '2023-06-27', '01496517000186', (SELECT ID_Combustivel FROM COMBUSTIVEL WHERE Nome = 'DIESEL S10'));
INSERT INTO PRECO_COLETADO (Preco, UnidadeMedida, DataColeta, PostoCNPJ, CombustivelID) VALUES (5.290, 'R$ / litro', '2023-07-04', '01496517000186', (SELECT ID_Combustivel FROM COMBUSTIVEL WHERE Nome = 'DIESEL S10'));
INSERT INTO PRECO_COLETADO (Preco, UnidadeMedida, DataColeta, PostoCNPJ, CombustivelID) VALUES (5.090, 'R$ / litro', '2023-07-10', '01496517000186', (SELECT ID_Combustivel FROM COMBUSTIVEL WHERE Nome = 'DIESEL S10'));
INSERT INTO PRECO_COLETADO (Preco, UnidadeMedida, DataColeta, PostoCNPJ, CombustivelID) VALUES (5.090, 'R$ / litro', '2023-07-17', '01496517000186', (SELECT ID_Combustivel FROM COMBUSTIVEL WHERE Nome = 'DIESEL S10'));
INSERT INTO PRECO_COLETADO (Preco, UnidadeMedida, DataColeta, PostoCNPJ, CombustivelID) VALUES (5.090, 'R$ / litro', '2023-07-24', '01496517000186', (SELECT ID_Combustivel FROM COMBUSTIVEL WHERE Nome = 'DIESEL S10'));
INSERT INTO PRECO_COLETADO (Preco, UnidadeMedida, DataColeta, PostoCNPJ, CombustivelID) VALUES (5.090, 'R$ / litro', '2023-07-31', '01496517000186', (SELECT ID_Combustivel FROM COMBUSTIVEL WHERE Nome = 'DIESEL S10'));
INSERT INTO PRECO_COLETADO (Preco, UnidadeMedida, DataColeta, PostoCNPJ, CombustivelID) VALUES (5.090, 'R$ / litro', '2023-08-15', '01496517000186', (SELECT ID_Combustivel FROM COMBUSTIVEL WHERE Nome = 'DIESEL S10'));
INSERT INTO PRECO_COLETADO (Preco, UnidadeMedida, DataColeta, PostoCNPJ, CombustivelID) VALUES (6.290, 'R$ / litro', '2023-08-22', '01496517000186', (SELECT ID_Combustivel FROM COMBUSTIVEL WHERE Nome = 'DIESEL S10'));
INSERT INTO PRECO_COLETADO (Preco, UnidadeMedida, DataColeta, PostoCNPJ, CombustivelID) VALUES (6.290, 'R$ / litro', '2023-08-30', '01496517000186', (SELECT ID_Combustivel FROM COMBUSTIVEL WHERE Nome = 'DIESEL S10'));
INSERT INTO PRECO_COLETADO (Preco, UnidadeMedida, DataColeta, PostoCNPJ, CombustivelID) VALUES (6.090, 'R$ / litro', '2023-09-07', '01496517000186', (SELECT ID_Combustivel FROM COMBUSTIVEL WHERE Nome = 'DIESEL S10'));
INSERT INTO PRECO_COLETADO (Preco, UnidadeMedida, DataColeta, PostoCNPJ, CombustivelID) VALUES (6.390, 'R$ / litro', '2023-09-12', '01496517000186', (SELECT ID_Combustivel FROM COMBUSTIVEL WHERE Nome = 'DIESEL S10'));
INSERT INTO PRECO_COLETADO (Preco, UnidadeMedida, DataColeta, PostoCNPJ, CombustivelID) VALUES (6.290, 'R$ / litro', '2023-09-19', '01496517000186', (SELECT ID_Combustivel FROM COMBUSTIVEL WHERE Nome = 'DIESEL S10'));
INSERT INTO PRECO_COLETADO (Preco, UnidadeMedida, DataColeta, PostoCNPJ, CombustivelID) VALUES (6.290, 'R$ / litro', '2023-09-26', '01496517000186', (SELECT ID_Combustivel FROM COMBUSTIVEL WHERE Nome = 'DIESEL S10'));
INSERT INTO PRECO_COLETADO (Preco, UnidadeMedida, DataColeta, PostoCNPJ, CombustivelID) VALUES (6.290, 'R$ / litro', '2023-10-03', '01496517000186', (SELECT ID_Combustivel FROM COMBUSTIVEL WHERE Nome = 'DIESEL S10'));
INSERT INTO PRECO_COLETADO (Preco, UnidadeMedida, DataColeta, PostoCNPJ, CombustivelID) VALUES (6.290, 'R$ / litro', '2023-10-10', '01496517000186', (SELECT ID_Combustivel FROM COMBUSTIVEL WHERE Nome = 'DIESEL S10'));
INSERT INTO PRECO_COLETADO (Preco, UnidadeMedida, DataColeta, PostoCNPJ, CombustivelID) VALUES (6.290, 'R$ / litro', '2023-10-16', '01496517000186', (SELECT ID_Combustivel FROM COMBUSTIVEL WHERE Nome = 'DIESEL S10'));
INSERT INTO PRECO_COLETADO (Preco, UnidadeMedida, DataColeta, PostoCNPJ, CombustivelID) VALUES (6.290, 'R$ / litro', '2023-10-24', '01496517000186', (SELECT ID_Combustivel FROM COMBUSTIVEL WHERE Nome = 'DIESEL S10'));
INSERT INTO PRECO_COLETADO (Preco, UnidadeMedida, DataColeta, PostoCNPJ, CombustivelID) VALUES (6.290, 'R$ / litro', '2023-10-31', '01496517000186', (SELECT ID_Combustivel FROM COMBUSTIVEL WHERE Nome = 'DIESEL S10'));
INSERT INTO PRECO_COLETADO (Preco, UnidadeMedida, DataColeta, PostoCNPJ, CombustivelID) VALUES (6.290, 'R$ / litro', '2023-11-07', '01496517000186', (SELECT ID_Combustivel FROM COMBUSTIVEL WHERE Nome = 'DIESEL S10'));
INSERT INTO PRECO_COLETADO (Preco, UnidadeMedida, DataColeta, PostoCNPJ, CombustivelID) VALUES (6.290, 'R$ / litro', '2023-11-14', '01496517000186', (SELECT ID_Combustivel FROM COMBUSTIVEL WHERE Nome = 'DIESEL S10'));
INSERT INTO PRECO_COLETADO (Preco, UnidadeMedida, DataColeta, PostoCNPJ, CombustivelID) VALUES (6.290, 'R$ / litro', '2023-11-21', '01496517000186', (SELECT ID_Combustivel FROM COMBUSTIVEL WHERE Nome = 'DIESEL S10'));
INSERT INTO PRECO_COLETADO (Preco, UnidadeMedida, DataColeta, PostoCNPJ, CombustivelID) VALUES (6.290, 'R$ / litro', '2023-11-28', '01496517000186', (SELECT ID_Combustivel FROM COMBUSTIVEL WHERE Nome = 'DIESEL S10'));
INSERT INTO PRECO_COLETADO (Preco, UnidadeMedida, DataColeta, PostoCNPJ, CombustivelID) VALUES (6.290, 'R$ / litro', '2023-12-06', '01496517000186', (SELECT ID_Combustivel FROM COMBUSTIVEL WHERE Nome = 'DIESEL S10'));
INSERT INTO PRECO_COLETADO (Preco, UnidadeMedida, DataColeta, PostoCNPJ, CombustivelID) VALUES (6.290, 'R$ / litro', '2023-12-13', '01496517000186', (SELECT ID_Combustivel FROM COMBUSTIVEL WHERE Nome = 'DIESEL S10'));
INSERT INTO PRECO_COLETADO (Preco, UnidadeMedida, DataColeta, PostoCNPJ, CombustivelID) VALUES (6.290, 'R$ / litro', '2023-12-20', '01496517000186', (SELECT ID_Combustivel FROM COMBUSTIVEL WHERE Nome = 'DIESEL S10'));
INSERT INTO PRECO_COLETADO (Preco, UnidadeMedida, DataColeta, PostoCNPJ, CombustivelID) VALUES (5.790, 'R$ / litro', '2024-01-08', '01496517000186', (SELECT ID_Combustivel FROM COMBUSTIVEL WHERE Nome = 'DIESEL S10'));
INSERT INTO PRECO_COLETADO (Preco, UnidadeMedida, DataColeta, PostoCNPJ, CombustivelID) VALUES (6.190, 'R$ / litro', '2024-01-22', '01496517000186', (SELECT ID_Combustivel FROM COMBUSTIVEL WHERE Nome = 'DIESEL S10'));
INSERT INTO PRECO_COLETADO (Preco, UnidadeMedida, DataColeta, PostoCNPJ, CombustivelID) VALUES (6.290, 'R$ / litro', '2024-02-05', '01496517000186', (SELECT ID_Combustivel FROM COMBUSTIVEL WHERE Nome = 'DIESEL S10'));
INSERT INTO PRECO_COLETADO (Preco, UnidadeMedida, DataColeta, PostoCNPJ, CombustivelID) VALUES (6.290, 'R$ / litro', '2024-02-12', '01496517000186', (SELECT ID_Combustivel FROM COMBUSTIVEL WHERE Nome = 'DIESEL S10'));
INSERT INTO PRECO_COLETADO (Preco, UnidadeMedida, DataColeta, PostoCNPJ, CombustivelID) VALUES (6.290, 'R$ / litro', '2024-02-19', '01496517000186', (SELECT ID_Combustivel FROM COMBUSTIVEL WHERE Nome = 'DIESEL S10'));
INSERT INTO PRECO_COLETADO (Preco, UnidadeMedida, DataColeta, PostoCNPJ, CombustivelID) VALUES (6.290, 'R$ / litro', '2024-02-26', '01496517000186', (SELECT ID_Combustivel FROM COMBUSTIVEL WHERE Nome = 'DIESEL S10'));
INSERT INTO PRECO_COLETADO (Preco, UnidadeMedida, DataColeta, PostoCNPJ, CombustivelID) VALUES (6.290, 'R$ / litro', '2024-03-04', '01496517000186', (SELECT ID_Combustivel FROM COMBUSTIVEL WHERE Nome = 'DIESEL S10'));
INSERT INTO PRECO_COLETADO (Preco, UnidadeMedida, DataColeta, PostoCNPJ, CombustivelID) VALUES (6.290, 'R$ / litro', '2024-03-11', '01496517000186', (SELECT ID_Combustivel FROM COMBUSTIVEL WHERE Nome = 'DIESEL S10'));
INSERT INTO PRECO_COLETADO (Preco, UnidadeMedida, DataColeta, PostoCNPJ, CombustivelID) VALUES (6.290, 'R$ / litro', '2024-03-18', '01496517000186', (SELECT ID_Combustivel FROM COMBUSTIVEL WHERE Nome = 'DIESEL S10'));
INSERT INTO PRECO_COLETADO (Preco, UnidadeMedida, DataColeta, PostoCNPJ, CombustivelID) VALUES (6.290, 'R$ / litro', '2024-03-25', '01496517000186', (SELECT ID_Combustivel FROM COMBUSTIVEL WHERE Nome = 'DIESEL S10'));
INSERT INTO PRECO_COLETADO (Preco, UnidadeMedida, DataColeta, PostoCNPJ, CombustivelID) VALUES (6.290, 'R$ / litro', '2024-04-02', '01496517000186', (SELECT ID_Combustivel FROM COMBUSTIVEL WHERE Nome = 'DIESEL S10'));
INSERT INTO PRECO_COLETADO (Preco, UnidadeMedida, DataColeta, PostoCNPJ, CombustivelID) VALUES (6.290, 'R$ / litro', '2024-04-08', '01496517000186', (SELECT ID_Combustivel FROM COMBUSTIVEL WHERE Nome = 'DIESEL S10'));
INSERT INTO PRECO_COLETADO (Preco, UnidadeMedida, DataColeta, PostoCNPJ, CombustivelID) VALUES (6.290, 'R$ / litro', '2024-04-15', '01496517000186', (SELECT ID_Combustivel FROM COMBUSTIVEL WHERE Nome = 'DIESEL S10'));
INSERT INTO PRECO_COLETADO (Preco, UnidadeMedida, DataColeta, PostoCNPJ, CombustivelID) VALUES (6.290, 'R$ / litro', '2024-04-22', '01496517000186', (SELECT ID_Combustivel FROM COMBUSTIVEL WHERE Nome = 'DIESEL S10'));
INSERT INTO PRECO_COLETADO (Preco, UnidadeMedida, DataColeta, PostoCNPJ, CombustivelID) VALUES (6.290, 'R$ / litro', '2024-04-29', '01496517000186', (SELECT ID_Combustivel FROM COMBUSTIVEL WHERE Nome = 'DIESEL S10'));
INSERT INTO PRECO_COLETADO (Preco, UnidadeMedida, DataColeta, PostoCNPJ, CombustivelID) VALUES (6.290, 'R$ / litro', '2024-05-06', '01496517000186', (SELECT ID_Combustivel FROM COMBUSTIVEL WHERE Nome = 'DIESEL S10'));
INSERT INTO PRECO_COLETADO (Preco, UnidadeMedida, DataColeta, PostoCNPJ, CombustivelID) VALUES (6.290, 'R$ / litro', '2024-05-14', '01496517000186', (SELECT ID_Combustivel FROM COMBUSTIVEL WHERE Nome = 'DIESEL S10'));
INSERT INTO PRECO_COLETADO (Preco, UnidadeMedida, DataColeta, PostoCNPJ, CombustivelID) VALUES (6.290, 'R$ / litro', '2024-05-20', '01496517000186', (SELECT ID_Combustivel FROM COMBUSTIVEL WHERE Nome = 'DIESEL S10'));
INSERT INTO PRECO_COLETADO (Preco, UnidadeMedida, DataColeta, PostoCNPJ, CombustivelID) VALUES (6.290, 'R$ / litro', '2024-05-27', '01496517000186', (SELECT ID_Combustivel FROM COMBUSTIVEL WHERE Nome = 'DIESEL S10'));
INSERT INTO PRECO_COLETADO (Preco, UnidadeMedida, DataColeta, PostoCNPJ, CombustivelID) VALUES (6.290, 'R$ / litro', '2024-06-10', '01496517000186', (SELECT ID_Combustivel FROM COMBUSTIVEL WHERE Nome = 'DIESEL S10'));
INSERT INTO PRECO_COLETADO (Preco, UnidadeMedida, DataColeta, PostoCNPJ, CombustivelID) VALUES (6.290, 'R$ / litro', '2024-06-17', '01496517000186', (SELECT ID_Combustivel FROM COMBUSTIVEL WHERE Nome = 'DIESEL S10'));
INSERT INTO PRECO_COLETADO (Preco, UnidadeMedida, DataColeta, PostoCNPJ, CombustivelID) VALUES (6.290, 'R$ / litro', '2024-06-24', '01496517000186', (SELECT ID_Combustivel FROM COMBUSTIVEL WHERE Nome = 'DIESEL S10'));
INSERT INTO PRECO_COLETADO (Preco, UnidadeMedida, DataColeta, PostoCNPJ, CombustivelID) VALUES (6.290, 'R$ / litro', '2024-07-01', '01496517000186', (SELECT ID_Combustivel FROM COMBUSTIVEL WHERE Nome = 'DIESEL S10'));
INSERT INTO PRECO_COLETADO (Preco, UnidadeMedida, DataColeta, PostoCNPJ, CombustivelID) VALUES (6.290, 'R$ / litro', '2024-07-09', '01496517000186', (SELECT ID_Combustivel FROM COMBUSTIVEL WHERE Nome = 'DIESEL S10'));
INSERT INTO PRECO_COLETADO (Preco, UnidadeMedida, DataColeta, PostoCNPJ, CombustivelID) VALUES (6.290, 'R$ / litro', '2024-07-16', '01496517000186', (SELECT ID_Combustivel FROM COMBUSTIVEL WHERE Nome = 'DIESEL S10'));
INSERT INTO PRECO_COLETADO (Preco, UnidadeMedida, DataColeta, PostoCNPJ, CombustivelID) VALUES (6.290, 'R$ / litro', '2024-07-22', '01496517000186', (SELECT ID_Combustivel FROM COMBUSTIVEL WHERE Nome = 'DIESEL S10'));
INSERT INTO PRECO_COLETADO (Preco, UnidadeMedida, DataColeta, PostoCNPJ, CombustivelID) VALUES (6.290, 'R$ / litro', '2024-07-29', '01496517000186', (SELECT ID_Combustivel FROM COMBUSTIVEL WHERE Nome = 'DIESEL S10'));
INSERT INTO PRECO_COLETADO (Preco, UnidadeMedida, DataColeta, PostoCNPJ, CombustivelID) VALUES (6.290, 'R$ / litro', '2024-08-05', '01496517000186', (SELECT ID_Combustivel FROM COMBUSTIVEL WHERE Nome = 'DIESEL S10'));
INSERT INTO PRECO_COLETADO (Preco, UnidadeMedida, DataColeta, PostoCNPJ, CombustivelID) VALUES (6.290, 'R$ / litro', '2024-08-12', '01496517000186', (SELECT ID_Combustivel FROM COMBUSTIVEL WHERE Nome = 'DIESEL S10'));
INSERT INTO PRECO_COLETADO (Preco, UnidadeMedida, DataColeta, PostoCNPJ, CombustivelID) VALUES (6.290, 'R$ / litro', '2024-08-20', '01496517000186', (SELECT ID_Combustivel FROM COMBUSTIVEL WHERE Nome = 'DIESEL S10'));
INSERT INTO PRECO_COLETADO (Preco, UnidadeMedida, DataColeta, PostoCNPJ, CombustivelID) VALUES (6.290, 'R$ / litro', '2024-08-26', '01496517000186', (SELECT ID_Combustivel FROM COMBUSTIVEL WHERE Nome = 'DIESEL S10'));
INSERT INTO PRECO_COLETADO (Preco, UnidadeMedida, DataColeta, PostoCNPJ, CombustivelID) VALUES (6.290, 'R$ / litro', '2024-09-02', '01496517000186', (SELECT ID_Combustivel FROM COMBUSTIVEL WHERE Nome = 'DIESEL S10'));
INSERT INTO PRECO_COLETADO (Preco, UnidadeMedida, DataColeta, PostoCNPJ, CombustivelID) VALUES (5.190, 'R$ / litro', '2022-10-24', '01496517000186', (SELECT ID_Combustivel FROM COMBUSTIVEL WHERE Nome = 'GASOLINA ADITIVADA'));
INSERT INTO PRECO_COLETADO (Preco, UnidadeMedida, DataColeta, PostoCNPJ, CombustivelID) VALUES (5.190, 'R$ / litro', '2022-10-31', '01496517000186', (SELECT ID_Combustivel FROM COMBUSTIVEL WHERE Nome = 'GASOLINA ADITIVADA'));
INSERT INTO PRECO_COLETADO (Preco, UnidadeMedida, DataColeta, PostoCNPJ, CombustivelID) VALUES (5.290, 'R$ / litro', '2022-11-14', '01496517000186', (SELECT ID_Combustivel FROM COMBUSTIVEL WHERE Nome = 'GASOLINA ADITIVADA'));
INSERT INTO PRECO_COLETADO (Preco, UnidadeMedida, DataColeta, PostoCNPJ, CombustivelID) VALUES (5.290, 'R$ / litro', '2022-11-22', '01496517000186', (SELECT ID_Combustivel FROM COMBUSTIVEL WHERE Nome = 'GASOLINA ADITIVADA'));
INSERT INTO PRECO_COLETADO (Preco, UnidadeMedida, DataColeta, PostoCNPJ, CombustivelID) VALUES (5.290, 'R$ / litro', '2022-12-05', '01496517000186', (SELECT ID_Combustivel FROM COMBUSTIVEL WHERE Nome = 'GASOLINA ADITIVADA'));
INSERT INTO PRECO_COLETADO (Preco, UnidadeMedida, DataColeta, PostoCNPJ, CombustivelID) VALUES (5.290, 'R$ / litro', '2022-12-12', '01496517000186', (SELECT ID_Combustivel FROM COMBUSTIVEL WHERE Nome = 'GASOLINA ADITIVADA'));
INSERT INTO PRECO_COLETADO (Preco, UnidadeMedida, DataColeta, PostoCNPJ, CombustivelID) VALUES (5.290, 'R$ / litro', '2022-12-22', '01496517000186', (SELECT ID_Combustivel FROM COMBUSTIVEL WHERE Nome = 'GASOLINA ADITIVADA'));
INSERT INTO PRECO_COLETADO (Preco, UnidadeMedida, DataColeta, PostoCNPJ, CombustivelID) VALUES (5.290, 'R$ / litro', '2022-12-26', '01496517000186', (SELECT ID_Combustivel FROM COMBUSTIVEL WHERE Nome = 'GASOLINA ADITIVADA'));
INSERT INTO PRECO_COLETADO (Preco, UnidadeMedida, DataColeta, PostoCNPJ, CombustivelID) VALUES (6.190, 'R$ / litro', '2023-01-02', '01496517000186', (SELECT ID_Combustivel FROM COMBUSTIVEL WHERE Nome = 'GASOLINA ADITIVADA'));
INSERT INTO PRECO_COLETADO (Preco, UnidadeMedida, DataColeta, PostoCNPJ, CombustivelID) VALUES (5.390, 'R$ / litro', '2023-01-09', '01496517000186', (SELECT ID_Combustivel FROM COMBUSTIVEL WHERE Nome = 'GASOLINA ADITIVADA'));
INSERT INTO PRECO_COLETADO (Preco, UnidadeMedida, DataColeta, PostoCNPJ, CombustivelID) VALUES (5.390, 'R$ / litro', '2023-01-16', '01496517000186', (SELECT ID_Combustivel FROM COMBUSTIVEL WHERE Nome = 'GASOLINA ADITIVADA'));
INSERT INTO PRECO_COLETADO (Preco, UnidadeMedida, DataColeta, PostoCNPJ, CombustivelID) VALUES (5.290, 'R$ / litro', '2023-01-23', '01496517000186', (SELECT ID_Combustivel FROM COMBUSTIVEL WHERE Nome = 'GASOLINA ADITIVADA'));
INSERT INTO PRECO_COLETADO (Preco, UnidadeMedida, DataColeta, PostoCNPJ, CombustivelID) VALUES (5.490, 'R$ / litro', '2023-01-30', '01496517000186', (SELECT ID_Combustivel FROM COMBUSTIVEL WHERE Nome = 'GASOLINA ADITIVADA'));
INSERT INTO PRECO_COLETADO (Preco, UnidadeMedida, DataColeta, PostoCNPJ, CombustivelID) VALUES (5.290, 'R$ / litro', '2023-02-06', '01496517000186', (SELECT ID_Combustivel FROM COMBUSTIVEL WHERE Nome = 'GASOLINA ADITIVADA'));
INSERT INTO PRECO_COLETADO (Preco, UnidadeMedida, DataColeta, PostoCNPJ, CombustivelID) VALUES (5.290, 'R$ / litro', '2023-02-13', '01496517000186', (SELECT ID_Combustivel FROM COMBUSTIVEL WHERE Nome = 'GASOLINA ADITIVADA'));
INSERT INTO PRECO_COLETADO (Preco, UnidadeMedida, DataColeta, PostoCNPJ, CombustivelID) VALUES (5.290, 'R$ / litro', '2023-02-20', '01496517000186', (SELECT ID_Combustivel FROM COMBUSTIVEL WHERE Nome = 'GASOLINA ADITIVADA'));
INSERT INTO PRECO_COLETADO (Preco, UnidadeMedida, DataColeta, PostoCNPJ, CombustivelID) VALUES (5.290, 'R$ / litro', '2023-02-27', '01496517000186', (SELECT ID_Combustivel FROM COMBUSTIVEL WHERE Nome = 'GASOLINA ADITIVADA'));
INSERT INTO PRECO_COLETADO (Preco, UnidadeMedida, DataColeta, PostoCNPJ, CombustivelID) VALUES (5.990, 'R$ / litro', '2023-03-06', '01496517000186', (SELECT ID_Combustivel FROM COMBUSTIVEL WHERE Nome = 'GASOLINA ADITIVADA'));
INSERT INTO PRECO_COLETADO (Preco, UnidadeMedida, DataColeta, PostoCNPJ, CombustivelID) VALUES (5.690, 'R$ / litro', '2023-03-16', '01496517000186', (SELECT ID_Combustivel FROM COMBUSTIVEL WHERE Nome = 'GASOLINA ADITIVADA'));
INSERT INTO PRECO_COLETADO (Preco, UnidadeMedida, DataColeta, PostoCNPJ, CombustivelID) VALUES (5.690, 'R$ / litro', '2023-03-21', '01496517000186', (SELECT ID_Combustivel FROM COMBUSTIVEL WHERE Nome = 'GASOLINA ADITIVADA'));
INSERT INTO PRECO_COLETADO (Preco, UnidadeMedida, DataColeta, PostoCNPJ, CombustivelID) VALUES (5.590, 'R$ / litro', '2023-03-27', '01496517000186', (SELECT ID_Combustivel FROM COMBUSTIVEL WHERE Nome = 'GASOLINA ADITIVADA'));
INSERT INTO PRECO_COLETADO (Preco, UnidadeMedida, DataColeta, PostoCNPJ, CombustivelID) VALUES (5.590, 'R$ / litro', '2023-04-04', '01496517000186', (SELECT ID_Combustivel FROM COMBUSTIVEL WHERE Nome = 'GASOLINA ADITIVADA'));
INSERT INTO PRECO_COLETADO (Preco, UnidadeMedida, DataColeta, PostoCNPJ, CombustivelID) VALUES (5.690, 'R$ / litro', '2023-04-10', '01496517000186', (SELECT ID_Combustivel FROM COMBUSTIVEL WHERE Nome = 'GASOLINA ADITIVADA'));
INSERT INTO PRECO_COLETADO (Preco, UnidadeMedida, DataColeta, PostoCNPJ, CombustivelID) VALUES (5.790, 'R$ / litro', '2023-04-17', '01496517000186', (SELECT ID_Combustivel FROM COMBUSTIVEL WHERE Nome = 'GASOLINA ADITIVADA'));
INSERT INTO PRECO_COLETADO (Preco, UnidadeMedida, DataColeta, PostoCNPJ, CombustivelID) VALUES (5.790, 'R$ / litro', '2023-04-24', '01496517000186', (SELECT ID_Combustivel FROM COMBUSTIVEL WHERE Nome = 'GASOLINA ADITIVADA'));
INSERT INTO PRECO_COLETADO (Preco, UnidadeMedida, DataColeta, PostoCNPJ, CombustivelID) VALUES (5.790, 'R$ / litro', '2023-05-02', '01496517000186', (SELECT ID_Combustivel FROM COMBUSTIVEL WHERE Nome = 'GASOLINA ADITIVADA'));
INSERT INTO PRECO_COLETADO (Preco, UnidadeMedida, DataColeta, PostoCNPJ, CombustivelID) VALUES (5.690, 'R$ / litro', '2023-05-09', '01496517000186', (SELECT ID_Combustivel FROM COMBUSTIVEL WHERE Nome = 'GASOLINA ADITIVADA'));
INSERT INTO PRECO_COLETADO (Preco, UnidadeMedida, DataColeta, PostoCNPJ, CombustivelID) VALUES (5.690, 'R$ / litro', '2023-05-15', '01496517000186', (SELECT ID_Combustivel FROM COMBUSTIVEL WHERE Nome = 'GASOLINA ADITIVADA'));
INSERT INTO PRECO_COLETADO (Preco, UnidadeMedida, DataColeta, PostoCNPJ, CombustivelID) VALUES (5.390, 'R$ / litro', '2023-05-22', '01496517000186', (SELECT ID_Combustivel FROM COMBUSTIVEL WHERE Nome = 'GASOLINA ADITIVADA'));
INSERT INTO PRECO_COLETADO (Preco, UnidadeMedida, DataColeta, PostoCNPJ, CombustivelID) VALUES (5.390, 'R$ / litro', '2023-05-29', '01496517000186', (SELECT ID_Combustivel FROM COMBUSTIVEL WHERE Nome = 'GASOLINA ADITIVADA'));
INSERT INTO PRECO_COLETADO (Preco, UnidadeMedida, DataColeta, PostoCNPJ, CombustivelID) VALUES (5.790, 'R$ / litro', '2023-06-05', '01496517000186', (SELECT ID_Combustivel FROM COMBUSTIVEL WHERE Nome = 'GASOLINA ADITIVADA'));
INSERT INTO PRECO_COLETADO (Preco, UnidadeMedida, DataColeta, PostoCNPJ, CombustivelID) VALUES (5.790, 'R$ / litro', '2023-06-13', '01496517000186', (SELECT ID_Combustivel FROM COMBUSTIVEL WHERE Nome = 'GASOLINA ADITIVADA'));
INSERT INTO PRECO_COLETADO (Preco, UnidadeMedida, DataColeta, PostoCNPJ, CombustivelID) VALUES (5.790, 'R$ / litro', '2023-06-20', '01496517000186', (SELECT ID_Combustivel FROM COMBUSTIVEL WHERE Nome = 'GASOLINA ADITIVADA'));
INSERT INTO PRECO_COLETADO (Preco, UnidadeMedida, DataColeta, PostoCNPJ, CombustivelID) VALUES (5.690, 'R$ / litro', '2023-06-27', '01496517000186', (SELECT ID_Combustivel FROM COMBUSTIVEL WHERE Nome = 'GASOLINA ADITIVADA'));
INSERT INTO PRECO_COLETADO (Preco, UnidadeMedida, DataColeta, PostoCNPJ, CombustivelID) VALUES (6.090, 'R$ / litro', '2023-07-04', '01496517000186', (SELECT ID_Combustivel FROM COMBUSTIVEL WHERE Nome = 'GASOLINA ADITIVADA'));
INSERT INTO PRECO_COLETADO (Preco, UnidadeMedida, DataColeta, PostoCNPJ, CombustivelID) VALUES (5.990, 'R$ / litro', '2023-07-10', '01496517000186', (SELECT ID_Combustivel FROM COMBUSTIVEL WHERE Nome = 'GASOLINA ADITIVADA'));
INSERT INTO PRECO_COLETADO (Preco, UnidadeMedida, DataColeta, PostoCNPJ, CombustivelID) VALUES (5.890, 'R$ / litro', '2023-07-17', '01496517000186', (SELECT ID_Combustivel FROM COMBUSTIVEL WHERE Nome = 'GASOLINA ADITIVADA'));
INSERT INTO PRECO_COLETADO (Preco, UnidadeMedida, DataColeta, PostoCNPJ, CombustivelID) VALUES (5.890, 'R$ / litro', '2023-07-24', '01496517000186', (SELECT ID_Combustivel FROM COMBUSTIVEL WHERE Nome = 'GASOLINA ADITIVADA'));
INSERT INTO PRECO_COLETADO (Preco, UnidadeMedida, DataColeta, PostoCNPJ, CombustivelID) VALUES (5.790, 'R$ / litro', '2023-07-31', '01496517000186', (SELECT ID_Combustivel FROM COMBUSTIVEL WHERE Nome = 'GASOLINA ADITIVADA'));
INSERT INTO PRECO_COLETADO (Preco, UnidadeMedida, DataColeta, PostoCNPJ, CombustivelID) VALUES (5.690, 'R$ / litro', '2023-08-15', '01496517000186', (SELECT ID_Combustivel FROM COMBUSTIVEL WHERE Nome = 'GASOLINA ADITIVADA'));
INSERT INTO PRECO_COLETADO (Preco, UnidadeMedida, DataColeta, PostoCNPJ, CombustivelID) VALUES (6.190, 'R$ / litro', '2023-08-22', '01496517000186', (SELECT ID_Combustivel FROM COMBUSTIVEL WHERE Nome = 'GASOLINA ADITIVADA'));
INSERT INTO PRECO_COLETADO (Preco, UnidadeMedida, DataColeta, PostoCNPJ, CombustivelID) VALUES (6.090, 'R$ / litro', '2023-08-30', '01496517000186', (SELECT ID_Combustivel FROM COMBUSTIVEL WHERE Nome = 'GASOLINA ADITIVADA'));
INSERT INTO PRECO_COLETADO (Preco, UnidadeMedida, DataColeta, PostoCNPJ, CombustivelID) VALUES (6.090, 'R$ / litro', '2023-09-07', '01496517000186', (SELECT ID_Combustivel FROM COMBUSTIVEL WHERE Nome = 'GASOLINA ADITIVADA'));
INSERT INTO PRECO_COLETADO (Preco, UnidadeMedida, DataColeta, PostoCNPJ, CombustivelID) VALUES (6.090, 'R$ / litro', '2023-09-12', '01496517000186', (SELECT ID_Combustivel FROM COMBUSTIVEL WHERE Nome = 'GASOLINA ADITIVADA'));
INSERT INTO PRECO_COLETADO (Preco, UnidadeMedida, DataColeta, PostoCNPJ, CombustivelID) VALUES (5.990, 'R$ / litro', '2023-09-19', '01496517000186', (SELECT ID_Combustivel FROM COMBUSTIVEL WHERE Nome = 'GASOLINA ADITIVADA'));
INSERT INTO PRECO_COLETADO (Preco, UnidadeMedida, DataColeta, PostoCNPJ, CombustivelID) VALUES (5.990, 'R$ / litro', '2023-09-26', '01496517000186', (SELECT ID_Combustivel FROM COMBUSTIVEL WHERE Nome = 'GASOLINA ADITIVADA'));
INSERT INTO PRECO_COLETADO (Preco, UnidadeMedida, DataColeta, PostoCNPJ, CombustivelID) VALUES (5.990, 'R$ / litro', '2023-10-03', '01496517000186', (SELECT ID_Combustivel FROM COMBUSTIVEL WHERE Nome = 'GASOLINA ADITIVADA'));
INSERT INTO PRECO_COLETADO (Preco, UnidadeMedida, DataColeta, PostoCNPJ, CombustivelID) VALUES (5.990, 'R$ / litro', '2023-10-10', '01496517000186', (SELECT ID_Combustivel FROM COMBUSTIVEL WHERE Nome = 'GASOLINA ADITIVADA'));
INSERT INTO PRECO_COLETADO (Preco, UnidadeMedida, DataColeta, PostoCNPJ, CombustivelID) VALUES (5.990, 'R$ / litro', '2023-10-16', '01496517000186', (SELECT ID_Combustivel FROM COMBUSTIVEL WHERE Nome = 'GASOLINA ADITIVADA'));
INSERT INTO PRECO_COLETADO (Preco, UnidadeMedida, DataColeta, PostoCNPJ, CombustivelID) VALUES (5.990, 'R$ / litro', '2023-10-24', '01496517000186', (SELECT ID_Combustivel FROM COMBUSTIVEL WHERE Nome = 'GASOLINA ADITIVADA'));
INSERT INTO PRECO_COLETADO (Preco, UnidadeMedida, DataColeta, PostoCNPJ, CombustivelID) VALUES (5.890, 'R$ / litro', '2023-10-31', '01496517000186', (SELECT ID_Combustivel FROM COMBUSTIVEL WHERE Nome = 'GASOLINA ADITIVADA'));
INSERT INTO PRECO_COLETADO (Preco, UnidadeMedida, DataColeta, PostoCNPJ, CombustivelID) VALUES (5.890, 'R$ / litro', '2023-11-07', '01496517000186', (SELECT ID_Combustivel FROM COMBUSTIVEL WHERE Nome = 'GASOLINA ADITIVADA'));
INSERT INTO PRECO_COLETADO (Preco, UnidadeMedida, DataColeta, PostoCNPJ, CombustivelID) VALUES (5.790, 'R$ / litro', '2023-11-14', '01496517000186', (SELECT ID_Combustivel FROM COMBUSTIVEL WHERE Nome = 'GASOLINA ADITIVADA'));
INSERT INTO PRECO_COLETADO (Preco, UnidadeMedida, DataColeta, PostoCNPJ, CombustivelID) VALUES (5.790, 'R$ / litro', '2023-11-21', '01496517000186', (SELECT ID_Combustivel FROM COMBUSTIVEL WHERE Nome = 'GASOLINA ADITIVADA'));
INSERT INTO PRECO_COLETADO (Preco, UnidadeMedida, DataColeta, PostoCNPJ, CombustivelID) VALUES (5.790, 'R$ / litro', '2023-11-28', '01496517000186', (SELECT ID_Combustivel FROM COMBUSTIVEL WHERE Nome = 'GASOLINA ADITIVADA'));
INSERT INTO PRECO_COLETADO (Preco, UnidadeMedida, DataColeta, PostoCNPJ, CombustivelID) VALUES (5.790, 'R$ / litro', '2023-12-06', '01496517000186', (SELECT ID_Combustivel FROM COMBUSTIVEL WHERE Nome = 'GASOLINA ADITIVADA'));
INSERT INTO PRECO_COLETADO (Preco, UnidadeMedida, DataColeta, PostoCNPJ, CombustivelID) VALUES (5.790, 'R$ / litro', '2023-12-13', '01496517000186', (SELECT ID_Combustivel FROM COMBUSTIVEL WHERE Nome = 'GASOLINA ADITIVADA'));
INSERT INTO PRECO_COLETADO (Preco, UnidadeMedida, DataColeta, PostoCNPJ, CombustivelID) VALUES (5.790, 'R$ / litro', '2023-12-20', '01496517000186', (SELECT ID_Combustivel FROM COMBUSTIVEL WHERE Nome = 'GASOLINA ADITIVADA'));
INSERT INTO PRECO_COLETADO (Preco, UnidadeMedida, DataColeta, PostoCNPJ, CombustivelID) VALUES (5.790, 'R$ / litro', '2024-01-08', '01496517000186', (SELECT ID_Combustivel FROM COMBUSTIVEL WHERE Nome = 'GASOLINA ADITIVADA'));
INSERT INTO PRECO_COLETADO (Preco, UnidadeMedida, DataColeta, PostoCNPJ, CombustivelID) VALUES (5.790, 'R$ / litro', '2024-01-22', '01496517000186', (SELECT ID_Combustivel FROM COMBUSTIVEL WHERE Nome = 'GASOLINA ADITIVADA'));
INSERT INTO PRECO_COLETADO (Preco, UnidadeMedida, DataColeta, PostoCNPJ, CombustivelID) VALUES (5.890, 'R$ / litro', '2024-02-05', '01496517000186', (SELECT ID_Combustivel FROM COMBUSTIVEL WHERE Nome = 'GASOLINA ADITIVADA'));
INSERT INTO PRECO_COLETADO (Preco, UnidadeMedida, DataColeta, PostoCNPJ, CombustivelID) VALUES (5.890, 'R$ / litro', '2024-02-12', '01496517000186', (SELECT ID_Combustivel FROM COMBUSTIVEL WHERE Nome = 'GASOLINA ADITIVADA'));
INSERT INTO PRECO_COLETADO (Preco, UnidadeMedida, DataColeta, PostoCNPJ, CombustivelID) VALUES (5.890, 'R$ / litro', '2024-02-19', '01496517000186', (SELECT ID_Combustivel FROM COMBUSTIVEL WHERE Nome = 'GASOLINA ADITIVADA'));
INSERT INTO PRECO_COLETADO (Preco, UnidadeMedida, DataColeta, PostoCNPJ, CombustivelID) VALUES (5.890, 'R$ / litro', '2024-02-26', '01496517000186', (SELECT ID_Combustivel FROM COMBUSTIVEL WHERE Nome = 'GASOLINA ADITIVADA'));
INSERT INTO PRECO_COLETADO (Preco, UnidadeMedida, DataColeta, PostoCNPJ, CombustivelID) VALUES (5.890, 'R$ / litro', '2024-03-04', '01496517000186', (SELECT ID_Combustivel FROM COMBUSTIVEL WHERE Nome = 'GASOLINA ADITIVADA'));
INSERT INTO PRECO_COLETADO (Preco, UnidadeMedida, DataColeta, PostoCNPJ, CombustivelID) VALUES (5.890, 'R$ / litro', '2024-03-11', '01496517000186', (SELECT ID_Combustivel FROM COMBUSTIVEL WHERE Nome = 'GASOLINA ADITIVADA'));
INSERT INTO PRECO_COLETADO (Preco, UnidadeMedida, DataColeta, PostoCNPJ, CombustivelID) VALUES (5.890, 'R$ / litro', '2024-03-18', '01496517000186', (SELECT ID_Combustivel FROM COMBUSTIVEL WHERE Nome = 'GASOLINA ADITIVADA'));
INSERT INTO PRECO_COLETADO (Preco, UnidadeMedida, DataColeta, PostoCNPJ, CombustivelID) VALUES (5.890, 'R$ / litro', '2024-03-25', '01496517000186', (SELECT ID_Combustivel FROM COMBUSTIVEL WHERE Nome = 'GASOLINA ADITIVADA'));
INSERT INTO PRECO_COLETADO (Preco, UnidadeMedida, DataColeta, PostoCNPJ, CombustivelID) VALUES (5.890, 'R$ / litro', '2024-04-02', '01496517000186', (SELECT ID_Combustivel FROM COMBUSTIVEL WHERE Nome = 'GASOLINA ADITIVADA'));
INSERT INTO PRECO_COLETADO (Preco, UnidadeMedida, DataColeta, PostoCNPJ, CombustivelID) VALUES (5.890, 'R$ / litro', '2024-04-08', '01496517000186', (SELECT ID_Combustivel FROM COMBUSTIVEL WHERE Nome = 'GASOLINA ADITIVADA'));
INSERT INTO PRECO_COLETADO (Preco, UnidadeMedida, DataColeta, PostoCNPJ, CombustivelID) VALUES (5.990, 'R$ / litro', '2024-04-15', '01496517000186', (SELECT ID_Combustivel FROM COMBUSTIVEL WHERE Nome = 'GASOLINA ADITIVADA'));
INSERT INTO PRECO_COLETADO (Preco, UnidadeMedida, DataColeta, PostoCNPJ, CombustivelID) VALUES (5.890, 'R$ / litro', '2024-04-22', '01496517000186', (SELECT ID_Combustivel FROM COMBUSTIVEL WHERE Nome = 'GASOLINA ADITIVADA'));
INSERT INTO PRECO_COLETADO (Preco, UnidadeMedida, DataColeta, PostoCNPJ, CombustivelID) VALUES (5.990, 'R$ / litro', '2024-04-29', '01496517000186', (SELECT ID_Combustivel FROM COMBUSTIVEL WHERE Nome = 'GASOLINA ADITIVADA'));
INSERT INTO PRECO_COLETADO (Preco, UnidadeMedida, DataColeta, PostoCNPJ, CombustivelID) VALUES (6.090, 'R$ / litro', '2024-05-06', '01496517000186', (SELECT ID_Combustivel FROM COMBUSTIVEL WHERE Nome = 'GASOLINA ADITIVADA'));
INSERT INTO PRECO_COLETADO (Preco, UnidadeMedida, DataColeta, PostoCNPJ, CombustivelID) VALUES (6.090, 'R$ / litro', '2024-05-14', '01496517000186', (SELECT ID_Combustivel FROM COMBUSTIVEL WHERE Nome = 'GASOLINA ADITIVADA'));
INSERT INTO PRECO_COLETADO (Preco, UnidadeMedida, DataColeta, PostoCNPJ, CombustivelID) VALUES (6.090, 'R$ / litro', '2024-05-20', '01496517000186', (SELECT ID_Combustivel FROM COMBUSTIVEL WHERE Nome = 'GASOLINA ADITIVADA'));
INSERT INTO PRECO_COLETADO (Preco, UnidadeMedida, DataColeta, PostoCNPJ, CombustivelID) VALUES (6.090, 'R$ / litro', '2024-05-27', '01496517000186', (SELECT ID_Combustivel FROM COMBUSTIVEL WHERE Nome = 'GASOLINA ADITIVADA'));
INSERT INTO PRECO_COLETADO (Preco, UnidadeMedida, DataColeta, PostoCNPJ, CombustivelID) VALUES (6.090, 'R$ / litro', '2024-06-10', '01496517000186', (SELECT ID_Combustivel FROM COMBUSTIVEL WHERE Nome = 'GASOLINA ADITIVADA'));
INSERT INTO PRECO_COLETADO (Preco, UnidadeMedida, DataColeta, PostoCNPJ, CombustivelID) VALUES (6.090, 'R$ / litro', '2024-06-17', '01496517000186', (SELECT ID_Combustivel FROM COMBUSTIVEL WHERE Nome = 'GASOLINA ADITIVADA'));
INSERT INTO PRECO_COLETADO (Preco, UnidadeMedida, DataColeta, PostoCNPJ, CombustivelID) VALUES (6.090, 'R$ / litro', '2024-06-24', '01496517000186', (SELECT ID_Combustivel FROM COMBUSTIVEL WHERE Nome = 'GASOLINA ADITIVADA'));
INSERT INTO PRECO_COLETADO (Preco, UnidadeMedida, DataColeta, PostoCNPJ, CombustivelID) VALUES (6.090, 'R$ / litro', '2024-07-01', '01496517000186', (SELECT ID_Combustivel FROM COMBUSTIVEL WHERE Nome = 'GASOLINA ADITIVADA'));
INSERT INTO PRECO_COLETADO (Preco, UnidadeMedida, DataColeta, PostoCNPJ, CombustivelID) VALUES (6.090, 'R$ / litro', '2024-07-09', '01496517000186', (SELECT ID_Combustivel FROM COMBUSTIVEL WHERE Nome = 'GASOLINA ADITIVADA'));
INSERT INTO PRECO_COLETADO (Preco, UnidadeMedida, DataColeta, PostoCNPJ, CombustivelID) VALUES (6.390, 'R$ / litro', '2024-07-16', '01496517000186', (SELECT ID_Combustivel FROM COMBUSTIVEL WHERE Nome = 'GASOLINA ADITIVADA'));
INSERT INTO PRECO_COLETADO (Preco, UnidadeMedida, DataColeta, PostoCNPJ, CombustivelID) VALUES (6.390, 'R$ / litro', '2024-07-22', '01496517000186', (SELECT ID_Combustivel FROM COMBUSTIVEL WHERE Nome = 'GASOLINA ADITIVADA'));
INSERT INTO PRECO_COLETADO (Preco, UnidadeMedida, DataColeta, PostoCNPJ, CombustivelID) VALUES (6.390, 'R$ / litro', '2024-07-29', '01496517000186', (SELECT ID_Combustivel FROM COMBUSTIVEL WHERE Nome = 'GASOLINA ADITIVADA'));
INSERT INTO PRECO_COLETADO (Preco, UnidadeMedida, DataColeta, PostoCNPJ, CombustivelID) VALUES (6.290, 'R$ / litro', '2024-08-05', '01496517000186', (SELECT ID_Combustivel FROM COMBUSTIVEL WHERE Nome = 'GASOLINA ADITIVADA'));
INSERT INTO PRECO_COLETADO (Preco, UnidadeMedida, DataColeta, PostoCNPJ, CombustivelID) VALUES (6.290, 'R$ / litro', '2024-08-12', '01496517000186', (SELECT ID_Combustivel FROM COMBUSTIVEL WHERE Nome = 'GASOLINA ADITIVADA'));
INSERT INTO PRECO_COLETADO (Preco, UnidadeMedida, DataColeta, PostoCNPJ, CombustivelID) VALUES (6.290, 'R$ / litro', '2024-08-20', '01496517000186', (SELECT ID_Combustivel FROM COMBUSTIVEL WHERE Nome = 'GASOLINA ADITIVADA'));
INSERT INTO PRECO_COLETADO (Preco, UnidadeMedida, DataColeta, PostoCNPJ, CombustivelID) VALUES (6.290, 'R$ / litro', '2024-08-26', '01496517000186', (SELECT ID_Combustivel FROM COMBUSTIVEL WHERE Nome = 'GASOLINA ADITIVADA'));
INSERT INTO PRECO_COLETADO (Preco, UnidadeMedida, DataColeta, PostoCNPJ, CombustivelID) VALUES (6.290, 'R$ / litro', '2024-09-02', '01496517000186', (SELECT ID_Combustivel FROM COMBUSTIVEL WHERE Nome = 'GASOLINA ADITIVADA'));
INSERT INTO PRECO_COLETADO (Preco, UnidadeMedida, DataColeta, PostoCNPJ, CombustivelID) VALUES (4.880, 'R$ / litro', '2022-10-24', '01496517000186', (SELECT ID_Combustivel FROM COMBUSTIVEL WHERE Nome = 'GASOLINA COMUM'));
INSERT INTO PRECO_COLETADO (Preco, UnidadeMedida, DataColeta, PostoCNPJ, CombustivelID) VALUES (4.880, 'R$ / litro', '2022-10-31', '01496517000186', (SELECT ID_Combustivel FROM COMBUSTIVEL WHERE Nome = 'GASOLINA COMUM'));
INSERT INTO PRECO_COLETADO (Preco, UnidadeMedida, DataColeta, PostoCNPJ, CombustivelID) VALUES (4.990, 'R$ / litro', '2022-11-14', '01496517000186', (SELECT ID_Combustivel FROM COMBUSTIVEL WHERE Nome = 'GASOLINA COMUM'));
INSERT INTO PRECO_COLETADO (Preco, UnidadeMedida, DataColeta, PostoCNPJ, CombustivelID) VALUES (4.990, 'R$ / litro', '2022-11-22', '01496517000186', (SELECT ID_Combustivel FROM COMBUSTIVEL WHERE Nome = 'GASOLINA COMUM'));
INSERT INTO PRECO_COLETADO (Preco, UnidadeMedida, DataColeta, PostoCNPJ, CombustivelID) VALUES (4.990, 'R$ / litro', '2022-12-05', '01496517000186', (SELECT ID_Combustivel FROM COMBUSTIVEL WHERE Nome = 'GASOLINA COMUM'));
INSERT INTO PRECO_COLETADO (Preco, UnidadeMedida, DataColeta, PostoCNPJ, CombustivelID) VALUES (4.990, 'R$ / litro', '2022-12-12', '01496517000186', (SELECT ID_Combustivel FROM COMBUSTIVEL WHERE Nome = 'GASOLINA COMUM'));
INSERT INTO PRECO_COLETADO (Preco, UnidadeMedida, DataColeta, PostoCNPJ, CombustivelID) VALUES (4.990, 'R$ / litro', '2022-12-22', '01496517000186', (SELECT ID_Combustivel FROM COMBUSTIVEL WHERE Nome = 'GASOLINA COMUM'));
INSERT INTO PRECO_COLETADO (Preco, UnidadeMedida, DataColeta, PostoCNPJ, CombustivelID) VALUES (4.990, 'R$ / litro', '2022-12-26', '01496517000186', (SELECT ID_Combustivel FROM COMBUSTIVEL WHERE Nome = 'GASOLINA COMUM'));
INSERT INTO PRECO_COLETADO (Preco, UnidadeMedida, DataColeta, PostoCNPJ, CombustivelID) VALUES (5.890, 'R$ / litro', '2023-01-02', '01496517000186', (SELECT ID_Combustivel FROM COMBUSTIVEL WHERE Nome = 'GASOLINA COMUM'));
INSERT INTO PRECO_COLETADO (Preco, UnidadeMedida, DataColeta, PostoCNPJ, CombustivelID) VALUES (5.090, 'R$ / litro', '2023-01-09', '01496517000186', (SELECT ID_Combustivel FROM COMBUSTIVEL WHERE Nome = 'GASOLINA COMUM'));
INSERT INTO PRECO_COLETADO (Preco, UnidadeMedida, DataColeta, PostoCNPJ, CombustivelID) VALUES (5.090, 'R$ / litro', '2023-01-16', '01496517000186', (SELECT ID_Combustivel FROM COMBUSTIVEL WHERE Nome = 'GASOLINA COMUM'));
INSERT INTO PRECO_COLETADO (Preco, UnidadeMedida, DataColeta, PostoCNPJ, CombustivelID) VALUES (4.990, 'R$ / litro', '2023-01-23', '01496517000186', (SELECT ID_Combustivel FROM COMBUSTIVEL WHERE Nome = 'GASOLINA COMUM'));
INSERT INTO PRECO_COLETADO (Preco, UnidadeMedida, DataColeta, PostoCNPJ, CombustivelID) VALUES (5.190, 'R$ / litro', '2023-01-30', '01496517000186', (SELECT ID_Combustivel FROM COMBUSTIVEL WHERE Nome = 'GASOLINA COMUM'));
INSERT INTO PRECO_COLETADO (Preco, UnidadeMedida, DataColeta, PostoCNPJ, CombustivelID) VALUES (5.090, 'R$ / litro', '2023-02-06', '01496517000186', (SELECT ID_Combustivel FROM COMBUSTIVEL WHERE Nome = 'GASOLINA COMUM'));
INSERT INTO PRECO_COLETADO (Preco, UnidadeMedida, DataColeta, PostoCNPJ, CombustivelID) VALUES (5.090, 'R$ / litro', '2023-02-13', '01496517000186', (SELECT ID_Combustivel FROM COMBUSTIVEL WHERE Nome = 'GASOLINA COMUM'));
INSERT INTO PRECO_COLETADO (Preco, UnidadeMedida, DataColeta, PostoCNPJ, CombustivelID) VALUES (5.090, 'R$ / litro', '2023-02-20', '01496517000186', (SELECT ID_Combustivel FROM COMBUSTIVEL WHERE Nome = 'GASOLINA COMUM'));
INSERT INTO PRECO_COLETADO (Preco, UnidadeMedida, DataColeta, PostoCNPJ, CombustivelID) VALUES (4.990, 'R$ / litro', '2023-02-27', '01496517000186', (SELECT ID_Combustivel FROM COMBUSTIVEL WHERE Nome = 'GASOLINA COMUM'));
INSERT INTO PRECO_COLETADO (Preco, UnidadeMedida, DataColeta, PostoCNPJ, CombustivelID) VALUES (5.690, 'R$ / litro', '2023-03-06', '01496517000186', (SELECT ID_Combustivel FROM COMBUSTIVEL WHERE Nome = 'GASOLINA COMUM'));
INSERT INTO PRECO_COLETADO (Preco, UnidadeMedida, DataColeta, PostoCNPJ, CombustivelID) VALUES (5.490, 'R$ / litro', '2023-03-16', '01496517000186', (SELECT ID_Combustivel FROM COMBUSTIVEL WHERE Nome = 'GASOLINA COMUM'));
INSERT INTO PRECO_COLETADO (Preco, UnidadeMedida, DataColeta, PostoCNPJ, CombustivelID) VALUES (5.490, 'R$ / litro', '2023-03-21', '01496517000186', (SELECT ID_Combustivel FROM COMBUSTIVEL WHERE Nome = 'GASOLINA COMUM'));
INSERT INTO PRECO_COLETADO (Preco, UnidadeMedida, DataColeta, PostoCNPJ, CombustivelID) VALUES (5.390, 'R$ / litro', '2023-03-27', '01496517000186', (SELECT ID_Combustivel FROM COMBUSTIVEL WHERE Nome = 'GASOLINA COMUM'));
INSERT INTO PRECO_COLETADO (Preco, UnidadeMedida, DataColeta, PostoCNPJ, CombustivelID) VALUES (5.390, 'R$ / litro', '2023-04-04', '01496517000186', (SELECT ID_Combustivel FROM COMBUSTIVEL WHERE Nome = 'GASOLINA COMUM'));
INSERT INTO PRECO_COLETADO (Preco, UnidadeMedida, DataColeta, PostoCNPJ, CombustivelID) VALUES (5.490, 'R$ / litro', '2023-04-10', '01496517000186', (SELECT ID_Combustivel FROM COMBUSTIVEL WHERE Nome = 'GASOLINA COMUM'));
INSERT INTO PRECO_COLETADO (Preco, UnidadeMedida, DataColeta, PostoCNPJ, CombustivelID) VALUES (5.590, 'R$ / litro', '2023-04-17', '01496517000186', (SELECT ID_Combustivel FROM COMBUSTIVEL WHERE Nome = 'GASOLINA COMUM'));
INSERT INTO PRECO_COLETADO (Preco, UnidadeMedida, DataColeta, PostoCNPJ, CombustivelID) VALUES (5.490, 'R$ / litro', '2023-04-24', '01496517000186', (SELECT ID_Combustivel FROM COMBUSTIVEL WHERE Nome = 'GASOLINA COMUM'));
INSERT INTO PRECO_COLETADO (Preco, UnidadeMedida, DataColeta, PostoCNPJ, CombustivelID) VALUES (5.490, 'R$ / litro', '2023-05-02', '01496517000186', (SELECT ID_Combustivel FROM COMBUSTIVEL WHERE Nome = 'GASOLINA COMUM'));
INSERT INTO PRECO_COLETADO (Preco, UnidadeMedida, DataColeta, PostoCNPJ, CombustivelID) VALUES (5.390, 'R$ / litro', '2023-05-09', '01496517000186', (SELECT ID_Combustivel FROM COMBUSTIVEL WHERE Nome = 'GASOLINA COMUM'));
INSERT INTO PRECO_COLETADO (Preco, UnidadeMedida, DataColeta, PostoCNPJ, CombustivelID) VALUES (5.390, 'R$ / litro', '2023-05-15', '01496517000186', (SELECT ID_Combustivel FROM COMBUSTIVEL WHERE Nome = 'GASOLINA COMUM'));
INSERT INTO PRECO_COLETADO (Preco, UnidadeMedida, DataColeta, PostoCNPJ, CombustivelID) VALUES (5.090, 'R$ / litro', '2023-05-22', '01496517000186', (SELECT ID_Combustivel FROM COMBUSTIVEL WHERE Nome = 'GASOLINA COMUM'));
INSERT INTO PRECO_COLETADO (Preco, UnidadeMedida, DataColeta, PostoCNPJ, CombustivelID) VALUES (5.090, 'R$ / litro', '2023-05-29', '01496517000186', (SELECT ID_Combustivel FROM COMBUSTIVEL WHERE Nome = 'GASOLINA COMUM'));
INSERT INTO PRECO_COLETADO (Preco, UnidadeMedida, DataColeta, PostoCNPJ, CombustivelID) VALUES (5.490, 'R$ / litro', '2023-06-05', '01496517000186', (SELECT ID_Combustivel FROM COMBUSTIVEL WHERE Nome = 'GASOLINA COMUM'));
INSERT INTO PRECO_COLETADO (Preco, UnidadeMedida, DataColeta, PostoCNPJ, CombustivelID) VALUES (5.490, 'R$ / litro', '2023-06-13', '01496517000186', (SELECT ID_Combustivel FROM COMBUSTIVEL WHERE Nome = 'GASOLINA COMUM'));
INSERT INTO PRECO_COLETADO (Preco, UnidadeMedida, DataColeta, PostoCNPJ, CombustivelID) VALUES (5.490, 'R$ / litro', '2023-06-20', '01496517000186', (SELECT ID_Combustivel FROM COMBUSTIVEL WHERE Nome = 'GASOLINA COMUM'));
INSERT INTO PRECO_COLETADO (Preco, UnidadeMedida, DataColeta, PostoCNPJ, CombustivelID) VALUES (5.390, 'R$ / litro', '2023-06-27', '01496517000186', (SELECT ID_Combustivel FROM COMBUSTIVEL WHERE Nome = 'GASOLINA COMUM'));
INSERT INTO PRECO_COLETADO (Preco, UnidadeMedida, DataColeta, PostoCNPJ, CombustivelID) VALUES (5.890, 'R$ / litro', '2023-07-04', '01496517000186', (SELECT ID_Combustivel FROM COMBUSTIVEL WHERE Nome = 'GASOLINA COMUM'));
INSERT INTO PRECO_COLETADO (Preco, UnidadeMedida, DataColeta, PostoCNPJ, CombustivelID) VALUES (5.790, 'R$ / litro', '2023-07-10', '01496517000186', (SELECT ID_Combustivel FROM COMBUSTIVEL WHERE Nome = 'GASOLINA COMUM'));
INSERT INTO PRECO_COLETADO (Preco, UnidadeMedida, DataColeta, PostoCNPJ, CombustivelID) VALUES (5.690, 'R$ / litro', '2023-07-17', '01496517000186', (SELECT ID_Combustivel FROM COMBUSTIVEL WHERE Nome = 'GASOLINA COMUM'));
INSERT INTO PRECO_COLETADO (Preco, UnidadeMedida, DataColeta, PostoCNPJ, CombustivelID) VALUES (5.690, 'R$ / litro', '2023-07-24', '01496517000186', (SELECT ID_Combustivel FROM COMBUSTIVEL WHERE Nome = 'GASOLINA COMUM'));
INSERT INTO PRECO_COLETADO (Preco, UnidadeMedida, DataColeta, PostoCNPJ, CombustivelID) VALUES (5.590, 'R$ / litro', '2023-07-31', '01496517000186', (SELECT ID_Combustivel FROM COMBUSTIVEL WHERE Nome = 'GASOLINA COMUM'));
INSERT INTO PRECO_COLETADO (Preco, UnidadeMedida, DataColeta, PostoCNPJ, CombustivelID) VALUES (5.490, 'R$ / litro', '2023-08-15', '01496517000186', (SELECT ID_Combustivel FROM COMBUSTIVEL WHERE Nome = 'GASOLINA COMUM'));
INSERT INTO PRECO_COLETADO (Preco, UnidadeMedida, DataColeta, PostoCNPJ, CombustivelID) VALUES (5.990, 'R$ / litro', '2023-08-22', '01496517000186', (SELECT ID_Combustivel FROM COMBUSTIVEL WHERE Nome = 'GASOLINA COMUM'));
INSERT INTO PRECO_COLETADO (Preco, UnidadeMedida, DataColeta, PostoCNPJ, CombustivelID) VALUES (5.890, 'R$ / litro', '2023-08-30', '01496517000186', (SELECT ID_Combustivel FROM COMBUSTIVEL WHERE Nome = 'GASOLINA COMUM'));
INSERT INTO PRECO_COLETADO (Preco, UnidadeMedida, DataColeta, PostoCNPJ, CombustivelID) VALUES (5.890, 'R$ / litro', '2023-09-07', '01496517000186', (SELECT ID_Combustivel FROM COMBUSTIVEL WHERE Nome = 'GASOLINA COMUM'));
INSERT INTO PRECO_COLETADO (Preco, UnidadeMedida, DataColeta, PostoCNPJ, CombustivelID) VALUES (5.890, 'R$ / litro', '2023-09-12', '01496517000186', (SELECT ID_Combustivel FROM COMBUSTIVEL WHERE Nome = 'GASOLINA COMUM'));
INSERT INTO PRECO_COLETADO (Preco, UnidadeMedida, DataColeta, PostoCNPJ, CombustivelID) VALUES (5.790, 'R$ / litro', '2023-09-19', '01496517000186', (SELECT ID_Combustivel FROM COMBUSTIVEL WHERE Nome = 'GASOLINA COMUM'));
INSERT INTO PRECO_COLETADO (Preco, UnidadeMedida, DataColeta, PostoCNPJ, CombustivelID) VALUES (5.790, 'R$ / litro', '2023-09-26', '01496517000186', (SELECT ID_Combustivel FROM COMBUSTIVEL WHERE Nome = 'GASOLINA COMUM'));
INSERT INTO PRECO_COLETADO (Preco, UnidadeMedida, DataColeta, PostoCNPJ, CombustivelID) VALUES (5.790, 'R$ / litro', '2023-10-03', '01496517000186', (SELECT ID_Combustivel FROM COMBUSTIVEL WHERE Nome = 'GASOLINA COMUM'));
INSERT INTO PRECO_COLETADO (Preco, UnidadeMedida, DataColeta, PostoCNPJ, CombustivelID) VALUES (5.790, 'R$ / litro', '2023-10-10', '01496517000186', (SELECT ID_Combustivel FROM COMBUSTIVEL WHERE Nome = 'GASOLINA COMUM'));
INSERT INTO PRECO_COLETADO (Preco, UnidadeMedida, DataColeta, PostoCNPJ, CombustivelID) VALUES (5.790, 'R$ / litro', '2023-10-16', '01496517000186', (SELECT ID_Combustivel FROM COMBUSTIVEL WHERE Nome = 'GASOLINA COMUM'));
INSERT INTO PRECO_COLETADO (Preco, UnidadeMedida, DataColeta, PostoCNPJ, CombustivelID) VALUES (5.790, 'R$ / litro', '2023-10-24', '01496517000186', (SELECT ID_Combustivel FROM COMBUSTIVEL WHERE Nome = 'GASOLINA COMUM'));
INSERT INTO PRECO_COLETADO (Preco, UnidadeMedida, DataColeta, PostoCNPJ, CombustivelID) VALUES (5.690, 'R$ / litro', '2023-10-31', '01496517000186', (SELECT ID_Combustivel FROM COMBUSTIVEL WHERE Nome = 'GASOLINA COMUM'));
INSERT INTO PRECO_COLETADO (Preco, UnidadeMedida, DataColeta, PostoCNPJ, CombustivelID) VALUES (5.690, 'R$ / litro', '2023-11-07', '01496517000186', (SELECT ID_Combustivel FROM COMBUSTIVEL WHERE Nome = 'GASOLINA COMUM'));
INSERT INTO PRECO_COLETADO (Preco, UnidadeMedida, DataColeta, PostoCNPJ, CombustivelID) VALUES (5.590, 'R$ / litro', '2023-11-14', '01496517000186', (SELECT ID_Combustivel FROM COMBUSTIVEL WHERE Nome = 'GASOLINA COMUM'));
INSERT INTO PRECO_COLETADO (Preco, UnidadeMedida, DataColeta, PostoCNPJ, CombustivelID) VALUES (5.590, 'R$ / litro', '2023-11-21', '01496517000186', (SELECT ID_Combustivel FROM COMBUSTIVEL WHERE Nome = 'GASOLINA COMUM'));
INSERT INTO PRECO_COLETADO (Preco, UnidadeMedida, DataColeta, PostoCNPJ, CombustivelID) VALUES (5.590, 'R$ / litro', '2023-11-28', '01496517000186', (SELECT ID_Combustivel FROM COMBUSTIVEL WHERE Nome = 'GASOLINA COMUM'));
INSERT INTO PRECO_COLETADO (Preco, UnidadeMedida, DataColeta, PostoCNPJ, CombustivelID) VALUES (5.590, 'R$ / litro', '2023-12-06', '01496517000186', (SELECT ID_Combustivel FROM COMBUSTIVEL WHERE Nome = 'GASOLINA COMUM'));
INSERT INTO PRECO_COLETADO (Preco, UnidadeMedida, DataColeta, PostoCNPJ, CombustivelID) VALUES (5.590, 'R$ / litro', '2023-12-13', '01496517000186', (SELECT ID_Combustivel FROM COMBUSTIVEL WHERE Nome = 'GASOLINA COMUM'));
INSERT INTO PRECO_COLETADO (Preco, UnidadeMedida, DataColeta, PostoCNPJ, CombustivelID) VALUES (5.590, 'R$ / litro', '2023-12-20', '01496517000186', (SELECT ID_Combustivel FROM COMBUSTIVEL WHERE Nome = 'GASOLINA COMUM'));
INSERT INTO PRECO_COLETADO (Preco, UnidadeMedida, DataColeta, PostoCNPJ, CombustivelID) VALUES (5.490, 'R$ / litro', '2024-01-08', '01496517000186', (SELECT ID_Combustivel FROM COMBUSTIVEL WHERE Nome = 'GASOLINA COMUM'));
INSERT INTO PRECO_COLETADO (Preco, UnidadeMedida, DataColeta, PostoCNPJ, CombustivelID) VALUES (5.490, 'R$ / litro', '2024-01-22', '01496517000186', (SELECT ID_Combustivel FROM COMBUSTIVEL WHERE Nome = 'GASOLINA COMUM'));
INSERT INTO PRECO_COLETADO (Preco, UnidadeMedida, DataColeta, PostoCNPJ, CombustivelID) VALUES (5.690, 'R$ / litro', '2024-02-05', '01496517000186', (SELECT ID_Combustivel FROM COMBUSTIVEL WHERE Nome = 'GASOLINA COMUM'));
INSERT INTO PRECO_COLETADO (Preco, UnidadeMedida, DataColeta, PostoCNPJ, CombustivelID) VALUES (5.690, 'R$ / litro', '2024-02-12', '01496517000186', (SELECT ID_Combustivel FROM COMBUSTIVEL WHERE Nome = 'GASOLINA COMUM'));
INSERT INTO PRECO_COLETADO (Preco, UnidadeMedida, DataColeta, PostoCNPJ, CombustivelID) VALUES (5.690, 'R$ / litro', '2024-02-19', '01496517000186', (SELECT ID_Combustivel FROM COMBUSTIVEL WHERE Nome = 'GASOLINA COMUM'));
INSERT INTO PRECO_COLETADO (Preco, UnidadeMedida, DataColeta, PostoCNPJ, CombustivelID) VALUES (5.690, 'R$ / litro', '2024-02-26', '01496517000186', (SELECT ID_Combustivel FROM COMBUSTIVEL WHERE Nome = 'GASOLINA COMUM'));
INSERT INTO PRECO_COLETADO (Preco, UnidadeMedida, DataColeta, PostoCNPJ, CombustivelID) VALUES (5.690, 'R$ / litro', '2024-03-04', '01496517000186', (SELECT ID_Combustivel FROM COMBUSTIVEL WHERE Nome = 'GASOLINA COMUM'));
INSERT INTO PRECO_COLETADO (Preco, UnidadeMedida, DataColeta, PostoCNPJ, CombustivelID) VALUES (5.690, 'R$ / litro', '2024-03-11', '01496517000186', (SELECT ID_Combustivel FROM COMBUSTIVEL WHERE Nome = 'GASOLINA COMUM'));
INSERT INTO PRECO_COLETADO (Preco, UnidadeMedida, DataColeta, PostoCNPJ, CombustivelID) VALUES (5.690, 'R$ / litro', '2024-03-18', '01496517000186', (SELECT ID_Combustivel FROM COMBUSTIVEL WHERE Nome = 'GASOLINA COMUM'));
INSERT INTO PRECO_COLETADO (Preco, UnidadeMedida, DataColeta, PostoCNPJ, CombustivelID) VALUES (5.690, 'R$ / litro', '2024-03-25', '01496517000186', (SELECT ID_Combustivel FROM COMBUSTIVEL WHERE Nome = 'GASOLINA COMUM'));
INSERT INTO PRECO_COLETADO (Preco, UnidadeMedida, DataColeta, PostoCNPJ, CombustivelID) VALUES (5.690, 'R$ / litro', '2024-04-02', '01496517000186', (SELECT ID_Combustivel FROM COMBUSTIVEL WHERE Nome = 'GASOLINA COMUM'));
INSERT INTO PRECO_COLETADO (Preco, UnidadeMedida, DataColeta, PostoCNPJ, CombustivelID) VALUES (5.690, 'R$ / litro', '2024-04-08', '01496517000186', (SELECT ID_Combustivel FROM COMBUSTIVEL WHERE Nome = 'GASOLINA COMUM'));
INSERT INTO PRECO_COLETADO (Preco, UnidadeMedida, DataColeta, PostoCNPJ, CombustivelID) VALUES (5.790, 'R$ / litro', '2024-04-15', '01496517000186', (SELECT ID_Combustivel FROM COMBUSTIVEL WHERE Nome = 'GASOLINA COMUM'));
INSERT INTO PRECO_COLETADO (Preco, UnidadeMedida, DataColeta, PostoCNPJ, CombustivelID) VALUES (5.690, 'R$ / litro', '2024-04-22', '01496517000186', (SELECT ID_Combustivel FROM COMBUSTIVEL WHERE Nome = 'GASOLINA COMUM'));
INSERT INTO PRECO_COLETADO (Preco, UnidadeMedida, DataColeta, PostoCNPJ, CombustivelID) VALUES (5.890, 'R$ / litro', '2024-04-29', '01496517000186', (SELECT ID_Combustivel FROM COMBUSTIVEL WHERE Nome = 'GASOLINA COMUM'));
INSERT INTO PRECO_COLETADO (Preco, UnidadeMedida, DataColeta, PostoCNPJ, CombustivelID) VALUES (5.890, 'R$ / litro', '2024-05-06', '01496517000186', (SELECT ID_Combustivel FROM COMBUSTIVEL WHERE Nome = 'GASOLINA COMUM'));
INSERT INTO PRECO_COLETADO (Preco, UnidadeMedida, DataColeta, PostoCNPJ, CombustivelID) VALUES (5.890, 'R$ / litro', '2024-05-14', '01496517000186', (SELECT ID_Combustivel FROM COMBUSTIVEL WHERE Nome = 'GASOLINA COMUM'));
INSERT INTO PRECO_COLETADO (Preco, UnidadeMedida, DataColeta, PostoCNPJ, CombustivelID) VALUES (5.890, 'R$ / litro', '2024-05-20', '01496517000186', (SELECT ID_Combustivel FROM COMBUSTIVEL WHERE Nome = 'GASOLINA COMUM'));
INSERT INTO PRECO_COLETADO (Preco, UnidadeMedida, DataColeta, PostoCNPJ, CombustivelID) VALUES (5.890, 'R$ / litro', '2024-05-27', '01496517000186', (SELECT ID_Combustivel FROM COMBUSTIVEL WHERE Nome = 'GASOLINA COMUM'));
INSERT INTO PRECO_COLETADO (Preco, UnidadeMedida, DataColeta, PostoCNPJ, CombustivelID) VALUES (5.890, 'R$ / litro', '2024-06-10', '01496517000186', (SELECT ID_Combustivel FROM COMBUSTIVEL WHERE Nome = 'GASOLINA COMUM'));
INSERT INTO PRECO_COLETADO (Preco, UnidadeMedida, DataColeta, PostoCNPJ, CombustivelID) VALUES (5.890, 'R$ / litro', '2024-06-17', '01496517000186', (SELECT ID_Combustivel FROM COMBUSTIVEL WHERE Nome = 'GASOLINA COMUM'));
INSERT INTO PRECO_COLETADO (Preco, UnidadeMedida, DataColeta, PostoCNPJ, CombustivelID) VALUES (5.890, 'R$ / litro', '2024-06-24', '01496517000186', (SELECT ID_Combustivel FROM COMBUSTIVEL WHERE Nome = 'GASOLINA COMUM'));
INSERT INTO PRECO_COLETADO (Preco, UnidadeMedida, DataColeta, PostoCNPJ, CombustivelID) VALUES (5.890, 'R$ / litro', '2024-07-01', '01496517000186', (SELECT ID_Combustivel FROM COMBUSTIVEL WHERE Nome = 'GASOLINA COMUM'));
INSERT INTO PRECO_COLETADO (Preco, UnidadeMedida, DataColeta, PostoCNPJ, CombustivelID) VALUES (5.890, 'R$ / litro', '2024-07-09', '01496517000186', (SELECT ID_Combustivel FROM COMBUSTIVEL WHERE Nome = 'GASOLINA COMUM'));
INSERT INTO PRECO_COLETADO (Preco, UnidadeMedida, DataColeta, PostoCNPJ, CombustivelID) VALUES (6.190, 'R$ / litro', '2024-07-16', '01496517000186', (SELECT ID_Combustivel FROM COMBUSTIVEL WHERE Nome = 'GASOLINA COMUM'));
INSERT INTO PRECO_COLETADO (Preco, UnidadeMedida, DataColeta, PostoCNPJ, CombustivelID) VALUES (6.190, 'R$ / litro', '2024-07-22', '01496517000186', (SELECT ID_Combustivel FROM COMBUSTIVEL WHERE Nome = 'GASOLINA COMUM'));
INSERT INTO PRECO_COLETADO (Preco, UnidadeMedida, DataColeta, PostoCNPJ, CombustivelID) VALUES (6.190, 'R$ / litro', '2024-07-29', '01496517000186', (SELECT ID_Combustivel FROM COMBUSTIVEL WHERE Nome = 'GASOLINA COMUM'));
INSERT INTO PRECO_COLETADO (Preco, UnidadeMedida, DataColeta, PostoCNPJ, CombustivelID) VALUES (6.090, 'R$ / litro', '2024-08-05', '01496517000186', (SELECT ID_Combustivel FROM COMBUSTIVEL WHERE Nome = 'GASOLINA COMUM'));
INSERT INTO PRECO_COLETADO (Preco, UnidadeMedida, DataColeta, PostoCNPJ, CombustivelID) VALUES (6.090, 'R$ / litro', '2024-08-12', '01496517000186', (SELECT ID_Combustivel FROM COMBUSTIVEL WHERE Nome = 'GASOLINA COMUM'));
INSERT INTO PRECO_COLETADO (Preco, UnidadeMedida, DataColeta, PostoCNPJ, CombustivelID) VALUES (6.090, 'R$ / litro', '2024-08-20', '01496517000186', (SELECT ID_Combustivel FROM COMBUSTIVEL WHERE Nome = 'GASOLINA COMUM'));
INSERT INTO PRECO_COLETADO (Preco, UnidadeMedida, DataColeta, PostoCNPJ, CombustivelID) VALUES (6.090, 'R$ / litro', '2024-08-26', '01496517000186', (SELECT ID_Combustivel FROM COMBUSTIVEL WHERE Nome = 'GASOLINA COMUM'));
INSERT INTO PRECO_COLETADO (Preco, UnidadeMedida, DataColeta, PostoCNPJ, CombustivelID) VALUES (6.090, 'R$ / litro', '2024-09-02', '01496517000186', (SELECT ID_Combustivel FROM COMBUSTIVEL WHERE Nome = 'GASOLINA COMUM'));
INSERT INTO POSTO (CNPJ, RazaoSocial, NomeFantasia, Bandeira, Logradouro, Numero, Bairro, Cidade, Estado, CEP) VALUES ('04165053000113', 'GLORIA POSTOS E SERVICOS LTDA', 'GLORIA POSTOS E SERVICOS', 'RAIZEN', 'AVENIDA MINISTRO SALGADO FILHO', '65', 'GLORIA', 'VILA VELHA', 'ESPIRITO SANTO', '29106010');
INSERT INTO PRECO_COLETADO (Preco, UnidadeMedida, DataColeta, PostoCNPJ, CombustivelID) VALUES (3.990, 'R$ / litro', '2022-10-24', '04165053000113', (SELECT ID_Combustivel FROM COMBUSTIVEL WHERE Nome = 'ETANOL'));
INSERT INTO PRECO_COLETADO (Preco, UnidadeMedida, DataColeta, PostoCNPJ, CombustivelID) VALUES (3.990, 'R$ / litro', '2022-10-31', '04165053000113', (SELECT ID_Combustivel FROM COMBUSTIVEL WHERE Nome = 'ETANOL'));
INSERT INTO PRECO_COLETADO (Preco, UnidadeMedida, DataColeta, PostoCNPJ, CombustivelID) VALUES (3.990, 'R$ / litro', '2022-11-14', '04165053000113', (SELECT ID_Combustivel FROM COMBUSTIVEL WHERE Nome = 'ETANOL'));
INSERT INTO PRECO_COLETADO (Preco, UnidadeMedida, DataColeta, PostoCNPJ, CombustivelID) VALUES (4.190, 'R$ / litro', '2022-11-22', '04165053000113', (SELECT ID_Combustivel FROM COMBUSTIVEL WHERE Nome = 'ETANOL'));
INSERT INTO PRECO_COLETADO (Preco, UnidadeMedida, DataColeta, PostoCNPJ, CombustivelID) VALUES (4.190, 'R$ / litro', '2022-12-05', '04165053000113', (SELECT ID_Combustivel FROM COMBUSTIVEL WHERE Nome = 'ETANOL'));
INSERT INTO PRECO_COLETADO (Preco, UnidadeMedida, DataColeta, PostoCNPJ, CombustivelID) VALUES (4.190, 'R$ / litro', '2022-12-12', '04165053000113', (SELECT ID_Combustivel FROM COMBUSTIVEL WHERE Nome = 'ETANOL'));
INSERT INTO PRECO_COLETADO (Preco, UnidadeMedida, DataColeta, PostoCNPJ, CombustivelID) VALUES (4.190, 'R$ / litro', '2022-12-22', '04165053000113', (SELECT ID_Combustivel FROM COMBUSTIVEL WHERE Nome = 'ETANOL'));
INSERT INTO PRECO_COLETADO (Preco, UnidadeMedida, DataColeta, PostoCNPJ, CombustivelID) VALUES (3.990, 'R$ / litro', '2022-12-26', '04165053000113', (SELECT ID_Combustivel FROM COMBUSTIVEL WHERE Nome = 'ETANOL'));
INSERT INTO PRECO_COLETADO (Preco, UnidadeMedida, DataColeta, PostoCNPJ, CombustivelID) VALUES (3.990, 'R$ / litro', '2023-01-02', '04165053000113', (SELECT ID_Combustivel FROM COMBUSTIVEL WHERE Nome = 'ETANOL'));
INSERT INTO PRECO_COLETADO (Preco, UnidadeMedida, DataColeta, PostoCNPJ, CombustivelID) VALUES (3.990, 'R$ / litro', '2023-01-09', '04165053000113', (SELECT ID_Combustivel FROM COMBUSTIVEL WHERE Nome = 'ETANOL'));
INSERT INTO PRECO_COLETADO (Preco, UnidadeMedida, DataColeta, PostoCNPJ, CombustivelID) VALUES (4.190, 'R$ / litro', '2023-01-23', '04165053000113', (SELECT ID_Combustivel FROM COMBUSTIVEL WHERE Nome = 'ETANOL'));
INSERT INTO PRECO_COLETADO (Preco, UnidadeMedida, DataColeta, PostoCNPJ, CombustivelID) VALUES (4.190, 'R$ / litro', '2023-01-30', '04165053000113', (SELECT ID_Combustivel FROM COMBUSTIVEL WHERE Nome = 'ETANOL'));
INSERT INTO PRECO_COLETADO (Preco, UnidadeMedida, DataColeta, PostoCNPJ, CombustivelID) VALUES (3.990, 'R$ / litro', '2023-02-20', '04165053000113', (SELECT ID_Combustivel FROM COMBUSTIVEL WHERE Nome = 'ETANOL'));
INSERT INTO PRECO_COLETADO (Preco, UnidadeMedida, DataColeta, PostoCNPJ, CombustivelID) VALUES (4.190, 'R$ / litro', '2023-03-06', '04165053000113', (SELECT ID_Combustivel FROM COMBUSTIVEL WHERE Nome = 'ETANOL'));
INSERT INTO PRECO_COLETADO (Preco, UnidadeMedida, DataColeta, PostoCNPJ, CombustivelID) VALUES (4.380, 'R$ / litro', '2023-03-16', '04165053000113', (SELECT ID_Combustivel FROM COMBUSTIVEL WHERE Nome = 'ETANOL'));
INSERT INTO PRECO_COLETADO (Preco, UnidadeMedida, DataColeta, PostoCNPJ, CombustivelID) VALUES (4.380, 'R$ / litro', '2023-03-21', '04165053000113', (SELECT ID_Combustivel FROM COMBUSTIVEL WHERE Nome = 'ETANOL'));
INSERT INTO PRECO_COLETADO (Preco, UnidadeMedida, DataColeta, PostoCNPJ, CombustivelID) VALUES (4.380, 'R$ / litro', '2023-03-27', '04165053000113', (SELECT ID_Combustivel FROM COMBUSTIVEL WHERE Nome = 'ETANOL'));
INSERT INTO PRECO_COLETADO (Preco, UnidadeMedida, DataColeta, PostoCNPJ, CombustivelID) VALUES (4.380, 'R$ / litro', '2023-04-04', '04165053000113', (SELECT ID_Combustivel FROM COMBUSTIVEL WHERE Nome = 'ETANOL'));
INSERT INTO PRECO_COLETADO (Preco, UnidadeMedida, DataColeta, PostoCNPJ, CombustivelID) VALUES (4.380, 'R$ / litro', '2023-04-10', '04165053000113', (SELECT ID_Combustivel FROM COMBUSTIVEL WHERE Nome = 'ETANOL'));
INSERT INTO PRECO_COLETADO (Preco, UnidadeMedida, DataColeta, PostoCNPJ, CombustivelID) VALUES (4.590, 'R$ / litro', '2023-04-17', '04165053000113', (SELECT ID_Combustivel FROM COMBUSTIVEL WHERE Nome = 'ETANOL'));
INSERT INTO PRECO_COLETADO (Preco, UnidadeMedida, DataColeta, PostoCNPJ, CombustivelID) VALUES (4.590, 'R$ / litro', '2023-04-24', '04165053000113', (SELECT ID_Combustivel FROM COMBUSTIVEL WHERE Nome = 'ETANOL'));
INSERT INTO PRECO_COLETADO (Preco, UnidadeMedida, DataColeta, PostoCNPJ, CombustivelID) VALUES (4.590, 'R$ / litro', '2023-05-02', '04165053000113', (SELECT ID_Combustivel FROM COMBUSTIVEL WHERE Nome = 'ETANOL'));
INSERT INTO PRECO_COLETADO (Preco, UnidadeMedida, DataColeta, PostoCNPJ, CombustivelID) VALUES (4.590, 'R$ / litro', '2023-05-08', '04165053000113', (SELECT ID_Combustivel FROM COMBUSTIVEL WHERE Nome = 'ETANOL'));
INSERT INTO PRECO_COLETADO (Preco, UnidadeMedida, DataColeta, PostoCNPJ, CombustivelID) VALUES (4.590, 'R$ / litro', '2023-05-15', '04165053000113', (SELECT ID_Combustivel FROM COMBUSTIVEL WHERE Nome = 'ETANOL'));
INSERT INTO PRECO_COLETADO (Preco, UnidadeMedida, DataColeta, PostoCNPJ, CombustivelID) VALUES (4.590, 'R$ / litro', '2023-05-22', '04165053000113', (SELECT ID_Combustivel FROM COMBUSTIVEL WHERE Nome = 'ETANOL'));
INSERT INTO PRECO_COLETADO (Preco, UnidadeMedida, DataColeta, PostoCNPJ, CombustivelID) VALUES (4.590, 'R$ / litro', '2023-05-29', '04165053000113', (SELECT ID_Combustivel FROM COMBUSTIVEL WHERE Nome = 'ETANOL'));
INSERT INTO PRECO_COLETADO (Preco, UnidadeMedida, DataColeta, PostoCNPJ, CombustivelID) VALUES (4.390, 'R$ / litro', '2023-06-05', '04165053000113', (SELECT ID_Combustivel FROM COMBUSTIVEL WHERE Nome = 'ETANOL'));
INSERT INTO PRECO_COLETADO (Preco, UnidadeMedida, DataColeta, PostoCNPJ, CombustivelID) VALUES (4.390, 'R$ / litro', '2023-06-13', '04165053000113', (SELECT ID_Combustivel FROM COMBUSTIVEL WHERE Nome = 'ETANOL'));
INSERT INTO PRECO_COLETADO (Preco, UnidadeMedida, DataColeta, PostoCNPJ, CombustivelID) VALUES (4.290, 'R$ / litro', '2023-06-20', '04165053000113', (SELECT ID_Combustivel FROM COMBUSTIVEL WHERE Nome = 'ETANOL'));
INSERT INTO PRECO_COLETADO (Preco, UnidadeMedida, DataColeta, PostoCNPJ, CombustivelID) VALUES (4.290, 'R$ / litro', '2023-06-27', '04165053000113', (SELECT ID_Combustivel FROM COMBUSTIVEL WHERE Nome = 'ETANOL'));
INSERT INTO PRECO_COLETADO (Preco, UnidadeMedida, DataColeta, PostoCNPJ, CombustivelID) VALUES (4.290, 'R$ / litro', '2023-07-04', '04165053000113', (SELECT ID_Combustivel FROM COMBUSTIVEL WHERE Nome = 'ETANOL'));
INSERT INTO PRECO_COLETADO (Preco, UnidadeMedida, DataColeta, PostoCNPJ, CombustivelID) VALUES (4.290, 'R$ / litro', '2023-07-10', '04165053000113', (SELECT ID_Combustivel FROM COMBUSTIVEL WHERE Nome = 'ETANOL'));
INSERT INTO PRECO_COLETADO (Preco, UnidadeMedida, DataColeta, PostoCNPJ, CombustivelID) VALUES (4.290, 'R$ / litro', '2023-07-17', '04165053000113', (SELECT ID_Combustivel FROM COMBUSTIVEL WHERE Nome = 'ETANOL'));
INSERT INTO PRECO_COLETADO (Preco, UnidadeMedida, DataColeta, PostoCNPJ, CombustivelID) VALUES (4.290, 'R$ / litro', '2023-07-24', '04165053000113', (SELECT ID_Combustivel FROM COMBUSTIVEL WHERE Nome = 'ETANOL'));
INSERT INTO PRECO_COLETADO (Preco, UnidadeMedida, DataColeta, PostoCNPJ, CombustivelID) VALUES (4.290, 'R$ / litro', '2023-07-31', '04165053000113', (SELECT ID_Combustivel FROM COMBUSTIVEL WHERE Nome = 'ETANOL'));
INSERT INTO PRECO_COLETADO (Preco, UnidadeMedida, DataColeta, PostoCNPJ, CombustivelID) VALUES (4.290, 'R$ / litro', '2023-08-07', '04165053000113', (SELECT ID_Combustivel FROM COMBUSTIVEL WHERE Nome = 'ETANOL'));
INSERT INTO PRECO_COLETADO (Preco, UnidadeMedida, DataColeta, PostoCNPJ, CombustivelID) VALUES (4.290, 'R$ / litro', '2023-08-15', '04165053000113', (SELECT ID_Combustivel FROM COMBUSTIVEL WHERE Nome = 'ETANOL'));
INSERT INTO PRECO_COLETADO (Preco, UnidadeMedida, DataColeta, PostoCNPJ, CombustivelID) VALUES (4.290, 'R$ / litro', '2023-08-21', '04165053000113', (SELECT ID_Combustivel FROM COMBUSTIVEL WHERE Nome = 'ETANOL'));
INSERT INTO PRECO_COLETADO (Preco, UnidadeMedida, DataColeta, PostoCNPJ, CombustivelID) VALUES (4.590, 'R$ / litro', '2023-08-30', '04165053000113', (SELECT ID_Combustivel FROM COMBUSTIVEL WHERE Nome = 'ETANOL'));
INSERT INTO PRECO_COLETADO (Preco, UnidadeMedida, DataColeta, PostoCNPJ, CombustivelID) VALUES (4.590, 'R$ / litro', '2023-09-07', '04165053000113', (SELECT ID_Combustivel FROM COMBUSTIVEL WHERE Nome = 'ETANOL'));
INSERT INTO PRECO_COLETADO (Preco, UnidadeMedida, DataColeta, PostoCNPJ, CombustivelID) VALUES (4.590, 'R$ / litro', '2023-09-12', '04165053000113', (SELECT ID_Combustivel FROM COMBUSTIVEL WHERE Nome = 'ETANOL'));
INSERT INTO PRECO_COLETADO (Preco, UnidadeMedida, DataColeta, PostoCNPJ, CombustivelID) VALUES (4.590, 'R$ / litro', '2023-09-19', '04165053000113', (SELECT ID_Combustivel FROM COMBUSTIVEL WHERE Nome = 'ETANOL'));
INSERT INTO PRECO_COLETADO (Preco, UnidadeMedida, DataColeta, PostoCNPJ, CombustivelID) VALUES (4.590, 'R$ / litro', '2023-09-26', '04165053000113', (SELECT ID_Combustivel FROM COMBUSTIVEL WHERE Nome = 'ETANOL'));
INSERT INTO PRECO_COLETADO (Preco, UnidadeMedida, DataColeta, PostoCNPJ, CombustivelID) VALUES (4.590, 'R$ / litro', '2023-10-03', '04165053000113', (SELECT ID_Combustivel FROM COMBUSTIVEL WHERE Nome = 'ETANOL'));
INSERT INTO PRECO_COLETADO (Preco, UnidadeMedida, DataColeta, PostoCNPJ, CombustivelID) VALUES (4.590, 'R$ / litro', '2023-10-10', '04165053000113', (SELECT ID_Combustivel FROM COMBUSTIVEL WHERE Nome = 'ETANOL'));
INSERT INTO PRECO_COLETADO (Preco, UnidadeMedida, DataColeta, PostoCNPJ, CombustivelID) VALUES (4.590, 'R$ / litro', '2023-10-16', '04165053000113', (SELECT ID_Combustivel FROM COMBUSTIVEL WHERE Nome = 'ETANOL'));
INSERT INTO PRECO_COLETADO (Preco, UnidadeMedida, DataColeta, PostoCNPJ, CombustivelID) VALUES (4.590, 'R$ / litro', '2023-10-24', '04165053000113', (SELECT ID_Combustivel FROM COMBUSTIVEL WHERE Nome = 'ETANOL'));
INSERT INTO PRECO_COLETADO (Preco, UnidadeMedida, DataColeta, PostoCNPJ, CombustivelID) VALUES (4.590, 'R$ / litro', '2023-10-31', '04165053000113', (SELECT ID_Combustivel FROM COMBUSTIVEL WHERE Nome = 'ETANOL'));
INSERT INTO PRECO_COLETADO (Preco, UnidadeMedida, DataColeta, PostoCNPJ, CombustivelID) VALUES (4.590, 'R$ / litro', '2023-11-07', '04165053000113', (SELECT ID_Combustivel FROM COMBUSTIVEL WHERE Nome = 'ETANOL'));
INSERT INTO PRECO_COLETADO (Preco, UnidadeMedida, DataColeta, PostoCNPJ, CombustivelID) VALUES (4.590, 'R$ / litro', '2023-11-14', '04165053000113', (SELECT ID_Combustivel FROM COMBUSTIVEL WHERE Nome = 'ETANOL'));
INSERT INTO PRECO_COLETADO (Preco, UnidadeMedida, DataColeta, PostoCNPJ, CombustivelID) VALUES (4.590, 'R$ / litro', '2023-11-21', '04165053000113', (SELECT ID_Combustivel FROM COMBUSTIVEL WHERE Nome = 'ETANOL'));
INSERT INTO PRECO_COLETADO (Preco, UnidadeMedida, DataColeta, PostoCNPJ, CombustivelID) VALUES (4.590, 'R$ / litro', '2023-11-28', '04165053000113', (SELECT ID_Combustivel FROM COMBUSTIVEL WHERE Nome = 'ETANOL'));
INSERT INTO PRECO_COLETADO (Preco, UnidadeMedida, DataColeta, PostoCNPJ, CombustivelID) VALUES (4.590, 'R$ / litro', '2023-12-06', '04165053000113', (SELECT ID_Combustivel FROM COMBUSTIVEL WHERE Nome = 'ETANOL'));
INSERT INTO PRECO_COLETADO (Preco, UnidadeMedida, DataColeta, PostoCNPJ, CombustivelID) VALUES (4.390, 'R$ / litro', '2023-12-13', '04165053000113', (SELECT ID_Combustivel FROM COMBUSTIVEL WHERE Nome = 'ETANOL'));
INSERT INTO PRECO_COLETADO (Preco, UnidadeMedida, DataColeta, PostoCNPJ, CombustivelID) VALUES (4.390, 'R$ / litro', '2023-12-18', '04165053000113', (SELECT ID_Combustivel FROM COMBUSTIVEL WHERE Nome = 'ETANOL'));
INSERT INTO PRECO_COLETADO (Preco, UnidadeMedida, DataColeta, PostoCNPJ, CombustivelID) VALUES (4.390, 'R$ / litro', '2023-12-26', '04165053000113', (SELECT ID_Combustivel FROM COMBUSTIVEL WHERE Nome = 'ETANOL'));
INSERT INTO PRECO_COLETADO (Preco, UnidadeMedida, DataColeta, PostoCNPJ, CombustivelID) VALUES (4.390, 'R$ / litro', '2024-01-03', '04165053000113', (SELECT ID_Combustivel FROM COMBUSTIVEL WHERE Nome = 'ETANOL'));
INSERT INTO PRECO_COLETADO (Preco, UnidadeMedida, DataColeta, PostoCNPJ, CombustivelID) VALUES (4.390, 'R$ / litro', '2024-01-08', '04165053000113', (SELECT ID_Combustivel FROM COMBUSTIVEL WHERE Nome = 'ETANOL'));
INSERT INTO PRECO_COLETADO (Preco, UnidadeMedida, DataColeta, PostoCNPJ, CombustivelID) VALUES (4.590, 'R$ / litro', '2024-01-15', '04165053000113', (SELECT ID_Combustivel FROM COMBUSTIVEL WHERE Nome = 'ETANOL'));
INSERT INTO PRECO_COLETADO (Preco, UnidadeMedida, DataColeta, PostoCNPJ, CombustivelID) VALUES (4.590, 'R$ / litro', '2024-01-22', '04165053000113', (SELECT ID_Combustivel FROM COMBUSTIVEL WHERE Nome = 'ETANOL'));
INSERT INTO PRECO_COLETADO (Preco, UnidadeMedida, DataColeta, PostoCNPJ, CombustivelID) VALUES (4.590, 'R$ / litro', '2024-01-29', '04165053000113', (SELECT ID_Combustivel FROM COMBUSTIVEL WHERE Nome = 'ETANOL'));
INSERT INTO PRECO_COLETADO (Preco, UnidadeMedida, DataColeta, PostoCNPJ, CombustivelID) VALUES (4.390, 'R$ / litro', '2024-02-05', '04165053000113', (SELECT ID_Combustivel FROM COMBUSTIVEL WHERE Nome = 'ETANOL'));
INSERT INTO PRECO_COLETADO (Preco, UnidadeMedida, DataColeta, PostoCNPJ, CombustivelID) VALUES (4.390, 'R$ / litro', '2024-02-12', '04165053000113', (SELECT ID_Combustivel FROM COMBUSTIVEL WHERE Nome = 'ETANOL'));
INSERT INTO PRECO_COLETADO (Preco, UnidadeMedida, DataColeta, PostoCNPJ, CombustivelID) VALUES (4.390, 'R$ / litro', '2024-02-19', '04165053000113', (SELECT ID_Combustivel FROM COMBUSTIVEL WHERE Nome = 'ETANOL'));
INSERT INTO PRECO_COLETADO (Preco, UnidadeMedida, DataColeta, PostoCNPJ, CombustivelID) VALUES (4.390, 'R$ / litro', '2024-02-26', '04165053000113', (SELECT ID_Combustivel FROM COMBUSTIVEL WHERE Nome = 'ETANOL'));
INSERT INTO PRECO_COLETADO (Preco, UnidadeMedida, DataColeta, PostoCNPJ, CombustivelID) VALUES (4.390, 'R$ / litro', '2024-03-04', '04165053000113', (SELECT ID_Combustivel FROM COMBUSTIVEL WHERE Nome = 'ETANOL'));
INSERT INTO PRECO_COLETADO (Preco, UnidadeMedida, DataColeta, PostoCNPJ, CombustivelID) VALUES (4.390, 'R$ / litro', '2024-03-11', '04165053000113', (SELECT ID_Combustivel FROM COMBUSTIVEL WHERE Nome = 'ETANOL'));
INSERT INTO PRECO_COLETADO (Preco, UnidadeMedida, DataColeta, PostoCNPJ, CombustivelID) VALUES (4.390, 'R$ / litro', '2024-03-18', '04165053000113', (SELECT ID_Combustivel FROM COMBUSTIVEL WHERE Nome = 'ETANOL'));
INSERT INTO PRECO_COLETADO (Preco, UnidadeMedida, DataColeta, PostoCNPJ, CombustivelID) VALUES (4.490, 'R$ / litro', '2024-03-28', '04165053000113', (SELECT ID_Combustivel FROM COMBUSTIVEL WHERE Nome = 'ETANOL'));
INSERT INTO PRECO_COLETADO (Preco, UnidadeMedida, DataColeta, PostoCNPJ, CombustivelID) VALUES (4.190, 'R$ / litro', '2024-04-01', '04165053000113', (SELECT ID_Combustivel FROM COMBUSTIVEL WHERE Nome = 'ETANOL'));
INSERT INTO PRECO_COLETADO (Preco, UnidadeMedida, DataColeta, PostoCNPJ, CombustivelID) VALUES (4.190, 'R$ / litro', '2024-04-15', '04165053000113', (SELECT ID_Combustivel FROM COMBUSTIVEL WHERE Nome = 'ETANOL'));
INSERT INTO PRECO_COLETADO (Preco, UnidadeMedida, DataColeta, PostoCNPJ, CombustivelID) VALUES (4.190, 'R$ / litro', '2024-04-22', '04165053000113', (SELECT ID_Combustivel FROM COMBUSTIVEL WHERE Nome = 'ETANOL'));
INSERT INTO PRECO_COLETADO (Preco, UnidadeMedida, DataColeta, PostoCNPJ, CombustivelID) VALUES (4.090, 'R$ / litro', '2024-04-29', '04165053000113', (SELECT ID_Combustivel FROM COMBUSTIVEL WHERE Nome = 'ETANOL'));
INSERT INTO PRECO_COLETADO (Preco, UnidadeMedida, DataColeta, PostoCNPJ, CombustivelID) VALUES (4.090, 'R$ / litro', '2024-05-06', '04165053000113', (SELECT ID_Combustivel FROM COMBUSTIVEL WHERE Nome = 'ETANOL'));
INSERT INTO PRECO_COLETADO (Preco, UnidadeMedida, DataColeta, PostoCNPJ, CombustivelID) VALUES (4.090, 'R$ / litro', '2024-05-14', '04165053000113', (SELECT ID_Combustivel FROM COMBUSTIVEL WHERE Nome = 'ETANOL'));
INSERT INTO PRECO_COLETADO (Preco, UnidadeMedida, DataColeta, PostoCNPJ, CombustivelID) VALUES (4.290, 'R$ / litro', '2024-05-20', '04165053000113', (SELECT ID_Combustivel FROM COMBUSTIVEL WHERE Nome = 'ETANOL'));
INSERT INTO PRECO_COLETADO (Preco, UnidadeMedida, DataColeta, PostoCNPJ, CombustivelID) VALUES (4.290, 'R$ / litro', '2024-05-27', '04165053000113', (SELECT ID_Combustivel FROM COMBUSTIVEL WHERE Nome = 'ETANOL'));
INSERT INTO PRECO_COLETADO (Preco, UnidadeMedida, DataColeta, PostoCNPJ, CombustivelID) VALUES (3.990, 'R$ / litro', '2024-06-04', '04165053000113', (SELECT ID_Combustivel FROM COMBUSTIVEL WHERE Nome = 'ETANOL'));
INSERT INTO PRECO_COLETADO (Preco, UnidadeMedida, DataColeta, PostoCNPJ, CombustivelID) VALUES (3.990, 'R$ / litro', '2024-06-17', '04165053000113', (SELECT ID_Combustivel FROM COMBUSTIVEL WHERE Nome = 'ETANOL'));
INSERT INTO PRECO_COLETADO (Preco, UnidadeMedida, DataColeta, PostoCNPJ, CombustivelID) VALUES (3.990, 'R$ / litro', '2024-06-24', '04165053000113', (SELECT ID_Combustivel FROM COMBUSTIVEL WHERE Nome = 'ETANOL'));
INSERT INTO PRECO_COLETADO (Preco, UnidadeMedida, DataColeta, PostoCNPJ, CombustivelID) VALUES (3.990, 'R$ / litro', '2024-07-01', '04165053000113', (SELECT ID_Combustivel FROM COMBUSTIVEL WHERE Nome = 'ETANOL'));
INSERT INTO PRECO_COLETADO (Preco, UnidadeMedida, DataColeta, PostoCNPJ, CombustivelID) VALUES (4.190, 'R$ / litro', '2024-07-09', '04165053000113', (SELECT ID_Combustivel FROM COMBUSTIVEL WHERE Nome = 'ETANOL'));
INSERT INTO PRECO_COLETADO (Preco, UnidadeMedida, DataColeta, PostoCNPJ, CombustivelID) VALUES (4.390, 'R$ / litro', '2024-07-16', '04165053000113', (SELECT ID_Combustivel FROM COMBUSTIVEL WHERE Nome = 'ETANOL'));
INSERT INTO PRECO_COLETADO (Preco, UnidadeMedida, DataColeta, PostoCNPJ, CombustivelID) VALUES (4.390, 'R$ / litro', '2024-07-22', '04165053000113', (SELECT ID_Combustivel FROM COMBUSTIVEL WHERE Nome = 'ETANOL'));
INSERT INTO PRECO_COLETADO (Preco, UnidadeMedida, DataColeta, PostoCNPJ, CombustivelID) VALUES (4.390, 'R$ / litro', '2024-08-20', '04165053000113', (SELECT ID_Combustivel FROM COMBUSTIVEL WHERE Nome = 'ETANOL'));
INSERT INTO PRECO_COLETADO (Preco, UnidadeMedida, DataColeta, PostoCNPJ, CombustivelID) VALUES (4.390, 'R$ / litro', '2024-08-27', '04165053000113', (SELECT ID_Combustivel FROM COMBUSTIVEL WHERE Nome = 'ETANOL'));
INSERT INTO PRECO_COLETADO (Preco, UnidadeMedida, DataColeta, PostoCNPJ, CombustivelID) VALUES (4.390, 'R$ / litro', '2024-09-02', '04165053000113', (SELECT ID_Combustivel FROM COMBUSTIVEL WHERE Nome = 'ETANOL'));
INSERT INTO PRECO_COLETADO (Preco, UnidadeMedida, DataColeta, PostoCNPJ, CombustivelID) VALUES (6.490, 'R$ / litro', '2022-10-24', '04165053000113', (SELECT ID_Combustivel FROM COMBUSTIVEL WHERE Nome = 'DIESEL S10'));
INSERT INTO PRECO_COLETADO (Preco, UnidadeMedida, DataColeta, PostoCNPJ, CombustivelID) VALUES (6.490, 'R$ / litro', '2022-10-31', '04165053000113', (SELECT ID_Combustivel FROM COMBUSTIVEL WHERE Nome = 'DIESEL S10'));
INSERT INTO PRECO_COLETADO (Preco, UnidadeMedida, DataColeta, PostoCNPJ, CombustivelID) VALUES (6.490, 'R$ / litro', '2022-11-14', '04165053000113', (SELECT ID_Combustivel FROM COMBUSTIVEL WHERE Nome = 'DIESEL S10'));
INSERT INTO PRECO_COLETADO (Preco, UnidadeMedida, DataColeta, PostoCNPJ, CombustivelID) VALUES (6.490, 'R$ / litro', '2022-11-22', '04165053000113', (SELECT ID_Combustivel FROM COMBUSTIVEL WHERE Nome = 'DIESEL S10'));
INSERT INTO PRECO_COLETADO (Preco, UnidadeMedida, DataColeta, PostoCNPJ, CombustivelID) VALUES (6.490, 'R$ / litro', '2022-12-05', '04165053000113', (SELECT ID_Combustivel FROM COMBUSTIVEL WHERE Nome = 'DIESEL S10'));
INSERT INTO PRECO_COLETADO (Preco, UnidadeMedida, DataColeta, PostoCNPJ, CombustivelID) VALUES (6.390, 'R$ / litro', '2022-12-12', '04165053000113', (SELECT ID_Combustivel FROM COMBUSTIVEL WHERE Nome = 'DIESEL S10'));
INSERT INTO PRECO_COLETADO (Preco, UnidadeMedida, DataColeta, PostoCNPJ, CombustivelID) VALUES (6.090, 'R$ / litro', '2022-12-22', '04165053000113', (SELECT ID_Combustivel FROM COMBUSTIVEL WHERE Nome = 'DIESEL S10'));
INSERT INTO PRECO_COLETADO (Preco, UnidadeMedida, DataColeta, PostoCNPJ, CombustivelID) VALUES (6.090, 'R$ / litro', '2022-12-26', '04165053000113', (SELECT ID_Combustivel FROM COMBUSTIVEL WHERE Nome = 'DIESEL S10'));
INSERT INTO PRECO_COLETADO (Preco, UnidadeMedida, DataColeta, PostoCNPJ, CombustivelID) VALUES (6.090, 'R$ / litro', '2023-01-02', '04165053000113', (SELECT ID_Combustivel FROM COMBUSTIVEL WHERE Nome = 'DIESEL S10'));
INSERT INTO PRECO_COLETADO (Preco, UnidadeMedida, DataColeta, PostoCNPJ, CombustivelID) VALUES (6.090, 'R$ / litro', '2023-01-09', '04165053000113', (SELECT ID_Combustivel FROM COMBUSTIVEL WHERE Nome = 'DIESEL S10'));
INSERT INTO PRECO_COLETADO (Preco, UnidadeMedida, DataColeta, PostoCNPJ, CombustivelID) VALUES (6.090, 'R$ / litro', '2023-01-16', '04165053000113', (SELECT ID_Combustivel FROM COMBUSTIVEL WHERE Nome = 'DIESEL S10'));
INSERT INTO PRECO_COLETADO (Preco, UnidadeMedida, DataColeta, PostoCNPJ, CombustivelID) VALUES (6.040, 'R$ / litro', '2023-01-23', '04165053000113', (SELECT ID_Combustivel FROM COMBUSTIVEL WHERE Nome = 'DIESEL S10'));
INSERT INTO PRECO_COLETADO (Preco, UnidadeMedida, DataColeta, PostoCNPJ, CombustivelID) VALUES (6.040, 'R$ / litro', '2023-01-30', '04165053000113', (SELECT ID_Combustivel FROM COMBUSTIVEL WHERE Nome = 'DIESEL S10'));
INSERT INTO PRECO_COLETADO (Preco, UnidadeMedida, DataColeta, PostoCNPJ, CombustivelID) VALUES (6.040, 'R$ / litro', '2023-02-06', '04165053000113', (SELECT ID_Combustivel FROM COMBUSTIVEL WHERE Nome = 'DIESEL S10'));
INSERT INTO PRECO_COLETADO (Preco, UnidadeMedida, DataColeta, PostoCNPJ, CombustivelID) VALUES (5.950, 'R$ / litro', '2023-02-13', '04165053000113', (SELECT ID_Combustivel FROM COMBUSTIVEL WHERE Nome = 'DIESEL S10'));
INSERT INTO PRECO_COLETADO (Preco, UnidadeMedida, DataColeta, PostoCNPJ, CombustivelID) VALUES (5.790, 'R$ / litro', '2023-02-20', '04165053000113', (SELECT ID_Combustivel FROM COMBUSTIVEL WHERE Nome = 'DIESEL S10'));
INSERT INTO PRECO_COLETADO (Preco, UnidadeMedida, DataColeta, PostoCNPJ, CombustivelID) VALUES (5.790, 'R$ / litro', '2023-02-27', '04165053000113', (SELECT ID_Combustivel FROM COMBUSTIVEL WHERE Nome = 'DIESEL S10'));
INSERT INTO PRECO_COLETADO (Preco, UnidadeMedida, DataColeta, PostoCNPJ, CombustivelID) VALUES (5.790, 'R$ / litro', '2023-03-06', '04165053000113', (SELECT ID_Combustivel FROM COMBUSTIVEL WHERE Nome = 'DIESEL S10'));
INSERT INTO PRECO_COLETADO (Preco, UnidadeMedida, DataColeta, PostoCNPJ, CombustivelID) VALUES (5.690, 'R$ / litro', '2023-03-16', '04165053000113', (SELECT ID_Combustivel FROM COMBUSTIVEL WHERE Nome = 'DIESEL S10'));
INSERT INTO PRECO_COLETADO (Preco, UnidadeMedida, DataColeta, PostoCNPJ, CombustivelID) VALUES (5.690, 'R$ / litro', '2023-03-21', '04165053000113', (SELECT ID_Combustivel FROM COMBUSTIVEL WHERE Nome = 'DIESEL S10'));
INSERT INTO PRECO_COLETADO (Preco, UnidadeMedida, DataColeta, PostoCNPJ, CombustivelID) VALUES (5.590, 'R$ / litro', '2023-03-27', '04165053000113', (SELECT ID_Combustivel FROM COMBUSTIVEL WHERE Nome = 'DIESEL S10'));
INSERT INTO PRECO_COLETADO (Preco, UnidadeMedida, DataColeta, PostoCNPJ, CombustivelID) VALUES (5.590, 'R$ / litro', '2023-04-04', '04165053000113', (SELECT ID_Combustivel FROM COMBUSTIVEL WHERE Nome = 'DIESEL S10'));
INSERT INTO PRECO_COLETADO (Preco, UnidadeMedida, DataColeta, PostoCNPJ, CombustivelID) VALUES (5.590, 'R$ / litro', '2023-04-10', '04165053000113', (SELECT ID_Combustivel FROM COMBUSTIVEL WHERE Nome = 'DIESEL S10'));
INSERT INTO PRECO_COLETADO (Preco, UnidadeMedida, DataColeta, PostoCNPJ, CombustivelID) VALUES (5.590, 'R$ / litro', '2023-04-17', '04165053000113', (SELECT ID_Combustivel FROM COMBUSTIVEL WHERE Nome = 'DIESEL S10'));
INSERT INTO PRECO_COLETADO (Preco, UnidadeMedida, DataColeta, PostoCNPJ, CombustivelID) VALUES (5.590, 'R$ / litro', '2023-04-24', '04165053000113', (SELECT ID_Combustivel FROM COMBUSTIVEL WHERE Nome = 'DIESEL S10'));
INSERT INTO PRECO_COLETADO (Preco, UnidadeMedida, DataColeta, PostoCNPJ, CombustivelID) VALUES (5.590, 'R$ / litro', '2023-05-02', '04165053000113', (SELECT ID_Combustivel FROM COMBUSTIVEL WHERE Nome = 'DIESEL S10'));
INSERT INTO PRECO_COLETADO (Preco, UnidadeMedida, DataColeta, PostoCNPJ, CombustivelID) VALUES (5.590, 'R$ / litro', '2023-05-08', '04165053000113', (SELECT ID_Combustivel FROM COMBUSTIVEL WHERE Nome = 'DIESEL S10'));
INSERT INTO PRECO_COLETADO (Preco, UnidadeMedida, DataColeta, PostoCNPJ, CombustivelID) VALUES (5.490, 'R$ / litro', '2023-05-15', '04165053000113', (SELECT ID_Combustivel FROM COMBUSTIVEL WHERE Nome = 'DIESEL S10'));
INSERT INTO PRECO_COLETADO (Preco, UnidadeMedida, DataColeta, PostoCNPJ, CombustivelID) VALUES (5.290, 'R$ / litro', '2023-05-22', '04165053000113', (SELECT ID_Combustivel FROM COMBUSTIVEL WHERE Nome = 'DIESEL S10'));
INSERT INTO PRECO_COLETADO (Preco, UnidadeMedida, DataColeta, PostoCNPJ, CombustivelID) VALUES (5.170, 'R$ / litro', '2023-05-29', '04165053000113', (SELECT ID_Combustivel FROM COMBUSTIVEL WHERE Nome = 'DIESEL S10'));
INSERT INTO PRECO_COLETADO (Preco, UnidadeMedida, DataColeta, PostoCNPJ, CombustivelID) VALUES (5.090, 'R$ / litro', '2023-06-13', '04165053000113', (SELECT ID_Combustivel FROM COMBUSTIVEL WHERE Nome = 'DIESEL S10'));
INSERT INTO PRECO_COLETADO (Preco, UnidadeMedida, DataColeta, PostoCNPJ, CombustivelID) VALUES (5.090, 'R$ / litro', '2023-06-20', '04165053000113', (SELECT ID_Combustivel FROM COMBUSTIVEL WHERE Nome = 'DIESEL S10'));
INSERT INTO PRECO_COLETADO (Preco, UnidadeMedida, DataColeta, PostoCNPJ, CombustivelID) VALUES (5.090, 'R$ / litro', '2023-06-27', '04165053000113', (SELECT ID_Combustivel FROM COMBUSTIVEL WHERE Nome = 'DIESEL S10'));
INSERT INTO PRECO_COLETADO (Preco, UnidadeMedida, DataColeta, PostoCNPJ, CombustivelID) VALUES (5.090, 'R$ / litro', '2023-07-04', '04165053000113', (SELECT ID_Combustivel FROM COMBUSTIVEL WHERE Nome = 'DIESEL S10'));
INSERT INTO PRECO_COLETADO (Preco, UnidadeMedida, DataColeta, PostoCNPJ, CombustivelID) VALUES (5.090, 'R$ / litro', '2023-07-10', '04165053000113', (SELECT ID_Combustivel FROM COMBUSTIVEL WHERE Nome = 'DIESEL S10'));
INSERT INTO PRECO_COLETADO (Preco, UnidadeMedida, DataColeta, PostoCNPJ, CombustivelID) VALUES (4.990, 'R$ / litro', '2023-07-17', '04165053000113', (SELECT ID_Combustivel FROM COMBUSTIVEL WHERE Nome = 'DIESEL S10'));
INSERT INTO PRECO_COLETADO (Preco, UnidadeMedida, DataColeta, PostoCNPJ, CombustivelID) VALUES (4.990, 'R$ / litro', '2023-07-24', '04165053000113', (SELECT ID_Combustivel FROM COMBUSTIVEL WHERE Nome = 'DIESEL S10'));
INSERT INTO PRECO_COLETADO (Preco, UnidadeMedida, DataColeta, PostoCNPJ, CombustivelID) VALUES (4.890, 'R$ / litro', '2023-07-31', '04165053000113', (SELECT ID_Combustivel FROM COMBUSTIVEL WHERE Nome = 'DIESEL S10'));
INSERT INTO PRECO_COLETADO (Preco, UnidadeMedida, DataColeta, PostoCNPJ, CombustivelID) VALUES (4.990, 'R$ / litro', '2023-08-07', '04165053000113', (SELECT ID_Combustivel FROM COMBUSTIVEL WHERE Nome = 'DIESEL S10'));
INSERT INTO PRECO_COLETADO (Preco, UnidadeMedida, DataColeta, PostoCNPJ, CombustivelID) VALUES (4.990, 'R$ / litro', '2023-08-15', '04165053000113', (SELECT ID_Combustivel FROM COMBUSTIVEL WHERE Nome = 'DIESEL S10'));
INSERT INTO PRECO_COLETADO (Preco, UnidadeMedida, DataColeta, PostoCNPJ, CombustivelID) VALUES (5.990, 'R$ / litro', '2023-08-21', '04165053000113', (SELECT ID_Combustivel FROM COMBUSTIVEL WHERE Nome = 'DIESEL S10'));
INSERT INTO PRECO_COLETADO (Preco, UnidadeMedida, DataColeta, PostoCNPJ, CombustivelID) VALUES (5.990, 'R$ / litro', '2023-08-30', '04165053000113', (SELECT ID_Combustivel FROM COMBUSTIVEL WHERE Nome = 'DIESEL S10'));
INSERT INTO PRECO_COLETADO (Preco, UnidadeMedida, DataColeta, PostoCNPJ, CombustivelID) VALUES (5.990, 'R$ / litro', '2023-09-07', '04165053000113', (SELECT ID_Combustivel FROM COMBUSTIVEL WHERE Nome = 'DIESEL S10'));
INSERT INTO PRECO_COLETADO (Preco, UnidadeMedida, DataColeta, PostoCNPJ, CombustivelID) VALUES (5.990, 'R$ / litro', '2023-09-12', '04165053000113', (SELECT ID_Combustivel FROM COMBUSTIVEL WHERE Nome = 'DIESEL S10'));
INSERT INTO PRECO_COLETADO (Preco, UnidadeMedida, DataColeta, PostoCNPJ, CombustivelID) VALUES (6.090, 'R$ / litro', '2023-09-19', '04165053000113', (SELECT ID_Combustivel FROM COMBUSTIVEL WHERE Nome = 'DIESEL S10'));
INSERT INTO PRECO_COLETADO (Preco, UnidadeMedida, DataColeta, PostoCNPJ, CombustivelID) VALUES (6.090, 'R$ / litro', '2023-09-26', '04165053000113', (SELECT ID_Combustivel FROM COMBUSTIVEL WHERE Nome = 'DIESEL S10'));
INSERT INTO PRECO_COLETADO (Preco, UnidadeMedida, DataColeta, PostoCNPJ, CombustivelID) VALUES (6.090, 'R$ / litro', '2023-10-03', '04165053000113', (SELECT ID_Combustivel FROM COMBUSTIVEL WHERE Nome = 'DIESEL S10'));
INSERT INTO PRECO_COLETADO (Preco, UnidadeMedida, DataColeta, PostoCNPJ, CombustivelID) VALUES (6.090, 'R$ / litro', '2023-10-10', '04165053000113', (SELECT ID_Combustivel FROM COMBUSTIVEL WHERE Nome = 'DIESEL S10'));
INSERT INTO PRECO_COLETADO (Preco, UnidadeMedida, DataColeta, PostoCNPJ, CombustivelID) VALUES (6.090, 'R$ / litro', '2023-10-16', '04165053000113', (SELECT ID_Combustivel FROM COMBUSTIVEL WHERE Nome = 'DIESEL S10'));
INSERT INTO PRECO_COLETADO (Preco, UnidadeMedida, DataColeta, PostoCNPJ, CombustivelID) VALUES (6.090, 'R$ / litro', '2023-10-24', '04165053000113', (SELECT ID_Combustivel FROM COMBUSTIVEL WHERE Nome = 'DIESEL S10'));
INSERT INTO PRECO_COLETADO (Preco, UnidadeMedida, DataColeta, PostoCNPJ, CombustivelID) VALUES (6.290, 'R$ / litro', '2023-10-31', '04165053000113', (SELECT ID_Combustivel FROM COMBUSTIVEL WHERE Nome = 'DIESEL S10'));
INSERT INTO PRECO_COLETADO (Preco, UnidadeMedida, DataColeta, PostoCNPJ, CombustivelID) VALUES (6.290, 'R$ / litro', '2023-11-07', '04165053000113', (SELECT ID_Combustivel FROM COMBUSTIVEL WHERE Nome = 'DIESEL S10'));
INSERT INTO PRECO_COLETADO (Preco, UnidadeMedida, DataColeta, PostoCNPJ, CombustivelID) VALUES (6.290, 'R$ / litro', '2023-11-14', '04165053000113', (SELECT ID_Combustivel FROM COMBUSTIVEL WHERE Nome = 'DIESEL S10'));
INSERT INTO PRECO_COLETADO (Preco, UnidadeMedida, DataColeta, PostoCNPJ, CombustivelID) VALUES (6.290, 'R$ / litro', '2023-11-21', '04165053000113', (SELECT ID_Combustivel FROM COMBUSTIVEL WHERE Nome = 'DIESEL S10'));
INSERT INTO PRECO_COLETADO (Preco, UnidadeMedida, DataColeta, PostoCNPJ, CombustivelID) VALUES (6.290, 'R$ / litro', '2023-11-28', '04165053000113', (SELECT ID_Combustivel FROM COMBUSTIVEL WHERE Nome = 'DIESEL S10'));
INSERT INTO PRECO_COLETADO (Preco, UnidadeMedida, DataColeta, PostoCNPJ, CombustivelID) VALUES (6.290, 'R$ / litro', '2023-12-06', '04165053000113', (SELECT ID_Combustivel FROM COMBUSTIVEL WHERE Nome = 'DIESEL S10'));
INSERT INTO PRECO_COLETADO (Preco, UnidadeMedida, DataColeta, PostoCNPJ, CombustivelID) VALUES (6.290, 'R$ / litro', '2023-12-13', '04165053000113', (SELECT ID_Combustivel FROM COMBUSTIVEL WHERE Nome = 'DIESEL S10'));
INSERT INTO PRECO_COLETADO (Preco, UnidadeMedida, DataColeta, PostoCNPJ, CombustivelID) VALUES (6.290, 'R$ / litro', '2023-12-18', '04165053000113', (SELECT ID_Combustivel FROM COMBUSTIVEL WHERE Nome = 'DIESEL S10'));
INSERT INTO PRECO_COLETADO (Preco, UnidadeMedida, DataColeta, PostoCNPJ, CombustivelID) VALUES (6.290, 'R$ / litro', '2023-12-26', '04165053000113', (SELECT ID_Combustivel FROM COMBUSTIVEL WHERE Nome = 'DIESEL S10'));
INSERT INTO PRECO_COLETADO (Preco, UnidadeMedida, DataColeta, PostoCNPJ, CombustivelID) VALUES (6.290, 'R$ / litro', '2024-01-03', '04165053000113', (SELECT ID_Combustivel FROM COMBUSTIVEL WHERE Nome = 'DIESEL S10'));
INSERT INTO PRECO_COLETADO (Preco, UnidadeMedida, DataColeta, PostoCNPJ, CombustivelID) VALUES (6.290, 'R$ / litro', '2024-01-08', '04165053000113', (SELECT ID_Combustivel FROM COMBUSTIVEL WHERE Nome = 'DIESEL S10'));
INSERT INTO PRECO_COLETADO (Preco, UnidadeMedida, DataColeta, PostoCNPJ, CombustivelID) VALUES (6.290, 'R$ / litro', '2024-01-15', '04165053000113', (SELECT ID_Combustivel FROM COMBUSTIVEL WHERE Nome = 'DIESEL S10'));
INSERT INTO PRECO_COLETADO (Preco, UnidadeMedida, DataColeta, PostoCNPJ, CombustivelID) VALUES (6.290, 'R$ / litro', '2024-01-22', '04165053000113', (SELECT ID_Combustivel FROM COMBUSTIVEL WHERE Nome = 'DIESEL S10'));
INSERT INTO PRECO_COLETADO (Preco, UnidadeMedida, DataColeta, PostoCNPJ, CombustivelID) VALUES (6.090, 'R$ / litro', '2024-01-29', '04165053000113', (SELECT ID_Combustivel FROM COMBUSTIVEL WHERE Nome = 'DIESEL S10'));
INSERT INTO PRECO_COLETADO (Preco, UnidadeMedida, DataColeta, PostoCNPJ, CombustivelID) VALUES (6.090, 'R$ / litro', '2024-02-05', '04165053000113', (SELECT ID_Combustivel FROM COMBUSTIVEL WHERE Nome = 'DIESEL S10'));
INSERT INTO PRECO_COLETADO (Preco, UnidadeMedida, DataColeta, PostoCNPJ, CombustivelID) VALUES (6.090, 'R$ / litro', '2024-02-12', '04165053000113', (SELECT ID_Combustivel FROM COMBUSTIVEL WHERE Nome = 'DIESEL S10'));
INSERT INTO PRECO_COLETADO (Preco, UnidadeMedida, DataColeta, PostoCNPJ, CombustivelID) VALUES (6.090, 'R$ / litro', '2024-02-19', '04165053000113', (SELECT ID_Combustivel FROM COMBUSTIVEL WHERE Nome = 'DIESEL S10'));
INSERT INTO PRECO_COLETADO (Preco, UnidadeMedida, DataColeta, PostoCNPJ, CombustivelID) VALUES (6.090, 'R$ / litro', '2024-02-26', '04165053000113', (SELECT ID_Combustivel FROM COMBUSTIVEL WHERE Nome = 'DIESEL S10'));
INSERT INTO PRECO_COLETADO (Preco, UnidadeMedida, DataColeta, PostoCNPJ, CombustivelID) VALUES (6.090, 'R$ / litro', '2024-03-04', '04165053000113', (SELECT ID_Combustivel FROM COMBUSTIVEL WHERE Nome = 'DIESEL S10'));
INSERT INTO PRECO_COLETADO (Preco, UnidadeMedida, DataColeta, PostoCNPJ, CombustivelID) VALUES (6.090, 'R$ / litro', '2024-03-11', '04165053000113', (SELECT ID_Combustivel FROM COMBUSTIVEL WHERE Nome = 'DIESEL S10'));
INSERT INTO PRECO_COLETADO (Preco, UnidadeMedida, DataColeta, PostoCNPJ, CombustivelID) VALUES (6.090, 'R$ / litro', '2024-03-18', '04165053000113', (SELECT ID_Combustivel FROM COMBUSTIVEL WHERE Nome = 'DIESEL S10'));
INSERT INTO PRECO_COLETADO (Preco, UnidadeMedida, DataColeta, PostoCNPJ, CombustivelID) VALUES (6.090, 'R$ / litro', '2024-03-28', '04165053000113', (SELECT ID_Combustivel FROM COMBUSTIVEL WHERE Nome = 'DIESEL S10'));
INSERT INTO PRECO_COLETADO (Preco, UnidadeMedida, DataColeta, PostoCNPJ, CombustivelID) VALUES (6.090, 'R$ / litro', '2024-04-01', '04165053000113', (SELECT ID_Combustivel FROM COMBUSTIVEL WHERE Nome = 'DIESEL S10'));
INSERT INTO PRECO_COLETADO (Preco, UnidadeMedida, DataColeta, PostoCNPJ, CombustivelID) VALUES (6.090, 'R$ / litro', '2024-04-08', '04165053000113', (SELECT ID_Combustivel FROM COMBUSTIVEL WHERE Nome = 'DIESEL S10'));
INSERT INTO PRECO_COLETADO (Preco, UnidadeMedida, DataColeta, PostoCNPJ, CombustivelID) VALUES (6.090, 'R$ / litro', '2024-04-15', '04165053000113', (SELECT ID_Combustivel FROM COMBUSTIVEL WHERE Nome = 'DIESEL S10'));
INSERT INTO PRECO_COLETADO (Preco, UnidadeMedida, DataColeta, PostoCNPJ, CombustivelID) VALUES (6.090, 'R$ / litro', '2024-04-22', '04165053000113', (SELECT ID_Combustivel FROM COMBUSTIVEL WHERE Nome = 'DIESEL S10'));
INSERT INTO PRECO_COLETADO (Preco, UnidadeMedida, DataColeta, PostoCNPJ, CombustivelID) VALUES (5.990, 'R$ / litro', '2024-04-29', '04165053000113', (SELECT ID_Combustivel FROM COMBUSTIVEL WHERE Nome = 'DIESEL S10'));
INSERT INTO PRECO_COLETADO (Preco, UnidadeMedida, DataColeta, PostoCNPJ, CombustivelID) VALUES (5.990, 'R$ / litro', '2024-05-06', '04165053000113', (SELECT ID_Combustivel FROM COMBUSTIVEL WHERE Nome = 'DIESEL S10'));
INSERT INTO PRECO_COLETADO (Preco, UnidadeMedida, DataColeta, PostoCNPJ, CombustivelID) VALUES (5.990, 'R$ / litro', '2024-05-14', '04165053000113', (SELECT ID_Combustivel FROM COMBUSTIVEL WHERE Nome = 'DIESEL S10'));
INSERT INTO PRECO_COLETADO (Preco, UnidadeMedida, DataColeta, PostoCNPJ, CombustivelID) VALUES (5.990, 'R$ / litro', '2024-05-20', '04165053000113', (SELECT ID_Combustivel FROM COMBUSTIVEL WHERE Nome = 'DIESEL S10'));
INSERT INTO PRECO_COLETADO (Preco, UnidadeMedida, DataColeta, PostoCNPJ, CombustivelID) VALUES (5.990, 'R$ / litro', '2024-05-27', '04165053000113', (SELECT ID_Combustivel FROM COMBUSTIVEL WHERE Nome = 'DIESEL S10'));
INSERT INTO PRECO_COLETADO (Preco, UnidadeMedida, DataColeta, PostoCNPJ, CombustivelID) VALUES (5.990, 'R$ / litro', '2024-06-04', '04165053000113', (SELECT ID_Combustivel FROM COMBUSTIVEL WHERE Nome = 'DIESEL S10'));
INSERT INTO PRECO_COLETADO (Preco, UnidadeMedida, DataColeta, PostoCNPJ, CombustivelID) VALUES (5.990, 'R$ / litro', '2024-06-17', '04165053000113', (SELECT ID_Combustivel FROM COMBUSTIVEL WHERE Nome = 'DIESEL S10'));
INSERT INTO PRECO_COLETADO (Preco, UnidadeMedida, DataColeta, PostoCNPJ, CombustivelID) VALUES (5.990, 'R$ / litro', '2024-06-24', '04165053000113', (SELECT ID_Combustivel FROM COMBUSTIVEL WHERE Nome = 'DIESEL S10'));
INSERT INTO PRECO_COLETADO (Preco, UnidadeMedida, DataColeta, PostoCNPJ, CombustivelID) VALUES (5.990, 'R$ / litro', '2024-07-01', '04165053000113', (SELECT ID_Combustivel FROM COMBUSTIVEL WHERE Nome = 'DIESEL S10'));
INSERT INTO PRECO_COLETADO (Preco, UnidadeMedida, DataColeta, PostoCNPJ, CombustivelID) VALUES (5.990, 'R$ / litro', '2024-07-09', '04165053000113', (SELECT ID_Combustivel FROM COMBUSTIVEL WHERE Nome = 'DIESEL S10'));
INSERT INTO PRECO_COLETADO (Preco, UnidadeMedida, DataColeta, PostoCNPJ, CombustivelID) VALUES (5.990, 'R$ / litro', '2024-07-16', '04165053000113', (SELECT ID_Combustivel FROM COMBUSTIVEL WHERE Nome = 'DIESEL S10'));
INSERT INTO PRECO_COLETADO (Preco, UnidadeMedida, DataColeta, PostoCNPJ, CombustivelID) VALUES (5.990, 'R$ / litro', '2024-07-22', '04165053000113', (SELECT ID_Combustivel FROM COMBUSTIVEL WHERE Nome = 'DIESEL S10'));
INSERT INTO PRECO_COLETADO (Preco, UnidadeMedida, DataColeta, PostoCNPJ, CombustivelID) VALUES (5.990, 'R$ / litro', '2024-08-20', '04165053000113', (SELECT ID_Combustivel FROM COMBUSTIVEL WHERE Nome = 'DIESEL S10'));
INSERT INTO PRECO_COLETADO (Preco, UnidadeMedida, DataColeta, PostoCNPJ, CombustivelID) VALUES (5.990, 'R$ / litro', '2024-08-27', '04165053000113', (SELECT ID_Combustivel FROM COMBUSTIVEL WHERE Nome = 'DIESEL S10'));
INSERT INTO PRECO_COLETADO (Preco, UnidadeMedida, DataColeta, PostoCNPJ, CombustivelID) VALUES (5.990, 'R$ / litro', '2024-09-02', '04165053000113', (SELECT ID_Combustivel FROM COMBUSTIVEL WHERE Nome = 'DIESEL S10'));
INSERT INTO PRECO_COLETADO (Preco, UnidadeMedida, DataColeta, PostoCNPJ, CombustivelID) VALUES (6.360, 'R$ / litro', '2022-10-24', '04165053000113', (SELECT ID_Combustivel FROM COMBUSTIVEL WHERE Nome = 'DIESEL S500'));
INSERT INTO PRECO_COLETADO (Preco, UnidadeMedida, DataColeta, PostoCNPJ, CombustivelID) VALUES (6.360, 'R$ / litro', '2022-10-31', '04165053000113', (SELECT ID_Combustivel FROM COMBUSTIVEL WHERE Nome = 'DIESEL S500'));
INSERT INTO PRECO_COLETADO (Preco, UnidadeMedida, DataColeta, PostoCNPJ, CombustivelID) VALUES (6.360, 'R$ / litro', '2022-11-14', '04165053000113', (SELECT ID_Combustivel FROM COMBUSTIVEL WHERE Nome = 'DIESEL S500'));
INSERT INTO PRECO_COLETADO (Preco, UnidadeMedida, DataColeta, PostoCNPJ, CombustivelID) VALUES (6.360, 'R$ / litro', '2022-11-22', '04165053000113', (SELECT ID_Combustivel FROM COMBUSTIVEL WHERE Nome = 'DIESEL S500'));
INSERT INTO PRECO_COLETADO (Preco, UnidadeMedida, DataColeta, PostoCNPJ, CombustivelID) VALUES (6.360, 'R$ / litro', '2022-12-05', '04165053000113', (SELECT ID_Combustivel FROM COMBUSTIVEL WHERE Nome = 'DIESEL S500'));
INSERT INTO PRECO_COLETADO (Preco, UnidadeMedida, DataColeta, PostoCNPJ, CombustivelID) VALUES (6.360, 'R$ / litro', '2022-12-12', '04165053000113', (SELECT ID_Combustivel FROM COMBUSTIVEL WHERE Nome = 'DIESEL S500'));
INSERT INTO PRECO_COLETADO (Preco, UnidadeMedida, DataColeta, PostoCNPJ, CombustivelID) VALUES (6.060, 'R$ / litro', '2022-12-22', '04165053000113', (SELECT ID_Combustivel FROM COMBUSTIVEL WHERE Nome = 'DIESEL S500'));
INSERT INTO PRECO_COLETADO (Preco, UnidadeMedida, DataColeta, PostoCNPJ, CombustivelID) VALUES (6.060, 'R$ / litro', '2022-12-26', '04165053000113', (SELECT ID_Combustivel FROM COMBUSTIVEL WHERE Nome = 'DIESEL S500'));
INSERT INTO PRECO_COLETADO (Preco, UnidadeMedida, DataColeta, PostoCNPJ, CombustivelID) VALUES (5.990, 'R$ / litro', '2023-01-02', '04165053000113', (SELECT ID_Combustivel FROM COMBUSTIVEL WHERE Nome = 'DIESEL S500'));
INSERT INTO PRECO_COLETADO (Preco, UnidadeMedida, DataColeta, PostoCNPJ, CombustivelID) VALUES (5.990, 'R$ / litro', '2023-01-09', '04165053000113', (SELECT ID_Combustivel FROM COMBUSTIVEL WHERE Nome = 'DIESEL S500'));
INSERT INTO PRECO_COLETADO (Preco, UnidadeMedida, DataColeta, PostoCNPJ, CombustivelID) VALUES (5.990, 'R$ / litro', '2023-01-16', '04165053000113', (SELECT ID_Combustivel FROM COMBUSTIVEL WHERE Nome = 'DIESEL S500'));
INSERT INTO PRECO_COLETADO (Preco, UnidadeMedida, DataColeta, PostoCNPJ, CombustivelID) VALUES (5.950, 'R$ / litro', '2023-01-23', '04165053000113', (SELECT ID_Combustivel FROM COMBUSTIVEL WHERE Nome = 'DIESEL S500'));
INSERT INTO PRECO_COLETADO (Preco, UnidadeMedida, DataColeta, PostoCNPJ, CombustivelID) VALUES (5.950, 'R$ / litro', '2023-01-30', '04165053000113', (SELECT ID_Combustivel FROM COMBUSTIVEL WHERE Nome = 'DIESEL S500'));
INSERT INTO PRECO_COLETADO (Preco, UnidadeMedida, DataColeta, PostoCNPJ, CombustivelID) VALUES (5.950, 'R$ / litro', '2023-02-06', '04165053000113', (SELECT ID_Combustivel FROM COMBUSTIVEL WHERE Nome = 'DIESEL S500'));
INSERT INTO PRECO_COLETADO (Preco, UnidadeMedida, DataColeta, PostoCNPJ, CombustivelID) VALUES (5.850, 'R$ / litro', '2023-02-13', '04165053000113', (SELECT ID_Combustivel FROM COMBUSTIVEL WHERE Nome = 'DIESEL S500'));
INSERT INTO PRECO_COLETADO (Preco, UnidadeMedida, DataColeta, PostoCNPJ, CombustivelID) VALUES (5.690, 'R$ / litro', '2023-02-20', '04165053000113', (SELECT ID_Combustivel FROM COMBUSTIVEL WHERE Nome = 'DIESEL S500'));
INSERT INTO PRECO_COLETADO (Preco, UnidadeMedida, DataColeta, PostoCNPJ, CombustivelID) VALUES (5.690, 'R$ / litro', '2023-02-27', '04165053000113', (SELECT ID_Combustivel FROM COMBUSTIVEL WHERE Nome = 'DIESEL S500'));
INSERT INTO PRECO_COLETADO (Preco, UnidadeMedida, DataColeta, PostoCNPJ, CombustivelID) VALUES (5.690, 'R$ / litro', '2023-03-06', '04165053000113', (SELECT ID_Combustivel FROM COMBUSTIVEL WHERE Nome = 'DIESEL S500'));
INSERT INTO PRECO_COLETADO (Preco, UnidadeMedida, DataColeta, PostoCNPJ, CombustivelID) VALUES (5.590, 'R$ / litro', '2023-03-16', '04165053000113', (SELECT ID_Combustivel FROM COMBUSTIVEL WHERE Nome = 'DIESEL S500'));
INSERT INTO PRECO_COLETADO (Preco, UnidadeMedida, DataColeta, PostoCNPJ, CombustivelID) VALUES (5.590, 'R$ / litro', '2023-03-21', '04165053000113', (SELECT ID_Combustivel FROM COMBUSTIVEL WHERE Nome = 'DIESEL S500'));
INSERT INTO PRECO_COLETADO (Preco, UnidadeMedida, DataColeta, PostoCNPJ, CombustivelID) VALUES (5.490, 'R$ / litro', '2023-03-27', '04165053000113', (SELECT ID_Combustivel FROM COMBUSTIVEL WHERE Nome = 'DIESEL S500'));
INSERT INTO PRECO_COLETADO (Preco, UnidadeMedida, DataColeta, PostoCNPJ, CombustivelID) VALUES (5.490, 'R$ / litro', '2023-04-04', '04165053000113', (SELECT ID_Combustivel FROM COMBUSTIVEL WHERE Nome = 'DIESEL S500'));
INSERT INTO PRECO_COLETADO (Preco, UnidadeMedida, DataColeta, PostoCNPJ, CombustivelID) VALUES (5.490, 'R$ / litro', '2023-04-10', '04165053000113', (SELECT ID_Combustivel FROM COMBUSTIVEL WHERE Nome = 'DIESEL S500'));
INSERT INTO PRECO_COLETADO (Preco, UnidadeMedida, DataColeta, PostoCNPJ, CombustivelID) VALUES (5.490, 'R$ / litro', '2023-04-17', '04165053000113', (SELECT ID_Combustivel FROM COMBUSTIVEL WHERE Nome = 'DIESEL S500'));
INSERT INTO PRECO_COLETADO (Preco, UnidadeMedida, DataColeta, PostoCNPJ, CombustivelID) VALUES (5.390, 'R$ / litro', '2023-04-24', '04165053000113', (SELECT ID_Combustivel FROM COMBUSTIVEL WHERE Nome = 'DIESEL S500'));
INSERT INTO PRECO_COLETADO (Preco, UnidadeMedida, DataColeta, PostoCNPJ, CombustivelID) VALUES (5.390, 'R$ / litro', '2023-05-02', '04165053000113', (SELECT ID_Combustivel FROM COMBUSTIVEL WHERE Nome = 'DIESEL S500'));
INSERT INTO PRECO_COLETADO (Preco, UnidadeMedida, DataColeta, PostoCNPJ, CombustivelID) VALUES (5.390, 'R$ / litro', '2023-05-08', '04165053000113', (SELECT ID_Combustivel FROM COMBUSTIVEL WHERE Nome = 'DIESEL S500'));
INSERT INTO PRECO_COLETADO (Preco, UnidadeMedida, DataColeta, PostoCNPJ, CombustivelID) VALUES (5.390, 'R$ / litro', '2023-05-15', '04165053000113', (SELECT ID_Combustivel FROM COMBUSTIVEL WHERE Nome = 'DIESEL S500'));
INSERT INTO PRECO_COLETADO (Preco, UnidadeMedida, DataColeta, PostoCNPJ, CombustivelID) VALUES (5.190, 'R$ / litro', '2023-05-22', '04165053000113', (SELECT ID_Combustivel FROM COMBUSTIVEL WHERE Nome = 'DIESEL S500'));
INSERT INTO PRECO_COLETADO (Preco, UnidadeMedida, DataColeta, PostoCNPJ, CombustivelID) VALUES (5.070, 'R$ / litro', '2023-05-29', '04165053000113', (SELECT ID_Combustivel FROM COMBUSTIVEL WHERE Nome = 'DIESEL S500'));
INSERT INTO PRECO_COLETADO (Preco, UnidadeMedida, DataColeta, PostoCNPJ, CombustivelID) VALUES (5.070, 'R$ / litro', '2023-06-05', '04165053000113', (SELECT ID_Combustivel FROM COMBUSTIVEL WHERE Nome = 'DIESEL S500'));
INSERT INTO PRECO_COLETADO (Preco, UnidadeMedida, DataColeta, PostoCNPJ, CombustivelID) VALUES (4.990, 'R$ / litro', '2023-06-13', '04165053000113', (SELECT ID_Combustivel FROM COMBUSTIVEL WHERE Nome = 'DIESEL S500'));
INSERT INTO PRECO_COLETADO (Preco, UnidadeMedida, DataColeta, PostoCNPJ, CombustivelID) VALUES (4.990, 'R$ / litro', '2023-06-20', '04165053000113', (SELECT ID_Combustivel FROM COMBUSTIVEL WHERE Nome = 'DIESEL S500'));
INSERT INTO PRECO_COLETADO (Preco, UnidadeMedida, DataColeta, PostoCNPJ, CombustivelID) VALUES (4.990, 'R$ / litro', '2023-06-27', '04165053000113', (SELECT ID_Combustivel FROM COMBUSTIVEL WHERE Nome = 'DIESEL S500'));
INSERT INTO PRECO_COLETADO (Preco, UnidadeMedida, DataColeta, PostoCNPJ, CombustivelID) VALUES (4.990, 'R$ / litro', '2023-07-04', '04165053000113', (SELECT ID_Combustivel FROM COMBUSTIVEL WHERE Nome = 'DIESEL S500'));
INSERT INTO PRECO_COLETADO (Preco, UnidadeMedida, DataColeta, PostoCNPJ, CombustivelID) VALUES (4.990, 'R$ / litro', '2023-07-10', '04165053000113', (SELECT ID_Combustivel FROM COMBUSTIVEL WHERE Nome = 'DIESEL S500'));
INSERT INTO PRECO_COLETADO (Preco, UnidadeMedida, DataColeta, PostoCNPJ, CombustivelID) VALUES (4.890, 'R$ / litro', '2023-07-17', '04165053000113', (SELECT ID_Combustivel FROM COMBUSTIVEL WHERE Nome = 'DIESEL S500'));
INSERT INTO PRECO_COLETADO (Preco, UnidadeMedida, DataColeta, PostoCNPJ, CombustivelID) VALUES (4.890, 'R$ / litro', '2023-07-24', '04165053000113', (SELECT ID_Combustivel FROM COMBUSTIVEL WHERE Nome = 'DIESEL S500'));
INSERT INTO PRECO_COLETADO (Preco, UnidadeMedida, DataColeta, PostoCNPJ, CombustivelID) VALUES (4.890, 'R$ / litro', '2023-07-31', '04165053000113', (SELECT ID_Combustivel FROM COMBUSTIVEL WHERE Nome = 'DIESEL S500'));
INSERT INTO PRECO_COLETADO (Preco, UnidadeMedida, DataColeta, PostoCNPJ, CombustivelID) VALUES (4.890, 'R$ / litro', '2023-08-07', '04165053000113', (SELECT ID_Combustivel FROM COMBUSTIVEL WHERE Nome = 'DIESEL S500'));
INSERT INTO PRECO_COLETADO (Preco, UnidadeMedida, DataColeta, PostoCNPJ, CombustivelID) VALUES (4.890, 'R$ / litro', '2023-08-15', '04165053000113', (SELECT ID_Combustivel FROM COMBUSTIVEL WHERE Nome = 'DIESEL S500'));
INSERT INTO PRECO_COLETADO (Preco, UnidadeMedida, DataColeta, PostoCNPJ, CombustivelID) VALUES (5.890, 'R$ / litro', '2023-08-21', '04165053000113', (SELECT ID_Combustivel FROM COMBUSTIVEL WHERE Nome = 'DIESEL S500'));
INSERT INTO PRECO_COLETADO (Preco, UnidadeMedida, DataColeta, PostoCNPJ, CombustivelID) VALUES (5.890, 'R$ / litro', '2023-08-30', '04165053000113', (SELECT ID_Combustivel FROM COMBUSTIVEL WHERE Nome = 'DIESEL S500'));
INSERT INTO PRECO_COLETADO (Preco, UnidadeMedida, DataColeta, PostoCNPJ, CombustivelID) VALUES (5.890, 'R$ / litro', '2023-09-07', '04165053000113', (SELECT ID_Combustivel FROM COMBUSTIVEL WHERE Nome = 'DIESEL S500'));
INSERT INTO PRECO_COLETADO (Preco, UnidadeMedida, DataColeta, PostoCNPJ, CombustivelID) VALUES (5.890, 'R$ / litro', '2023-09-12', '04165053000113', (SELECT ID_Combustivel FROM COMBUSTIVEL WHERE Nome = 'DIESEL S500'));
INSERT INTO PRECO_COLETADO (Preco, UnidadeMedida, DataColeta, PostoCNPJ, CombustivelID) VALUES (5.990, 'R$ / litro', '2023-09-19', '04165053000113', (SELECT ID_Combustivel FROM COMBUSTIVEL WHERE Nome = 'DIESEL S500'));
INSERT INTO PRECO_COLETADO (Preco, UnidadeMedida, DataColeta, PostoCNPJ, CombustivelID) VALUES (5.990, 'R$ / litro', '2023-09-26', '04165053000113', (SELECT ID_Combustivel FROM COMBUSTIVEL WHERE Nome = 'DIESEL S500'));
INSERT INTO PRECO_COLETADO (Preco, UnidadeMedida, DataColeta, PostoCNPJ, CombustivelID) VALUES (5.990, 'R$ / litro', '2023-10-03', '04165053000113', (SELECT ID_Combustivel FROM COMBUSTIVEL WHERE Nome = 'DIESEL S500'));
INSERT INTO PRECO_COLETADO (Preco, UnidadeMedida, DataColeta, PostoCNPJ, CombustivelID) VALUES (5.990, 'R$ / litro', '2023-10-10', '04165053000113', (SELECT ID_Combustivel FROM COMBUSTIVEL WHERE Nome = 'DIESEL S500'));
INSERT INTO PRECO_COLETADO (Preco, UnidadeMedida, DataColeta, PostoCNPJ, CombustivelID) VALUES (5.990, 'R$ / litro', '2023-10-16', '04165053000113', (SELECT ID_Combustivel FROM COMBUSTIVEL WHERE Nome = 'DIESEL S500'));
INSERT INTO PRECO_COLETADO (Preco, UnidadeMedida, DataColeta, PostoCNPJ, CombustivelID) VALUES (5.990, 'R$ / litro', '2023-10-24', '04165053000113', (SELECT ID_Combustivel FROM COMBUSTIVEL WHERE Nome = 'DIESEL S500'));
INSERT INTO PRECO_COLETADO (Preco, UnidadeMedida, DataColeta, PostoCNPJ, CombustivelID) VALUES (6.190, 'R$ / litro', '2023-10-31', '04165053000113', (SELECT ID_Combustivel FROM COMBUSTIVEL WHERE Nome = 'DIESEL S500'));
INSERT INTO PRECO_COLETADO (Preco, UnidadeMedida, DataColeta, PostoCNPJ, CombustivelID) VALUES (6.190, 'R$ / litro', '2023-11-07', '04165053000113', (SELECT ID_Combustivel FROM COMBUSTIVEL WHERE Nome = 'DIESEL S500'));
INSERT INTO PRECO_COLETADO (Preco, UnidadeMedida, DataColeta, PostoCNPJ, CombustivelID) VALUES (6.190, 'R$ / litro', '2023-11-14', '04165053000113', (SELECT ID_Combustivel FROM COMBUSTIVEL WHERE Nome = 'DIESEL S500'));
INSERT INTO PRECO_COLETADO (Preco, UnidadeMedida, DataColeta, PostoCNPJ, CombustivelID) VALUES (6.190, 'R$ / litro', '2023-11-21', '04165053000113', (SELECT ID_Combustivel FROM COMBUSTIVEL WHERE Nome = 'DIESEL S500'));
INSERT INTO PRECO_COLETADO (Preco, UnidadeMedida, DataColeta, PostoCNPJ, CombustivelID) VALUES (6.190, 'R$ / litro', '2023-11-28', '04165053000113', (SELECT ID_Combustivel FROM COMBUSTIVEL WHERE Nome = 'DIESEL S500'));
INSERT INTO PRECO_COLETADO (Preco, UnidadeMedida, DataColeta, PostoCNPJ, CombustivelID) VALUES (6.190, 'R$ / litro', '2023-12-06', '04165053000113', (SELECT ID_Combustivel FROM COMBUSTIVEL WHERE Nome = 'DIESEL S500'));
INSERT INTO PRECO_COLETADO (Preco, UnidadeMedida, DataColeta, PostoCNPJ, CombustivelID) VALUES (6.190, 'R$ / litro', '2023-12-13', '04165053000113', (SELECT ID_Combustivel FROM COMBUSTIVEL WHERE Nome = 'DIESEL S500'));
INSERT INTO PRECO_COLETADO (Preco, UnidadeMedida, DataColeta, PostoCNPJ, CombustivelID) VALUES (6.190, 'R$ / litro', '2023-12-18', '04165053000113', (SELECT ID_Combustivel FROM COMBUSTIVEL WHERE Nome = 'DIESEL S500'));
INSERT INTO PRECO_COLETADO (Preco, UnidadeMedida, DataColeta, PostoCNPJ, CombustivelID) VALUES (6.190, 'R$ / litro', '2023-12-26', '04165053000113', (SELECT ID_Combustivel FROM COMBUSTIVEL WHERE Nome = 'DIESEL S500'));
INSERT INTO PRECO_COLETADO (Preco, UnidadeMedida, DataColeta, PostoCNPJ, CombustivelID) VALUES (6.190, 'R$ / litro', '2024-01-03', '04165053000113', (SELECT ID_Combustivel FROM COMBUSTIVEL WHERE Nome = 'DIESEL S500'));
INSERT INTO PRECO_COLETADO (Preco, UnidadeMedida, DataColeta, PostoCNPJ, CombustivelID) VALUES (6.190, 'R$ / litro', '2024-01-08', '04165053000113', (SELECT ID_Combustivel FROM COMBUSTIVEL WHERE Nome = 'DIESEL S500'));
INSERT INTO PRECO_COLETADO (Preco, UnidadeMedida, DataColeta, PostoCNPJ, CombustivelID) VALUES (6.190, 'R$ / litro', '2024-01-15', '04165053000113', (SELECT ID_Combustivel FROM COMBUSTIVEL WHERE Nome = 'DIESEL S500'));
INSERT INTO PRECO_COLETADO (Preco, UnidadeMedida, DataColeta, PostoCNPJ, CombustivelID) VALUES (5.090, 'R$ / litro', '2024-01-22', '04165053000113', (SELECT ID_Combustivel FROM COMBUSTIVEL WHERE Nome = 'DIESEL S500'));
INSERT INTO PRECO_COLETADO (Preco, UnidadeMedida, DataColeta, PostoCNPJ, CombustivelID) VALUES (5.990, 'R$ / litro', '2024-01-29', '04165053000113', (SELECT ID_Combustivel FROM COMBUSTIVEL WHERE Nome = 'DIESEL S500'));
INSERT INTO PRECO_COLETADO (Preco, UnidadeMedida, DataColeta, PostoCNPJ, CombustivelID) VALUES (5.990, 'R$ / litro', '2024-02-05', '04165053000113', (SELECT ID_Combustivel FROM COMBUSTIVEL WHERE Nome = 'DIESEL S500'));
INSERT INTO PRECO_COLETADO (Preco, UnidadeMedida, DataColeta, PostoCNPJ, CombustivelID) VALUES (5.990, 'R$ / litro', '2024-02-12', '04165053000113', (SELECT ID_Combustivel FROM COMBUSTIVEL WHERE Nome = 'DIESEL S500'));
INSERT INTO PRECO_COLETADO (Preco, UnidadeMedida, DataColeta, PostoCNPJ, CombustivelID) VALUES (5.990, 'R$ / litro', '2024-02-19', '04165053000113', (SELECT ID_Combustivel FROM COMBUSTIVEL WHERE Nome = 'DIESEL S500'));
INSERT INTO PRECO_COLETADO (Preco, UnidadeMedida, DataColeta, PostoCNPJ, CombustivelID) VALUES (5.990, 'R$ / litro', '2024-02-26', '04165053000113', (SELECT ID_Combustivel FROM COMBUSTIVEL WHERE Nome = 'DIESEL S500'));
INSERT INTO PRECO_COLETADO (Preco, UnidadeMedida, DataColeta, PostoCNPJ, CombustivelID) VALUES (5.990, 'R$ / litro', '2024-03-04', '04165053000113', (SELECT ID_Combustivel FROM COMBUSTIVEL WHERE Nome = 'DIESEL S500'));
INSERT INTO PRECO_COLETADO (Preco, UnidadeMedida, DataColeta, PostoCNPJ, CombustivelID) VALUES (5.990, 'R$ / litro', '2024-03-11', '04165053000113', (SELECT ID_Combustivel FROM COMBUSTIVEL WHERE Nome = 'DIESEL S500'));
INSERT INTO PRECO_COLETADO (Preco, UnidadeMedida, DataColeta, PostoCNPJ, CombustivelID) VALUES (5.990, 'R$ / litro', '2024-03-18', '04165053000113', (SELECT ID_Combustivel FROM COMBUSTIVEL WHERE Nome = 'DIESEL S500'));
INSERT INTO PRECO_COLETADO (Preco, UnidadeMedida, DataColeta, PostoCNPJ, CombustivelID) VALUES (5.990, 'R$ / litro', '2024-03-28', '04165053000113', (SELECT ID_Combustivel FROM COMBUSTIVEL WHERE Nome = 'DIESEL S500'));
INSERT INTO PRECO_COLETADO (Preco, UnidadeMedida, DataColeta, PostoCNPJ, CombustivelID) VALUES (5.990, 'R$ / litro', '2024-04-01', '04165053000113', (SELECT ID_Combustivel FROM COMBUSTIVEL WHERE Nome = 'DIESEL S500'));
INSERT INTO PRECO_COLETADO (Preco, UnidadeMedida, DataColeta, PostoCNPJ, CombustivelID) VALUES (5.990, 'R$ / litro', '2024-04-08', '04165053000113', (SELECT ID_Combustivel FROM COMBUSTIVEL WHERE Nome = 'DIESEL S500'));
INSERT INTO PRECO_COLETADO (Preco, UnidadeMedida, DataColeta, PostoCNPJ, CombustivelID) VALUES (5.990, 'R$ / litro', '2024-04-15', '04165053000113', (SELECT ID_Combustivel FROM COMBUSTIVEL WHERE Nome = 'DIESEL S500'));
INSERT INTO PRECO_COLETADO (Preco, UnidadeMedida, DataColeta, PostoCNPJ, CombustivelID) VALUES (5.990, 'R$ / litro', '2024-04-22', '04165053000113', (SELECT ID_Combustivel FROM COMBUSTIVEL WHERE Nome = 'DIESEL S500'));
INSERT INTO PRECO_COLETADO (Preco, UnidadeMedida, DataColeta, PostoCNPJ, CombustivelID) VALUES (5.890, 'R$ / litro', '2024-04-29', '04165053000113', (SELECT ID_Combustivel FROM COMBUSTIVEL WHERE Nome = 'DIESEL S500'));
INSERT INTO PRECO_COLETADO (Preco, UnidadeMedida, DataColeta, PostoCNPJ, CombustivelID) VALUES (5.890, 'R$ / litro', '2024-05-06', '04165053000113', (SELECT ID_Combustivel FROM COMBUSTIVEL WHERE Nome = 'DIESEL S500'));
INSERT INTO PRECO_COLETADO (Preco, UnidadeMedida, DataColeta, PostoCNPJ, CombustivelID) VALUES (5.890, 'R$ / litro', '2024-05-14', '04165053000113', (SELECT ID_Combustivel FROM COMBUSTIVEL WHERE Nome = 'DIESEL S500'));
INSERT INTO PRECO_COLETADO (Preco, UnidadeMedida, DataColeta, PostoCNPJ, CombustivelID) VALUES (5.790, 'R$ / litro', '2024-05-20', '04165053000113', (SELECT ID_Combustivel FROM COMBUSTIVEL WHERE Nome = 'DIESEL S500'));
INSERT INTO PRECO_COLETADO (Preco, UnidadeMedida, DataColeta, PostoCNPJ, CombustivelID) VALUES (5.790, 'R$ / litro', '2024-05-27', '04165053000113', (SELECT ID_Combustivel FROM COMBUSTIVEL WHERE Nome = 'DIESEL S500'));
INSERT INTO PRECO_COLETADO (Preco, UnidadeMedida, DataColeta, PostoCNPJ, CombustivelID) VALUES (5.790, 'R$ / litro', '2024-06-04', '04165053000113', (SELECT ID_Combustivel FROM COMBUSTIVEL WHERE Nome = 'DIESEL S500'));
INSERT INTO PRECO_COLETADO (Preco, UnidadeMedida, DataColeta, PostoCNPJ, CombustivelID) VALUES (5.790, 'R$ / litro', '2024-06-17', '04165053000113', (SELECT ID_Combustivel FROM COMBUSTIVEL WHERE Nome = 'DIESEL S500'));
INSERT INTO PRECO_COLETADO (Preco, UnidadeMedida, DataColeta, PostoCNPJ, CombustivelID) VALUES (5.790, 'R$ / litro', '2024-06-24', '04165053000113', (SELECT ID_Combustivel FROM COMBUSTIVEL WHERE Nome = 'DIESEL S500'));
INSERT INTO PRECO_COLETADO (Preco, UnidadeMedida, DataColeta, PostoCNPJ, CombustivelID) VALUES (5.790, 'R$ / litro', '2024-07-01', '04165053000113', (SELECT ID_Combustivel FROM COMBUSTIVEL WHERE Nome = 'DIESEL S500'));
INSERT INTO PRECO_COLETADO (Preco, UnidadeMedida, DataColeta, PostoCNPJ, CombustivelID) VALUES (5.890, 'R$ / litro', '2024-07-09', '04165053000113', (SELECT ID_Combustivel FROM COMBUSTIVEL WHERE Nome = 'DIESEL S500'));
INSERT INTO PRECO_COLETADO (Preco, UnidadeMedida, DataColeta, PostoCNPJ, CombustivelID) VALUES (5.890, 'R$ / litro', '2024-07-16', '04165053000113', (SELECT ID_Combustivel FROM COMBUSTIVEL WHERE Nome = 'DIESEL S500'));
INSERT INTO PRECO_COLETADO (Preco, UnidadeMedida, DataColeta, PostoCNPJ, CombustivelID) VALUES (5.890, 'R$ / litro', '2024-07-22', '04165053000113', (SELECT ID_Combustivel FROM COMBUSTIVEL WHERE Nome = 'DIESEL S500'));
INSERT INTO PRECO_COLETADO (Preco, UnidadeMedida, DataColeta, PostoCNPJ, CombustivelID) VALUES (5.890, 'R$ / litro', '2024-08-20', '04165053000113', (SELECT ID_Combustivel FROM COMBUSTIVEL WHERE Nome = 'DIESEL S500'));
INSERT INTO PRECO_COLETADO (Preco, UnidadeMedida, DataColeta, PostoCNPJ, CombustivelID) VALUES (5.890, 'R$ / litro', '2024-08-27', '04165053000113', (SELECT ID_Combustivel FROM COMBUSTIVEL WHERE Nome = 'DIESEL S500'));
INSERT INTO PRECO_COLETADO (Preco, UnidadeMedida, DataColeta, PostoCNPJ, CombustivelID) VALUES (5.890, 'R$ / litro', '2024-09-02', '04165053000113', (SELECT ID_Combustivel FROM COMBUSTIVEL WHERE Nome = 'DIESEL S500'));
INSERT INTO PRECO_COLETADO (Preco, UnidadeMedida, DataColeta, PostoCNPJ, CombustivelID) VALUES (4.990, 'R$ / litro', '2022-10-24', '04165053000113', (SELECT ID_Combustivel FROM COMBUSTIVEL WHERE Nome = 'GASOLINA ADITIVADA'));
INSERT INTO PRECO_COLETADO (Preco, UnidadeMedida, DataColeta, PostoCNPJ, CombustivelID) VALUES (4.990, 'R$ / litro', '2022-10-31', '04165053000113', (SELECT ID_Combustivel FROM COMBUSTIVEL WHERE Nome = 'GASOLINA ADITIVADA'));
INSERT INTO PRECO_COLETADO (Preco, UnidadeMedida, DataColeta, PostoCNPJ, CombustivelID) VALUES (5.190, 'R$ / litro', '2022-11-14', '04165053000113', (SELECT ID_Combustivel FROM COMBUSTIVEL WHERE Nome = 'GASOLINA ADITIVADA'));
INSERT INTO PRECO_COLETADO (Preco, UnidadeMedida, DataColeta, PostoCNPJ, CombustivelID) VALUES (5.190, 'R$ / litro', '2022-11-22', '04165053000113', (SELECT ID_Combustivel FROM COMBUSTIVEL WHERE Nome = 'GASOLINA ADITIVADA'));
INSERT INTO PRECO_COLETADO (Preco, UnidadeMedida, DataColeta, PostoCNPJ, CombustivelID) VALUES (5.290, 'R$ / litro', '2022-12-05', '04165053000113', (SELECT ID_Combustivel FROM COMBUSTIVEL WHERE Nome = 'GASOLINA ADITIVADA'));
INSERT INTO PRECO_COLETADO (Preco, UnidadeMedida, DataColeta, PostoCNPJ, CombustivelID) VALUES (5.290, 'R$ / litro', '2022-12-12', '04165053000113', (SELECT ID_Combustivel FROM COMBUSTIVEL WHERE Nome = 'GASOLINA ADITIVADA'));
INSERT INTO PRECO_COLETADO (Preco, UnidadeMedida, DataColeta, PostoCNPJ, CombustivelID) VALUES (5.190, 'R$ / litro', '2022-12-22', '04165053000113', (SELECT ID_Combustivel FROM COMBUSTIVEL WHERE Nome = 'GASOLINA ADITIVADA'));
INSERT INTO PRECO_COLETADO (Preco, UnidadeMedida, DataColeta, PostoCNPJ, CombustivelID) VALUES (5.190, 'R$ / litro', '2022-12-26', '04165053000113', (SELECT ID_Combustivel FROM COMBUSTIVEL WHERE Nome = 'GASOLINA ADITIVADA'));
INSERT INTO PRECO_COLETADO (Preco, UnidadeMedida, DataColeta, PostoCNPJ, CombustivelID) VALUES (5.190, 'R$ / litro', '2023-01-02', '04165053000113', (SELECT ID_Combustivel FROM COMBUSTIVEL WHERE Nome = 'GASOLINA ADITIVADA'));
INSERT INTO PRECO_COLETADO (Preco, UnidadeMedida, DataColeta, PostoCNPJ, CombustivelID) VALUES (5.190, 'R$ / litro', '2023-01-09', '04165053000113', (SELECT ID_Combustivel FROM COMBUSTIVEL WHERE Nome = 'GASOLINA ADITIVADA'));
INSERT INTO PRECO_COLETADO (Preco, UnidadeMedida, DataColeta, PostoCNPJ, CombustivelID) VALUES (3.990, 'R$ / litro', '2023-01-16', '04165053000113', (SELECT ID_Combustivel FROM COMBUSTIVEL WHERE Nome = 'GASOLINA ADITIVADA'));
INSERT INTO PRECO_COLETADO (Preco, UnidadeMedida, DataColeta, PostoCNPJ, CombustivelID) VALUES (5.190, 'R$ / litro', '2023-01-23', '04165053000113', (SELECT ID_Combustivel FROM COMBUSTIVEL WHERE Nome = 'GASOLINA ADITIVADA'));
INSERT INTO PRECO_COLETADO (Preco, UnidadeMedida, DataColeta, PostoCNPJ, CombustivelID) VALUES (5.490, 'R$ / litro', '2023-01-30', '04165053000113', (SELECT ID_Combustivel FROM COMBUSTIVEL WHERE Nome = 'GASOLINA ADITIVADA'));
INSERT INTO PRECO_COLETADO (Preco, UnidadeMedida, DataColeta, PostoCNPJ, CombustivelID) VALUES (5.350, 'R$ / litro', '2023-02-06', '04165053000113', (SELECT ID_Combustivel FROM COMBUSTIVEL WHERE Nome = 'GASOLINA ADITIVADA'));
INSERT INTO PRECO_COLETADO (Preco, UnidadeMedida, DataColeta, PostoCNPJ, CombustivelID) VALUES (5.300, 'R$ / litro', '2023-02-13', '04165053000113', (SELECT ID_Combustivel FROM COMBUSTIVEL WHERE Nome = 'GASOLINA ADITIVADA'));
INSERT INTO PRECO_COLETADO (Preco, UnidadeMedida, DataColeta, PostoCNPJ, CombustivelID) VALUES (5.190, 'R$ / litro', '2023-02-20', '04165053000113', (SELECT ID_Combustivel FROM COMBUSTIVEL WHERE Nome = 'GASOLINA ADITIVADA'));
INSERT INTO PRECO_COLETADO (Preco, UnidadeMedida, DataColeta, PostoCNPJ, CombustivelID) VALUES (5.190, 'R$ / litro', '2023-02-27', '04165053000113', (SELECT ID_Combustivel FROM COMBUSTIVEL WHERE Nome = 'GASOLINA ADITIVADA'));
INSERT INTO PRECO_COLETADO (Preco, UnidadeMedida, DataColeta, PostoCNPJ, CombustivelID) VALUES (5.890, 'R$ / litro', '2023-03-06', '04165053000113', (SELECT ID_Combustivel FROM COMBUSTIVEL WHERE Nome = 'GASOLINA ADITIVADA'));
INSERT INTO PRECO_COLETADO (Preco, UnidadeMedida, DataColeta, PostoCNPJ, CombustivelID) VALUES (5.790, 'R$ / litro', '2023-03-16', '04165053000113', (SELECT ID_Combustivel FROM COMBUSTIVEL WHERE Nome = 'GASOLINA ADITIVADA'));
INSERT INTO PRECO_COLETADO (Preco, UnidadeMedida, DataColeta, PostoCNPJ, CombustivelID) VALUES (5.790, 'R$ / litro', '2023-03-21', '04165053000113', (SELECT ID_Combustivel FROM COMBUSTIVEL WHERE Nome = 'GASOLINA ADITIVADA'));
INSERT INTO PRECO_COLETADO (Preco, UnidadeMedida, DataColeta, PostoCNPJ, CombustivelID) VALUES (5.690, 'R$ / litro', '2023-03-27', '04165053000113', (SELECT ID_Combustivel FROM COMBUSTIVEL WHERE Nome = 'GASOLINA ADITIVADA'));
INSERT INTO PRECO_COLETADO (Preco, UnidadeMedida, DataColeta, PostoCNPJ, CombustivelID) VALUES (5.690, 'R$ / litro', '2023-04-04', '04165053000113', (SELECT ID_Combustivel FROM COMBUSTIVEL WHERE Nome = 'GASOLINA ADITIVADA'));
INSERT INTO PRECO_COLETADO (Preco, UnidadeMedida, DataColeta, PostoCNPJ, CombustivelID) VALUES (5.690, 'R$ / litro', '2023-04-10', '04165053000113', (SELECT ID_Combustivel FROM COMBUSTIVEL WHERE Nome = 'GASOLINA ADITIVADA'));
INSERT INTO PRECO_COLETADO (Preco, UnidadeMedida, DataColeta, PostoCNPJ, CombustivelID) VALUES (5.890, 'R$ / litro', '2023-04-17', '04165053000113', (SELECT ID_Combustivel FROM COMBUSTIVEL WHERE Nome = 'GASOLINA ADITIVADA'));
INSERT INTO PRECO_COLETADO (Preco, UnidadeMedida, DataColeta, PostoCNPJ, CombustivelID) VALUES (5.690, 'R$ / litro', '2023-04-24', '04165053000113', (SELECT ID_Combustivel FROM COMBUSTIVEL WHERE Nome = 'GASOLINA ADITIVADA'));
INSERT INTO PRECO_COLETADO (Preco, UnidadeMedida, DataColeta, PostoCNPJ, CombustivelID) VALUES (5.490, 'R$ / litro', '2023-05-02', '04165053000113', (SELECT ID_Combustivel FROM COMBUSTIVEL WHERE Nome = 'GASOLINA ADITIVADA'));
INSERT INTO PRECO_COLETADO (Preco, UnidadeMedida, DataColeta, PostoCNPJ, CombustivelID) VALUES (5.790, 'R$ / litro', '2023-05-08', '04165053000113', (SELECT ID_Combustivel FROM COMBUSTIVEL WHERE Nome = 'GASOLINA ADITIVADA'));
INSERT INTO PRECO_COLETADO (Preco, UnidadeMedida, DataColeta, PostoCNPJ, CombustivelID) VALUES (5.490, 'R$ / litro', '2023-05-15', '04165053000113', (SELECT ID_Combustivel FROM COMBUSTIVEL WHERE Nome = 'GASOLINA ADITIVADA'));
INSERT INTO PRECO_COLETADO (Preco, UnidadeMedida, DataColeta, PostoCNPJ, CombustivelID) VALUES (5.390, 'R$ / litro', '2023-05-22', '04165053000113', (SELECT ID_Combustivel FROM COMBUSTIVEL WHERE Nome = 'GASOLINA ADITIVADA'));
INSERT INTO PRECO_COLETADO (Preco, UnidadeMedida, DataColeta, PostoCNPJ, CombustivelID) VALUES (5.350, 'R$ / litro', '2023-05-29', '04165053000113', (SELECT ID_Combustivel FROM COMBUSTIVEL WHERE Nome = 'GASOLINA ADITIVADA'));
INSERT INTO PRECO_COLETADO (Preco, UnidadeMedida, DataColeta, PostoCNPJ, CombustivelID) VALUES (5.690, 'R$ / litro', '2023-06-05', '04165053000113', (SELECT ID_Combustivel FROM COMBUSTIVEL WHERE Nome = 'GASOLINA ADITIVADA'));
INSERT INTO PRECO_COLETADO (Preco, UnidadeMedida, DataColeta, PostoCNPJ, CombustivelID) VALUES (5.650, 'R$ / litro', '2023-06-13', '04165053000113', (SELECT ID_Combustivel FROM COMBUSTIVEL WHERE Nome = 'GASOLINA ADITIVADA'));
INSERT INTO PRECO_COLETADO (Preco, UnidadeMedida, DataColeta, PostoCNPJ, CombustivelID) VALUES (5.580, 'R$ / litro', '2023-06-20', '04165053000113', (SELECT ID_Combustivel FROM COMBUSTIVEL WHERE Nome = 'GASOLINA ADITIVADA'));
INSERT INTO PRECO_COLETADO (Preco, UnidadeMedida, DataColeta, PostoCNPJ, CombustivelID) VALUES (5.580, 'R$ / litro', '2023-06-27', '04165053000113', (SELECT ID_Combustivel FROM COMBUSTIVEL WHERE Nome = 'GASOLINA ADITIVADA'));
INSERT INTO PRECO_COLETADO (Preco, UnidadeMedida, DataColeta, PostoCNPJ, CombustivelID) VALUES (6.190, 'R$ / litro', '2023-07-04', '04165053000113', (SELECT ID_Combustivel FROM COMBUSTIVEL WHERE Nome = 'GASOLINA ADITIVADA'));
INSERT INTO PRECO_COLETADO (Preco, UnidadeMedida, DataColeta, PostoCNPJ, CombustivelID) VALUES (6.090, 'R$ / litro', '2023-07-10', '04165053000113', (SELECT ID_Combustivel FROM COMBUSTIVEL WHERE Nome = 'GASOLINA ADITIVADA'));
INSERT INTO PRECO_COLETADO (Preco, UnidadeMedida, DataColeta, PostoCNPJ, CombustivelID) VALUES (5.990, 'R$ / litro', '2023-07-17', '04165053000113', (SELECT ID_Combustivel FROM COMBUSTIVEL WHERE Nome = 'GASOLINA ADITIVADA'));
INSERT INTO PRECO_COLETADO (Preco, UnidadeMedida, DataColeta, PostoCNPJ, CombustivelID) VALUES (5.790, 'R$ / litro', '2023-07-24', '04165053000113', (SELECT ID_Combustivel FROM COMBUSTIVEL WHERE Nome = 'GASOLINA ADITIVADA'));
INSERT INTO PRECO_COLETADO (Preco, UnidadeMedida, DataColeta, PostoCNPJ, CombustivelID) VALUES (5.790, 'R$ / litro', '2023-07-31', '04165053000113', (SELECT ID_Combustivel FROM COMBUSTIVEL WHERE Nome = 'GASOLINA ADITIVADA'));
INSERT INTO PRECO_COLETADO (Preco, UnidadeMedida, DataColeta, PostoCNPJ, CombustivelID) VALUES (5.790, 'R$ / litro', '2023-08-07', '04165053000113', (SELECT ID_Combustivel FROM COMBUSTIVEL WHERE Nome = 'GASOLINA ADITIVADA'));
INSERT INTO PRECO_COLETADO (Preco, UnidadeMedida, DataColeta, PostoCNPJ, CombustivelID) VALUES (5.690, 'R$ / litro', '2023-08-15', '04165053000113', (SELECT ID_Combustivel FROM COMBUSTIVEL WHERE Nome = 'GASOLINA ADITIVADA'));
INSERT INTO PRECO_COLETADO (Preco, UnidadeMedida, DataColeta, PostoCNPJ, CombustivelID) VALUES (6.390, 'R$ / litro', '2023-08-21', '04165053000113', (SELECT ID_Combustivel FROM COMBUSTIVEL WHERE Nome = 'GASOLINA ADITIVADA'));
INSERT INTO PRECO_COLETADO (Preco, UnidadeMedida, DataColeta, PostoCNPJ, CombustivelID) VALUES (6.290, 'R$ / litro', '2023-08-30', '04165053000113', (SELECT ID_Combustivel FROM COMBUSTIVEL WHERE Nome = 'GASOLINA ADITIVADA'));
INSERT INTO PRECO_COLETADO (Preco, UnidadeMedida, DataColeta, PostoCNPJ, CombustivelID) VALUES (6.190, 'R$ / litro', '2023-09-07', '04165053000113', (SELECT ID_Combustivel FROM COMBUSTIVEL WHERE Nome = 'GASOLINA ADITIVADA'));
INSERT INTO PRECO_COLETADO (Preco, UnidadeMedida, DataColeta, PostoCNPJ, CombustivelID) VALUES (6.190, 'R$ / litro', '2023-09-12', '04165053000113', (SELECT ID_Combustivel FROM COMBUSTIVEL WHERE Nome = 'GASOLINA ADITIVADA'));
INSERT INTO PRECO_COLETADO (Preco, UnidadeMedida, DataColeta, PostoCNPJ, CombustivelID) VALUES (6.190, 'R$ / litro', '2023-09-19', '04165053000113', (SELECT ID_Combustivel FROM COMBUSTIVEL WHERE Nome = 'GASOLINA ADITIVADA'));
INSERT INTO PRECO_COLETADO (Preco, UnidadeMedida, DataColeta, PostoCNPJ, CombustivelID) VALUES (6.190, 'R$ / litro', '2023-09-26', '04165053000113', (SELECT ID_Combustivel FROM COMBUSTIVEL WHERE Nome = 'GASOLINA ADITIVADA'));
INSERT INTO PRECO_COLETADO (Preco, UnidadeMedida, DataColeta, PostoCNPJ, CombustivelID) VALUES (6.190, 'R$ / litro', '2023-10-03', '04165053000113', (SELECT ID_Combustivel FROM COMBUSTIVEL WHERE Nome = 'GASOLINA ADITIVADA'));
INSERT INTO PRECO_COLETADO (Preco, UnidadeMedida, DataColeta, PostoCNPJ, CombustivelID) VALUES (6.190, 'R$ / litro', '2023-10-10', '04165053000113', (SELECT ID_Combustivel FROM COMBUSTIVEL WHERE Nome = 'GASOLINA ADITIVADA'));
INSERT INTO PRECO_COLETADO (Preco, UnidadeMedida, DataColeta, PostoCNPJ, CombustivelID) VALUES (6.090, 'R$ / litro', '2023-10-16', '04165053000113', (SELECT ID_Combustivel FROM COMBUSTIVEL WHERE Nome = 'GASOLINA ADITIVADA'));
INSERT INTO PRECO_COLETADO (Preco, UnidadeMedida, DataColeta, PostoCNPJ, CombustivelID) VALUES (6.090, 'R$ / litro', '2023-10-24', '04165053000113', (SELECT ID_Combustivel FROM COMBUSTIVEL WHERE Nome = 'GASOLINA ADITIVADA'));
INSERT INTO PRECO_COLETADO (Preco, UnidadeMedida, DataColeta, PostoCNPJ, CombustivelID) VALUES (6.090, 'R$ / litro', '2023-10-31', '04165053000113', (SELECT ID_Combustivel FROM COMBUSTIVEL WHERE Nome = 'GASOLINA ADITIVADA'));
INSERT INTO PRECO_COLETADO (Preco, UnidadeMedida, DataColeta, PostoCNPJ, CombustivelID) VALUES (6.090, 'R$ / litro', '2023-11-07', '04165053000113', (SELECT ID_Combustivel FROM COMBUSTIVEL WHERE Nome = 'GASOLINA ADITIVADA'));
INSERT INTO PRECO_COLETADO (Preco, UnidadeMedida, DataColeta, PostoCNPJ, CombustivelID) VALUES (5.990, 'R$ / litro', '2023-11-14', '04165053000113', (SELECT ID_Combustivel FROM COMBUSTIVEL WHERE Nome = 'GASOLINA ADITIVADA'));
INSERT INTO PRECO_COLETADO (Preco, UnidadeMedida, DataColeta, PostoCNPJ, CombustivelID) VALUES (5.990, 'R$ / litro', '2023-11-21', '04165053000113', (SELECT ID_Combustivel FROM COMBUSTIVEL WHERE Nome = 'GASOLINA ADITIVADA'));
INSERT INTO PRECO_COLETADO (Preco, UnidadeMedida, DataColeta, PostoCNPJ, CombustivelID) VALUES (5.990, 'R$ / litro', '2023-11-28', '04165053000113', (SELECT ID_Combustivel FROM COMBUSTIVEL WHERE Nome = 'GASOLINA ADITIVADA'));
INSERT INTO PRECO_COLETADO (Preco, UnidadeMedida, DataColeta, PostoCNPJ, CombustivelID) VALUES (5.990, 'R$ / litro', '2023-12-06', '04165053000113', (SELECT ID_Combustivel FROM COMBUSTIVEL WHERE Nome = 'GASOLINA ADITIVADA'));
INSERT INTO PRECO_COLETADO (Preco, UnidadeMedida, DataColeta, PostoCNPJ, CombustivelID) VALUES (5.990, 'R$ / litro', '2023-12-13', '04165053000113', (SELECT ID_Combustivel FROM COMBUSTIVEL WHERE Nome = 'GASOLINA ADITIVADA'));
INSERT INTO PRECO_COLETADO (Preco, UnidadeMedida, DataColeta, PostoCNPJ, CombustivelID) VALUES (5.990, 'R$ / litro', '2023-12-18', '04165053000113', (SELECT ID_Combustivel FROM COMBUSTIVEL WHERE Nome = 'GASOLINA ADITIVADA'));
INSERT INTO PRECO_COLETADO (Preco, UnidadeMedida, DataColeta, PostoCNPJ, CombustivelID) VALUES (5.990, 'R$ / litro', '2023-12-26', '04165053000113', (SELECT ID_Combustivel FROM COMBUSTIVEL WHERE Nome = 'GASOLINA ADITIVADA'));
INSERT INTO PRECO_COLETADO (Preco, UnidadeMedida, DataColeta, PostoCNPJ, CombustivelID) VALUES (5.990, 'R$ / litro', '2024-01-03', '04165053000113', (SELECT ID_Combustivel FROM COMBUSTIVEL WHERE Nome = 'GASOLINA ADITIVADA'));
INSERT INTO PRECO_COLETADO (Preco, UnidadeMedida, DataColeta, PostoCNPJ, CombustivelID) VALUES (5.990, 'R$ / litro', '2024-01-08', '04165053000113', (SELECT ID_Combustivel FROM COMBUSTIVEL WHERE Nome = 'GASOLINA ADITIVADA'));
INSERT INTO PRECO_COLETADO (Preco, UnidadeMedida, DataColeta, PostoCNPJ, CombustivelID) VALUES (5.990, 'R$ / litro', '2024-01-15', '04165053000113', (SELECT ID_Combustivel FROM COMBUSTIVEL WHERE Nome = 'GASOLINA ADITIVADA'));
INSERT INTO PRECO_COLETADO (Preco, UnidadeMedida, DataColeta, PostoCNPJ, CombustivelID) VALUES (5.890, 'R$ / litro', '2024-01-22', '04165053000113', (SELECT ID_Combustivel FROM COMBUSTIVEL WHERE Nome = 'GASOLINA ADITIVADA'));
INSERT INTO PRECO_COLETADO (Preco, UnidadeMedida, DataColeta, PostoCNPJ, CombustivelID) VALUES (5.790, 'R$ / litro', '2024-01-29', '04165053000113', (SELECT ID_Combustivel FROM COMBUSTIVEL WHERE Nome = 'GASOLINA ADITIVADA'));
INSERT INTO PRECO_COLETADO (Preco, UnidadeMedida, DataColeta, PostoCNPJ, CombustivelID) VALUES (5.990, 'R$ / litro', '2024-02-05', '04165053000113', (SELECT ID_Combustivel FROM COMBUSTIVEL WHERE Nome = 'GASOLINA ADITIVADA'));
INSERT INTO PRECO_COLETADO (Preco, UnidadeMedida, DataColeta, PostoCNPJ, CombustivelID) VALUES (5.990, 'R$ / litro', '2024-02-12', '04165053000113', (SELECT ID_Combustivel FROM COMBUSTIVEL WHERE Nome = 'GASOLINA ADITIVADA'));
INSERT INTO PRECO_COLETADO (Preco, UnidadeMedida, DataColeta, PostoCNPJ, CombustivelID) VALUES (5.990, 'R$ / litro', '2024-02-19', '04165053000113', (SELECT ID_Combustivel FROM COMBUSTIVEL WHERE Nome = 'GASOLINA ADITIVADA'));
INSERT INTO PRECO_COLETADO (Preco, UnidadeMedida, DataColeta, PostoCNPJ, CombustivelID) VALUES (5.990, 'R$ / litro', '2024-02-26', '04165053000113', (SELECT ID_Combustivel FROM COMBUSTIVEL WHERE Nome = 'GASOLINA ADITIVADA'));
INSERT INTO PRECO_COLETADO (Preco, UnidadeMedida, DataColeta, PostoCNPJ, CombustivelID) VALUES (5.990, 'R$ / litro', '2024-03-04', '04165053000113', (SELECT ID_Combustivel FROM COMBUSTIVEL WHERE Nome = 'GASOLINA ADITIVADA'));
INSERT INTO PRECO_COLETADO (Preco, UnidadeMedida, DataColeta, PostoCNPJ, CombustivelID) VALUES (5.990, 'R$ / litro', '2024-03-11', '04165053000113', (SELECT ID_Combustivel FROM COMBUSTIVEL WHERE Nome = 'GASOLINA ADITIVADA'));
INSERT INTO PRECO_COLETADO (Preco, UnidadeMedida, DataColeta, PostoCNPJ, CombustivelID) VALUES (5.990, 'R$ / litro', '2024-03-18', '04165053000113', (SELECT ID_Combustivel FROM COMBUSTIVEL WHERE Nome = 'GASOLINA ADITIVADA'));
INSERT INTO PRECO_COLETADO (Preco, UnidadeMedida, DataColeta, PostoCNPJ, CombustivelID) VALUES (5.990, 'R$ / litro', '2024-03-28', '04165053000113', (SELECT ID_Combustivel FROM COMBUSTIVEL WHERE Nome = 'GASOLINA ADITIVADA'));
INSERT INTO PRECO_COLETADO (Preco, UnidadeMedida, DataColeta, PostoCNPJ, CombustivelID) VALUES (5.990, 'R$ / litro', '2024-04-01', '04165053000113', (SELECT ID_Combustivel FROM COMBUSTIVEL WHERE Nome = 'GASOLINA ADITIVADA'));
INSERT INTO PRECO_COLETADO (Preco, UnidadeMedida, DataColeta, PostoCNPJ, CombustivelID) VALUES (5.590, 'R$ / litro', '2024-04-08', '04165053000113', (SELECT ID_Combustivel FROM COMBUSTIVEL WHERE Nome = 'GASOLINA ADITIVADA'));
INSERT INTO PRECO_COLETADO (Preco, UnidadeMedida, DataColeta, PostoCNPJ, CombustivelID) VALUES (5.790, 'R$ / litro', '2024-04-15', '04165053000113', (SELECT ID_Combustivel FROM COMBUSTIVEL WHERE Nome = 'GASOLINA ADITIVADA'));
INSERT INTO PRECO_COLETADO (Preco, UnidadeMedida, DataColeta, PostoCNPJ, CombustivelID) VALUES (5.690, 'R$ / litro', '2024-04-22', '04165053000113', (SELECT ID_Combustivel FROM COMBUSTIVEL WHERE Nome = 'GASOLINA ADITIVADA'));
INSERT INTO PRECO_COLETADO (Preco, UnidadeMedida, DataColeta, PostoCNPJ, CombustivelID) VALUES (5.890, 'R$ / litro', '2024-04-29', '04165053000113', (SELECT ID_Combustivel FROM COMBUSTIVEL WHERE Nome = 'GASOLINA ADITIVADA'));
INSERT INTO PRECO_COLETADO (Preco, UnidadeMedida, DataColeta, PostoCNPJ, CombustivelID) VALUES (5.890, 'R$ / litro', '2024-05-06', '04165053000113', (SELECT ID_Combustivel FROM COMBUSTIVEL WHERE Nome = 'GASOLINA ADITIVADA'));
INSERT INTO PRECO_COLETADO (Preco, UnidadeMedida, DataColeta, PostoCNPJ, CombustivelID) VALUES (6.180, 'R$ / litro', '2024-05-14', '04165053000113', (SELECT ID_Combustivel FROM COMBUSTIVEL WHERE Nome = 'GASOLINA ADITIVADA'));
INSERT INTO PRECO_COLETADO (Preco, UnidadeMedida, DataColeta, PostoCNPJ, CombustivelID) VALUES (5.990, 'R$ / litro', '2024-05-20', '04165053000113', (SELECT ID_Combustivel FROM COMBUSTIVEL WHERE Nome = 'GASOLINA ADITIVADA'));
INSERT INTO PRECO_COLETADO (Preco, UnidadeMedida, DataColeta, PostoCNPJ, CombustivelID) VALUES (5.990, 'R$ / litro', '2024-05-27', '04165053000113', (SELECT ID_Combustivel FROM COMBUSTIVEL WHERE Nome = 'GASOLINA ADITIVADA'));
INSERT INTO PRECO_COLETADO (Preco, UnidadeMedida, DataColeta, PostoCNPJ, CombustivelID) VALUES (6.090, 'R$ / litro', '2024-06-04', '04165053000113', (SELECT ID_Combustivel FROM COMBUSTIVEL WHERE Nome = 'GASOLINA ADITIVADA'));
INSERT INTO PRECO_COLETADO (Preco, UnidadeMedida, DataColeta, PostoCNPJ, CombustivelID) VALUES (6.090, 'R$ / litro', '2024-06-17', '04165053000113', (SELECT ID_Combustivel FROM COMBUSTIVEL WHERE Nome = 'GASOLINA ADITIVADA'));
INSERT INTO PRECO_COLETADO (Preco, UnidadeMedida, DataColeta, PostoCNPJ, CombustivelID) VALUES (6.090, 'R$ / litro', '2024-06-24', '04165053000113', (SELECT ID_Combustivel FROM COMBUSTIVEL WHERE Nome = 'GASOLINA ADITIVADA'));
INSERT INTO PRECO_COLETADO (Preco, UnidadeMedida, DataColeta, PostoCNPJ, CombustivelID) VALUES (5.890, 'R$ / litro', '2024-07-01', '04165053000113', (SELECT ID_Combustivel FROM COMBUSTIVEL WHERE Nome = 'GASOLINA ADITIVADA'));
INSERT INTO PRECO_COLETADO (Preco, UnidadeMedida, DataColeta, PostoCNPJ, CombustivelID) VALUES (6.190, 'R$ / litro', '2024-07-09', '04165053000113', (SELECT ID_Combustivel FROM COMBUSTIVEL WHERE Nome = 'GASOLINA ADITIVADA'));
INSERT INTO PRECO_COLETADO (Preco, UnidadeMedida, DataColeta, PostoCNPJ, CombustivelID) VALUES (6.390, 'R$ / litro', '2024-07-16', '04165053000113', (SELECT ID_Combustivel FROM COMBUSTIVEL WHERE Nome = 'GASOLINA ADITIVADA'));
INSERT INTO PRECO_COLETADO (Preco, UnidadeMedida, DataColeta, PostoCNPJ, CombustivelID) VALUES (6.390, 'R$ / litro', '2024-07-22', '04165053000113', (SELECT ID_Combustivel FROM COMBUSTIVEL WHERE Nome = 'GASOLINA ADITIVADA'));
INSERT INTO PRECO_COLETADO (Preco, UnidadeMedida, DataColeta, PostoCNPJ, CombustivelID) VALUES (6.390, 'R$ / litro', '2024-08-20', '04165053000113', (SELECT ID_Combustivel FROM COMBUSTIVEL WHERE Nome = 'GASOLINA ADITIVADA'));
INSERT INTO PRECO_COLETADO (Preco, UnidadeMedida, DataColeta, PostoCNPJ, CombustivelID) VALUES (6.290, 'R$ / litro', '2024-08-27', '04165053000113', (SELECT ID_Combustivel FROM COMBUSTIVEL WHERE Nome = 'GASOLINA ADITIVADA'));
INSERT INTO PRECO_COLETADO (Preco, UnidadeMedida, DataColeta, PostoCNPJ, CombustivelID) VALUES (6.290, 'R$ / litro', '2024-09-02', '04165053000113', (SELECT ID_Combustivel FROM COMBUSTIVEL WHERE Nome = 'GASOLINA ADITIVADA'));
INSERT INTO PRECO_COLETADO (Preco, UnidadeMedida, DataColeta, PostoCNPJ, CombustivelID) VALUES (4.790, 'R$ / litro', '2022-10-24', '04165053000113', (SELECT ID_Combustivel FROM COMBUSTIVEL WHERE Nome = 'GASOLINA COMUM'));
INSERT INTO PRECO_COLETADO (Preco, UnidadeMedida, DataColeta, PostoCNPJ, CombustivelID) VALUES (4.790, 'R$ / litro', '2022-10-31', '04165053000113', (SELECT ID_Combustivel FROM COMBUSTIVEL WHERE Nome = 'GASOLINA COMUM'));
INSERT INTO PRECO_COLETADO (Preco, UnidadeMedida, DataColeta, PostoCNPJ, CombustivelID) VALUES (4.990, 'R$ / litro', '2022-11-14', '04165053000113', (SELECT ID_Combustivel FROM COMBUSTIVEL WHERE Nome = 'GASOLINA COMUM'));
INSERT INTO PRECO_COLETADO (Preco, UnidadeMedida, DataColeta, PostoCNPJ, CombustivelID) VALUES (4.990, 'R$ / litro', '2022-11-22', '04165053000113', (SELECT ID_Combustivel FROM COMBUSTIVEL WHERE Nome = 'GASOLINA COMUM'));
INSERT INTO PRECO_COLETADO (Preco, UnidadeMedida, DataColeta, PostoCNPJ, CombustivelID) VALUES (4.990, 'R$ / litro', '2022-12-05', '04165053000113', (SELECT ID_Combustivel FROM COMBUSTIVEL WHERE Nome = 'GASOLINA COMUM'));
INSERT INTO PRECO_COLETADO (Preco, UnidadeMedida, DataColeta, PostoCNPJ, CombustivelID) VALUES (4.990, 'R$ / litro', '2022-12-12', '04165053000113', (SELECT ID_Combustivel FROM COMBUSTIVEL WHERE Nome = 'GASOLINA COMUM'));
INSERT INTO PRECO_COLETADO (Preco, UnidadeMedida, DataColeta, PostoCNPJ, CombustivelID) VALUES (4.880, 'R$ / litro', '2022-12-22', '04165053000113', (SELECT ID_Combustivel FROM COMBUSTIVEL WHERE Nome = 'GASOLINA COMUM'));
INSERT INTO PRECO_COLETADO (Preco, UnidadeMedida, DataColeta, PostoCNPJ, CombustivelID) VALUES (4.880, 'R$ / litro', '2022-12-26', '04165053000113', (SELECT ID_Combustivel FROM COMBUSTIVEL WHERE Nome = 'GASOLINA COMUM'));
INSERT INTO PRECO_COLETADO (Preco, UnidadeMedida, DataColeta, PostoCNPJ, CombustivelID) VALUES (4.880, 'R$ / litro', '2023-01-02', '04165053000113', (SELECT ID_Combustivel FROM COMBUSTIVEL WHERE Nome = 'GASOLINA COMUM'));
INSERT INTO PRECO_COLETADO (Preco, UnidadeMedida, DataColeta, PostoCNPJ, CombustivelID) VALUES (4.880, 'R$ / litro', '2023-01-09', '04165053000113', (SELECT ID_Combustivel FROM COMBUSTIVEL WHERE Nome = 'GASOLINA COMUM'));
INSERT INTO PRECO_COLETADO (Preco, UnidadeMedida, DataColeta, PostoCNPJ, CombustivelID) VALUES (4.890, 'R$ / litro', '2023-01-16', '04165053000113', (SELECT ID_Combustivel FROM COMBUSTIVEL WHERE Nome = 'GASOLINA COMUM'));
INSERT INTO PRECO_COLETADO (Preco, UnidadeMedida, DataColeta, PostoCNPJ, CombustivelID) VALUES (4.890, 'R$ / litro', '2023-01-23', '04165053000113', (SELECT ID_Combustivel FROM COMBUSTIVEL WHERE Nome = 'GASOLINA COMUM'));
INSERT INTO PRECO_COLETADO (Preco, UnidadeMedida, DataColeta, PostoCNPJ, CombustivelID) VALUES (5.190, 'R$ / litro', '2023-01-30', '04165053000113', (SELECT ID_Combustivel FROM COMBUSTIVEL WHERE Nome = 'GASOLINA COMUM'));
INSERT INTO PRECO_COLETADO (Preco, UnidadeMedida, DataColeta, PostoCNPJ, CombustivelID) VALUES (5.050, 'R$ / litro', '2023-02-06', '04165053000113', (SELECT ID_Combustivel FROM COMBUSTIVEL WHERE Nome = 'GASOLINA COMUM'));
INSERT INTO PRECO_COLETADO (Preco, UnidadeMedida, DataColeta, PostoCNPJ, CombustivelID) VALUES (4.990, 'R$ / litro', '2023-02-13', '04165053000113', (SELECT ID_Combustivel FROM COMBUSTIVEL WHERE Nome = 'GASOLINA COMUM'));
INSERT INTO PRECO_COLETADO (Preco, UnidadeMedida, DataColeta, PostoCNPJ, CombustivelID) VALUES (4.880, 'R$ / litro', '2023-02-20', '04165053000113', (SELECT ID_Combustivel FROM COMBUSTIVEL WHERE Nome = 'GASOLINA COMUM'));
INSERT INTO PRECO_COLETADO (Preco, UnidadeMedida, DataColeta, PostoCNPJ, CombustivelID) VALUES (4.880, 'R$ / litro', '2023-02-27', '04165053000113', (SELECT ID_Combustivel FROM COMBUSTIVEL WHERE Nome = 'GASOLINA COMUM'));
INSERT INTO PRECO_COLETADO (Preco, UnidadeMedida, DataColeta, PostoCNPJ, CombustivelID) VALUES (5.590, 'R$ / litro', '2023-03-06', '04165053000113', (SELECT ID_Combustivel FROM COMBUSTIVEL WHERE Nome = 'GASOLINA COMUM'));
INSERT INTO PRECO_COLETADO (Preco, UnidadeMedida, DataColeta, PostoCNPJ, CombustivelID) VALUES (5.490, 'R$ / litro', '2023-03-16', '04165053000113', (SELECT ID_Combustivel FROM COMBUSTIVEL WHERE Nome = 'GASOLINA COMUM'));
INSERT INTO PRECO_COLETADO (Preco, UnidadeMedida, DataColeta, PostoCNPJ, CombustivelID) VALUES (5.390, 'R$ / litro', '2023-03-21', '04165053000113', (SELECT ID_Combustivel FROM COMBUSTIVEL WHERE Nome = 'GASOLINA COMUM'));
INSERT INTO PRECO_COLETADO (Preco, UnidadeMedida, DataColeta, PostoCNPJ, CombustivelID) VALUES (5.350, 'R$ / litro', '2023-03-27', '04165053000113', (SELECT ID_Combustivel FROM COMBUSTIVEL WHERE Nome = 'GASOLINA COMUM'));
INSERT INTO PRECO_COLETADO (Preco, UnidadeMedida, DataColeta, PostoCNPJ, CombustivelID) VALUES (5.390, 'R$ / litro', '2023-04-04', '04165053000113', (SELECT ID_Combustivel FROM COMBUSTIVEL WHERE Nome = 'GASOLINA COMUM'));
INSERT INTO PRECO_COLETADO (Preco, UnidadeMedida, DataColeta, PostoCNPJ, CombustivelID) VALUES (5.390, 'R$ / litro', '2023-04-10', '04165053000113', (SELECT ID_Combustivel FROM COMBUSTIVEL WHERE Nome = 'GASOLINA COMUM'));
INSERT INTO PRECO_COLETADO (Preco, UnidadeMedida, DataColeta, PostoCNPJ, CombustivelID) VALUES (5.490, 'R$ / litro', '2023-04-17', '04165053000113', (SELECT ID_Combustivel FROM COMBUSTIVEL WHERE Nome = 'GASOLINA COMUM'));
INSERT INTO PRECO_COLETADO (Preco, UnidadeMedida, DataColeta, PostoCNPJ, CombustivelID) VALUES (5.390, 'R$ / litro', '2023-04-24', '04165053000113', (SELECT ID_Combustivel FROM COMBUSTIVEL WHERE Nome = 'GASOLINA COMUM'));
INSERT INTO PRECO_COLETADO (Preco, UnidadeMedida, DataColeta, PostoCNPJ, CombustivelID) VALUES (5.190, 'R$ / litro', '2023-05-02', '04165053000113', (SELECT ID_Combustivel FROM COMBUSTIVEL WHERE Nome = 'GASOLINA COMUM'));
INSERT INTO PRECO_COLETADO (Preco, UnidadeMedida, DataColeta, PostoCNPJ, CombustivelID) VALUES (5.390, 'R$ / litro', '2023-05-08', '04165053000113', (SELECT ID_Combustivel FROM COMBUSTIVEL WHERE Nome = 'GASOLINA COMUM'));
INSERT INTO PRECO_COLETADO (Preco, UnidadeMedida, DataColeta, PostoCNPJ, CombustivelID) VALUES (5.190, 'R$ / litro', '2023-05-15', '04165053000113', (SELECT ID_Combustivel FROM COMBUSTIVEL WHERE Nome = 'GASOLINA COMUM'));
INSERT INTO PRECO_COLETADO (Preco, UnidadeMedida, DataColeta, PostoCNPJ, CombustivelID) VALUES (5.080, 'R$ / litro', '2023-05-22', '04165053000113', (SELECT ID_Combustivel FROM COMBUSTIVEL WHERE Nome = 'GASOLINA COMUM'));
INSERT INTO PRECO_COLETADO (Preco, UnidadeMedida, DataColeta, PostoCNPJ, CombustivelID) VALUES (5.040, 'R$ / litro', '2023-05-29', '04165053000113', (SELECT ID_Combustivel FROM COMBUSTIVEL WHERE Nome = 'GASOLINA COMUM'));
INSERT INTO PRECO_COLETADO (Preco, UnidadeMedida, DataColeta, PostoCNPJ, CombustivelID) VALUES (5.390, 'R$ / litro', '2023-06-05', '04165053000113', (SELECT ID_Combustivel FROM COMBUSTIVEL WHERE Nome = 'GASOLINA COMUM'));
INSERT INTO PRECO_COLETADO (Preco, UnidadeMedida, DataColeta, PostoCNPJ, CombustivelID) VALUES (5.340, 'R$ / litro', '2023-06-13', '04165053000113', (SELECT ID_Combustivel FROM COMBUSTIVEL WHERE Nome = 'GASOLINA COMUM'));
INSERT INTO PRECO_COLETADO (Preco, UnidadeMedida, DataColeta, PostoCNPJ, CombustivelID) VALUES (5.280, 'R$ / litro', '2023-06-20', '04165053000113', (SELECT ID_Combustivel FROM COMBUSTIVEL WHERE Nome = 'GASOLINA COMUM'));
INSERT INTO PRECO_COLETADO (Preco, UnidadeMedida, DataColeta, PostoCNPJ, CombustivelID) VALUES (5.280, 'R$ / litro', '2023-06-27', '04165053000113', (SELECT ID_Combustivel FROM COMBUSTIVEL WHERE Nome = 'GASOLINA COMUM'));
INSERT INTO PRECO_COLETADO (Preco, UnidadeMedida, DataColeta, PostoCNPJ, CombustivelID) VALUES (5.890, 'R$ / litro', '2023-07-04', '04165053000113', (SELECT ID_Combustivel FROM COMBUSTIVEL WHERE Nome = 'GASOLINA COMUM'));
INSERT INTO PRECO_COLETADO (Preco, UnidadeMedida, DataColeta, PostoCNPJ, CombustivelID) VALUES (5.790, 'R$ / litro', '2023-07-10', '04165053000113', (SELECT ID_Combustivel FROM COMBUSTIVEL WHERE Nome = 'GASOLINA COMUM'));
INSERT INTO PRECO_COLETADO (Preco, UnidadeMedida, DataColeta, PostoCNPJ, CombustivelID) VALUES (5.690, 'R$ / litro', '2023-07-17', '04165053000113', (SELECT ID_Combustivel FROM COMBUSTIVEL WHERE Nome = 'GASOLINA COMUM'));
INSERT INTO PRECO_COLETADO (Preco, UnidadeMedida, DataColeta, PostoCNPJ, CombustivelID) VALUES (5.490, 'R$ / litro', '2023-07-24', '04165053000113', (SELECT ID_Combustivel FROM COMBUSTIVEL WHERE Nome = 'GASOLINA COMUM'));
INSERT INTO PRECO_COLETADO (Preco, UnidadeMedida, DataColeta, PostoCNPJ, CombustivelID) VALUES (5.490, 'R$ / litro', '2023-07-31', '04165053000113', (SELECT ID_Combustivel FROM COMBUSTIVEL WHERE Nome = 'GASOLINA COMUM'));
INSERT INTO PRECO_COLETADO (Preco, UnidadeMedida, DataColeta, PostoCNPJ, CombustivelID) VALUES (5.490, 'R$ / litro', '2023-08-07', '04165053000113', (SELECT ID_Combustivel FROM COMBUSTIVEL WHERE Nome = 'GASOLINA COMUM'));
INSERT INTO PRECO_COLETADO (Preco, UnidadeMedida, DataColeta, PostoCNPJ, CombustivelID) VALUES (5.390, 'R$ / litro', '2023-08-15', '04165053000113', (SELECT ID_Combustivel FROM COMBUSTIVEL WHERE Nome = 'GASOLINA COMUM'));
INSERT INTO PRECO_COLETADO (Preco, UnidadeMedida, DataColeta, PostoCNPJ, CombustivelID) VALUES (5.990, 'R$ / litro', '2023-08-21', '04165053000113', (SELECT ID_Combustivel FROM COMBUSTIVEL WHERE Nome = 'GASOLINA COMUM'));
INSERT INTO PRECO_COLETADO (Preco, UnidadeMedida, DataColeta, PostoCNPJ, CombustivelID) VALUES (5.890, 'R$ / litro', '2023-08-30', '04165053000113', (SELECT ID_Combustivel FROM COMBUSTIVEL WHERE Nome = 'GASOLINA COMUM'));
INSERT INTO PRECO_COLETADO (Preco, UnidadeMedida, DataColeta, PostoCNPJ, CombustivelID) VALUES (5.790, 'R$ / litro', '2023-09-07', '04165053000113', (SELECT ID_Combustivel FROM COMBUSTIVEL WHERE Nome = 'GASOLINA COMUM'));
INSERT INTO PRECO_COLETADO (Preco, UnidadeMedida, DataColeta, PostoCNPJ, CombustivelID) VALUES (5.790, 'R$ / litro', '2023-09-12', '04165053000113', (SELECT ID_Combustivel FROM COMBUSTIVEL WHERE Nome = 'GASOLINA COMUM'));
INSERT INTO PRECO_COLETADO (Preco, UnidadeMedida, DataColeta, PostoCNPJ, CombustivelID) VALUES (5.790, 'R$ / litro', '2023-09-19', '04165053000113', (SELECT ID_Combustivel FROM COMBUSTIVEL WHERE Nome = 'GASOLINA COMUM'));
INSERT INTO PRECO_COLETADO (Preco, UnidadeMedida, DataColeta, PostoCNPJ, CombustivelID) VALUES (5.790, 'R$ / litro', '2023-09-26', '04165053000113', (SELECT ID_Combustivel FROM COMBUSTIVEL WHERE Nome = 'GASOLINA COMUM'));
INSERT INTO PRECO_COLETADO (Preco, UnidadeMedida, DataColeta, PostoCNPJ, CombustivelID) VALUES (5.790, 'R$ / litro', '2023-10-03', '04165053000113', (SELECT ID_Combustivel FROM COMBUSTIVEL WHERE Nome = 'GASOLINA COMUM'));
INSERT INTO PRECO_COLETADO (Preco, UnidadeMedida, DataColeta, PostoCNPJ, CombustivelID) VALUES (5.690, 'R$ / litro', '2023-10-10', '04165053000113', (SELECT ID_Combustivel FROM COMBUSTIVEL WHERE Nome = 'GASOLINA COMUM'));
INSERT INTO PRECO_COLETADO (Preco, UnidadeMedida, DataColeta, PostoCNPJ, CombustivelID) VALUES (5.690, 'R$ / litro', '2023-10-16', '04165053000113', (SELECT ID_Combustivel FROM COMBUSTIVEL WHERE Nome = 'GASOLINA COMUM'));
INSERT INTO PRECO_COLETADO (Preco, UnidadeMedida, DataColeta, PostoCNPJ, CombustivelID) VALUES (5.690, 'R$ / litro', '2023-10-24', '04165053000113', (SELECT ID_Combustivel FROM COMBUSTIVEL WHERE Nome = 'GASOLINA COMUM'));
INSERT INTO PRECO_COLETADO (Preco, UnidadeMedida, DataColeta, PostoCNPJ, CombustivelID) VALUES (5.690, 'R$ / litro', '2023-10-31', '04165053000113', (SELECT ID_Combustivel FROM COMBUSTIVEL WHERE Nome = 'GASOLINA COMUM'));
INSERT INTO PRECO_COLETADO (Preco, UnidadeMedida, DataColeta, PostoCNPJ, CombustivelID) VALUES (5.690, 'R$ / litro', '2023-11-07', '04165053000113', (SELECT ID_Combustivel FROM COMBUSTIVEL WHERE Nome = 'GASOLINA COMUM'));
INSERT INTO PRECO_COLETADO (Preco, UnidadeMedida, DataColeta, PostoCNPJ, CombustivelID) VALUES (5.590, 'R$ / litro', '2023-11-14', '04165053000113', (SELECT ID_Combustivel FROM COMBUSTIVEL WHERE Nome = 'GASOLINA COMUM'));
INSERT INTO PRECO_COLETADO (Preco, UnidadeMedida, DataColeta, PostoCNPJ, CombustivelID) VALUES (5.590, 'R$ / litro', '2023-11-21', '04165053000113', (SELECT ID_Combustivel FROM COMBUSTIVEL WHERE Nome = 'GASOLINA COMUM'));
INSERT INTO PRECO_COLETADO (Preco, UnidadeMedida, DataColeta, PostoCNPJ, CombustivelID) VALUES (5.590, 'R$ / litro', '2023-11-28', '04165053000113', (SELECT ID_Combustivel FROM COMBUSTIVEL WHERE Nome = 'GASOLINA COMUM'));
INSERT INTO PRECO_COLETADO (Preco, UnidadeMedida, DataColeta, PostoCNPJ, CombustivelID) VALUES (5.590, 'R$ / litro', '2023-12-06', '04165053000113', (SELECT ID_Combustivel FROM COMBUSTIVEL WHERE Nome = 'GASOLINA COMUM'));
INSERT INTO PRECO_COLETADO (Preco, UnidadeMedida, DataColeta, PostoCNPJ, CombustivelID) VALUES (5.590, 'R$ / litro', '2023-12-13', '04165053000113', (SELECT ID_Combustivel FROM COMBUSTIVEL WHERE Nome = 'GASOLINA COMUM'));
INSERT INTO PRECO_COLETADO (Preco, UnidadeMedida, DataColeta, PostoCNPJ, CombustivelID) VALUES (5.590, 'R$ / litro', '2023-12-18', '04165053000113', (SELECT ID_Combustivel FROM COMBUSTIVEL WHERE Nome = 'GASOLINA COMUM'));
INSERT INTO PRECO_COLETADO (Preco, UnidadeMedida, DataColeta, PostoCNPJ, CombustivelID) VALUES (5.590, 'R$ / litro', '2023-12-26', '04165053000113', (SELECT ID_Combustivel FROM COMBUSTIVEL WHERE Nome = 'GASOLINA COMUM'));
INSERT INTO PRECO_COLETADO (Preco, UnidadeMedida, DataColeta, PostoCNPJ, CombustivelID) VALUES (5.590, 'R$ / litro', '2024-01-03', '04165053000113', (SELECT ID_Combustivel FROM COMBUSTIVEL WHERE Nome = 'GASOLINA COMUM'));
INSERT INTO PRECO_COLETADO (Preco, UnidadeMedida, DataColeta, PostoCNPJ, CombustivelID) VALUES (5.590, 'R$ / litro', '2024-01-08', '04165053000113', (SELECT ID_Combustivel FROM COMBUSTIVEL WHERE Nome = 'GASOLINA COMUM'));
INSERT INTO PRECO_COLETADO (Preco, UnidadeMedida, DataColeta, PostoCNPJ, CombustivelID) VALUES (5.590, 'R$ / litro', '2024-01-15', '04165053000113', (SELECT ID_Combustivel FROM COMBUSTIVEL WHERE Nome = 'GASOLINA COMUM'));
INSERT INTO PRECO_COLETADO (Preco, UnidadeMedida, DataColeta, PostoCNPJ, CombustivelID) VALUES (5.490, 'R$ / litro', '2024-01-22', '04165053000113', (SELECT ID_Combustivel FROM COMBUSTIVEL WHERE Nome = 'GASOLINA COMUM'));
INSERT INTO PRECO_COLETADO (Preco, UnidadeMedida, DataColeta, PostoCNPJ, CombustivelID) VALUES (5.390, 'R$ / litro', '2024-01-29', '04165053000113', (SELECT ID_Combustivel FROM COMBUSTIVEL WHERE Nome = 'GASOLINA COMUM'));
INSERT INTO PRECO_COLETADO (Preco, UnidadeMedida, DataColeta, PostoCNPJ, CombustivelID) VALUES (5.690, 'R$ / litro', '2024-02-05', '04165053000113', (SELECT ID_Combustivel FROM COMBUSTIVEL WHERE Nome = 'GASOLINA COMUM'));
INSERT INTO PRECO_COLETADO (Preco, UnidadeMedida, DataColeta, PostoCNPJ, CombustivelID) VALUES (5.690, 'R$ / litro', '2024-02-12', '04165053000113', (SELECT ID_Combustivel FROM COMBUSTIVEL WHERE Nome = 'GASOLINA COMUM'));
INSERT INTO PRECO_COLETADO (Preco, UnidadeMedida, DataColeta, PostoCNPJ, CombustivelID) VALUES (5.690, 'R$ / litro', '2024-02-19', '04165053000113', (SELECT ID_Combustivel FROM COMBUSTIVEL WHERE Nome = 'GASOLINA COMUM'));
INSERT INTO PRECO_COLETADO (Preco, UnidadeMedida, DataColeta, PostoCNPJ, CombustivelID) VALUES (5.890, 'R$ / litro', '2024-02-26', '04165053000113', (SELECT ID_Combustivel FROM COMBUSTIVEL WHERE Nome = 'GASOLINA COMUM'));
INSERT INTO PRECO_COLETADO (Preco, UnidadeMedida, DataColeta, PostoCNPJ, CombustivelID) VALUES (5.690, 'R$ / litro', '2024-03-04', '04165053000113', (SELECT ID_Combustivel FROM COMBUSTIVEL WHERE Nome = 'GASOLINA COMUM'));
INSERT INTO PRECO_COLETADO (Preco, UnidadeMedida, DataColeta, PostoCNPJ, CombustivelID) VALUES (5.890, 'R$ / litro', '2024-03-11', '04165053000113', (SELECT ID_Combustivel FROM COMBUSTIVEL WHERE Nome = 'GASOLINA COMUM'));
INSERT INTO PRECO_COLETADO (Preco, UnidadeMedida, DataColeta, PostoCNPJ, CombustivelID) VALUES (5.590, 'R$ / litro', '2024-03-18', '04165053000113', (SELECT ID_Combustivel FROM COMBUSTIVEL WHERE Nome = 'GASOLINA COMUM'));
INSERT INTO PRECO_COLETADO (Preco, UnidadeMedida, DataColeta, PostoCNPJ, CombustivelID) VALUES (5.590, 'R$ / litro', '2024-03-28', '04165053000113', (SELECT ID_Combustivel FROM COMBUSTIVEL WHERE Nome = 'GASOLINA COMUM'));
INSERT INTO PRECO_COLETADO (Preco, UnidadeMedida, DataColeta, PostoCNPJ, CombustivelID) VALUES (5.590, 'R$ / litro', '2024-04-01', '04165053000113', (SELECT ID_Combustivel FROM COMBUSTIVEL WHERE Nome = 'GASOLINA COMUM'));
INSERT INTO PRECO_COLETADO (Preco, UnidadeMedida, DataColeta, PostoCNPJ, CombustivelID) VALUES (5.590, 'R$ / litro', '2024-04-08', '04165053000113', (SELECT ID_Combustivel FROM COMBUSTIVEL WHERE Nome = 'GASOLINA COMUM'));
INSERT INTO PRECO_COLETADO (Preco, UnidadeMedida, DataColeta, PostoCNPJ, CombustivelID) VALUES (5.490, 'R$ / litro', '2024-04-15', '04165053000113', (SELECT ID_Combustivel FROM COMBUSTIVEL WHERE Nome = 'GASOLINA COMUM'));
INSERT INTO PRECO_COLETADO (Preco, UnidadeMedida, DataColeta, PostoCNPJ, CombustivelID) VALUES (5.550, 'R$ / litro', '2024-04-22', '04165053000113', (SELECT ID_Combustivel FROM COMBUSTIVEL WHERE Nome = 'GASOLINA COMUM'));
INSERT INTO PRECO_COLETADO (Preco, UnidadeMedida, DataColeta, PostoCNPJ, CombustivelID) VALUES (5.690, 'R$ / litro', '2024-04-29', '04165053000113', (SELECT ID_Combustivel FROM COMBUSTIVEL WHERE Nome = 'GASOLINA COMUM'));
INSERT INTO PRECO_COLETADO (Preco, UnidadeMedida, DataColeta, PostoCNPJ, CombustivelID) VALUES (5.790, 'R$ / litro', '2024-05-06', '04165053000113', (SELECT ID_Combustivel FROM COMBUSTIVEL WHERE Nome = 'GASOLINA COMUM'));
INSERT INTO PRECO_COLETADO (Preco, UnidadeMedida, DataColeta, PostoCNPJ, CombustivelID) VALUES (5.790, 'R$ / litro', '2024-05-14', '04165053000113', (SELECT ID_Combustivel FROM COMBUSTIVEL WHERE Nome = 'GASOLINA COMUM'));
INSERT INTO PRECO_COLETADO (Preco, UnidadeMedida, DataColeta, PostoCNPJ, CombustivelID) VALUES (5.790, 'R$ / litro', '2024-05-20', '04165053000113', (SELECT ID_Combustivel FROM COMBUSTIVEL WHERE Nome = 'GASOLINA COMUM'));
INSERT INTO PRECO_COLETADO (Preco, UnidadeMedida, DataColeta, PostoCNPJ, CombustivelID) VALUES (5.790, 'R$ / litro', '2024-05-27', '04165053000113', (SELECT ID_Combustivel FROM COMBUSTIVEL WHERE Nome = 'GASOLINA COMUM'));
INSERT INTO PRECO_COLETADO (Preco, UnidadeMedida, DataColeta, PostoCNPJ, CombustivelID) VALUES (5.690, 'R$ / litro', '2024-06-04', '04165053000113', (SELECT ID_Combustivel FROM COMBUSTIVEL WHERE Nome = 'GASOLINA COMUM'));
INSERT INTO PRECO_COLETADO (Preco, UnidadeMedida, DataColeta, PostoCNPJ, CombustivelID) VALUES (5.750, 'R$ / litro', '2024-06-17', '04165053000113', (SELECT ID_Combustivel FROM COMBUSTIVEL WHERE Nome = 'GASOLINA COMUM'));
INSERT INTO PRECO_COLETADO (Preco, UnidadeMedida, DataColeta, PostoCNPJ, CombustivelID) VALUES (5.750, 'R$ / litro', '2024-06-24', '04165053000113', (SELECT ID_Combustivel FROM COMBUSTIVEL WHERE Nome = 'GASOLINA COMUM'));
INSERT INTO PRECO_COLETADO (Preco, UnidadeMedida, DataColeta, PostoCNPJ, CombustivelID) VALUES (5.690, 'R$ / litro', '2024-07-01', '04165053000113', (SELECT ID_Combustivel FROM COMBUSTIVEL WHERE Nome = 'GASOLINA COMUM'));
INSERT INTO PRECO_COLETADO (Preco, UnidadeMedida, DataColeta, PostoCNPJ, CombustivelID) VALUES (5.950, 'R$ / litro', '2024-07-09', '04165053000113', (SELECT ID_Combustivel FROM COMBUSTIVEL WHERE Nome = 'GASOLINA COMUM'));
INSERT INTO PRECO_COLETADO (Preco, UnidadeMedida, DataColeta, PostoCNPJ, CombustivelID) VALUES (6.150, 'R$ / litro', '2024-07-16', '04165053000113', (SELECT ID_Combustivel FROM COMBUSTIVEL WHERE Nome = 'GASOLINA COMUM'));
INSERT INTO PRECO_COLETADO (Preco, UnidadeMedida, DataColeta, PostoCNPJ, CombustivelID) VALUES (6.150, 'R$ / litro', '2024-07-22', '04165053000113', (SELECT ID_Combustivel FROM COMBUSTIVEL WHERE Nome = 'GASOLINA COMUM'));
INSERT INTO PRECO_COLETADO (Preco, UnidadeMedida, DataColeta, PostoCNPJ, CombustivelID) VALUES (6.060, 'R$ / litro', '2024-08-20', '04165053000113', (SELECT ID_Combustivel FROM COMBUSTIVEL WHERE Nome = 'GASOLINA COMUM'));
INSERT INTO PRECO_COLETADO (Preco, UnidadeMedida, DataColeta, PostoCNPJ, CombustivelID) VALUES (6.060, 'R$ / litro', '2024-08-27', '04165053000113', (SELECT ID_Combustivel FROM COMBUSTIVEL WHERE Nome = 'GASOLINA COMUM'));
INSERT INTO PRECO_COLETADO (Preco, UnidadeMedida, DataColeta, PostoCNPJ, CombustivelID) VALUES (6.060, 'R$ / litro', '2024-09-02', '04165053000113', (SELECT ID_Combustivel FROM COMBUSTIVEL WHERE Nome = 'GASOLINA COMUM'));
INSERT INTO POSTO (CNPJ, RazaoSocial, NomeFantasia, Bandeira, Logradouro, Numero, Bairro, Cidade, Estado, CEP) VALUES ('02648712000147', 'AUTO POSTO E SERVICOS ZUMACH LTDA', 'POSTO SHALOM', 'BRANCA', 'AVENIDA VITORIA REGIA', '1.4', 'JARDIM ASTECA', 'VILA VELHA', 'ESPIRITO SANTO', '29104485');
INSERT INTO PRECO_COLETADO (Preco, UnidadeMedida, DataColeta, PostoCNPJ, CombustivelID) VALUES (4.090, 'R$ / litro', '2022-10-24', '02648712000147', (SELECT ID_Combustivel FROM COMBUSTIVEL WHERE Nome = 'ETANOL'));
INSERT INTO PRECO_COLETADO (Preco, UnidadeMedida, DataColeta, PostoCNPJ, CombustivelID) VALUES (4.090, 'R$ / litro', '2022-10-31', '02648712000147', (SELECT ID_Combustivel FROM COMBUSTIVEL WHERE Nome = 'ETANOL'));
INSERT INTO PRECO_COLETADO (Preco, UnidadeMedida, DataColeta, PostoCNPJ, CombustivelID) VALUES (4.190, 'R$ / litro', '2022-11-14', '02648712000147', (SELECT ID_Combustivel FROM COMBUSTIVEL WHERE Nome = 'ETANOL'));
INSERT INTO PRECO_COLETADO (Preco, UnidadeMedida, DataColeta, PostoCNPJ, CombustivelID) VALUES (4.190, 'R$ / litro', '2022-11-22', '02648712000147', (SELECT ID_Combustivel FROM COMBUSTIVEL WHERE Nome = 'ETANOL'));
INSERT INTO PRECO_COLETADO (Preco, UnidadeMedida, DataColeta, PostoCNPJ, CombustivelID) VALUES (4.190, 'R$ / litro', '2022-12-05', '02648712000147', (SELECT ID_Combustivel FROM COMBUSTIVEL WHERE Nome = 'ETANOL'));
INSERT INTO PRECO_COLETADO (Preco, UnidadeMedida, DataColeta, PostoCNPJ, CombustivelID) VALUES (4.190, 'R$ / litro', '2022-12-12', '02648712000147', (SELECT ID_Combustivel FROM COMBUSTIVEL WHERE Nome = 'ETANOL'));
INSERT INTO PRECO_COLETADO (Preco, UnidadeMedida, DataColeta, PostoCNPJ, CombustivelID) VALUES (4.190, 'R$ / litro', '2022-12-22', '02648712000147', (SELECT ID_Combustivel FROM COMBUSTIVEL WHERE Nome = 'ETANOL'));
INSERT INTO PRECO_COLETADO (Preco, UnidadeMedida, DataColeta, PostoCNPJ, CombustivelID) VALUES (4.190, 'R$ / litro', '2022-12-26', '02648712000147', (SELECT ID_Combustivel FROM COMBUSTIVEL WHERE Nome = 'ETANOL'));
INSERT INTO PRECO_COLETADO (Preco, UnidadeMedida, DataColeta, PostoCNPJ, CombustivelID) VALUES (4.190, 'R$ / litro', '2023-01-03', '02648712000147', (SELECT ID_Combustivel FROM COMBUSTIVEL WHERE Nome = 'ETANOL'));
INSERT INTO PRECO_COLETADO (Preco, UnidadeMedida, DataColeta, PostoCNPJ, CombustivelID) VALUES (4.190, 'R$ / litro', '2023-01-09', '02648712000147', (SELECT ID_Combustivel FROM COMBUSTIVEL WHERE Nome = 'ETANOL'));
INSERT INTO PRECO_COLETADO (Preco, UnidadeMedida, DataColeta, PostoCNPJ, CombustivelID) VALUES (4.190, 'R$ / litro', '2023-01-16', '02648712000147', (SELECT ID_Combustivel FROM COMBUSTIVEL WHERE Nome = 'ETANOL'));
INSERT INTO PRECO_COLETADO (Preco, UnidadeMedida, DataColeta, PostoCNPJ, CombustivelID) VALUES (4.190, 'R$ / litro', '2023-01-23', '02648712000147', (SELECT ID_Combustivel FROM COMBUSTIVEL WHERE Nome = 'ETANOL'));
INSERT INTO PRECO_COLETADO (Preco, UnidadeMedida, DataColeta, PostoCNPJ, CombustivelID) VALUES (4.190, 'R$ / litro', '2023-01-30', '02648712000147', (SELECT ID_Combustivel FROM COMBUSTIVEL WHERE Nome = 'ETANOL'));
INSERT INTO PRECO_COLETADO (Preco, UnidadeMedida, DataColeta, PostoCNPJ, CombustivelID) VALUES (4.190, 'R$ / litro', '2023-02-06', '02648712000147', (SELECT ID_Combustivel FROM COMBUSTIVEL WHERE Nome = 'ETANOL'));
INSERT INTO PRECO_COLETADO (Preco, UnidadeMedida, DataColeta, PostoCNPJ, CombustivelID) VALUES (4.190, 'R$ / litro', '2023-02-13', '02648712000147', (SELECT ID_Combustivel FROM COMBUSTIVEL WHERE Nome = 'ETANOL'));
INSERT INTO PRECO_COLETADO (Preco, UnidadeMedida, DataColeta, PostoCNPJ, CombustivelID) VALUES (4.190, 'R$ / litro', '2023-02-20', '02648712000147', (SELECT ID_Combustivel FROM COMBUSTIVEL WHERE Nome = 'ETANOL'));
INSERT INTO PRECO_COLETADO (Preco, UnidadeMedida, DataColeta, PostoCNPJ, CombustivelID) VALUES (4.190, 'R$ / litro', '2023-02-27', '02648712000147', (SELECT ID_Combustivel FROM COMBUSTIVEL WHERE Nome = 'ETANOL'));
INSERT INTO PRECO_COLETADO (Preco, UnidadeMedida, DataColeta, PostoCNPJ, CombustivelID) VALUES (4.380, 'R$ / litro', '2023-03-06', '02648712000147', (SELECT ID_Combustivel FROM COMBUSTIVEL WHERE Nome = 'ETANOL'));
INSERT INTO PRECO_COLETADO (Preco, UnidadeMedida, DataColeta, PostoCNPJ, CombustivelID) VALUES (4.380, 'R$ / litro', '2023-03-16', '02648712000147', (SELECT ID_Combustivel FROM COMBUSTIVEL WHERE Nome = 'ETANOL'));
INSERT INTO PRECO_COLETADO (Preco, UnidadeMedida, DataColeta, PostoCNPJ, CombustivelID) VALUES (4.380, 'R$ / litro', '2023-03-21', '02648712000147', (SELECT ID_Combustivel FROM COMBUSTIVEL WHERE Nome = 'ETANOL'));
INSERT INTO PRECO_COLETADO (Preco, UnidadeMedida, DataColeta, PostoCNPJ, CombustivelID) VALUES (4.380, 'R$ / litro', '2023-03-27', '02648712000147', (SELECT ID_Combustivel FROM COMBUSTIVEL WHERE Nome = 'ETANOL'));
INSERT INTO PRECO_COLETADO (Preco, UnidadeMedida, DataColeta, PostoCNPJ, CombustivelID) VALUES (4.380, 'R$ / litro', '2023-04-04', '02648712000147', (SELECT ID_Combustivel FROM COMBUSTIVEL WHERE Nome = 'ETANOL'));
INSERT INTO PRECO_COLETADO (Preco, UnidadeMedida, DataColeta, PostoCNPJ, CombustivelID) VALUES (4.380, 'R$ / litro', '2023-04-11', '02648712000147', (SELECT ID_Combustivel FROM COMBUSTIVEL WHERE Nome = 'ETANOL'));
INSERT INTO PRECO_COLETADO (Preco, UnidadeMedida, DataColeta, PostoCNPJ, CombustivelID) VALUES (4.490, 'R$ / litro', '2023-04-17', '02648712000147', (SELECT ID_Combustivel FROM COMBUSTIVEL WHERE Nome = 'ETANOL'));
INSERT INTO PRECO_COLETADO (Preco, UnidadeMedida, DataColeta, PostoCNPJ, CombustivelID) VALUES (4.490, 'R$ / litro', '2023-04-24', '02648712000147', (SELECT ID_Combustivel FROM COMBUSTIVEL WHERE Nome = 'ETANOL'));
INSERT INTO PRECO_COLETADO (Preco, UnidadeMedida, DataColeta, PostoCNPJ, CombustivelID) VALUES (4.490, 'R$ / litro', '2023-05-09', '02648712000147', (SELECT ID_Combustivel FROM COMBUSTIVEL WHERE Nome = 'ETANOL'));
INSERT INTO PRECO_COLETADO (Preco, UnidadeMedida, DataColeta, PostoCNPJ, CombustivelID) VALUES (4.490, 'R$ / litro', '2023-05-15', '02648712000147', (SELECT ID_Combustivel FROM COMBUSTIVEL WHERE Nome = 'ETANOL'));
INSERT INTO PRECO_COLETADO (Preco, UnidadeMedida, DataColeta, PostoCNPJ, CombustivelID) VALUES (4.490, 'R$ / litro', '2023-05-23', '02648712000147', (SELECT ID_Combustivel FROM COMBUSTIVEL WHERE Nome = 'ETANOL'));
INSERT INTO PRECO_COLETADO (Preco, UnidadeMedida, DataColeta, PostoCNPJ, CombustivelID) VALUES (4.490, 'R$ / litro', '2023-05-29', '02648712000147', (SELECT ID_Combustivel FROM COMBUSTIVEL WHERE Nome = 'ETANOL'));
INSERT INTO PRECO_COLETADO (Preco, UnidadeMedida, DataColeta, PostoCNPJ, CombustivelID) VALUES (4.490, 'R$ / litro', '2023-06-05', '02648712000147', (SELECT ID_Combustivel FROM COMBUSTIVEL WHERE Nome = 'ETANOL'));
INSERT INTO PRECO_COLETADO (Preco, UnidadeMedida, DataColeta, PostoCNPJ, CombustivelID) VALUES (4.280, 'R$ / litro', '2023-06-13', '02648712000147', (SELECT ID_Combustivel FROM COMBUSTIVEL WHERE Nome = 'ETANOL'));
INSERT INTO PRECO_COLETADO (Preco, UnidadeMedida, DataColeta, PostoCNPJ, CombustivelID) VALUES (4.280, 'R$ / litro', '2023-06-20', '02648712000147', (SELECT ID_Combustivel FROM COMBUSTIVEL WHERE Nome = 'ETANOL'));
INSERT INTO PRECO_COLETADO (Preco, UnidadeMedida, DataColeta, PostoCNPJ, CombustivelID) VALUES (4.090, 'R$ / litro', '2023-06-27', '02648712000147', (SELECT ID_Combustivel FROM COMBUSTIVEL WHERE Nome = 'ETANOL'));
INSERT INTO PRECO_COLETADO (Preco, UnidadeMedida, DataColeta, PostoCNPJ, CombustivelID) VALUES (4.690, 'R$ / litro', '2023-07-04', '02648712000147', (SELECT ID_Combustivel FROM COMBUSTIVEL WHERE Nome = 'ETANOL'));
INSERT INTO PRECO_COLETADO (Preco, UnidadeMedida, DataColeta, PostoCNPJ, CombustivelID) VALUES (4.590, 'R$ / litro', '2023-07-10', '02648712000147', (SELECT ID_Combustivel FROM COMBUSTIVEL WHERE Nome = 'ETANOL'));
INSERT INTO PRECO_COLETADO (Preco, UnidadeMedida, DataColeta, PostoCNPJ, CombustivelID) VALUES (4.590, 'R$ / litro', '2023-07-17', '02648712000147', (SELECT ID_Combustivel FROM COMBUSTIVEL WHERE Nome = 'ETANOL'));
INSERT INTO PRECO_COLETADO (Preco, UnidadeMedida, DataColeta, PostoCNPJ, CombustivelID) VALUES (4.590, 'R$ / litro', '2023-07-24', '02648712000147', (SELECT ID_Combustivel FROM COMBUSTIVEL WHERE Nome = 'ETANOL'));
INSERT INTO PRECO_COLETADO (Preco, UnidadeMedida, DataColeta, PostoCNPJ, CombustivelID) VALUES (4.590, 'R$ / litro', '2023-07-31', '02648712000147', (SELECT ID_Combustivel FROM COMBUSTIVEL WHERE Nome = 'ETANOL'));
INSERT INTO PRECO_COLETADO (Preco, UnidadeMedida, DataColeta, PostoCNPJ, CombustivelID) VALUES (4.590, 'R$ / litro', '2023-08-15', '02648712000147', (SELECT ID_Combustivel FROM COMBUSTIVEL WHERE Nome = 'ETANOL'));
INSERT INTO PRECO_COLETADO (Preco, UnidadeMedida, DataColeta, PostoCNPJ, CombustivelID) VALUES (4.590, 'R$ / litro', '2023-08-22', '02648712000147', (SELECT ID_Combustivel FROM COMBUSTIVEL WHERE Nome = 'ETANOL'));
INSERT INTO PRECO_COLETADO (Preco, UnidadeMedida, DataColeta, PostoCNPJ, CombustivelID) VALUES (4.090, 'R$ / litro', '2023-08-30', '02648712000147', (SELECT ID_Combustivel FROM COMBUSTIVEL WHERE Nome = 'ETANOL'));
INSERT INTO PRECO_COLETADO (Preco, UnidadeMedida, DataColeta, PostoCNPJ, CombustivelID) VALUES (4.090, 'R$ / litro', '2023-09-07', '02648712000147', (SELECT ID_Combustivel FROM COMBUSTIVEL WHERE Nome = 'ETANOL'));
INSERT INTO PRECO_COLETADO (Preco, UnidadeMedida, DataColeta, PostoCNPJ, CombustivelID) VALUES (4.090, 'R$ / litro', '2023-09-12', '02648712000147', (SELECT ID_Combustivel FROM COMBUSTIVEL WHERE Nome = 'ETANOL'));
INSERT INTO PRECO_COLETADO (Preco, UnidadeMedida, DataColeta, PostoCNPJ, CombustivelID) VALUES (4.090, 'R$ / litro', '2023-09-19', '02648712000147', (SELECT ID_Combustivel FROM COMBUSTIVEL WHERE Nome = 'ETANOL'));
INSERT INTO PRECO_COLETADO (Preco, UnidadeMedida, DataColeta, PostoCNPJ, CombustivelID) VALUES (4.090, 'R$ / litro', '2023-09-26', '02648712000147', (SELECT ID_Combustivel FROM COMBUSTIVEL WHERE Nome = 'ETANOL'));
INSERT INTO PRECO_COLETADO (Preco, UnidadeMedida, DataColeta, PostoCNPJ, CombustivelID) VALUES (4.090, 'R$ / litro', '2023-10-03', '02648712000147', (SELECT ID_Combustivel FROM COMBUSTIVEL WHERE Nome = 'ETANOL'));
INSERT INTO PRECO_COLETADO (Preco, UnidadeMedida, DataColeta, PostoCNPJ, CombustivelID) VALUES (4.090, 'R$ / litro', '2023-10-10', '02648712000147', (SELECT ID_Combustivel FROM COMBUSTIVEL WHERE Nome = 'ETANOL'));
INSERT INTO PRECO_COLETADO (Preco, UnidadeMedida, DataColeta, PostoCNPJ, CombustivelID) VALUES (4.090, 'R$ / litro', '2023-10-16', '02648712000147', (SELECT ID_Combustivel FROM COMBUSTIVEL WHERE Nome = 'ETANOL'));
INSERT INTO PRECO_COLETADO (Preco, UnidadeMedida, DataColeta, PostoCNPJ, CombustivelID) VALUES (4.090, 'R$ / litro', '2023-10-24', '02648712000147', (SELECT ID_Combustivel FROM COMBUSTIVEL WHERE Nome = 'ETANOL'));
INSERT INTO PRECO_COLETADO (Preco, UnidadeMedida, DataColeta, PostoCNPJ, CombustivelID) VALUES (4.090, 'R$ / litro', '2023-10-31', '02648712000147', (SELECT ID_Combustivel FROM COMBUSTIVEL WHERE Nome = 'ETANOL'));
INSERT INTO PRECO_COLETADO (Preco, UnidadeMedida, DataColeta, PostoCNPJ, CombustivelID) VALUES (4.090, 'R$ / litro', '2023-11-07', '02648712000147', (SELECT ID_Combustivel FROM COMBUSTIVEL WHERE Nome = 'ETANOL'));
INSERT INTO PRECO_COLETADO (Preco, UnidadeMedida, DataColeta, PostoCNPJ, CombustivelID) VALUES (3.990, 'R$ / litro', '2023-11-14', '02648712000147', (SELECT ID_Combustivel FROM COMBUSTIVEL WHERE Nome = 'ETANOL'));
INSERT INTO PRECO_COLETADO (Preco, UnidadeMedida, DataColeta, PostoCNPJ, CombustivelID) VALUES (3.990, 'R$ / litro', '2023-11-21', '02648712000147', (SELECT ID_Combustivel FROM COMBUSTIVEL WHERE Nome = 'ETANOL'));
INSERT INTO PRECO_COLETADO (Preco, UnidadeMedida, DataColeta, PostoCNPJ, CombustivelID) VALUES (3.990, 'R$ / litro', '2023-11-28', '02648712000147', (SELECT ID_Combustivel FROM COMBUSTIVEL WHERE Nome = 'ETANOL'));
INSERT INTO PRECO_COLETADO (Preco, UnidadeMedida, DataColeta, PostoCNPJ, CombustivelID) VALUES (3.990, 'R$ / litro', '2023-12-06', '02648712000147', (SELECT ID_Combustivel FROM COMBUSTIVEL WHERE Nome = 'ETANOL'));
INSERT INTO PRECO_COLETADO (Preco, UnidadeMedida, DataColeta, PostoCNPJ, CombustivelID) VALUES (3.990, 'R$ / litro', '2023-12-13', '02648712000147', (SELECT ID_Combustivel FROM COMBUSTIVEL WHERE Nome = 'ETANOL'));
INSERT INTO PRECO_COLETADO (Preco, UnidadeMedida, DataColeta, PostoCNPJ, CombustivelID) VALUES (3.990, 'R$ / litro', '2023-12-26', '02648712000147', (SELECT ID_Combustivel FROM COMBUSTIVEL WHERE Nome = 'ETANOL'));
INSERT INTO PRECO_COLETADO (Preco, UnidadeMedida, DataColeta, PostoCNPJ, CombustivelID) VALUES (3.990, 'R$ / litro', '2024-01-03', '02648712000147', (SELECT ID_Combustivel FROM COMBUSTIVEL WHERE Nome = 'ETANOL'));
INSERT INTO PRECO_COLETADO (Preco, UnidadeMedida, DataColeta, PostoCNPJ, CombustivelID) VALUES (3.990, 'R$ / litro', '2024-01-08', '02648712000147', (SELECT ID_Combustivel FROM COMBUSTIVEL WHERE Nome = 'ETANOL'));
INSERT INTO PRECO_COLETADO (Preco, UnidadeMedida, DataColeta, PostoCNPJ, CombustivelID) VALUES (3.890, 'R$ / litro', '2024-01-15', '02648712000147', (SELECT ID_Combustivel FROM COMBUSTIVEL WHERE Nome = 'ETANOL'));
INSERT INTO PRECO_COLETADO (Preco, UnidadeMedida, DataColeta, PostoCNPJ, CombustivelID) VALUES (3.890, 'R$ / litro', '2024-01-22', '02648712000147', (SELECT ID_Combustivel FROM COMBUSTIVEL WHERE Nome = 'ETANOL'));
INSERT INTO PRECO_COLETADO (Preco, UnidadeMedida, DataColeta, PostoCNPJ, CombustivelID) VALUES (3.890, 'R$ / litro', '2024-01-29', '02648712000147', (SELECT ID_Combustivel FROM COMBUSTIVEL WHERE Nome = 'ETANOL'));
INSERT INTO PRECO_COLETADO (Preco, UnidadeMedida, DataColeta, PostoCNPJ, CombustivelID) VALUES (3.990, 'R$ / litro', '2024-02-05', '02648712000147', (SELECT ID_Combustivel FROM COMBUSTIVEL WHERE Nome = 'ETANOL'));
INSERT INTO PRECO_COLETADO (Preco, UnidadeMedida, DataColeta, PostoCNPJ, CombustivelID) VALUES (3.990, 'R$ / litro', '2024-02-12', '02648712000147', (SELECT ID_Combustivel FROM COMBUSTIVEL WHERE Nome = 'ETANOL'));
INSERT INTO PRECO_COLETADO (Preco, UnidadeMedida, DataColeta, PostoCNPJ, CombustivelID) VALUES (3.990, 'R$ / litro', '2024-02-19', '02648712000147', (SELECT ID_Combustivel FROM COMBUSTIVEL WHERE Nome = 'ETANOL'));
INSERT INTO PRECO_COLETADO (Preco, UnidadeMedida, DataColeta, PostoCNPJ, CombustivelID) VALUES (3.990, 'R$ / litro', '2024-03-04', '02648712000147', (SELECT ID_Combustivel FROM COMBUSTIVEL WHERE Nome = 'ETANOL'));
INSERT INTO PRECO_COLETADO (Preco, UnidadeMedida, DataColeta, PostoCNPJ, CombustivelID) VALUES (3.990, 'R$ / litro', '2024-03-11', '02648712000147', (SELECT ID_Combustivel FROM COMBUSTIVEL WHERE Nome = 'ETANOL'));
INSERT INTO PRECO_COLETADO (Preco, UnidadeMedida, DataColeta, PostoCNPJ, CombustivelID) VALUES (3.990, 'R$ / litro', '2024-03-25', '02648712000147', (SELECT ID_Combustivel FROM COMBUSTIVEL WHERE Nome = 'ETANOL'));
INSERT INTO PRECO_COLETADO (Preco, UnidadeMedida, DataColeta, PostoCNPJ, CombustivelID) VALUES (3.990, 'R$ / litro', '2024-04-02', '02648712000147', (SELECT ID_Combustivel FROM COMBUSTIVEL WHERE Nome = 'ETANOL'));
INSERT INTO PRECO_COLETADO (Preco, UnidadeMedida, DataColeta, PostoCNPJ, CombustivelID) VALUES (4.190, 'R$ / litro', '2024-04-15', '02648712000147', (SELECT ID_Combustivel FROM COMBUSTIVEL WHERE Nome = 'ETANOL'));
INSERT INTO PRECO_COLETADO (Preco, UnidadeMedida, DataColeta, PostoCNPJ, CombustivelID) VALUES (4.350, 'R$ / litro', '2024-04-22', '02648712000147', (SELECT ID_Combustivel FROM COMBUSTIVEL WHERE Nome = 'ETANOL'));
INSERT INTO PRECO_COLETADO (Preco, UnidadeMedida, DataColeta, PostoCNPJ, CombustivelID) VALUES (3.990, 'R$ / litro', '2024-04-29', '02648712000147', (SELECT ID_Combustivel FROM COMBUSTIVEL WHERE Nome = 'ETANOL'));
INSERT INTO PRECO_COLETADO (Preco, UnidadeMedida, DataColeta, PostoCNPJ, CombustivelID) VALUES (3.990, 'R$ / litro', '2024-05-06', '02648712000147', (SELECT ID_Combustivel FROM COMBUSTIVEL WHERE Nome = 'ETANOL'));
INSERT INTO PRECO_COLETADO (Preco, UnidadeMedida, DataColeta, PostoCNPJ, CombustivelID) VALUES (3.990, 'R$ / litro', '2024-05-20', '02648712000147', (SELECT ID_Combustivel FROM COMBUSTIVEL WHERE Nome = 'ETANOL'));
INSERT INTO PRECO_COLETADO (Preco, UnidadeMedida, DataColeta, PostoCNPJ, CombustivelID) VALUES (3.990, 'R$ / litro', '2024-05-27', '02648712000147', (SELECT ID_Combustivel FROM COMBUSTIVEL WHERE Nome = 'ETANOL'));
INSERT INTO PRECO_COLETADO (Preco, UnidadeMedida, DataColeta, PostoCNPJ, CombustivelID) VALUES (3.990, 'R$ / litro', '2024-06-03', '02648712000147', (SELECT ID_Combustivel FROM COMBUSTIVEL WHERE Nome = 'ETANOL'));
INSERT INTO PRECO_COLETADO (Preco, UnidadeMedida, DataColeta, PostoCNPJ, CombustivelID) VALUES (3.990, 'R$ / litro', '2024-06-17', '02648712000147', (SELECT ID_Combustivel FROM COMBUSTIVEL WHERE Nome = 'ETANOL'));
INSERT INTO PRECO_COLETADO (Preco, UnidadeMedida, DataColeta, PostoCNPJ, CombustivelID) VALUES (3.990, 'R$ / litro', '2024-06-24', '02648712000147', (SELECT ID_Combustivel FROM COMBUSTIVEL WHERE Nome = 'ETANOL'));
INSERT INTO PRECO_COLETADO (Preco, UnidadeMedida, DataColeta, PostoCNPJ, CombustivelID) VALUES (3.990, 'R$ / litro', '2024-07-01', '02648712000147', (SELECT ID_Combustivel FROM COMBUSTIVEL WHERE Nome = 'ETANOL'));
INSERT INTO PRECO_COLETADO (Preco, UnidadeMedida, DataColeta, PostoCNPJ, CombustivelID) VALUES (3.990, 'R$ / litro', '2024-07-09', '02648712000147', (SELECT ID_Combustivel FROM COMBUSTIVEL WHERE Nome = 'ETANOL'));
INSERT INTO PRECO_COLETADO (Preco, UnidadeMedida, DataColeta, PostoCNPJ, CombustivelID) VALUES (4.290, 'R$ / litro', '2024-07-16', '02648712000147', (SELECT ID_Combustivel FROM COMBUSTIVEL WHERE Nome = 'ETANOL'));
INSERT INTO PRECO_COLETADO (Preco, UnidadeMedida, DataColeta, PostoCNPJ, CombustivelID) VALUES (4.290, 'R$ / litro', '2024-07-22', '02648712000147', (SELECT ID_Combustivel FROM COMBUSTIVEL WHERE Nome = 'ETANOL'));
INSERT INTO PRECO_COLETADO (Preco, UnidadeMedida, DataColeta, PostoCNPJ, CombustivelID) VALUES (4.290, 'R$ / litro', '2024-07-29', '02648712000147', (SELECT ID_Combustivel FROM COMBUSTIVEL WHERE Nome = 'ETANOL'));
INSERT INTO PRECO_COLETADO (Preco, UnidadeMedida, DataColeta, PostoCNPJ, CombustivelID) VALUES (4.390, 'R$ / litro', '2024-08-05', '02648712000147', (SELECT ID_Combustivel FROM COMBUSTIVEL WHERE Nome = 'ETANOL'));
INSERT INTO PRECO_COLETADO (Preco, UnidadeMedida, DataColeta, PostoCNPJ, CombustivelID) VALUES (4.390, 'R$ / litro', '2024-08-12', '02648712000147', (SELECT ID_Combustivel FROM COMBUSTIVEL WHERE Nome = 'ETANOL'));
INSERT INTO PRECO_COLETADO (Preco, UnidadeMedida, DataColeta, PostoCNPJ, CombustivelID) VALUES (4.390, 'R$ / litro', '2024-08-20', '02648712000147', (SELECT ID_Combustivel FROM COMBUSTIVEL WHERE Nome = 'ETANOL'));
INSERT INTO PRECO_COLETADO (Preco, UnidadeMedida, DataColeta, PostoCNPJ, CombustivelID) VALUES (4.390, 'R$ / litro', '2024-08-26', '02648712000147', (SELECT ID_Combustivel FROM COMBUSTIVEL WHERE Nome = 'ETANOL'));
INSERT INTO PRECO_COLETADO (Preco, UnidadeMedida, DataColeta, PostoCNPJ, CombustivelID) VALUES (4.390, 'R$ / litro', '2024-09-02', '02648712000147', (SELECT ID_Combustivel FROM COMBUSTIVEL WHERE Nome = 'ETANOL'));
INSERT INTO PRECO_COLETADO (Preco, UnidadeMedida, DataColeta, PostoCNPJ, CombustivelID) VALUES (6.490, 'R$ / litro', '2022-10-24', '02648712000147', (SELECT ID_Combustivel FROM COMBUSTIVEL WHERE Nome = 'DIESEL S10'));
INSERT INTO PRECO_COLETADO (Preco, UnidadeMedida, DataColeta, PostoCNPJ, CombustivelID) VALUES (6.490, 'R$ / litro', '2022-10-31', '02648712000147', (SELECT ID_Combustivel FROM COMBUSTIVEL WHERE Nome = 'DIESEL S10'));
INSERT INTO PRECO_COLETADO (Preco, UnidadeMedida, DataColeta, PostoCNPJ, CombustivelID) VALUES (6.490, 'R$ / litro', '2022-11-14', '02648712000147', (SELECT ID_Combustivel FROM COMBUSTIVEL WHERE Nome = 'DIESEL S10'));
INSERT INTO PRECO_COLETADO (Preco, UnidadeMedida, DataColeta, PostoCNPJ, CombustivelID) VALUES (6.490, 'R$ / litro', '2022-11-22', '02648712000147', (SELECT ID_Combustivel FROM COMBUSTIVEL WHERE Nome = 'DIESEL S10'));
INSERT INTO PRECO_COLETADO (Preco, UnidadeMedida, DataColeta, PostoCNPJ, CombustivelID) VALUES (6.400, 'R$ / litro', '2022-12-05', '02648712000147', (SELECT ID_Combustivel FROM COMBUSTIVEL WHERE Nome = 'DIESEL S10'));
INSERT INTO PRECO_COLETADO (Preco, UnidadeMedida, DataColeta, PostoCNPJ, CombustivelID) VALUES (6.400, 'R$ / litro', '2022-12-12', '02648712000147', (SELECT ID_Combustivel FROM COMBUSTIVEL WHERE Nome = 'DIESEL S10'));
INSERT INTO PRECO_COLETADO (Preco, UnidadeMedida, DataColeta, PostoCNPJ, CombustivelID) VALUES (6.400, 'R$ / litro', '2022-12-22', '02648712000147', (SELECT ID_Combustivel FROM COMBUSTIVEL WHERE Nome = 'DIESEL S10'));
INSERT INTO PRECO_COLETADO (Preco, UnidadeMedida, DataColeta, PostoCNPJ, CombustivelID) VALUES (6.400, 'R$ / litro', '2022-12-26', '02648712000147', (SELECT ID_Combustivel FROM COMBUSTIVEL WHERE Nome = 'DIESEL S10'));
INSERT INTO PRECO_COLETADO (Preco, UnidadeMedida, DataColeta, PostoCNPJ, CombustivelID) VALUES (6.190, 'R$ / litro', '2023-01-03', '02648712000147', (SELECT ID_Combustivel FROM COMBUSTIVEL WHERE Nome = 'DIESEL S10'));
INSERT INTO PRECO_COLETADO (Preco, UnidadeMedida, DataColeta, PostoCNPJ, CombustivelID) VALUES (6.190, 'R$ / litro', '2023-01-09', '02648712000147', (SELECT ID_Combustivel FROM COMBUSTIVEL WHERE Nome = 'DIESEL S10'));
INSERT INTO PRECO_COLETADO (Preco, UnidadeMedida, DataColeta, PostoCNPJ, CombustivelID) VALUES (6.190, 'R$ / litro', '2023-01-16', '02648712000147', (SELECT ID_Combustivel FROM COMBUSTIVEL WHERE Nome = 'DIESEL S10'));
INSERT INTO PRECO_COLETADO (Preco, UnidadeMedida, DataColeta, PostoCNPJ, CombustivelID) VALUES (6.190, 'R$ / litro', '2023-01-23', '02648712000147', (SELECT ID_Combustivel FROM COMBUSTIVEL WHERE Nome = 'DIESEL S10'));
INSERT INTO PRECO_COLETADO (Preco, UnidadeMedida, DataColeta, PostoCNPJ, CombustivelID) VALUES (6.190, 'R$ / litro', '2023-01-30', '02648712000147', (SELECT ID_Combustivel FROM COMBUSTIVEL WHERE Nome = 'DIESEL S10'));
INSERT INTO PRECO_COLETADO (Preco, UnidadeMedida, DataColeta, PostoCNPJ, CombustivelID) VALUES (6.190, 'R$ / litro', '2023-02-06', '02648712000147', (SELECT ID_Combustivel FROM COMBUSTIVEL WHERE Nome = 'DIESEL S10'));
INSERT INTO PRECO_COLETADO (Preco, UnidadeMedida, DataColeta, PostoCNPJ, CombustivelID) VALUES (5.990, 'R$ / litro', '2023-02-13', '02648712000147', (SELECT ID_Combustivel FROM COMBUSTIVEL WHERE Nome = 'DIESEL S10'));
INSERT INTO PRECO_COLETADO (Preco, UnidadeMedida, DataColeta, PostoCNPJ, CombustivelID) VALUES (5.870, 'R$ / litro', '2023-02-20', '02648712000147', (SELECT ID_Combustivel FROM COMBUSTIVEL WHERE Nome = 'DIESEL S10'));
INSERT INTO PRECO_COLETADO (Preco, UnidadeMedida, DataColeta, PostoCNPJ, CombustivelID) VALUES (5.870, 'R$ / litro', '2023-02-27', '02648712000147', (SELECT ID_Combustivel FROM COMBUSTIVEL WHERE Nome = 'DIESEL S10'));
INSERT INTO PRECO_COLETADO (Preco, UnidadeMedida, DataColeta, PostoCNPJ, CombustivelID) VALUES (5.870, 'R$ / litro', '2023-03-06', '02648712000147', (SELECT ID_Combustivel FROM COMBUSTIVEL WHERE Nome = 'DIESEL S10'));
INSERT INTO PRECO_COLETADO (Preco, UnidadeMedida, DataColeta, PostoCNPJ, CombustivelID) VALUES (5.870, 'R$ / litro', '2023-03-16', '02648712000147', (SELECT ID_Combustivel FROM COMBUSTIVEL WHERE Nome = 'DIESEL S10'));
INSERT INTO PRECO_COLETADO (Preco, UnidadeMedida, DataColeta, PostoCNPJ, CombustivelID) VALUES (5.870, 'R$ / litro', '2023-03-21', '02648712000147', (SELECT ID_Combustivel FROM COMBUSTIVEL WHERE Nome = 'DIESEL S10'));
INSERT INTO PRECO_COLETADO (Preco, UnidadeMedida, DataColeta, PostoCNPJ, CombustivelID) VALUES (5.870, 'R$ / litro', '2023-03-27', '02648712000147', (SELECT ID_Combustivel FROM COMBUSTIVEL WHERE Nome = 'DIESEL S10'));
INSERT INTO PRECO_COLETADO (Preco, UnidadeMedida, DataColeta, PostoCNPJ, CombustivelID) VALUES (5.870, 'R$ / litro', '2023-04-04', '02648712000147', (SELECT ID_Combustivel FROM COMBUSTIVEL WHERE Nome = 'DIESEL S10'));
INSERT INTO PRECO_COLETADO (Preco, UnidadeMedida, DataColeta, PostoCNPJ, CombustivelID) VALUES (5.750, 'R$ / litro', '2023-04-11', '02648712000147', (SELECT ID_Combustivel FROM COMBUSTIVEL WHERE Nome = 'DIESEL S10'));
INSERT INTO PRECO_COLETADO (Preco, UnidadeMedida, DataColeta, PostoCNPJ, CombustivelID) VALUES (5.590, 'R$ / litro', '2023-04-17', '02648712000147', (SELECT ID_Combustivel FROM COMBUSTIVEL WHERE Nome = 'DIESEL S10'));
INSERT INTO PRECO_COLETADO (Preco, UnidadeMedida, DataColeta, PostoCNPJ, CombustivelID) VALUES (5.590, 'R$ / litro', '2023-04-24', '02648712000147', (SELECT ID_Combustivel FROM COMBUSTIVEL WHERE Nome = 'DIESEL S10'));
INSERT INTO PRECO_COLETADO (Preco, UnidadeMedida, DataColeta, PostoCNPJ, CombustivelID) VALUES (5.590, 'R$ / litro', '2023-05-09', '02648712000147', (SELECT ID_Combustivel FROM COMBUSTIVEL WHERE Nome = 'DIESEL S10'));
INSERT INTO PRECO_COLETADO (Preco, UnidadeMedida, DataColeta, PostoCNPJ, CombustivelID) VALUES (5.590, 'R$ / litro', '2023-05-15', '02648712000147', (SELECT ID_Combustivel FROM COMBUSTIVEL WHERE Nome = 'DIESEL S10'));
INSERT INTO PRECO_COLETADO (Preco, UnidadeMedida, DataColeta, PostoCNPJ, CombustivelID) VALUES (5.490, 'R$ / litro', '2023-05-23', '02648712000147', (SELECT ID_Combustivel FROM COMBUSTIVEL WHERE Nome = 'DIESEL S10'));
INSERT INTO PRECO_COLETADO (Preco, UnidadeMedida, DataColeta, PostoCNPJ, CombustivelID) VALUES (5.090, 'R$ / litro', '2023-05-29', '02648712000147', (SELECT ID_Combustivel FROM COMBUSTIVEL WHERE Nome = 'DIESEL S10'));
INSERT INTO PRECO_COLETADO (Preco, UnidadeMedida, DataColeta, PostoCNPJ, CombustivelID) VALUES (5.090, 'R$ / litro', '2023-06-13', '02648712000147', (SELECT ID_Combustivel FROM COMBUSTIVEL WHERE Nome = 'DIESEL S10'));
INSERT INTO PRECO_COLETADO (Preco, UnidadeMedida, DataColeta, PostoCNPJ, CombustivelID) VALUES (5.090, 'R$ / litro', '2023-06-20', '02648712000147', (SELECT ID_Combustivel FROM COMBUSTIVEL WHERE Nome = 'DIESEL S10'));
INSERT INTO PRECO_COLETADO (Preco, UnidadeMedida, DataColeta, PostoCNPJ, CombustivelID) VALUES (5.050, 'R$ / litro', '2023-06-27', '02648712000147', (SELECT ID_Combustivel FROM COMBUSTIVEL WHERE Nome = 'DIESEL S10'));
INSERT INTO PRECO_COLETADO (Preco, UnidadeMedida, DataColeta, PostoCNPJ, CombustivelID) VALUES (5.050, 'R$ / litro', '2023-07-04', '02648712000147', (SELECT ID_Combustivel FROM COMBUSTIVEL WHERE Nome = 'DIESEL S10'));
INSERT INTO PRECO_COLETADO (Preco, UnidadeMedida, DataColeta, PostoCNPJ, CombustivelID) VALUES (5.050, 'R$ / litro', '2023-07-10', '02648712000147', (SELECT ID_Combustivel FROM COMBUSTIVEL WHERE Nome = 'DIESEL S10'));
INSERT INTO PRECO_COLETADO (Preco, UnidadeMedida, DataColeta, PostoCNPJ, CombustivelID) VALUES (5.050, 'R$ / litro', '2023-07-17', '02648712000147', (SELECT ID_Combustivel FROM COMBUSTIVEL WHERE Nome = 'DIESEL S10'));
INSERT INTO PRECO_COLETADO (Preco, UnidadeMedida, DataColeta, PostoCNPJ, CombustivelID) VALUES (4.990, 'R$ / litro', '2023-07-24', '02648712000147', (SELECT ID_Combustivel FROM COMBUSTIVEL WHERE Nome = 'DIESEL S10'));
INSERT INTO PRECO_COLETADO (Preco, UnidadeMedida, DataColeta, PostoCNPJ, CombustivelID) VALUES (4.990, 'R$ / litro', '2023-07-31', '02648712000147', (SELECT ID_Combustivel FROM COMBUSTIVEL WHERE Nome = 'DIESEL S10'));
INSERT INTO PRECO_COLETADO (Preco, UnidadeMedida, DataColeta, PostoCNPJ, CombustivelID) VALUES (4.990, 'R$ / litro', '2023-08-15', '02648712000147', (SELECT ID_Combustivel FROM COMBUSTIVEL WHERE Nome = 'DIESEL S10'));
INSERT INTO PRECO_COLETADO (Preco, UnidadeMedida, DataColeta, PostoCNPJ, CombustivelID) VALUES (5.890, 'R$ / litro', '2023-08-22', '02648712000147', (SELECT ID_Combustivel FROM COMBUSTIVEL WHERE Nome = 'DIESEL S10'));
INSERT INTO PRECO_COLETADO (Preco, UnidadeMedida, DataColeta, PostoCNPJ, CombustivelID) VALUES (5.990, 'R$ / litro', '2023-08-30', '02648712000147', (SELECT ID_Combustivel FROM COMBUSTIVEL WHERE Nome = 'DIESEL S10'));
INSERT INTO PRECO_COLETADO (Preco, UnidadeMedida, DataColeta, PostoCNPJ, CombustivelID) VALUES (5.990, 'R$ / litro', '2023-09-07', '02648712000147', (SELECT ID_Combustivel FROM COMBUSTIVEL WHERE Nome = 'DIESEL S10'));
INSERT INTO PRECO_COLETADO (Preco, UnidadeMedida, DataColeta, PostoCNPJ, CombustivelID) VALUES (5.990, 'R$ / litro', '2023-09-12', '02648712000147', (SELECT ID_Combustivel FROM COMBUSTIVEL WHERE Nome = 'DIESEL S10'));
INSERT INTO PRECO_COLETADO (Preco, UnidadeMedida, DataColeta, PostoCNPJ, CombustivelID) VALUES (5.990, 'R$ / litro', '2023-09-19', '02648712000147', (SELECT ID_Combustivel FROM COMBUSTIVEL WHERE Nome = 'DIESEL S10'));
INSERT INTO PRECO_COLETADO (Preco, UnidadeMedida, DataColeta, PostoCNPJ, CombustivelID) VALUES (5.990, 'R$ / litro', '2023-09-26', '02648712000147', (SELECT ID_Combustivel FROM COMBUSTIVEL WHERE Nome = 'DIESEL S10'));
INSERT INTO PRECO_COLETADO (Preco, UnidadeMedida, DataColeta, PostoCNPJ, CombustivelID) VALUES (5.990, 'R$ / litro', '2023-10-03', '02648712000147', (SELECT ID_Combustivel FROM COMBUSTIVEL WHERE Nome = 'DIESEL S10'));
INSERT INTO PRECO_COLETADO (Preco, UnidadeMedida, DataColeta, PostoCNPJ, CombustivelID) VALUES (5.990, 'R$ / litro', '2023-10-10', '02648712000147', (SELECT ID_Combustivel FROM COMBUSTIVEL WHERE Nome = 'DIESEL S10'));
INSERT INTO PRECO_COLETADO (Preco, UnidadeMedida, DataColeta, PostoCNPJ, CombustivelID) VALUES (5.990, 'R$ / litro', '2023-10-16', '02648712000147', (SELECT ID_Combustivel FROM COMBUSTIVEL WHERE Nome = 'DIESEL S10'));
INSERT INTO PRECO_COLETADO (Preco, UnidadeMedida, DataColeta, PostoCNPJ, CombustivelID) VALUES (6.090, 'R$ / litro', '2023-10-24', '02648712000147', (SELECT ID_Combustivel FROM COMBUSTIVEL WHERE Nome = 'DIESEL S10'));
INSERT INTO PRECO_COLETADO (Preco, UnidadeMedida, DataColeta, PostoCNPJ, CombustivelID) VALUES (6.090, 'R$ / litro', '2023-10-31', '02648712000147', (SELECT ID_Combustivel FROM COMBUSTIVEL WHERE Nome = 'DIESEL S10'));
INSERT INTO PRECO_COLETADO (Preco, UnidadeMedida, DataColeta, PostoCNPJ, CombustivelID) VALUES (6.090, 'R$ / litro', '2023-11-07', '02648712000147', (SELECT ID_Combustivel FROM COMBUSTIVEL WHERE Nome = 'DIESEL S10'));
INSERT INTO PRECO_COLETADO (Preco, UnidadeMedida, DataColeta, PostoCNPJ, CombustivelID) VALUES (6.090, 'R$ / litro', '2023-11-14', '02648712000147', (SELECT ID_Combustivel FROM COMBUSTIVEL WHERE Nome = 'DIESEL S10'));
INSERT INTO PRECO_COLETADO (Preco, UnidadeMedida, DataColeta, PostoCNPJ, CombustivelID) VALUES (6.090, 'R$ / litro', '2023-11-21', '02648712000147', (SELECT ID_Combustivel FROM COMBUSTIVEL WHERE Nome = 'DIESEL S10'));
INSERT INTO PRECO_COLETADO (Preco, UnidadeMedida, DataColeta, PostoCNPJ, CombustivelID) VALUES (6.090, 'R$ / litro', '2023-11-28', '02648712000147', (SELECT ID_Combustivel FROM COMBUSTIVEL WHERE Nome = 'DIESEL S10'));
INSERT INTO PRECO_COLETADO (Preco, UnidadeMedida, DataColeta, PostoCNPJ, CombustivelID) VALUES (6.090, 'R$ / litro', '2023-12-06', '02648712000147', (SELECT ID_Combustivel FROM COMBUSTIVEL WHERE Nome = 'DIESEL S10'));
INSERT INTO PRECO_COLETADO (Preco, UnidadeMedida, DataColeta, PostoCNPJ, CombustivelID) VALUES (6.090, 'R$ / litro', '2023-12-13', '02648712000147', (SELECT ID_Combustivel FROM COMBUSTIVEL WHERE Nome = 'DIESEL S10'));
INSERT INTO PRECO_COLETADO (Preco, UnidadeMedida, DataColeta, PostoCNPJ, CombustivelID) VALUES (5.990, 'R$ / litro', '2023-12-26', '02648712000147', (SELECT ID_Combustivel FROM COMBUSTIVEL WHERE Nome = 'DIESEL S10'));
INSERT INTO PRECO_COLETADO (Preco, UnidadeMedida, DataColeta, PostoCNPJ, CombustivelID) VALUES (5.890, 'R$ / litro', '2024-01-03', '02648712000147', (SELECT ID_Combustivel FROM COMBUSTIVEL WHERE Nome = 'DIESEL S10'));
INSERT INTO PRECO_COLETADO (Preco, UnidadeMedida, DataColeta, PostoCNPJ, CombustivelID) VALUES (5.890, 'R$ / litro', '2024-01-08', '02648712000147', (SELECT ID_Combustivel FROM COMBUSTIVEL WHERE Nome = 'DIESEL S10'));
INSERT INTO PRECO_COLETADO (Preco, UnidadeMedida, DataColeta, PostoCNPJ, CombustivelID) VALUES (5.890, 'R$ / litro', '2024-01-15', '02648712000147', (SELECT ID_Combustivel FROM COMBUSTIVEL WHERE Nome = 'DIESEL S10'));
INSERT INTO PRECO_COLETADO (Preco, UnidadeMedida, DataColeta, PostoCNPJ, CombustivelID) VALUES (5.890, 'R$ / litro', '2024-01-22', '02648712000147', (SELECT ID_Combustivel FROM COMBUSTIVEL WHERE Nome = 'DIESEL S10'));
INSERT INTO PRECO_COLETADO (Preco, UnidadeMedida, DataColeta, PostoCNPJ, CombustivelID) VALUES (5.890, 'R$ / litro', '2024-01-29', '02648712000147', (SELECT ID_Combustivel FROM COMBUSTIVEL WHERE Nome = 'DIESEL S10'));
INSERT INTO PRECO_COLETADO (Preco, UnidadeMedida, DataColeta, PostoCNPJ, CombustivelID) VALUES (5.890, 'R$ / litro', '2024-02-05', '02648712000147', (SELECT ID_Combustivel FROM COMBUSTIVEL WHERE Nome = 'DIESEL S10'));
INSERT INTO PRECO_COLETADO (Preco, UnidadeMedida, DataColeta, PostoCNPJ, CombustivelID) VALUES (5.990, 'R$ / litro', '2024-02-12', '02648712000147', (SELECT ID_Combustivel FROM COMBUSTIVEL WHERE Nome = 'DIESEL S10'));
INSERT INTO PRECO_COLETADO (Preco, UnidadeMedida, DataColeta, PostoCNPJ, CombustivelID) VALUES (5.990, 'R$ / litro', '2024-02-19', '02648712000147', (SELECT ID_Combustivel FROM COMBUSTIVEL WHERE Nome = 'DIESEL S10'));
INSERT INTO PRECO_COLETADO (Preco, UnidadeMedida, DataColeta, PostoCNPJ, CombustivelID) VALUES (5.990, 'R$ / litro', '2024-03-04', '02648712000147', (SELECT ID_Combustivel FROM COMBUSTIVEL WHERE Nome = 'DIESEL S10'));
INSERT INTO PRECO_COLETADO (Preco, UnidadeMedida, DataColeta, PostoCNPJ, CombustivelID) VALUES (5.990, 'R$ / litro', '2024-03-11', '02648712000147', (SELECT ID_Combustivel FROM COMBUSTIVEL WHERE Nome = 'DIESEL S10'));
INSERT INTO PRECO_COLETADO (Preco, UnidadeMedida, DataColeta, PostoCNPJ, CombustivelID) VALUES (5.990, 'R$ / litro', '2024-03-25', '02648712000147', (SELECT ID_Combustivel FROM COMBUSTIVEL WHERE Nome = 'DIESEL S10'));
INSERT INTO PRECO_COLETADO (Preco, UnidadeMedida, DataColeta, PostoCNPJ, CombustivelID) VALUES (5.990, 'R$ / litro', '2024-04-02', '02648712000147', (SELECT ID_Combustivel FROM COMBUSTIVEL WHERE Nome = 'DIESEL S10'));
INSERT INTO PRECO_COLETADO (Preco, UnidadeMedida, DataColeta, PostoCNPJ, CombustivelID) VALUES (5.990, 'R$ / litro', '2024-04-15', '02648712000147', (SELECT ID_Combustivel FROM COMBUSTIVEL WHERE Nome = 'DIESEL S10'));
INSERT INTO PRECO_COLETADO (Preco, UnidadeMedida, DataColeta, PostoCNPJ, CombustivelID) VALUES (5.990, 'R$ / litro', '2024-04-22', '02648712000147', (SELECT ID_Combustivel FROM COMBUSTIVEL WHERE Nome = 'DIESEL S10'));
INSERT INTO PRECO_COLETADO (Preco, UnidadeMedida, DataColeta, PostoCNPJ, CombustivelID) VALUES (5.990, 'R$ / litro', '2024-04-29', '02648712000147', (SELECT ID_Combustivel FROM COMBUSTIVEL WHERE Nome = 'DIESEL S10'));
INSERT INTO PRECO_COLETADO (Preco, UnidadeMedida, DataColeta, PostoCNPJ, CombustivelID) VALUES (5.990, 'R$ / litro', '2024-05-06', '02648712000147', (SELECT ID_Combustivel FROM COMBUSTIVEL WHERE Nome = 'DIESEL S10'));
INSERT INTO PRECO_COLETADO (Preco, UnidadeMedida, DataColeta, PostoCNPJ, CombustivelID) VALUES (5.990, 'R$ / litro', '2024-05-20', '02648712000147', (SELECT ID_Combustivel FROM COMBUSTIVEL WHERE Nome = 'DIESEL S10'));
INSERT INTO PRECO_COLETADO (Preco, UnidadeMedida, DataColeta, PostoCNPJ, CombustivelID) VALUES (5.990, 'R$ / litro', '2024-05-27', '02648712000147', (SELECT ID_Combustivel FROM COMBUSTIVEL WHERE Nome = 'DIESEL S10'));
INSERT INTO PRECO_COLETADO (Preco, UnidadeMedida, DataColeta, PostoCNPJ, CombustivelID) VALUES (5.990, 'R$ / litro', '2024-06-03', '02648712000147', (SELECT ID_Combustivel FROM COMBUSTIVEL WHERE Nome = 'DIESEL S10'));
INSERT INTO PRECO_COLETADO (Preco, UnidadeMedida, DataColeta, PostoCNPJ, CombustivelID) VALUES (5.990, 'R$ / litro', '2024-06-17', '02648712000147', (SELECT ID_Combustivel FROM COMBUSTIVEL WHERE Nome = 'DIESEL S10'));
INSERT INTO PRECO_COLETADO (Preco, UnidadeMedida, DataColeta, PostoCNPJ, CombustivelID) VALUES (5.990, 'R$ / litro', '2024-06-24', '02648712000147', (SELECT ID_Combustivel FROM COMBUSTIVEL WHERE Nome = 'DIESEL S10'));
INSERT INTO PRECO_COLETADO (Preco, UnidadeMedida, DataColeta, PostoCNPJ, CombustivelID) VALUES (5.990, 'R$ / litro', '2024-07-01', '02648712000147', (SELECT ID_Combustivel FROM COMBUSTIVEL WHERE Nome = 'DIESEL S10'));
INSERT INTO PRECO_COLETADO (Preco, UnidadeMedida, DataColeta, PostoCNPJ, CombustivelID) VALUES (5.990, 'R$ / litro', '2024-07-09', '02648712000147', (SELECT ID_Combustivel FROM COMBUSTIVEL WHERE Nome = 'DIESEL S10'));
INSERT INTO PRECO_COLETADO (Preco, UnidadeMedida, DataColeta, PostoCNPJ, CombustivelID) VALUES (5.990, 'R$ / litro', '2024-07-16', '02648712000147', (SELECT ID_Combustivel FROM COMBUSTIVEL WHERE Nome = 'DIESEL S10'));
INSERT INTO PRECO_COLETADO (Preco, UnidadeMedida, DataColeta, PostoCNPJ, CombustivelID) VALUES (5.990, 'R$ / litro', '2024-07-22', '02648712000147', (SELECT ID_Combustivel FROM COMBUSTIVEL WHERE Nome = 'DIESEL S10'));
INSERT INTO PRECO_COLETADO (Preco, UnidadeMedida, DataColeta, PostoCNPJ, CombustivelID) VALUES (5.990, 'R$ / litro', '2024-07-29', '02648712000147', (SELECT ID_Combustivel FROM COMBUSTIVEL WHERE Nome = 'DIESEL S10'));
INSERT INTO PRECO_COLETADO (Preco, UnidadeMedida, DataColeta, PostoCNPJ, CombustivelID) VALUES (5.990, 'R$ / litro', '2024-08-05', '02648712000147', (SELECT ID_Combustivel FROM COMBUSTIVEL WHERE Nome = 'DIESEL S10'));
INSERT INTO PRECO_COLETADO (Preco, UnidadeMedida, DataColeta, PostoCNPJ, CombustivelID) VALUES (5.990, 'R$ / litro', '2024-08-12', '02648712000147', (SELECT ID_Combustivel FROM COMBUSTIVEL WHERE Nome = 'DIESEL S10'));
INSERT INTO PRECO_COLETADO (Preco, UnidadeMedida, DataColeta, PostoCNPJ, CombustivelID) VALUES (5.990, 'R$ / litro', '2024-08-20', '02648712000147', (SELECT ID_Combustivel FROM COMBUSTIVEL WHERE Nome = 'DIESEL S10'));
INSERT INTO PRECO_COLETADO (Preco, UnidadeMedida, DataColeta, PostoCNPJ, CombustivelID) VALUES (5.990, 'R$ / litro', '2024-08-26', '02648712000147', (SELECT ID_Combustivel FROM COMBUSTIVEL WHERE Nome = 'DIESEL S10'));
INSERT INTO PRECO_COLETADO (Preco, UnidadeMedida, DataColeta, PostoCNPJ, CombustivelID) VALUES (5.990, 'R$ / litro', '2024-09-02', '02648712000147', (SELECT ID_Combustivel FROM COMBUSTIVEL WHERE Nome = 'DIESEL S10'));
INSERT INTO PRECO_COLETADO (Preco, UnidadeMedida, DataColeta, PostoCNPJ, CombustivelID) VALUES (4.990, 'R$ / litro', '2022-10-24', '02648712000147', (SELECT ID_Combustivel FROM COMBUSTIVEL WHERE Nome = 'GASOLINA ADITIVADA'));
INSERT INTO PRECO_COLETADO (Preco, UnidadeMedida, DataColeta, PostoCNPJ, CombustivelID) VALUES (4.990, 'R$ / litro', '2022-10-31', '02648712000147', (SELECT ID_Combustivel FROM COMBUSTIVEL WHERE Nome = 'GASOLINA ADITIVADA'));
INSERT INTO PRECO_COLETADO (Preco, UnidadeMedida, DataColeta, PostoCNPJ, CombustivelID) VALUES (5.120, 'R$ / litro', '2022-11-14', '02648712000147', (SELECT ID_Combustivel FROM COMBUSTIVEL WHERE Nome = 'GASOLINA ADITIVADA'));
INSERT INTO PRECO_COLETADO (Preco, UnidadeMedida, DataColeta, PostoCNPJ, CombustivelID) VALUES (5.120, 'R$ / litro', '2022-11-22', '02648712000147', (SELECT ID_Combustivel FROM COMBUSTIVEL WHERE Nome = 'GASOLINA ADITIVADA'));
INSERT INTO PRECO_COLETADO (Preco, UnidadeMedida, DataColeta, PostoCNPJ, CombustivelID) VALUES (5.120, 'R$ / litro', '2022-12-05', '02648712000147', (SELECT ID_Combustivel FROM COMBUSTIVEL WHERE Nome = 'GASOLINA ADITIVADA'));
INSERT INTO PRECO_COLETADO (Preco, UnidadeMedida, DataColeta, PostoCNPJ, CombustivelID) VALUES (5.120, 'R$ / litro', '2022-12-12', '02648712000147', (SELECT ID_Combustivel FROM COMBUSTIVEL WHERE Nome = 'GASOLINA ADITIVADA'));
INSERT INTO PRECO_COLETADO (Preco, UnidadeMedida, DataColeta, PostoCNPJ, CombustivelID) VALUES (5.090, 'R$ / litro', '2022-12-22', '02648712000147', (SELECT ID_Combustivel FROM COMBUSTIVEL WHERE Nome = 'GASOLINA ADITIVADA'));
INSERT INTO PRECO_COLETADO (Preco, UnidadeMedida, DataColeta, PostoCNPJ, CombustivelID) VALUES (5.090, 'R$ / litro', '2022-12-26', '02648712000147', (SELECT ID_Combustivel FROM COMBUSTIVEL WHERE Nome = 'GASOLINA ADITIVADA'));
INSERT INTO PRECO_COLETADO (Preco, UnidadeMedida, DataColeta, PostoCNPJ, CombustivelID) VALUES (4.990, 'R$ / litro', '2023-01-03', '02648712000147', (SELECT ID_Combustivel FROM COMBUSTIVEL WHERE Nome = 'GASOLINA ADITIVADA'));
INSERT INTO PRECO_COLETADO (Preco, UnidadeMedida, DataColeta, PostoCNPJ, CombustivelID) VALUES (4.990, 'R$ / litro', '2023-01-09', '02648712000147', (SELECT ID_Combustivel FROM COMBUSTIVEL WHERE Nome = 'GASOLINA ADITIVADA'));
INSERT INTO PRECO_COLETADO (Preco, UnidadeMedida, DataColeta, PostoCNPJ, CombustivelID) VALUES (4.990, 'R$ / litro', '2023-01-16', '02648712000147', (SELECT ID_Combustivel FROM COMBUSTIVEL WHERE Nome = 'GASOLINA ADITIVADA'));
INSERT INTO PRECO_COLETADO (Preco, UnidadeMedida, DataColeta, PostoCNPJ, CombustivelID) VALUES (4.990, 'R$ / litro', '2023-01-23', '02648712000147', (SELECT ID_Combustivel FROM COMBUSTIVEL WHERE Nome = 'GASOLINA ADITIVADA'));
INSERT INTO PRECO_COLETADO (Preco, UnidadeMedida, DataColeta, PostoCNPJ, CombustivelID) VALUES (5.290, 'R$ / litro', '2023-01-30', '02648712000147', (SELECT ID_Combustivel FROM COMBUSTIVEL WHERE Nome = 'GASOLINA ADITIVADA'));
INSERT INTO PRECO_COLETADO (Preco, UnidadeMedida, DataColeta, PostoCNPJ, CombustivelID) VALUES (5.290, 'R$ / litro', '2023-02-06', '02648712000147', (SELECT ID_Combustivel FROM COMBUSTIVEL WHERE Nome = 'GASOLINA ADITIVADA'));
INSERT INTO PRECO_COLETADO (Preco, UnidadeMedida, DataColeta, PostoCNPJ, CombustivelID) VALUES (5.190, 'R$ / litro', '2023-02-13', '02648712000147', (SELECT ID_Combustivel FROM COMBUSTIVEL WHERE Nome = 'GASOLINA ADITIVADA'));
INSERT INTO PRECO_COLETADO (Preco, UnidadeMedida, DataColeta, PostoCNPJ, CombustivelID) VALUES (5.090, 'R$ / litro', '2023-02-20', '02648712000147', (SELECT ID_Combustivel FROM COMBUSTIVEL WHERE Nome = 'GASOLINA ADITIVADA'));
INSERT INTO PRECO_COLETADO (Preco, UnidadeMedida, DataColeta, PostoCNPJ, CombustivelID) VALUES (5.140, 'R$ / litro', '2023-02-27', '02648712000147', (SELECT ID_Combustivel FROM COMBUSTIVEL WHERE Nome = 'GASOLINA ADITIVADA'));
INSERT INTO PRECO_COLETADO (Preco, UnidadeMedida, DataColeta, PostoCNPJ, CombustivelID) VALUES (5.860, 'R$ / litro', '2023-03-06', '02648712000147', (SELECT ID_Combustivel FROM COMBUSTIVEL WHERE Nome = 'GASOLINA ADITIVADA'));
INSERT INTO PRECO_COLETADO (Preco, UnidadeMedida, DataColeta, PostoCNPJ, CombustivelID) VALUES (5.670, 'R$ / litro', '2023-03-16', '02648712000147', (SELECT ID_Combustivel FROM COMBUSTIVEL WHERE Nome = 'GASOLINA ADITIVADA'));
INSERT INTO PRECO_COLETADO (Preco, UnidadeMedida, DataColeta, PostoCNPJ, CombustivelID) VALUES (5.670, 'R$ / litro', '2023-03-21', '02648712000147', (SELECT ID_Combustivel FROM COMBUSTIVEL WHERE Nome = 'GASOLINA ADITIVADA'));
INSERT INTO PRECO_COLETADO (Preco, UnidadeMedida, DataColeta, PostoCNPJ, CombustivelID) VALUES (5.670, 'R$ / litro', '2023-03-27', '02648712000147', (SELECT ID_Combustivel FROM COMBUSTIVEL WHERE Nome = 'GASOLINA ADITIVADA'));
INSERT INTO PRECO_COLETADO (Preco, UnidadeMedida, DataColeta, PostoCNPJ, CombustivelID) VALUES (5.570, 'R$ / litro', '2023-04-04', '02648712000147', (SELECT ID_Combustivel FROM COMBUSTIVEL WHERE Nome = 'GASOLINA ADITIVADA'));
INSERT INTO PRECO_COLETADO (Preco, UnidadeMedida, DataColeta, PostoCNPJ, CombustivelID) VALUES (5.570, 'R$ / litro', '2023-04-11', '02648712000147', (SELECT ID_Combustivel FROM COMBUSTIVEL WHERE Nome = 'GASOLINA ADITIVADA'));
INSERT INTO PRECO_COLETADO (Preco, UnidadeMedida, DataColeta, PostoCNPJ, CombustivelID) VALUES (5.670, 'R$ / litro', '2023-04-17', '02648712000147', (SELECT ID_Combustivel FROM COMBUSTIVEL WHERE Nome = 'GASOLINA ADITIVADA'));
INSERT INTO PRECO_COLETADO (Preco, UnidadeMedida, DataColeta, PostoCNPJ, CombustivelID) VALUES (5.670, 'R$ / litro', '2023-04-24', '02648712000147', (SELECT ID_Combustivel FROM COMBUSTIVEL WHERE Nome = 'GASOLINA ADITIVADA'));
INSERT INTO PRECO_COLETADO (Preco, UnidadeMedida, DataColeta, PostoCNPJ, CombustivelID) VALUES (5.570, 'R$ / litro', '2023-05-09', '02648712000147', (SELECT ID_Combustivel FROM COMBUSTIVEL WHERE Nome = 'GASOLINA ADITIVADA'));
INSERT INTO PRECO_COLETADO (Preco, UnidadeMedida, DataColeta, PostoCNPJ, CombustivelID) VALUES (5.570, 'R$ / litro', '2023-05-15', '02648712000147', (SELECT ID_Combustivel FROM COMBUSTIVEL WHERE Nome = 'GASOLINA ADITIVADA'));
INSERT INTO PRECO_COLETADO (Preco, UnidadeMedida, DataColeta, PostoCNPJ, CombustivelID) VALUES (5.290, 'R$ / litro', '2023-05-23', '02648712000147', (SELECT ID_Combustivel FROM COMBUSTIVEL WHERE Nome = 'GASOLINA ADITIVADA'));
INSERT INTO PRECO_COLETADO (Preco, UnidadeMedida, DataColeta, PostoCNPJ, CombustivelID) VALUES (5.190, 'R$ / litro', '2023-05-29', '02648712000147', (SELECT ID_Combustivel FROM COMBUSTIVEL WHERE Nome = 'GASOLINA ADITIVADA'));
INSERT INTO PRECO_COLETADO (Preco, UnidadeMedida, DataColeta, PostoCNPJ, CombustivelID) VALUES (5.570, 'R$ / litro', '2023-06-05', '02648712000147', (SELECT ID_Combustivel FROM COMBUSTIVEL WHERE Nome = 'GASOLINA ADITIVADA'));
INSERT INTO PRECO_COLETADO (Preco, UnidadeMedida, DataColeta, PostoCNPJ, CombustivelID) VALUES (5.540, 'R$ / litro', '2023-06-13', '02648712000147', (SELECT ID_Combustivel FROM COMBUSTIVEL WHERE Nome = 'GASOLINA ADITIVADA'));
INSERT INTO PRECO_COLETADO (Preco, UnidadeMedida, DataColeta, PostoCNPJ, CombustivelID) VALUES (5.460, 'R$ / litro', '2023-06-20', '02648712000147', (SELECT ID_Combustivel FROM COMBUSTIVEL WHERE Nome = 'GASOLINA ADITIVADA'));
INSERT INTO PRECO_COLETADO (Preco, UnidadeMedida, DataColeta, PostoCNPJ, CombustivelID) VALUES (5.370, 'R$ / litro', '2023-06-27', '02648712000147', (SELECT ID_Combustivel FROM COMBUSTIVEL WHERE Nome = 'GASOLINA ADITIVADA'));
INSERT INTO PRECO_COLETADO (Preco, UnidadeMedida, DataColeta, PostoCNPJ, CombustivelID) VALUES (5.880, 'R$ / litro', '2023-07-04', '02648712000147', (SELECT ID_Combustivel FROM COMBUSTIVEL WHERE Nome = 'GASOLINA ADITIVADA'));
INSERT INTO PRECO_COLETADO (Preco, UnidadeMedida, DataColeta, PostoCNPJ, CombustivelID) VALUES (5.780, 'R$ / litro', '2023-07-10', '02648712000147', (SELECT ID_Combustivel FROM COMBUSTIVEL WHERE Nome = 'GASOLINA ADITIVADA'));
INSERT INTO PRECO_COLETADO (Preco, UnidadeMedida, DataColeta, PostoCNPJ, CombustivelID) VALUES (5.780, 'R$ / litro', '2023-07-17', '02648712000147', (SELECT ID_Combustivel FROM COMBUSTIVEL WHERE Nome = 'GASOLINA ADITIVADA'));
INSERT INTO PRECO_COLETADO (Preco, UnidadeMedida, DataColeta, PostoCNPJ, CombustivelID) VALUES (5.680, 'R$ / litro', '2023-07-24', '02648712000147', (SELECT ID_Combustivel FROM COMBUSTIVEL WHERE Nome = 'GASOLINA ADITIVADA'));
INSERT INTO PRECO_COLETADO (Preco, UnidadeMedida, DataColeta, PostoCNPJ, CombustivelID) VALUES (5.680, 'R$ / litro', '2023-07-31', '02648712000147', (SELECT ID_Combustivel FROM COMBUSTIVEL WHERE Nome = 'GASOLINA ADITIVADA'));
INSERT INTO PRECO_COLETADO (Preco, UnidadeMedida, DataColeta, PostoCNPJ, CombustivelID) VALUES (5.520, 'R$ / litro', '2023-08-15', '02648712000147', (SELECT ID_Combustivel FROM COMBUSTIVEL WHERE Nome = 'GASOLINA ADITIVADA'));
INSERT INTO PRECO_COLETADO (Preco, UnidadeMedida, DataColeta, PostoCNPJ, CombustivelID) VALUES (5.990, 'R$ / litro', '2023-08-22', '02648712000147', (SELECT ID_Combustivel FROM COMBUSTIVEL WHERE Nome = 'GASOLINA ADITIVADA'));
INSERT INTO PRECO_COLETADO (Preco, UnidadeMedida, DataColeta, PostoCNPJ, CombustivelID) VALUES (5.990, 'R$ / litro', '2023-08-30', '02648712000147', (SELECT ID_Combustivel FROM COMBUSTIVEL WHERE Nome = 'GASOLINA ADITIVADA'));
INSERT INTO PRECO_COLETADO (Preco, UnidadeMedida, DataColeta, PostoCNPJ, CombustivelID) VALUES (5.990, 'R$ / litro', '2023-09-07', '02648712000147', (SELECT ID_Combustivel FROM COMBUSTIVEL WHERE Nome = 'GASOLINA ADITIVADA'));
INSERT INTO PRECO_COLETADO (Preco, UnidadeMedida, DataColeta, PostoCNPJ, CombustivelID) VALUES (5.990, 'R$ / litro', '2023-09-12', '02648712000147', (SELECT ID_Combustivel FROM COMBUSTIVEL WHERE Nome = 'GASOLINA ADITIVADA'));
INSERT INTO PRECO_COLETADO (Preco, UnidadeMedida, DataColeta, PostoCNPJ, CombustivelID) VALUES (5.990, 'R$ / litro', '2023-09-19', '02648712000147', (SELECT ID_Combustivel FROM COMBUSTIVEL WHERE Nome = 'GASOLINA ADITIVADA'));
INSERT INTO PRECO_COLETADO (Preco, UnidadeMedida, DataColeta, PostoCNPJ, CombustivelID) VALUES (5.790, 'R$ / litro', '2023-09-26', '02648712000147', (SELECT ID_Combustivel FROM COMBUSTIVEL WHERE Nome = 'GASOLINA ADITIVADA'));
INSERT INTO PRECO_COLETADO (Preco, UnidadeMedida, DataColeta, PostoCNPJ, CombustivelID) VALUES (5.790, 'R$ / litro', '2023-10-03', '02648712000147', (SELECT ID_Combustivel FROM COMBUSTIVEL WHERE Nome = 'GASOLINA ADITIVADA'));
INSERT INTO PRECO_COLETADO (Preco, UnidadeMedida, DataColeta, PostoCNPJ, CombustivelID) VALUES (5.790, 'R$ / litro', '2023-10-10', '02648712000147', (SELECT ID_Combustivel FROM COMBUSTIVEL WHERE Nome = 'GASOLINA ADITIVADA'));
INSERT INTO PRECO_COLETADO (Preco, UnidadeMedida, DataColeta, PostoCNPJ, CombustivelID) VALUES (5.790, 'R$ / litro', '2023-10-16', '02648712000147', (SELECT ID_Combustivel FROM COMBUSTIVEL WHERE Nome = 'GASOLINA ADITIVADA'));
INSERT INTO PRECO_COLETADO (Preco, UnidadeMedida, DataColeta, PostoCNPJ, CombustivelID) VALUES (5.790, 'R$ / litro', '2023-10-24', '02648712000147', (SELECT ID_Combustivel FROM COMBUSTIVEL WHERE Nome = 'GASOLINA ADITIVADA'));
INSERT INTO PRECO_COLETADO (Preco, UnidadeMedida, DataColeta, PostoCNPJ, CombustivelID) VALUES (5.790, 'R$ / litro', '2023-10-31', '02648712000147', (SELECT ID_Combustivel FROM COMBUSTIVEL WHERE Nome = 'GASOLINA ADITIVADA'));
INSERT INTO PRECO_COLETADO (Preco, UnidadeMedida, DataColeta, PostoCNPJ, CombustivelID) VALUES (5.790, 'R$ / litro', '2023-11-07', '02648712000147', (SELECT ID_Combustivel FROM COMBUSTIVEL WHERE Nome = 'GASOLINA ADITIVADA'));
INSERT INTO PRECO_COLETADO (Preco, UnidadeMedida, DataColeta, PostoCNPJ, CombustivelID) VALUES (5.790, 'R$ / litro', '2023-11-14', '02648712000147', (SELECT ID_Combustivel FROM COMBUSTIVEL WHERE Nome = 'GASOLINA ADITIVADA'));
INSERT INTO PRECO_COLETADO (Preco, UnidadeMedida, DataColeta, PostoCNPJ, CombustivelID) VALUES (5.790, 'R$ / litro', '2023-11-21', '02648712000147', (SELECT ID_Combustivel FROM COMBUSTIVEL WHERE Nome = 'GASOLINA ADITIVADA'));
INSERT INTO PRECO_COLETADO (Preco, UnidadeMedida, DataColeta, PostoCNPJ, CombustivelID) VALUES (5.590, 'R$ / litro', '2023-11-28', '02648712000147', (SELECT ID_Combustivel FROM COMBUSTIVEL WHERE Nome = 'GASOLINA ADITIVADA'));
INSERT INTO PRECO_COLETADO (Preco, UnidadeMedida, DataColeta, PostoCNPJ, CombustivelID) VALUES (5.590, 'R$ / litro', '2023-12-06', '02648712000147', (SELECT ID_Combustivel FROM COMBUSTIVEL WHERE Nome = 'GASOLINA ADITIVADA'));
INSERT INTO PRECO_COLETADO (Preco, UnidadeMedida, DataColeta, PostoCNPJ, CombustivelID) VALUES (5.590, 'R$ / litro', '2023-12-13', '02648712000147', (SELECT ID_Combustivel FROM COMBUSTIVEL WHERE Nome = 'GASOLINA ADITIVADA'));
INSERT INTO PRECO_COLETADO (Preco, UnidadeMedida, DataColeta, PostoCNPJ, CombustivelID) VALUES (5.590, 'R$ / litro', '2023-12-26', '02648712000147', (SELECT ID_Combustivel FROM COMBUSTIVEL WHERE Nome = 'GASOLINA ADITIVADA'));
INSERT INTO PRECO_COLETADO (Preco, UnidadeMedida, DataColeta, PostoCNPJ, CombustivelID) VALUES (5.490, 'R$ / litro', '2024-01-03', '02648712000147', (SELECT ID_Combustivel FROM COMBUSTIVEL WHERE Nome = 'GASOLINA ADITIVADA'));
INSERT INTO PRECO_COLETADO (Preco, UnidadeMedida, DataColeta, PostoCNPJ, CombustivelID) VALUES (5.490, 'R$ / litro', '2024-01-08', '02648712000147', (SELECT ID_Combustivel FROM COMBUSTIVEL WHERE Nome = 'GASOLINA ADITIVADA'));
INSERT INTO PRECO_COLETADO (Preco, UnidadeMedida, DataColeta, PostoCNPJ, CombustivelID) VALUES (5.490, 'R$ / litro', '2024-01-15', '02648712000147', (SELECT ID_Combustivel FROM COMBUSTIVEL WHERE Nome = 'GASOLINA ADITIVADA'));
INSERT INTO PRECO_COLETADO (Preco, UnidadeMedida, DataColeta, PostoCNPJ, CombustivelID) VALUES (5.490, 'R$ / litro', '2024-01-22', '02648712000147', (SELECT ID_Combustivel FROM COMBUSTIVEL WHERE Nome = 'GASOLINA ADITIVADA'));
INSERT INTO PRECO_COLETADO (Preco, UnidadeMedida, DataColeta, PostoCNPJ, CombustivelID) VALUES (5.390, 'R$ / litro', '2024-01-29', '02648712000147', (SELECT ID_Combustivel FROM COMBUSTIVEL WHERE Nome = 'GASOLINA ADITIVADA'));
INSERT INTO PRECO_COLETADO (Preco, UnidadeMedida, DataColeta, PostoCNPJ, CombustivelID) VALUES (5.770, 'R$ / litro', '2024-02-05', '02648712000147', (SELECT ID_Combustivel FROM COMBUSTIVEL WHERE Nome = 'GASOLINA ADITIVADA'));
INSERT INTO PRECO_COLETADO (Preco, UnidadeMedida, DataColeta, PostoCNPJ, CombustivelID) VALUES (5.770, 'R$ / litro', '2024-02-12', '02648712000147', (SELECT ID_Combustivel FROM COMBUSTIVEL WHERE Nome = 'GASOLINA ADITIVADA'));
INSERT INTO PRECO_COLETADO (Preco, UnidadeMedida, DataColeta, PostoCNPJ, CombustivelID) VALUES (5.770, 'R$ / litro', '2024-02-19', '02648712000147', (SELECT ID_Combustivel FROM COMBUSTIVEL WHERE Nome = 'GASOLINA ADITIVADA'));
INSERT INTO PRECO_COLETADO (Preco, UnidadeMedida, DataColeta, PostoCNPJ, CombustivelID) VALUES (5.770, 'R$ / litro', '2024-03-04', '02648712000147', (SELECT ID_Combustivel FROM COMBUSTIVEL WHERE Nome = 'GASOLINA ADITIVADA'));
INSERT INTO PRECO_COLETADO (Preco, UnidadeMedida, DataColeta, PostoCNPJ, CombustivelID) VALUES (5.770, 'R$ / litro', '2024-03-11', '02648712000147', (SELECT ID_Combustivel FROM COMBUSTIVEL WHERE Nome = 'GASOLINA ADITIVADA'));
INSERT INTO PRECO_COLETADO (Preco, UnidadeMedida, DataColeta, PostoCNPJ, CombustivelID) VALUES (5.770, 'R$ / litro', '2024-03-25', '02648712000147', (SELECT ID_Combustivel FROM COMBUSTIVEL WHERE Nome = 'GASOLINA ADITIVADA'));
INSERT INTO PRECO_COLETADO (Preco, UnidadeMedida, DataColeta, PostoCNPJ, CombustivelID) VALUES (5.770, 'R$ / litro', '2024-04-02', '02648712000147', (SELECT ID_Combustivel FROM COMBUSTIVEL WHERE Nome = 'GASOLINA ADITIVADA'));
INSERT INTO PRECO_COLETADO (Preco, UnidadeMedida, DataColeta, PostoCNPJ, CombustivelID) VALUES (5.770, 'R$ / litro', '2024-04-15', '02648712000147', (SELECT ID_Combustivel FROM COMBUSTIVEL WHERE Nome = 'GASOLINA ADITIVADA'));
INSERT INTO PRECO_COLETADO (Preco, UnidadeMedida, DataColeta, PostoCNPJ, CombustivelID) VALUES (5.770, 'R$ / litro', '2024-04-22', '02648712000147', (SELECT ID_Combustivel FROM COMBUSTIVEL WHERE Nome = 'GASOLINA ADITIVADA'));
INSERT INTO PRECO_COLETADO (Preco, UnidadeMedida, DataColeta, PostoCNPJ, CombustivelID) VALUES (5.840, 'R$ / litro', '2024-04-29', '02648712000147', (SELECT ID_Combustivel FROM COMBUSTIVEL WHERE Nome = 'GASOLINA ADITIVADA'));
INSERT INTO PRECO_COLETADO (Preco, UnidadeMedida, DataColeta, PostoCNPJ, CombustivelID) VALUES (5.970, 'R$ / litro', '2024-05-06', '02648712000147', (SELECT ID_Combustivel FROM COMBUSTIVEL WHERE Nome = 'GASOLINA ADITIVADA'));
INSERT INTO PRECO_COLETADO (Preco, UnidadeMedida, DataColeta, PostoCNPJ, CombustivelID) VALUES (5.970, 'R$ / litro', '2024-05-20', '02648712000147', (SELECT ID_Combustivel FROM COMBUSTIVEL WHERE Nome = 'GASOLINA ADITIVADA'));
INSERT INTO PRECO_COLETADO (Preco, UnidadeMedida, DataColeta, PostoCNPJ, CombustivelID) VALUES (5.890, 'R$ / litro', '2024-05-27', '02648712000147', (SELECT ID_Combustivel FROM COMBUSTIVEL WHERE Nome = 'GASOLINA ADITIVADA'));
INSERT INTO PRECO_COLETADO (Preco, UnidadeMedida, DataColeta, PostoCNPJ, CombustivelID) VALUES (5.890, 'R$ / litro', '2024-06-03', '02648712000147', (SELECT ID_Combustivel FROM COMBUSTIVEL WHERE Nome = 'GASOLINA ADITIVADA'));
INSERT INTO PRECO_COLETADO (Preco, UnidadeMedida, DataColeta, PostoCNPJ, CombustivelID) VALUES (5.890, 'R$ / litro', '2024-06-17', '02648712000147', (SELECT ID_Combustivel FROM COMBUSTIVEL WHERE Nome = 'GASOLINA ADITIVADA'));
INSERT INTO PRECO_COLETADO (Preco, UnidadeMedida, DataColeta, PostoCNPJ, CombustivelID) VALUES (5.890, 'R$ / litro', '2024-06-24', '02648712000147', (SELECT ID_Combustivel FROM COMBUSTIVEL WHERE Nome = 'GASOLINA ADITIVADA'));
INSERT INTO PRECO_COLETADO (Preco, UnidadeMedida, DataColeta, PostoCNPJ, CombustivelID) VALUES (5.890, 'R$ / litro', '2024-07-01', '02648712000147', (SELECT ID_Combustivel FROM COMBUSTIVEL WHERE Nome = 'GASOLINA ADITIVADA'));
INSERT INTO PRECO_COLETADO (Preco, UnidadeMedida, DataColeta, PostoCNPJ, CombustivelID) VALUES (5.890, 'R$ / litro', '2024-07-09', '02648712000147', (SELECT ID_Combustivel FROM COMBUSTIVEL WHERE Nome = 'GASOLINA ADITIVADA'));
INSERT INTO PRECO_COLETADO (Preco, UnidadeMedida, DataColeta, PostoCNPJ, CombustivelID) VALUES (6.290, 'R$ / litro', '2024-07-16', '02648712000147', (SELECT ID_Combustivel FROM COMBUSTIVEL WHERE Nome = 'GASOLINA ADITIVADA'));
INSERT INTO PRECO_COLETADO (Preco, UnidadeMedida, DataColeta, PostoCNPJ, CombustivelID) VALUES (6.250, 'R$ / litro', '2024-07-22', '02648712000147', (SELECT ID_Combustivel FROM COMBUSTIVEL WHERE Nome = 'GASOLINA ADITIVADA'));
INSERT INTO PRECO_COLETADO (Preco, UnidadeMedida, DataColeta, PostoCNPJ, CombustivelID) VALUES (6.250, 'R$ / litro', '2024-07-29', '02648712000147', (SELECT ID_Combustivel FROM COMBUSTIVEL WHERE Nome = 'GASOLINA ADITIVADA'));
INSERT INTO PRECO_COLETADO (Preco, UnidadeMedida, DataColeta, PostoCNPJ, CombustivelID) VALUES (6.250, 'R$ / litro', '2024-08-05', '02648712000147', (SELECT ID_Combustivel FROM COMBUSTIVEL WHERE Nome = 'GASOLINA ADITIVADA'));
INSERT INTO PRECO_COLETADO (Preco, UnidadeMedida, DataColeta, PostoCNPJ, CombustivelID) VALUES (6.200, 'R$ / litro', '2024-08-12', '02648712000147', (SELECT ID_Combustivel FROM COMBUSTIVEL WHERE Nome = 'GASOLINA ADITIVADA'));
INSERT INTO PRECO_COLETADO (Preco, UnidadeMedida, DataColeta, PostoCNPJ, CombustivelID) VALUES (6.200, 'R$ / litro', '2024-08-20', '02648712000147', (SELECT ID_Combustivel FROM COMBUSTIVEL WHERE Nome = 'GASOLINA ADITIVADA'));
INSERT INTO PRECO_COLETADO (Preco, UnidadeMedida, DataColeta, PostoCNPJ, CombustivelID) VALUES (6.200, 'R$ / litro', '2024-08-26', '02648712000147', (SELECT ID_Combustivel FROM COMBUSTIVEL WHERE Nome = 'GASOLINA ADITIVADA'));
INSERT INTO PRECO_COLETADO (Preco, UnidadeMedida, DataColeta, PostoCNPJ, CombustivelID) VALUES (6.200, 'R$ / litro', '2024-09-02', '02648712000147', (SELECT ID_Combustivel FROM COMBUSTIVEL WHERE Nome = 'GASOLINA ADITIVADA'));
INSERT INTO PRECO_COLETADO (Preco, UnidadeMedida, DataColeta, PostoCNPJ, CombustivelID) VALUES (4.790, 'R$ / litro', '2022-10-24', '02648712000147', (SELECT ID_Combustivel FROM COMBUSTIVEL WHERE Nome = 'GASOLINA COMUM'));
INSERT INTO PRECO_COLETADO (Preco, UnidadeMedida, DataColeta, PostoCNPJ, CombustivelID) VALUES (4.790, 'R$ / litro', '2022-10-31', '02648712000147', (SELECT ID_Combustivel FROM COMBUSTIVEL WHERE Nome = 'GASOLINA COMUM'));
INSERT INTO PRECO_COLETADO (Preco, UnidadeMedida, DataColeta, PostoCNPJ, CombustivelID) VALUES (4.990, 'R$ / litro', '2022-11-14', '02648712000147', (SELECT ID_Combustivel FROM COMBUSTIVEL WHERE Nome = 'GASOLINA COMUM'));
INSERT INTO PRECO_COLETADO (Preco, UnidadeMedida, DataColeta, PostoCNPJ, CombustivelID) VALUES (4.970, 'R$ / litro', '2022-11-22', '02648712000147', (SELECT ID_Combustivel FROM COMBUSTIVEL WHERE Nome = 'GASOLINA COMUM'));
INSERT INTO PRECO_COLETADO (Preco, UnidadeMedida, DataColeta, PostoCNPJ, CombustivelID) VALUES (4.970, 'R$ / litro', '2022-12-05', '02648712000147', (SELECT ID_Combustivel FROM COMBUSTIVEL WHERE Nome = 'GASOLINA COMUM'));
INSERT INTO PRECO_COLETADO (Preco, UnidadeMedida, DataColeta, PostoCNPJ, CombustivelID) VALUES (4.970, 'R$ / litro', '2022-12-12', '02648712000147', (SELECT ID_Combustivel FROM COMBUSTIVEL WHERE Nome = 'GASOLINA COMUM'));
INSERT INTO PRECO_COLETADO (Preco, UnidadeMedida, DataColeta, PostoCNPJ, CombustivelID) VALUES (4.870, 'R$ / litro', '2022-12-22', '02648712000147', (SELECT ID_Combustivel FROM COMBUSTIVEL WHERE Nome = 'GASOLINA COMUM'));
INSERT INTO PRECO_COLETADO (Preco, UnidadeMedida, DataColeta, PostoCNPJ, CombustivelID) VALUES (4.880, 'R$ / litro', '2022-12-26', '02648712000147', (SELECT ID_Combustivel FROM COMBUSTIVEL WHERE Nome = 'GASOLINA COMUM'));
INSERT INTO PRECO_COLETADO (Preco, UnidadeMedida, DataColeta, PostoCNPJ, CombustivelID) VALUES (4.880, 'R$ / litro', '2023-01-03', '02648712000147', (SELECT ID_Combustivel FROM COMBUSTIVEL WHERE Nome = 'GASOLINA COMUM'));
INSERT INTO PRECO_COLETADO (Preco, UnidadeMedida, DataColeta, PostoCNPJ, CombustivelID) VALUES (4.880, 'R$ / litro', '2023-01-09', '02648712000147', (SELECT ID_Combustivel FROM COMBUSTIVEL WHERE Nome = 'GASOLINA COMUM'));
INSERT INTO PRECO_COLETADO (Preco, UnidadeMedida, DataColeta, PostoCNPJ, CombustivelID) VALUES (4.890, 'R$ / litro', '2023-01-16', '02648712000147', (SELECT ID_Combustivel FROM COMBUSTIVEL WHERE Nome = 'GASOLINA COMUM'));
INSERT INTO PRECO_COLETADO (Preco, UnidadeMedida, DataColeta, PostoCNPJ, CombustivelID) VALUES (4.890, 'R$ / litro', '2023-01-23', '02648712000147', (SELECT ID_Combustivel FROM COMBUSTIVEL WHERE Nome = 'GASOLINA COMUM'));
INSERT INTO PRECO_COLETADO (Preco, UnidadeMedida, DataColeta, PostoCNPJ, CombustivelID) VALUES (5.090, 'R$ / litro', '2023-01-30', '02648712000147', (SELECT ID_Combustivel FROM COMBUSTIVEL WHERE Nome = 'GASOLINA COMUM'));
INSERT INTO PRECO_COLETADO (Preco, UnidadeMedida, DataColeta, PostoCNPJ, CombustivelID) VALUES (5.090, 'R$ / litro', '2023-02-06', '02648712000147', (SELECT ID_Combustivel FROM COMBUSTIVEL WHERE Nome = 'GASOLINA COMUM'));
INSERT INTO PRECO_COLETADO (Preco, UnidadeMedida, DataColeta, PostoCNPJ, CombustivelID) VALUES (4.990, 'R$ / litro', '2023-02-13', '02648712000147', (SELECT ID_Combustivel FROM COMBUSTIVEL WHERE Nome = 'GASOLINA COMUM'));
INSERT INTO PRECO_COLETADO (Preco, UnidadeMedida, DataColeta, PostoCNPJ, CombustivelID) VALUES (4.950, 'R$ / litro', '2023-02-20', '02648712000147', (SELECT ID_Combustivel FROM COMBUSTIVEL WHERE Nome = 'GASOLINA COMUM'));
INSERT INTO PRECO_COLETADO (Preco, UnidadeMedida, DataColeta, PostoCNPJ, CombustivelID) VALUES (4.950, 'R$ / litro', '2023-02-27', '02648712000147', (SELECT ID_Combustivel FROM COMBUSTIVEL WHERE Nome = 'GASOLINA COMUM'));
INSERT INTO PRECO_COLETADO (Preco, UnidadeMedida, DataColeta, PostoCNPJ, CombustivelID) VALUES (5.590, 'R$ / litro', '2023-03-06', '02648712000147', (SELECT ID_Combustivel FROM COMBUSTIVEL WHERE Nome = 'GASOLINA COMUM'));
INSERT INTO PRECO_COLETADO (Preco, UnidadeMedida, DataColeta, PostoCNPJ, CombustivelID) VALUES (5.490, 'R$ / litro', '2023-03-16', '02648712000147', (SELECT ID_Combustivel FROM COMBUSTIVEL WHERE Nome = 'GASOLINA COMUM'));
INSERT INTO PRECO_COLETADO (Preco, UnidadeMedida, DataColeta, PostoCNPJ, CombustivelID) VALUES (5.490, 'R$ / litro', '2023-03-21', '02648712000147', (SELECT ID_Combustivel FROM COMBUSTIVEL WHERE Nome = 'GASOLINA COMUM'));
INSERT INTO PRECO_COLETADO (Preco, UnidadeMedida, DataColeta, PostoCNPJ, CombustivelID) VALUES (5.490, 'R$ / litro', '2023-03-27', '02648712000147', (SELECT ID_Combustivel FROM COMBUSTIVEL WHERE Nome = 'GASOLINA COMUM'));
INSERT INTO PRECO_COLETADO (Preco, UnidadeMedida, DataColeta, PostoCNPJ, CombustivelID) VALUES (5.390, 'R$ / litro', '2023-04-04', '02648712000147', (SELECT ID_Combustivel FROM COMBUSTIVEL WHERE Nome = 'GASOLINA COMUM'));
INSERT INTO PRECO_COLETADO (Preco, UnidadeMedida, DataColeta, PostoCNPJ, CombustivelID) VALUES (5.390, 'R$ / litro', '2023-04-11', '02648712000147', (SELECT ID_Combustivel FROM COMBUSTIVEL WHERE Nome = 'GASOLINA COMUM'));
INSERT INTO PRECO_COLETADO (Preco, UnidadeMedida, DataColeta, PostoCNPJ, CombustivelID) VALUES (5.490, 'R$ / litro', '2023-04-17', '02648712000147', (SELECT ID_Combustivel FROM COMBUSTIVEL WHERE Nome = 'GASOLINA COMUM'));
INSERT INTO PRECO_COLETADO (Preco, UnidadeMedida, DataColeta, PostoCNPJ, CombustivelID) VALUES (5.490, 'R$ / litro', '2023-04-24', '02648712000147', (SELECT ID_Combustivel FROM COMBUSTIVEL WHERE Nome = 'GASOLINA COMUM'));
INSERT INTO PRECO_COLETADO (Preco, UnidadeMedida, DataColeta, PostoCNPJ, CombustivelID) VALUES (5.390, 'R$ / litro', '2023-05-09', '02648712000147', (SELECT ID_Combustivel FROM COMBUSTIVEL WHERE Nome = 'GASOLINA COMUM'));
INSERT INTO PRECO_COLETADO (Preco, UnidadeMedida, DataColeta, PostoCNPJ, CombustivelID) VALUES (5.390, 'R$ / litro', '2023-05-15', '02648712000147', (SELECT ID_Combustivel FROM COMBUSTIVEL WHERE Nome = 'GASOLINA COMUM'));
INSERT INTO PRECO_COLETADO (Preco, UnidadeMedida, DataColeta, PostoCNPJ, CombustivelID) VALUES (5.190, 'R$ / litro', '2023-05-23', '02648712000147', (SELECT ID_Combustivel FROM COMBUSTIVEL WHERE Nome = 'GASOLINA COMUM'));
INSERT INTO PRECO_COLETADO (Preco, UnidadeMedida, DataColeta, PostoCNPJ, CombustivelID) VALUES (5.090, 'R$ / litro', '2023-05-29', '02648712000147', (SELECT ID_Combustivel FROM COMBUSTIVEL WHERE Nome = 'GASOLINA COMUM'));
INSERT INTO PRECO_COLETADO (Preco, UnidadeMedida, DataColeta, PostoCNPJ, CombustivelID) VALUES (5.470, 'R$ / litro', '2023-06-05', '02648712000147', (SELECT ID_Combustivel FROM COMBUSTIVEL WHERE Nome = 'GASOLINA COMUM'));
INSERT INTO PRECO_COLETADO (Preco, UnidadeMedida, DataColeta, PostoCNPJ, CombustivelID) VALUES (5.390, 'R$ / litro', '2023-06-13', '02648712000147', (SELECT ID_Combustivel FROM COMBUSTIVEL WHERE Nome = 'GASOLINA COMUM'));
INSERT INTO PRECO_COLETADO (Preco, UnidadeMedida, DataColeta, PostoCNPJ, CombustivelID) VALUES (5.340, 'R$ / litro', '2023-06-20', '02648712000147', (SELECT ID_Combustivel FROM COMBUSTIVEL WHERE Nome = 'GASOLINA COMUM'));
INSERT INTO PRECO_COLETADO (Preco, UnidadeMedida, DataColeta, PostoCNPJ, CombustivelID) VALUES (5.290, 'R$ / litro', '2023-06-27', '02648712000147', (SELECT ID_Combustivel FROM COMBUSTIVEL WHERE Nome = 'GASOLINA COMUM'));
INSERT INTO PRECO_COLETADO (Preco, UnidadeMedida, DataColeta, PostoCNPJ, CombustivelID) VALUES (5.790, 'R$ / litro', '2023-07-04', '02648712000147', (SELECT ID_Combustivel FROM COMBUSTIVEL WHERE Nome = 'GASOLINA COMUM'));
INSERT INTO PRECO_COLETADO (Preco, UnidadeMedida, DataColeta, PostoCNPJ, CombustivelID) VALUES (5.690, 'R$ / litro', '2023-07-10', '02648712000147', (SELECT ID_Combustivel FROM COMBUSTIVEL WHERE Nome = 'GASOLINA COMUM'));
INSERT INTO PRECO_COLETADO (Preco, UnidadeMedida, DataColeta, PostoCNPJ, CombustivelID) VALUES (5.690, 'R$ / litro', '2023-07-17', '02648712000147', (SELECT ID_Combustivel FROM COMBUSTIVEL WHERE Nome = 'GASOLINA COMUM'));
INSERT INTO PRECO_COLETADO (Preco, UnidadeMedida, DataColeta, PostoCNPJ, CombustivelID) VALUES (5.590, 'R$ / litro', '2023-07-24', '02648712000147', (SELECT ID_Combustivel FROM COMBUSTIVEL WHERE Nome = 'GASOLINA COMUM'));
INSERT INTO PRECO_COLETADO (Preco, UnidadeMedida, DataColeta, PostoCNPJ, CombustivelID) VALUES (5.490, 'R$ / litro', '2023-07-31', '02648712000147', (SELECT ID_Combustivel FROM COMBUSTIVEL WHERE Nome = 'GASOLINA COMUM'));
INSERT INTO PRECO_COLETADO (Preco, UnidadeMedida, DataColeta, PostoCNPJ, CombustivelID) VALUES (5.420, 'R$ / litro', '2023-08-15', '02648712000147', (SELECT ID_Combustivel FROM COMBUSTIVEL WHERE Nome = 'GASOLINA COMUM'));
INSERT INTO PRECO_COLETADO (Preco, UnidadeMedida, DataColeta, PostoCNPJ, CombustivelID) VALUES (5.890, 'R$ / litro', '2023-08-22', '02648712000147', (SELECT ID_Combustivel FROM COMBUSTIVEL WHERE Nome = 'GASOLINA COMUM'));
INSERT INTO PRECO_COLETADO (Preco, UnidadeMedida, DataColeta, PostoCNPJ, CombustivelID) VALUES (5.890, 'R$ / litro', '2023-08-30', '02648712000147', (SELECT ID_Combustivel FROM COMBUSTIVEL WHERE Nome = 'GASOLINA COMUM'));
INSERT INTO PRECO_COLETADO (Preco, UnidadeMedida, DataColeta, PostoCNPJ, CombustivelID) VALUES (5.780, 'R$ / litro', '2023-09-07', '02648712000147', (SELECT ID_Combustivel FROM COMBUSTIVEL WHERE Nome = 'GASOLINA COMUM'));
INSERT INTO PRECO_COLETADO (Preco, UnidadeMedida, DataColeta, PostoCNPJ, CombustivelID) VALUES (5.780, 'R$ / litro', '2023-09-12', '02648712000147', (SELECT ID_Combustivel FROM COMBUSTIVEL WHERE Nome = 'GASOLINA COMUM'));
INSERT INTO PRECO_COLETADO (Preco, UnidadeMedida, DataColeta, PostoCNPJ, CombustivelID) VALUES (5.780, 'R$ / litro', '2023-09-19', '02648712000147', (SELECT ID_Combustivel FROM COMBUSTIVEL WHERE Nome = 'GASOLINA COMUM'));
INSERT INTO PRECO_COLETADO (Preco, UnidadeMedida, DataColeta, PostoCNPJ, CombustivelID) VALUES (5.690, 'R$ / litro', '2023-09-26', '02648712000147', (SELECT ID_Combustivel FROM COMBUSTIVEL WHERE Nome = 'GASOLINA COMUM'));
INSERT INTO PRECO_COLETADO (Preco, UnidadeMedida, DataColeta, PostoCNPJ, CombustivelID) VALUES (5.690, 'R$ / litro', '2023-10-03', '02648712000147', (SELECT ID_Combustivel FROM COMBUSTIVEL WHERE Nome = 'GASOLINA COMUM'));
INSERT INTO PRECO_COLETADO (Preco, UnidadeMedida, DataColeta, PostoCNPJ, CombustivelID) VALUES (5.690, 'R$ / litro', '2023-10-10', '02648712000147', (SELECT ID_Combustivel FROM COMBUSTIVEL WHERE Nome = 'GASOLINA COMUM'));
INSERT INTO PRECO_COLETADO (Preco, UnidadeMedida, DataColeta, PostoCNPJ, CombustivelID) VALUES (5.690, 'R$ / litro', '2023-10-16', '02648712000147', (SELECT ID_Combustivel FROM COMBUSTIVEL WHERE Nome = 'GASOLINA COMUM'));
INSERT INTO PRECO_COLETADO (Preco, UnidadeMedida, DataColeta, PostoCNPJ, CombustivelID) VALUES (5.690, 'R$ / litro', '2023-10-24', '02648712000147', (SELECT ID_Combustivel FROM COMBUSTIVEL WHERE Nome = 'GASOLINA COMUM'));
INSERT INTO PRECO_COLETADO (Preco, UnidadeMedida, DataColeta, PostoCNPJ, CombustivelID) VALUES (5.580, 'R$ / litro', '2023-10-31', '02648712000147', (SELECT ID_Combustivel FROM COMBUSTIVEL WHERE Nome = 'GASOLINA COMUM'));
INSERT INTO PRECO_COLETADO (Preco, UnidadeMedida, DataColeta, PostoCNPJ, CombustivelID) VALUES (5.580, 'R$ / litro', '2023-11-07', '02648712000147', (SELECT ID_Combustivel FROM COMBUSTIVEL WHERE Nome = 'GASOLINA COMUM'));
INSERT INTO PRECO_COLETADO (Preco, UnidadeMedida, DataColeta, PostoCNPJ, CombustivelID) VALUES (5.580, 'R$ / litro', '2023-11-14', '02648712000147', (SELECT ID_Combustivel FROM COMBUSTIVEL WHERE Nome = 'GASOLINA COMUM'));
INSERT INTO PRECO_COLETADO (Preco, UnidadeMedida, DataColeta, PostoCNPJ, CombustivelID) VALUES (5.580, 'R$ / litro', '2023-11-21', '02648712000147', (SELECT ID_Combustivel FROM COMBUSTIVEL WHERE Nome = 'GASOLINA COMUM'));
INSERT INTO PRECO_COLETADO (Preco, UnidadeMedida, DataColeta, PostoCNPJ, CombustivelID) VALUES (5.490, 'R$ / litro', '2023-11-28', '02648712000147', (SELECT ID_Combustivel FROM COMBUSTIVEL WHERE Nome = 'GASOLINA COMUM'));
INSERT INTO PRECO_COLETADO (Preco, UnidadeMedida, DataColeta, PostoCNPJ, CombustivelID) VALUES (5.490, 'R$ / litro', '2023-12-06', '02648712000147', (SELECT ID_Combustivel FROM COMBUSTIVEL WHERE Nome = 'GASOLINA COMUM'));
INSERT INTO PRECO_COLETADO (Preco, UnidadeMedida, DataColeta, PostoCNPJ, CombustivelID) VALUES (5.490, 'R$ / litro', '2023-12-13', '02648712000147', (SELECT ID_Combustivel FROM COMBUSTIVEL WHERE Nome = 'GASOLINA COMUM'));
INSERT INTO PRECO_COLETADO (Preco, UnidadeMedida, DataColeta, PostoCNPJ, CombustivelID) VALUES (5.490, 'R$ / litro', '2023-12-26', '02648712000147', (SELECT ID_Combustivel FROM COMBUSTIVEL WHERE Nome = 'GASOLINA COMUM'));
INSERT INTO PRECO_COLETADO (Preco, UnidadeMedida, DataColeta, PostoCNPJ, CombustivelID) VALUES (5.390, 'R$ / litro', '2024-01-03', '02648712000147', (SELECT ID_Combustivel FROM COMBUSTIVEL WHERE Nome = 'GASOLINA COMUM'));
INSERT INTO PRECO_COLETADO (Preco, UnidadeMedida, DataColeta, PostoCNPJ, CombustivelID) VALUES (5.390, 'R$ / litro', '2024-01-08', '02648712000147', (SELECT ID_Combustivel FROM COMBUSTIVEL WHERE Nome = 'GASOLINA COMUM'));
INSERT INTO PRECO_COLETADO (Preco, UnidadeMedida, DataColeta, PostoCNPJ, CombustivelID) VALUES (5.390, 'R$ / litro', '2024-01-15', '02648712000147', (SELECT ID_Combustivel FROM COMBUSTIVEL WHERE Nome = 'GASOLINA COMUM'));
INSERT INTO PRECO_COLETADO (Preco, UnidadeMedida, DataColeta, PostoCNPJ, CombustivelID) VALUES (5.390, 'R$ / litro', '2024-01-22', '02648712000147', (SELECT ID_Combustivel FROM COMBUSTIVEL WHERE Nome = 'GASOLINA COMUM'));
INSERT INTO PRECO_COLETADO (Preco, UnidadeMedida, DataColeta, PostoCNPJ, CombustivelID) VALUES (5.290, 'R$ / litro', '2024-01-29', '02648712000147', (SELECT ID_Combustivel FROM COMBUSTIVEL WHERE Nome = 'GASOLINA COMUM'));
INSERT INTO PRECO_COLETADO (Preco, UnidadeMedida, DataColeta, PostoCNPJ, CombustivelID) VALUES (5.670, 'R$ / litro', '2024-02-05', '02648712000147', (SELECT ID_Combustivel FROM COMBUSTIVEL WHERE Nome = 'GASOLINA COMUM'));
INSERT INTO PRECO_COLETADO (Preco, UnidadeMedida, DataColeta, PostoCNPJ, CombustivelID) VALUES (5.670, 'R$ / litro', '2024-02-12', '02648712000147', (SELECT ID_Combustivel FROM COMBUSTIVEL WHERE Nome = 'GASOLINA COMUM'));
INSERT INTO PRECO_COLETADO (Preco, UnidadeMedida, DataColeta, PostoCNPJ, CombustivelID) VALUES (5.590, 'R$ / litro', '2024-02-19', '02648712000147', (SELECT ID_Combustivel FROM COMBUSTIVEL WHERE Nome = 'GASOLINA COMUM'));
INSERT INTO PRECO_COLETADO (Preco, UnidadeMedida, DataColeta, PostoCNPJ, CombustivelID) VALUES (5.590, 'R$ / litro', '2024-03-04', '02648712000147', (SELECT ID_Combustivel FROM COMBUSTIVEL WHERE Nome = 'GASOLINA COMUM'));
INSERT INTO PRECO_COLETADO (Preco, UnidadeMedida, DataColeta, PostoCNPJ, CombustivelID) VALUES (5.590, 'R$ / litro', '2024-03-11', '02648712000147', (SELECT ID_Combustivel FROM COMBUSTIVEL WHERE Nome = 'GASOLINA COMUM'));
INSERT INTO PRECO_COLETADO (Preco, UnidadeMedida, DataColeta, PostoCNPJ, CombustivelID) VALUES (5.590, 'R$ / litro', '2024-03-25', '02648712000147', (SELECT ID_Combustivel FROM COMBUSTIVEL WHERE Nome = 'GASOLINA COMUM'));
INSERT INTO PRECO_COLETADO (Preco, UnidadeMedida, DataColeta, PostoCNPJ, CombustivelID) VALUES (5.590, 'R$ / litro', '2024-04-02', '02648712000147', (SELECT ID_Combustivel FROM COMBUSTIVEL WHERE Nome = 'GASOLINA COMUM'));
INSERT INTO PRECO_COLETADO (Preco, UnidadeMedida, DataColeta, PostoCNPJ, CombustivelID) VALUES (5.690, 'R$ / litro', '2024-04-15', '02648712000147', (SELECT ID_Combustivel FROM COMBUSTIVEL WHERE Nome = 'GASOLINA COMUM'));
INSERT INTO PRECO_COLETADO (Preco, UnidadeMedida, DataColeta, PostoCNPJ, CombustivelID) VALUES (5.690, 'R$ / litro', '2024-04-22', '02648712000147', (SELECT ID_Combustivel FROM COMBUSTIVEL WHERE Nome = 'GASOLINA COMUM'));
INSERT INTO PRECO_COLETADO (Preco, UnidadeMedida, DataColeta, PostoCNPJ, CombustivelID) VALUES (5.740, 'R$ / litro', '2024-04-29', '02648712000147', (SELECT ID_Combustivel FROM COMBUSTIVEL WHERE Nome = 'GASOLINA COMUM'));
INSERT INTO PRECO_COLETADO (Preco, UnidadeMedida, DataColeta, PostoCNPJ, CombustivelID) VALUES (5.870, 'R$ / litro', '2024-05-06', '02648712000147', (SELECT ID_Combustivel FROM COMBUSTIVEL WHERE Nome = 'GASOLINA COMUM'));
INSERT INTO PRECO_COLETADO (Preco, UnidadeMedida, DataColeta, PostoCNPJ, CombustivelID) VALUES (5.870, 'R$ / litro', '2024-05-20', '02648712000147', (SELECT ID_Combustivel FROM COMBUSTIVEL WHERE Nome = 'GASOLINA COMUM'));
INSERT INTO PRECO_COLETADO (Preco, UnidadeMedida, DataColeta, PostoCNPJ, CombustivelID) VALUES (5.790, 'R$ / litro', '2024-05-27', '02648712000147', (SELECT ID_Combustivel FROM COMBUSTIVEL WHERE Nome = 'GASOLINA COMUM'));
INSERT INTO PRECO_COLETADO (Preco, UnidadeMedida, DataColeta, PostoCNPJ, CombustivelID) VALUES (5.790, 'R$ / litro', '2024-06-03', '02648712000147', (SELECT ID_Combustivel FROM COMBUSTIVEL WHERE Nome = 'GASOLINA COMUM'));
INSERT INTO PRECO_COLETADO (Preco, UnidadeMedida, DataColeta, PostoCNPJ, CombustivelID) VALUES (5.790, 'R$ / litro', '2024-06-17', '02648712000147', (SELECT ID_Combustivel FROM COMBUSTIVEL WHERE Nome = 'GASOLINA COMUM'));
INSERT INTO PRECO_COLETADO (Preco, UnidadeMedida, DataColeta, PostoCNPJ, CombustivelID) VALUES (5.790, 'R$ / litro', '2024-06-24', '02648712000147', (SELECT ID_Combustivel FROM COMBUSTIVEL WHERE Nome = 'GASOLINA COMUM'));
INSERT INTO PRECO_COLETADO (Preco, UnidadeMedida, DataColeta, PostoCNPJ, CombustivelID) VALUES (5.790, 'R$ / litro', '2024-07-01', '02648712000147', (SELECT ID_Combustivel FROM COMBUSTIVEL WHERE Nome = 'GASOLINA COMUM'));
INSERT INTO PRECO_COLETADO (Preco, UnidadeMedida, DataColeta, PostoCNPJ, CombustivelID) VALUES (5.790, 'R$ / litro', '2024-07-09', '02648712000147', (SELECT ID_Combustivel FROM COMBUSTIVEL WHERE Nome = 'GASOLINA COMUM'));
INSERT INTO PRECO_COLETADO (Preco, UnidadeMedida, DataColeta, PostoCNPJ, CombustivelID) VALUES (6.180, 'R$ / litro', '2024-07-16', '02648712000147', (SELECT ID_Combustivel FROM COMBUSTIVEL WHERE Nome = 'GASOLINA COMUM'));
INSERT INTO PRECO_COLETADO (Preco, UnidadeMedida, DataColeta, PostoCNPJ, CombustivelID) VALUES (6.140, 'R$ / litro', '2024-07-22', '02648712000147', (SELECT ID_Combustivel FROM COMBUSTIVEL WHERE Nome = 'GASOLINA COMUM'));
INSERT INTO PRECO_COLETADO (Preco, UnidadeMedida, DataColeta, PostoCNPJ, CombustivelID) VALUES (6.140, 'R$ / litro', '2024-07-29', '02648712000147', (SELECT ID_Combustivel FROM COMBUSTIVEL WHERE Nome = 'GASOLINA COMUM'));
INSERT INTO PRECO_COLETADO (Preco, UnidadeMedida, DataColeta, PostoCNPJ, CombustivelID) VALUES (6.140, 'R$ / litro', '2024-08-05', '02648712000147', (SELECT ID_Combustivel FROM COMBUSTIVEL WHERE Nome = 'GASOLINA COMUM'));
INSERT INTO PRECO_COLETADO (Preco, UnidadeMedida, DataColeta, PostoCNPJ, CombustivelID) VALUES (6.090, 'R$ / litro', '2024-08-12', '02648712000147', (SELECT ID_Combustivel FROM COMBUSTIVEL WHERE Nome = 'GASOLINA COMUM'));
INSERT INTO PRECO_COLETADO (Preco, UnidadeMedida, DataColeta, PostoCNPJ, CombustivelID) VALUES (6.070, 'R$ / litro', '2024-08-20', '02648712000147', (SELECT ID_Combustivel FROM COMBUSTIVEL WHERE Nome = 'GASOLINA COMUM'));
INSERT INTO PRECO_COLETADO (Preco, UnidadeMedida, DataColeta, PostoCNPJ, CombustivelID) VALUES (6.070, 'R$ / litro', '2024-08-26', '02648712000147', (SELECT ID_Combustivel FROM COMBUSTIVEL WHERE Nome = 'GASOLINA COMUM'));
INSERT INTO PRECO_COLETADO (Preco, UnidadeMedida, DataColeta, PostoCNPJ, CombustivelID) VALUES (6.070, 'R$ / litro', '2024-09-02', '02648712000147', (SELECT ID_Combustivel FROM COMBUSTIVEL WHERE Nome = 'GASOLINA COMUM'));
INSERT INTO POSTO (CNPJ, RazaoSocial, NomeFantasia, Bandeira, Logradouro, Numero, Bairro, Cidade, Estado, CEP) VALUES ('01503536000192', 'POSTO MARCELA LTDA', 'POSTO MARCELA', 'VIBRA ENERGIA', 'RUA DO PESSEGUEIRO', 'S/N', 'DIVINO ESPÍRITO SANTO', 'VILA VELHA', 'ESPIRITO SANTO', '29107230');
INSERT INTO PRECO_COLETADO (Preco, UnidadeMedida, DataColeta, PostoCNPJ, CombustivelID) VALUES (4.190, 'R$ / litro', '2022-10-24', '01503536000192', (SELECT ID_Combustivel FROM COMBUSTIVEL WHERE Nome = 'ETANOL'));
INSERT INTO PRECO_COLETADO (Preco, UnidadeMedida, DataColeta, PostoCNPJ, CombustivelID) VALUES (4.190, 'R$ / litro', '2022-10-31', '01503536000192', (SELECT ID_Combustivel FROM COMBUSTIVEL WHERE Nome = 'ETANOL'));
INSERT INTO PRECO_COLETADO (Preco, UnidadeMedida, DataColeta, PostoCNPJ, CombustivelID) VALUES (4.380, 'R$ / litro', '2022-11-22', '01503536000192', (SELECT ID_Combustivel FROM COMBUSTIVEL WHERE Nome = 'ETANOL'));
INSERT INTO PRECO_COLETADO (Preco, UnidadeMedida, DataColeta, PostoCNPJ, CombustivelID) VALUES (4.290, 'R$ / litro', '2022-12-05', '01503536000192', (SELECT ID_Combustivel FROM COMBUSTIVEL WHERE Nome = 'ETANOL'));
INSERT INTO PRECO_COLETADO (Preco, UnidadeMedida, DataColeta, PostoCNPJ, CombustivelID) VALUES (4.290, 'R$ / litro', '2022-12-12', '01503536000192', (SELECT ID_Combustivel FROM COMBUSTIVEL WHERE Nome = 'ETANOL'));
INSERT INTO PRECO_COLETADO (Preco, UnidadeMedida, DataColeta, PostoCNPJ, CombustivelID) VALUES (4.290, 'R$ / litro', '2022-12-22', '01503536000192', (SELECT ID_Combustivel FROM COMBUSTIVEL WHERE Nome = 'ETANOL'));
INSERT INTO PRECO_COLETADO (Preco, UnidadeMedida, DataColeta, PostoCNPJ, CombustivelID) VALUES (4.290, 'R$ / litro', '2022-12-26', '01503536000192', (SELECT ID_Combustivel FROM COMBUSTIVEL WHERE Nome = 'ETANOL'));
INSERT INTO PRECO_COLETADO (Preco, UnidadeMedida, DataColeta, PostoCNPJ, CombustivelID) VALUES (4.290, 'R$ / litro', '2023-01-02', '01503536000192', (SELECT ID_Combustivel FROM COMBUSTIVEL WHERE Nome = 'ETANOL'));
INSERT INTO PRECO_COLETADO (Preco, UnidadeMedida, DataColeta, PostoCNPJ, CombustivelID) VALUES (4.490, 'R$ / litro', '2023-01-09', '01503536000192', (SELECT ID_Combustivel FROM COMBUSTIVEL WHERE Nome = 'ETANOL'));
INSERT INTO PRECO_COLETADO (Preco, UnidadeMedida, DataColeta, PostoCNPJ, CombustivelID) VALUES (4.490, 'R$ / litro', '2023-01-16', '01503536000192', (SELECT ID_Combustivel FROM COMBUSTIVEL WHERE Nome = 'ETANOL'));
INSERT INTO PRECO_COLETADO (Preco, UnidadeMedida, DataColeta, PostoCNPJ, CombustivelID) VALUES (4.290, 'R$ / litro', '2023-01-23', '01503536000192', (SELECT ID_Combustivel FROM COMBUSTIVEL WHERE Nome = 'ETANOL'));
INSERT INTO PRECO_COLETADO (Preco, UnidadeMedida, DataColeta, PostoCNPJ, CombustivelID) VALUES (4.290, 'R$ / litro', '2023-01-30', '01503536000192', (SELECT ID_Combustivel FROM COMBUSTIVEL WHERE Nome = 'ETANOL'));
INSERT INTO PRECO_COLETADO (Preco, UnidadeMedida, DataColeta, PostoCNPJ, CombustivelID) VALUES (4.290, 'R$ / litro', '2023-02-06', '01503536000192', (SELECT ID_Combustivel FROM COMBUSTIVEL WHERE Nome = 'ETANOL'));
INSERT INTO PRECO_COLETADO (Preco, UnidadeMedida, DataColeta, PostoCNPJ, CombustivelID) VALUES (4.290, 'R$ / litro', '2023-02-13', '01503536000192', (SELECT ID_Combustivel FROM COMBUSTIVEL WHERE Nome = 'ETANOL'));
INSERT INTO PRECO_COLETADO (Preco, UnidadeMedida, DataColeta, PostoCNPJ, CombustivelID) VALUES (4.290, 'R$ / litro', '2023-02-20', '01503536000192', (SELECT ID_Combustivel FROM COMBUSTIVEL WHERE Nome = 'ETANOL'));
INSERT INTO PRECO_COLETADO (Preco, UnidadeMedida, DataColeta, PostoCNPJ, CombustivelID) VALUES (4.290, 'R$ / litro', '2023-02-27', '01503536000192', (SELECT ID_Combustivel FROM COMBUSTIVEL WHERE Nome = 'ETANOL'));
INSERT INTO PRECO_COLETADO (Preco, UnidadeMedida, DataColeta, PostoCNPJ, CombustivelID) VALUES (4.190, 'R$ / litro', '2023-03-06', '01503536000192', (SELECT ID_Combustivel FROM COMBUSTIVEL WHERE Nome = 'ETANOL'));
INSERT INTO PRECO_COLETADO (Preco, UnidadeMedida, DataColeta, PostoCNPJ, CombustivelID) VALUES (4.190, 'R$ / litro', '2023-03-16', '01503536000192', (SELECT ID_Combustivel FROM COMBUSTIVEL WHERE Nome = 'ETANOL'));
INSERT INTO PRECO_COLETADO (Preco, UnidadeMedida, DataColeta, PostoCNPJ, CombustivelID) VALUES (4.190, 'R$ / litro', '2023-03-21', '01503536000192', (SELECT ID_Combustivel FROM COMBUSTIVEL WHERE Nome = 'ETANOL'));
INSERT INTO PRECO_COLETADO (Preco, UnidadeMedida, DataColeta, PostoCNPJ, CombustivelID) VALUES (4.190, 'R$ / litro', '2023-03-27', '01503536000192', (SELECT ID_Combustivel FROM COMBUSTIVEL WHERE Nome = 'ETANOL'));
INSERT INTO PRECO_COLETADO (Preco, UnidadeMedida, DataColeta, PostoCNPJ, CombustivelID) VALUES (4.490, 'R$ / litro', '2023-04-04', '01503536000192', (SELECT ID_Combustivel FROM COMBUSTIVEL WHERE Nome = 'ETANOL'));
INSERT INTO PRECO_COLETADO (Preco, UnidadeMedida, DataColeta, PostoCNPJ, CombustivelID) VALUES (4.490, 'R$ / litro', '2023-04-10', '01503536000192', (SELECT ID_Combustivel FROM COMBUSTIVEL WHERE Nome = 'ETANOL'));
INSERT INTO PRECO_COLETADO (Preco, UnidadeMedida, DataColeta, PostoCNPJ, CombustivelID) VALUES (4.490, 'R$ / litro', '2023-04-17', '01503536000192', (SELECT ID_Combustivel FROM COMBUSTIVEL WHERE Nome = 'ETANOL'));
INSERT INTO PRECO_COLETADO (Preco, UnidadeMedida, DataColeta, PostoCNPJ, CombustivelID) VALUES (4.590, 'R$ / litro', '2023-05-02', '01503536000192', (SELECT ID_Combustivel FROM COMBUSTIVEL WHERE Nome = 'ETANOL'));
INSERT INTO PRECO_COLETADO (Preco, UnidadeMedida, DataColeta, PostoCNPJ, CombustivelID) VALUES (4.290, 'R$ / litro', '2023-05-29', '01503536000192', (SELECT ID_Combustivel FROM COMBUSTIVEL WHERE Nome = 'ETANOL'));
INSERT INTO PRECO_COLETADO (Preco, UnidadeMedida, DataColeta, PostoCNPJ, CombustivelID) VALUES (4.290, 'R$ / litro', '2023-06-05', '01503536000192', (SELECT ID_Combustivel FROM COMBUSTIVEL WHERE Nome = 'ETANOL'));
INSERT INTO PRECO_COLETADO (Preco, UnidadeMedida, DataColeta, PostoCNPJ, CombustivelID) VALUES (4.290, 'R$ / litro', '2023-06-13', '01503536000192', (SELECT ID_Combustivel FROM COMBUSTIVEL WHERE Nome = 'ETANOL'));
INSERT INTO PRECO_COLETADO (Preco, UnidadeMedida, DataColeta, PostoCNPJ, CombustivelID) VALUES (3.990, 'R$ / litro', '2023-11-07', '01503536000192', (SELECT ID_Combustivel FROM COMBUSTIVEL WHERE Nome = 'ETANOL'));
INSERT INTO PRECO_COLETADO (Preco, UnidadeMedida, DataColeta, PostoCNPJ, CombustivelID) VALUES (3.990, 'R$ / litro', '2023-12-20', '01503536000192', (SELECT ID_Combustivel FROM COMBUSTIVEL WHERE Nome = 'ETANOL'));
INSERT INTO PRECO_COLETADO (Preco, UnidadeMedida, DataColeta, PostoCNPJ, CombustivelID) VALUES (4.190, 'R$ / litro', '2024-06-04', '01503536000192', (SELECT ID_Combustivel FROM COMBUSTIVEL WHERE Nome = 'ETANOL'));
INSERT INTO PRECO_COLETADO (Preco, UnidadeMedida, DataColeta, PostoCNPJ, CombustivelID) VALUES (6.390, 'R$ / litro', '2022-10-24', '01503536000192', (SELECT ID_Combustivel FROM COMBUSTIVEL WHERE Nome = 'DIESEL S10'));
INSERT INTO PRECO_COLETADO (Preco, UnidadeMedida, DataColeta, PostoCNPJ, CombustivelID) VALUES (6.390, 'R$ / litro', '2022-10-31', '01503536000192', (SELECT ID_Combustivel FROM COMBUSTIVEL WHERE Nome = 'DIESEL S10'));
INSERT INTO PRECO_COLETADO (Preco, UnidadeMedida, DataColeta, PostoCNPJ, CombustivelID) VALUES (6.390, 'R$ / litro', '2022-11-22', '01503536000192', (SELECT ID_Combustivel FROM COMBUSTIVEL WHERE Nome = 'DIESEL S10'));
INSERT INTO PRECO_COLETADO (Preco, UnidadeMedida, DataColeta, PostoCNPJ, CombustivelID) VALUES (6.390, 'R$ / litro', '2022-12-05', '01503536000192', (SELECT ID_Combustivel FROM COMBUSTIVEL WHERE Nome = 'DIESEL S10'));
INSERT INTO PRECO_COLETADO (Preco, UnidadeMedida, DataColeta, PostoCNPJ, CombustivelID) VALUES (6.390, 'R$ / litro', '2022-12-12', '01503536000192', (SELECT ID_Combustivel FROM COMBUSTIVEL WHERE Nome = 'DIESEL S10'));
INSERT INTO PRECO_COLETADO (Preco, UnidadeMedida, DataColeta, PostoCNPJ, CombustivelID) VALUES (6.090, 'R$ / litro', '2022-12-22', '01503536000192', (SELECT ID_Combustivel FROM COMBUSTIVEL WHERE Nome = 'DIESEL S10'));
INSERT INTO PRECO_COLETADO (Preco, UnidadeMedida, DataColeta, PostoCNPJ, CombustivelID) VALUES (6.090, 'R$ / litro', '2022-12-26', '01503536000192', (SELECT ID_Combustivel FROM COMBUSTIVEL WHERE Nome = 'DIESEL S10'));
INSERT INTO PRECO_COLETADO (Preco, UnidadeMedida, DataColeta, PostoCNPJ, CombustivelID) VALUES (6.090, 'R$ / litro', '2023-01-02', '01503536000192', (SELECT ID_Combustivel FROM COMBUSTIVEL WHERE Nome = 'DIESEL S10'));
INSERT INTO PRECO_COLETADO (Preco, UnidadeMedida, DataColeta, PostoCNPJ, CombustivelID) VALUES (6.140, 'R$ / litro', '2023-01-09', '01503536000192', (SELECT ID_Combustivel FROM COMBUSTIVEL WHERE Nome = 'DIESEL S10'));
INSERT INTO PRECO_COLETADO (Preco, UnidadeMedida, DataColeta, PostoCNPJ, CombustivelID) VALUES (6.090, 'R$ / litro', '2023-01-16', '01503536000192', (SELECT ID_Combustivel FROM COMBUSTIVEL WHERE Nome = 'DIESEL S10'));
INSERT INTO PRECO_COLETADO (Preco, UnidadeMedida, DataColeta, PostoCNPJ, CombustivelID) VALUES (6.090, 'R$ / litro', '2023-01-23', '01503536000192', (SELECT ID_Combustivel FROM COMBUSTIVEL WHERE Nome = 'DIESEL S10'));
INSERT INTO PRECO_COLETADO (Preco, UnidadeMedida, DataColeta, PostoCNPJ, CombustivelID) VALUES (6.090, 'R$ / litro', '2023-01-30', '01503536000192', (SELECT ID_Combustivel FROM COMBUSTIVEL WHERE Nome = 'DIESEL S10'));
INSERT INTO PRECO_COLETADO (Preco, UnidadeMedida, DataColeta, PostoCNPJ, CombustivelID) VALUES (6.090, 'R$ / litro', '2023-02-06', '01503536000192', (SELECT ID_Combustivel FROM COMBUSTIVEL WHERE Nome = 'DIESEL S10'));
INSERT INTO PRECO_COLETADO (Preco, UnidadeMedida, DataColeta, PostoCNPJ, CombustivelID) VALUES (6.090, 'R$ / litro', '2023-02-13', '01503536000192', (SELECT ID_Combustivel FROM COMBUSTIVEL WHERE Nome = 'DIESEL S10'));
INSERT INTO PRECO_COLETADO (Preco, UnidadeMedida, DataColeta, PostoCNPJ, CombustivelID) VALUES (5.790, 'R$ / litro', '2023-02-20', '01503536000192', (SELECT ID_Combustivel FROM COMBUSTIVEL WHERE Nome = 'DIESEL S10'));
INSERT INTO PRECO_COLETADO (Preco, UnidadeMedida, DataColeta, PostoCNPJ, CombustivelID) VALUES (5.790, 'R$ / litro', '2023-02-27', '01503536000192', (SELECT ID_Combustivel FROM COMBUSTIVEL WHERE Nome = 'DIESEL S10'));
INSERT INTO PRECO_COLETADO (Preco, UnidadeMedida, DataColeta, PostoCNPJ, CombustivelID) VALUES (5.790, 'R$ / litro', '2023-03-06', '01503536000192', (SELECT ID_Combustivel FROM COMBUSTIVEL WHERE Nome = 'DIESEL S10'));
INSERT INTO PRECO_COLETADO (Preco, UnidadeMedida, DataColeta, PostoCNPJ, CombustivelID) VALUES (5.790, 'R$ / litro', '2023-03-16', '01503536000192', (SELECT ID_Combustivel FROM COMBUSTIVEL WHERE Nome = 'DIESEL S10'));
INSERT INTO PRECO_COLETADO (Preco, UnidadeMedida, DataColeta, PostoCNPJ, CombustivelID) VALUES (5.790, 'R$ / litro', '2023-03-21', '01503536000192', (SELECT ID_Combustivel FROM COMBUSTIVEL WHERE Nome = 'DIESEL S10'));
INSERT INTO PRECO_COLETADO (Preco, UnidadeMedida, DataColeta, PostoCNPJ, CombustivelID) VALUES (5.790, 'R$ / litro', '2023-03-27', '01503536000192', (SELECT ID_Combustivel FROM COMBUSTIVEL WHERE Nome = 'DIESEL S10'));
INSERT INTO PRECO_COLETADO (Preco, UnidadeMedida, DataColeta, PostoCNPJ, CombustivelID) VALUES (5.690, 'R$ / litro', '2023-04-04', '01503536000192', (SELECT ID_Combustivel FROM COMBUSTIVEL WHERE Nome = 'DIESEL S10'));
INSERT INTO PRECO_COLETADO (Preco, UnidadeMedida, DataColeta, PostoCNPJ, CombustivelID) VALUES (5.690, 'R$ / litro', '2023-04-10', '01503536000192', (SELECT ID_Combustivel FROM COMBUSTIVEL WHERE Nome = 'DIESEL S10'));
INSERT INTO PRECO_COLETADO (Preco, UnidadeMedida, DataColeta, PostoCNPJ, CombustivelID) VALUES (5.690, 'R$ / litro', '2023-04-17', '01503536000192', (SELECT ID_Combustivel FROM COMBUSTIVEL WHERE Nome = 'DIESEL S10'));
INSERT INTO PRECO_COLETADO (Preco, UnidadeMedida, DataColeta, PostoCNPJ, CombustivelID) VALUES (5.590, 'R$ / litro', '2023-05-02', '01503536000192', (SELECT ID_Combustivel FROM COMBUSTIVEL WHERE Nome = 'DIESEL S10'));
INSERT INTO PRECO_COLETADO (Preco, UnidadeMedida, DataColeta, PostoCNPJ, CombustivelID) VALUES (5.490, 'R$ / litro', '2023-05-09', '01503536000192', (SELECT ID_Combustivel FROM COMBUSTIVEL WHERE Nome = 'DIESEL S10'));
INSERT INTO PRECO_COLETADO (Preco, UnidadeMedida, DataColeta, PostoCNPJ, CombustivelID) VALUES (5.050, 'R$ / litro', '2023-05-22', '01503536000192', (SELECT ID_Combustivel FROM COMBUSTIVEL WHERE Nome = 'DIESEL S10'));
INSERT INTO PRECO_COLETADO (Preco, UnidadeMedida, DataColeta, PostoCNPJ, CombustivelID) VALUES (5.090, 'R$ / litro', '2023-05-29', '01503536000192', (SELECT ID_Combustivel FROM COMBUSTIVEL WHERE Nome = 'DIESEL S10'));
INSERT INTO PRECO_COLETADO (Preco, UnidadeMedida, DataColeta, PostoCNPJ, CombustivelID) VALUES (5.090, 'R$ / litro', '2023-06-05', '01503536000192', (SELECT ID_Combustivel FROM COMBUSTIVEL WHERE Nome = 'DIESEL S10'));
INSERT INTO PRECO_COLETADO (Preco, UnidadeMedida, DataColeta, PostoCNPJ, CombustivelID) VALUES (5.090, 'R$ / litro', '2023-06-13', '01503536000192', (SELECT ID_Combustivel FROM COMBUSTIVEL WHERE Nome = 'DIESEL S10'));
INSERT INTO PRECO_COLETADO (Preco, UnidadeMedida, DataColeta, PostoCNPJ, CombustivelID) VALUES (5.090, 'R$ / litro', '2023-06-20', '01503536000192', (SELECT ID_Combustivel FROM COMBUSTIVEL WHERE Nome = 'DIESEL S10'));
INSERT INTO PRECO_COLETADO (Preco, UnidadeMedida, DataColeta, PostoCNPJ, CombustivelID) VALUES (5.090, 'R$ / litro', '2023-06-27', '01503536000192', (SELECT ID_Combustivel FROM COMBUSTIVEL WHERE Nome = 'DIESEL S10'));
INSERT INTO PRECO_COLETADO (Preco, UnidadeMedida, DataColeta, PostoCNPJ, CombustivelID) VALUES (5.090, 'R$ / litro', '2023-07-04', '01503536000192', (SELECT ID_Combustivel FROM COMBUSTIVEL WHERE Nome = 'DIESEL S10'));
INSERT INTO PRECO_COLETADO (Preco, UnidadeMedida, DataColeta, PostoCNPJ, CombustivelID) VALUES (5.090, 'R$ / litro', '2023-07-10', '01503536000192', (SELECT ID_Combustivel FROM COMBUSTIVEL WHERE Nome = 'DIESEL S10'));
INSERT INTO PRECO_COLETADO (Preco, UnidadeMedida, DataColeta, PostoCNPJ, CombustivelID) VALUES (4.990, 'R$ / litro', '2023-07-17', '01503536000192', (SELECT ID_Combustivel FROM COMBUSTIVEL WHERE Nome = 'DIESEL S10'));
INSERT INTO PRECO_COLETADO (Preco, UnidadeMedida, DataColeta, PostoCNPJ, CombustivelID) VALUES (4.990, 'R$ / litro', '2023-07-24', '01503536000192', (SELECT ID_Combustivel FROM COMBUSTIVEL WHERE Nome = 'DIESEL S10'));
INSERT INTO PRECO_COLETADO (Preco, UnidadeMedida, DataColeta, PostoCNPJ, CombustivelID) VALUES (4.990, 'R$ / litro', '2023-07-31', '01503536000192', (SELECT ID_Combustivel FROM COMBUSTIVEL WHERE Nome = 'DIESEL S10'));
INSERT INTO PRECO_COLETADO (Preco, UnidadeMedida, DataColeta, PostoCNPJ, CombustivelID) VALUES (4.990, 'R$ / litro', '2023-08-07', '01503536000192', (SELECT ID_Combustivel FROM COMBUSTIVEL WHERE Nome = 'DIESEL S10'));
INSERT INTO PRECO_COLETADO (Preco, UnidadeMedida, DataColeta, PostoCNPJ, CombustivelID) VALUES (5.170, 'R$ / litro', '2023-08-15', '01503536000192', (SELECT ID_Combustivel FROM COMBUSTIVEL WHERE Nome = 'DIESEL S10'));
INSERT INTO PRECO_COLETADO (Preco, UnidadeMedida, DataColeta, PostoCNPJ, CombustivelID) VALUES (5.990, 'R$ / litro', '2023-08-22', '01503536000192', (SELECT ID_Combustivel FROM COMBUSTIVEL WHERE Nome = 'DIESEL S10'));
INSERT INTO PRECO_COLETADO (Preco, UnidadeMedida, DataColeta, PostoCNPJ, CombustivelID) VALUES (6.090, 'R$ / litro', '2023-09-07', '01503536000192', (SELECT ID_Combustivel FROM COMBUSTIVEL WHERE Nome = 'DIESEL S10'));
INSERT INTO PRECO_COLETADO (Preco, UnidadeMedida, DataColeta, PostoCNPJ, CombustivelID) VALUES (6.090, 'R$ / litro', '2023-09-12', '01503536000192', (SELECT ID_Combustivel FROM COMBUSTIVEL WHERE Nome = 'DIESEL S10'));
INSERT INTO PRECO_COLETADO (Preco, UnidadeMedida, DataColeta, PostoCNPJ, CombustivelID) VALUES (6.090, 'R$ / litro', '2023-09-19', '01503536000192', (SELECT ID_Combustivel FROM COMBUSTIVEL WHERE Nome = 'DIESEL S10'));
INSERT INTO PRECO_COLETADO (Preco, UnidadeMedida, DataColeta, PostoCNPJ, CombustivelID) VALUES (6.090, 'R$ / litro', '2023-10-03', '01503536000192', (SELECT ID_Combustivel FROM COMBUSTIVEL WHERE Nome = 'DIESEL S10'));
INSERT INTO PRECO_COLETADO (Preco, UnidadeMedida, DataColeta, PostoCNPJ, CombustivelID) VALUES (6.090, 'R$ / litro', '2023-10-10', '01503536000192', (SELECT ID_Combustivel FROM COMBUSTIVEL WHERE Nome = 'DIESEL S10'));
INSERT INTO PRECO_COLETADO (Preco, UnidadeMedida, DataColeta, PostoCNPJ, CombustivelID) VALUES (6.090, 'R$ / litro', '2023-10-16', '01503536000192', (SELECT ID_Combustivel FROM COMBUSTIVEL WHERE Nome = 'DIESEL S10'));
INSERT INTO PRECO_COLETADO (Preco, UnidadeMedida, DataColeta, PostoCNPJ, CombustivelID) VALUES (6.290, 'R$ / litro', '2023-10-24', '01503536000192', (SELECT ID_Combustivel FROM COMBUSTIVEL WHERE Nome = 'DIESEL S10'));
INSERT INTO PRECO_COLETADO (Preco, UnidadeMedida, DataColeta, PostoCNPJ, CombustivelID) VALUES (6.190, 'R$ / litro', '2023-11-07', '01503536000192', (SELECT ID_Combustivel FROM COMBUSTIVEL WHERE Nome = 'DIESEL S10'));
INSERT INTO PRECO_COLETADO (Preco, UnidadeMedida, DataColeta, PostoCNPJ, CombustivelID) VALUES (6.190, 'R$ / litro', '2023-11-14', '01503536000192', (SELECT ID_Combustivel FROM COMBUSTIVEL WHERE Nome = 'DIESEL S10'));
INSERT INTO PRECO_COLETADO (Preco, UnidadeMedida, DataColeta, PostoCNPJ, CombustivelID) VALUES (6.090, 'R$ / litro', '2023-11-28', '01503536000192', (SELECT ID_Combustivel FROM COMBUSTIVEL WHERE Nome = 'DIESEL S10'));
INSERT INTO PRECO_COLETADO (Preco, UnidadeMedida, DataColeta, PostoCNPJ, CombustivelID) VALUES (6.090, 'R$ / litro', '2023-12-06', '01503536000192', (SELECT ID_Combustivel FROM COMBUSTIVEL WHERE Nome = 'DIESEL S10'));
INSERT INTO PRECO_COLETADO (Preco, UnidadeMedida, DataColeta, PostoCNPJ, CombustivelID) VALUES (5.990, 'R$ / litro', '2023-12-13', '01503536000192', (SELECT ID_Combustivel FROM COMBUSTIVEL WHERE Nome = 'DIESEL S10'));
INSERT INTO PRECO_COLETADO (Preco, UnidadeMedida, DataColeta, PostoCNPJ, CombustivelID) VALUES (5.990, 'R$ / litro', '2023-12-20', '01503536000192', (SELECT ID_Combustivel FROM COMBUSTIVEL WHERE Nome = 'DIESEL S10'));
INSERT INTO PRECO_COLETADO (Preco, UnidadeMedida, DataColeta, PostoCNPJ, CombustivelID) VALUES (5.990, 'R$ / litro', '2023-12-26', '01503536000192', (SELECT ID_Combustivel FROM COMBUSTIVEL WHERE Nome = 'DIESEL S10'));
INSERT INTO PRECO_COLETADO (Preco, UnidadeMedida, DataColeta, PostoCNPJ, CombustivelID) VALUES (5.990, 'R$ / litro', '2024-01-08', '01503536000192', (SELECT ID_Combustivel FROM COMBUSTIVEL WHERE Nome = 'DIESEL S10'));
INSERT INTO PRECO_COLETADO (Preco, UnidadeMedida, DataColeta, PostoCNPJ, CombustivelID) VALUES (5.890, 'R$ / litro', '2024-01-15', '01503536000192', (SELECT ID_Combustivel FROM COMBUSTIVEL WHERE Nome = 'DIESEL S10'));
INSERT INTO PRECO_COLETADO (Preco, UnidadeMedida, DataColeta, PostoCNPJ, CombustivelID) VALUES (5.890, 'R$ / litro', '2024-01-22', '01503536000192', (SELECT ID_Combustivel FROM COMBUSTIVEL WHERE Nome = 'DIESEL S10'));
INSERT INTO PRECO_COLETADO (Preco, UnidadeMedida, DataColeta, PostoCNPJ, CombustivelID) VALUES (5.890, 'R$ / litro', '2024-01-29', '01503536000192', (SELECT ID_Combustivel FROM COMBUSTIVEL WHERE Nome = 'DIESEL S10'));
INSERT INTO PRECO_COLETADO (Preco, UnidadeMedida, DataColeta, PostoCNPJ, CombustivelID) VALUES (5.990, 'R$ / litro', '2024-02-05', '01503536000192', (SELECT ID_Combustivel FROM COMBUSTIVEL WHERE Nome = 'DIESEL S10'));
INSERT INTO PRECO_COLETADO (Preco, UnidadeMedida, DataColeta, PostoCNPJ, CombustivelID) VALUES (5.990, 'R$ / litro', '2024-02-12', '01503536000192', (SELECT ID_Combustivel FROM COMBUSTIVEL WHERE Nome = 'DIESEL S10'));
INSERT INTO PRECO_COLETADO (Preco, UnidadeMedida, DataColeta, PostoCNPJ, CombustivelID) VALUES (5.990, 'R$ / litro', '2024-02-19', '01503536000192', (SELECT ID_Combustivel FROM COMBUSTIVEL WHERE Nome = 'DIESEL S10'));
INSERT INTO PRECO_COLETADO (Preco, UnidadeMedida, DataColeta, PostoCNPJ, CombustivelID) VALUES (5.990, 'R$ / litro', '2024-02-26', '01503536000192', (SELECT ID_Combustivel FROM COMBUSTIVEL WHERE Nome = 'DIESEL S10'));
INSERT INTO PRECO_COLETADO (Preco, UnidadeMedida, DataColeta, PostoCNPJ, CombustivelID) VALUES (5.990, 'R$ / litro', '2024-03-04', '01503536000192', (SELECT ID_Combustivel FROM COMBUSTIVEL WHERE Nome = 'DIESEL S10'));
INSERT INTO PRECO_COLETADO (Preco, UnidadeMedida, DataColeta, PostoCNPJ, CombustivelID) VALUES (5.990, 'R$ / litro', '2024-03-11', '01503536000192', (SELECT ID_Combustivel FROM COMBUSTIVEL WHERE Nome = 'DIESEL S10'));
INSERT INTO PRECO_COLETADO (Preco, UnidadeMedida, DataColeta, PostoCNPJ, CombustivelID) VALUES (5.990, 'R$ / litro', '2024-03-18', '01503536000192', (SELECT ID_Combustivel FROM COMBUSTIVEL WHERE Nome = 'DIESEL S10'));
INSERT INTO PRECO_COLETADO (Preco, UnidadeMedida, DataColeta, PostoCNPJ, CombustivelID) VALUES (5.890, 'R$ / litro', '2024-03-25', '01503536000192', (SELECT ID_Combustivel FROM COMBUSTIVEL WHERE Nome = 'DIESEL S10'));
INSERT INTO PRECO_COLETADO (Preco, UnidadeMedida, DataColeta, PostoCNPJ, CombustivelID) VALUES (5.990, 'R$ / litro', '2024-04-02', '01503536000192', (SELECT ID_Combustivel FROM COMBUSTIVEL WHERE Nome = 'DIESEL S10'));
INSERT INTO PRECO_COLETADO (Preco, UnidadeMedida, DataColeta, PostoCNPJ, CombustivelID) VALUES (5.990, 'R$ / litro', '2024-04-08', '01503536000192', (SELECT ID_Combustivel FROM COMBUSTIVEL WHERE Nome = 'DIESEL S10'));
INSERT INTO PRECO_COLETADO (Preco, UnidadeMedida, DataColeta, PostoCNPJ, CombustivelID) VALUES (5.990, 'R$ / litro', '2024-04-15', '01503536000192', (SELECT ID_Combustivel FROM COMBUSTIVEL WHERE Nome = 'DIESEL S10'));
INSERT INTO PRECO_COLETADO (Preco, UnidadeMedida, DataColeta, PostoCNPJ, CombustivelID) VALUES (5.990, 'R$ / litro', '2024-04-22', '01503536000192', (SELECT ID_Combustivel FROM COMBUSTIVEL WHERE Nome = 'DIESEL S10'));
INSERT INTO PRECO_COLETADO (Preco, UnidadeMedida, DataColeta, PostoCNPJ, CombustivelID) VALUES (5.990, 'R$ / litro', '2024-04-29', '01503536000192', (SELECT ID_Combustivel FROM COMBUSTIVEL WHERE Nome = 'DIESEL S10'));
INSERT INTO PRECO_COLETADO (Preco, UnidadeMedida, DataColeta, PostoCNPJ, CombustivelID) VALUES (5.990, 'R$ / litro', '2024-05-06', '01503536000192', (SELECT ID_Combustivel FROM COMBUSTIVEL WHERE Nome = 'DIESEL S10'));
INSERT INTO PRECO_COLETADO (Preco, UnidadeMedida, DataColeta, PostoCNPJ, CombustivelID) VALUES (5.990, 'R$ / litro', '2024-05-14', '01503536000192', (SELECT ID_Combustivel FROM COMBUSTIVEL WHERE Nome = 'DIESEL S10'));
INSERT INTO PRECO_COLETADO (Preco, UnidadeMedida, DataColeta, PostoCNPJ, CombustivelID) VALUES (5.990, 'R$ / litro', '2024-05-20', '01503536000192', (SELECT ID_Combustivel FROM COMBUSTIVEL WHERE Nome = 'DIESEL S10'));
INSERT INTO PRECO_COLETADO (Preco, UnidadeMedida, DataColeta, PostoCNPJ, CombustivelID) VALUES (5.990, 'R$ / litro', '2024-05-27', '01503536000192', (SELECT ID_Combustivel FROM COMBUSTIVEL WHERE Nome = 'DIESEL S10'));
INSERT INTO PRECO_COLETADO (Preco, UnidadeMedida, DataColeta, PostoCNPJ, CombustivelID) VALUES (5.990, 'R$ / litro', '2024-06-04', '01503536000192', (SELECT ID_Combustivel FROM COMBUSTIVEL WHERE Nome = 'DIESEL S10'));
INSERT INTO PRECO_COLETADO (Preco, UnidadeMedida, DataColeta, PostoCNPJ, CombustivelID) VALUES (5.990, 'R$ / litro', '2024-06-10', '01503536000192', (SELECT ID_Combustivel FROM COMBUSTIVEL WHERE Nome = 'DIESEL S10'));
INSERT INTO PRECO_COLETADO (Preco, UnidadeMedida, DataColeta, PostoCNPJ, CombustivelID) VALUES (5.990, 'R$ / litro', '2024-06-17', '01503536000192', (SELECT ID_Combustivel FROM COMBUSTIVEL WHERE Nome = 'DIESEL S10'));
INSERT INTO PRECO_COLETADO (Preco, UnidadeMedida, DataColeta, PostoCNPJ, CombustivelID) VALUES (5.990, 'R$ / litro', '2024-06-24', '01503536000192', (SELECT ID_Combustivel FROM COMBUSTIVEL WHERE Nome = 'DIESEL S10'));
INSERT INTO PRECO_COLETADO (Preco, UnidadeMedida, DataColeta, PostoCNPJ, CombustivelID) VALUES (5.990, 'R$ / litro', '2024-07-01', '01503536000192', (SELECT ID_Combustivel FROM COMBUSTIVEL WHERE Nome = 'DIESEL S10'));
INSERT INTO PRECO_COLETADO (Preco, UnidadeMedida, DataColeta, PostoCNPJ, CombustivelID) VALUES (5.990, 'R$ / litro', '2024-07-09', '01503536000192', (SELECT ID_Combustivel FROM COMBUSTIVEL WHERE Nome = 'DIESEL S10'));
INSERT INTO PRECO_COLETADO (Preco, UnidadeMedida, DataColeta, PostoCNPJ, CombustivelID) VALUES (5.990, 'R$ / litro', '2024-07-16', '01503536000192', (SELECT ID_Combustivel FROM COMBUSTIVEL WHERE Nome = 'DIESEL S10'));
INSERT INTO PRECO_COLETADO (Preco, UnidadeMedida, DataColeta, PostoCNPJ, CombustivelID) VALUES (5.990, 'R$ / litro', '2024-07-22', '01503536000192', (SELECT ID_Combustivel FROM COMBUSTIVEL WHERE Nome = 'DIESEL S10'));
INSERT INTO PRECO_COLETADO (Preco, UnidadeMedida, DataColeta, PostoCNPJ, CombustivelID) VALUES (5.990, 'R$ / litro', '2024-07-29', '01503536000192', (SELECT ID_Combustivel FROM COMBUSTIVEL WHERE Nome = 'DIESEL S10'));
INSERT INTO PRECO_COLETADO (Preco, UnidadeMedida, DataColeta, PostoCNPJ, CombustivelID) VALUES (5.990, 'R$ / litro', '2024-08-05', '01503536000192', (SELECT ID_Combustivel FROM COMBUSTIVEL WHERE Nome = 'DIESEL S10'));
INSERT INTO PRECO_COLETADO (Preco, UnidadeMedida, DataColeta, PostoCNPJ, CombustivelID) VALUES (5.990, 'R$ / litro', '2024-08-12', '01503536000192', (SELECT ID_Combustivel FROM COMBUSTIVEL WHERE Nome = 'DIESEL S10'));
INSERT INTO PRECO_COLETADO (Preco, UnidadeMedida, DataColeta, PostoCNPJ, CombustivelID) VALUES (5.990, 'R$ / litro', '2024-08-20', '01503536000192', (SELECT ID_Combustivel FROM COMBUSTIVEL WHERE Nome = 'DIESEL S10'));
INSERT INTO PRECO_COLETADO (Preco, UnidadeMedida, DataColeta, PostoCNPJ, CombustivelID) VALUES (5.990, 'R$ / litro', '2024-08-26', '01503536000192', (SELECT ID_Combustivel FROM COMBUSTIVEL WHERE Nome = 'DIESEL S10'));
INSERT INTO PRECO_COLETADO (Preco, UnidadeMedida, DataColeta, PostoCNPJ, CombustivelID) VALUES (5.990, 'R$ / litro', '2024-09-02', '01503536000192', (SELECT ID_Combustivel FROM COMBUSTIVEL WHERE Nome = 'DIESEL S10'));
INSERT INTO PRECO_COLETADO (Preco, UnidadeMedida, DataColeta, PostoCNPJ, CombustivelID) VALUES (4.990, 'R$ / litro', '2022-10-24', '01503536000192', (SELECT ID_Combustivel FROM COMBUSTIVEL WHERE Nome = 'GASOLINA ADITIVADA'));
INSERT INTO PRECO_COLETADO (Preco, UnidadeMedida, DataColeta, PostoCNPJ, CombustivelID) VALUES (4.990, 'R$ / litro', '2022-10-31', '01503536000192', (SELECT ID_Combustivel FROM COMBUSTIVEL WHERE Nome = 'GASOLINA ADITIVADA'));
INSERT INTO PRECO_COLETADO (Preco, UnidadeMedida, DataColeta, PostoCNPJ, CombustivelID) VALUES (5.190, 'R$ / litro', '2022-11-22', '01503536000192', (SELECT ID_Combustivel FROM COMBUSTIVEL WHERE Nome = 'GASOLINA ADITIVADA'));
INSERT INTO PRECO_COLETADO (Preco, UnidadeMedida, DataColeta, PostoCNPJ, CombustivelID) VALUES (5.190, 'R$ / litro', '2022-12-05', '01503536000192', (SELECT ID_Combustivel FROM COMBUSTIVEL WHERE Nome = 'GASOLINA ADITIVADA'));
INSERT INTO PRECO_COLETADO (Preco, UnidadeMedida, DataColeta, PostoCNPJ, CombustivelID) VALUES (5.190, 'R$ / litro', '2022-12-12', '01503536000192', (SELECT ID_Combustivel FROM COMBUSTIVEL WHERE Nome = 'GASOLINA ADITIVADA'));
INSERT INTO PRECO_COLETADO (Preco, UnidadeMedida, DataColeta, PostoCNPJ, CombustivelID) VALUES (5.090, 'R$ / litro', '2022-12-22', '01503536000192', (SELECT ID_Combustivel FROM COMBUSTIVEL WHERE Nome = 'GASOLINA ADITIVADA'));
INSERT INTO PRECO_COLETADO (Preco, UnidadeMedida, DataColeta, PostoCNPJ, CombustivelID) VALUES (5.090, 'R$ / litro', '2022-12-26', '01503536000192', (SELECT ID_Combustivel FROM COMBUSTIVEL WHERE Nome = 'GASOLINA ADITIVADA'));
INSERT INTO PRECO_COLETADO (Preco, UnidadeMedida, DataColeta, PostoCNPJ, CombustivelID) VALUES (5.090, 'R$ / litro', '2023-01-02', '01503536000192', (SELECT ID_Combustivel FROM COMBUSTIVEL WHERE Nome = 'GASOLINA ADITIVADA'));
INSERT INTO PRECO_COLETADO (Preco, UnidadeMedida, DataColeta, PostoCNPJ, CombustivelID) VALUES (5.180, 'R$ / litro', '2023-01-09', '01503536000192', (SELECT ID_Combustivel FROM COMBUSTIVEL WHERE Nome = 'GASOLINA ADITIVADA'));
INSERT INTO PRECO_COLETADO (Preco, UnidadeMedida, DataColeta, PostoCNPJ, CombustivelID) VALUES (5.180, 'R$ / litro', '2023-01-16', '01503536000192', (SELECT ID_Combustivel FROM COMBUSTIVEL WHERE Nome = 'GASOLINA ADITIVADA'));
INSERT INTO PRECO_COLETADO (Preco, UnidadeMedida, DataColeta, PostoCNPJ, CombustivelID) VALUES (5.180, 'R$ / litro', '2023-01-23', '01503536000192', (SELECT ID_Combustivel FROM COMBUSTIVEL WHERE Nome = 'GASOLINA ADITIVADA'));
INSERT INTO PRECO_COLETADO (Preco, UnidadeMedida, DataColeta, PostoCNPJ, CombustivelID) VALUES (5.290, 'R$ / litro', '2023-01-30', '01503536000192', (SELECT ID_Combustivel FROM COMBUSTIVEL WHERE Nome = 'GASOLINA ADITIVADA'));
INSERT INTO PRECO_COLETADO (Preco, UnidadeMedida, DataColeta, PostoCNPJ, CombustivelID) VALUES (5.190, 'R$ / litro', '2023-02-06', '01503536000192', (SELECT ID_Combustivel FROM COMBUSTIVEL WHERE Nome = 'GASOLINA ADITIVADA'));
INSERT INTO PRECO_COLETADO (Preco, UnidadeMedida, DataColeta, PostoCNPJ, CombustivelID) VALUES (5.190, 'R$ / litro', '2023-02-13', '01503536000192', (SELECT ID_Combustivel FROM COMBUSTIVEL WHERE Nome = 'GASOLINA ADITIVADA'));
INSERT INTO PRECO_COLETADO (Preco, UnidadeMedida, DataColeta, PostoCNPJ, CombustivelID) VALUES (5.190, 'R$ / litro', '2023-02-20', '01503536000192', (SELECT ID_Combustivel FROM COMBUSTIVEL WHERE Nome = 'GASOLINA ADITIVADA'));
INSERT INTO PRECO_COLETADO (Preco, UnidadeMedida, DataColeta, PostoCNPJ, CombustivelID) VALUES (5.190, 'R$ / litro', '2023-02-27', '01503536000192', (SELECT ID_Combustivel FROM COMBUSTIVEL WHERE Nome = 'GASOLINA ADITIVADA'));
INSERT INTO PRECO_COLETADO (Preco, UnidadeMedida, DataColeta, PostoCNPJ, CombustivelID) VALUES (5.790, 'R$ / litro', '2023-03-06', '01503536000192', (SELECT ID_Combustivel FROM COMBUSTIVEL WHERE Nome = 'GASOLINA ADITIVADA'));
INSERT INTO PRECO_COLETADO (Preco, UnidadeMedida, DataColeta, PostoCNPJ, CombustivelID) VALUES (5.670, 'R$ / litro', '2023-03-16', '01503536000192', (SELECT ID_Combustivel FROM COMBUSTIVEL WHERE Nome = 'GASOLINA ADITIVADA'));
INSERT INTO PRECO_COLETADO (Preco, UnidadeMedida, DataColeta, PostoCNPJ, CombustivelID) VALUES (5.590, 'R$ / litro', '2023-03-21', '01503536000192', (SELECT ID_Combustivel FROM COMBUSTIVEL WHERE Nome = 'GASOLINA ADITIVADA'));
INSERT INTO PRECO_COLETADO (Preco, UnidadeMedida, DataColeta, PostoCNPJ, CombustivelID) VALUES (5.550, 'R$ / litro', '2023-03-27', '01503536000192', (SELECT ID_Combustivel FROM COMBUSTIVEL WHERE Nome = 'GASOLINA ADITIVADA'));
INSERT INTO PRECO_COLETADO (Preco, UnidadeMedida, DataColeta, PostoCNPJ, CombustivelID) VALUES (5.490, 'R$ / litro', '2023-04-04', '01503536000192', (SELECT ID_Combustivel FROM COMBUSTIVEL WHERE Nome = 'GASOLINA ADITIVADA'));
INSERT INTO PRECO_COLETADO (Preco, UnidadeMedida, DataColeta, PostoCNPJ, CombustivelID) VALUES (5.590, 'R$ / litro', '2023-04-10', '01503536000192', (SELECT ID_Combustivel FROM COMBUSTIVEL WHERE Nome = 'GASOLINA ADITIVADA'));
INSERT INTO PRECO_COLETADO (Preco, UnidadeMedida, DataColeta, PostoCNPJ, CombustivelID) VALUES (5.690, 'R$ / litro', '2023-04-17', '01503536000192', (SELECT ID_Combustivel FROM COMBUSTIVEL WHERE Nome = 'GASOLINA ADITIVADA'));
INSERT INTO PRECO_COLETADO (Preco, UnidadeMedida, DataColeta, PostoCNPJ, CombustivelID) VALUES (5.590, 'R$ / litro', '2023-05-02', '01503536000192', (SELECT ID_Combustivel FROM COMBUSTIVEL WHERE Nome = 'GASOLINA ADITIVADA'));
INSERT INTO PRECO_COLETADO (Preco, UnidadeMedida, DataColeta, PostoCNPJ, CombustivelID) VALUES (5.490, 'R$ / litro', '2023-05-09', '01503536000192', (SELECT ID_Combustivel FROM COMBUSTIVEL WHERE Nome = 'GASOLINA ADITIVADA'));
INSERT INTO PRECO_COLETADO (Preco, UnidadeMedida, DataColeta, PostoCNPJ, CombustivelID) VALUES (5.420, 'R$ / litro', '2023-05-22', '01503536000192', (SELECT ID_Combustivel FROM COMBUSTIVEL WHERE Nome = 'GASOLINA ADITIVADA'));
INSERT INTO PRECO_COLETADO (Preco, UnidadeMedida, DataColeta, PostoCNPJ, CombustivelID) VALUES (5.220, 'R$ / litro', '2023-05-29', '01503536000192', (SELECT ID_Combustivel FROM COMBUSTIVEL WHERE Nome = 'GASOLINA ADITIVADA'));
INSERT INTO PRECO_COLETADO (Preco, UnidadeMedida, DataColeta, PostoCNPJ, CombustivelID) VALUES (5.690, 'R$ / litro', '2023-06-05', '01503536000192', (SELECT ID_Combustivel FROM COMBUSTIVEL WHERE Nome = 'GASOLINA ADITIVADA'));
INSERT INTO PRECO_COLETADO (Preco, UnidadeMedida, DataColeta, PostoCNPJ, CombustivelID) VALUES (5.540, 'R$ / litro', '2023-06-13', '01503536000192', (SELECT ID_Combustivel FROM COMBUSTIVEL WHERE Nome = 'GASOLINA ADITIVADA'));
INSERT INTO PRECO_COLETADO (Preco, UnidadeMedida, DataColeta, PostoCNPJ, CombustivelID) VALUES (5.490, 'R$ / litro', '2023-06-20', '01503536000192', (SELECT ID_Combustivel FROM COMBUSTIVEL WHERE Nome = 'GASOLINA ADITIVADA'));
INSERT INTO PRECO_COLETADO (Preco, UnidadeMedida, DataColeta, PostoCNPJ, CombustivelID) VALUES (5.490, 'R$ / litro', '2023-06-27', '01503536000192', (SELECT ID_Combustivel FROM COMBUSTIVEL WHERE Nome = 'GASOLINA ADITIVADA'));
INSERT INTO PRECO_COLETADO (Preco, UnidadeMedida, DataColeta, PostoCNPJ, CombustivelID) VALUES (5.840, 'R$ / litro', '2023-07-04', '01503536000192', (SELECT ID_Combustivel FROM COMBUSTIVEL WHERE Nome = 'GASOLINA ADITIVADA'));
INSERT INTO PRECO_COLETADO (Preco, UnidadeMedida, DataColeta, PostoCNPJ, CombustivelID) VALUES (5.840, 'R$ / litro', '2023-07-10', '01503536000192', (SELECT ID_Combustivel FROM COMBUSTIVEL WHERE Nome = 'GASOLINA ADITIVADA'));
INSERT INTO PRECO_COLETADO (Preco, UnidadeMedida, DataColeta, PostoCNPJ, CombustivelID) VALUES (5.740, 'R$ / litro', '2023-07-17', '01503536000192', (SELECT ID_Combustivel FROM COMBUSTIVEL WHERE Nome = 'GASOLINA ADITIVADA'));
INSERT INTO PRECO_COLETADO (Preco, UnidadeMedida, DataColeta, PostoCNPJ, CombustivelID) VALUES (5.740, 'R$ / litro', '2023-07-24', '01503536000192', (SELECT ID_Combustivel FROM COMBUSTIVEL WHERE Nome = 'GASOLINA ADITIVADA'));
INSERT INTO PRECO_COLETADO (Preco, UnidadeMedida, DataColeta, PostoCNPJ, CombustivelID) VALUES (5.640, 'R$ / litro', '2023-07-31', '01503536000192', (SELECT ID_Combustivel FROM COMBUSTIVEL WHERE Nome = 'GASOLINA ADITIVADA'));
INSERT INTO PRECO_COLETADO (Preco, UnidadeMedida, DataColeta, PostoCNPJ, CombustivelID) VALUES (5.580, 'R$ / litro', '2023-08-07', '01503536000192', (SELECT ID_Combustivel FROM COMBUSTIVEL WHERE Nome = 'GASOLINA ADITIVADA'));
INSERT INTO PRECO_COLETADO (Preco, UnidadeMedida, DataColeta, PostoCNPJ, CombustivelID) VALUES (5.500, 'R$ / litro', '2023-08-15', '01503536000192', (SELECT ID_Combustivel FROM COMBUSTIVEL WHERE Nome = 'GASOLINA ADITIVADA'));
INSERT INTO PRECO_COLETADO (Preco, UnidadeMedida, DataColeta, PostoCNPJ, CombustivelID) VALUES (5.940, 'R$ / litro', '2023-08-22', '01503536000192', (SELECT ID_Combustivel FROM COMBUSTIVEL WHERE Nome = 'GASOLINA ADITIVADA'));
INSERT INTO PRECO_COLETADO (Preco, UnidadeMedida, DataColeta, PostoCNPJ, CombustivelID) VALUES (5.940, 'R$ / litro', '2023-09-07', '01503536000192', (SELECT ID_Combustivel FROM COMBUSTIVEL WHERE Nome = 'GASOLINA ADITIVADA'));
INSERT INTO PRECO_COLETADO (Preco, UnidadeMedida, DataColeta, PostoCNPJ, CombustivelID) VALUES (5.840, 'R$ / litro', '2023-09-12', '01503536000192', (SELECT ID_Combustivel FROM COMBUSTIVEL WHERE Nome = 'GASOLINA ADITIVADA'));
INSERT INTO PRECO_COLETADO (Preco, UnidadeMedida, DataColeta, PostoCNPJ, CombustivelID) VALUES (5.840, 'R$ / litro', '2023-09-19', '01503536000192', (SELECT ID_Combustivel FROM COMBUSTIVEL WHERE Nome = 'GASOLINA ADITIVADA'));
INSERT INTO PRECO_COLETADO (Preco, UnidadeMedida, DataColeta, PostoCNPJ, CombustivelID) VALUES (5.740, 'R$ / litro', '2023-10-03', '01503536000192', (SELECT ID_Combustivel FROM COMBUSTIVEL WHERE Nome = 'GASOLINA ADITIVADA'));
INSERT INTO PRECO_COLETADO (Preco, UnidadeMedida, DataColeta, PostoCNPJ, CombustivelID) VALUES (5.740, 'R$ / litro', '2023-10-10', '01503536000192', (SELECT ID_Combustivel FROM COMBUSTIVEL WHERE Nome = 'GASOLINA ADITIVADA'));
INSERT INTO PRECO_COLETADO (Preco, UnidadeMedida, DataColeta, PostoCNPJ, CombustivelID) VALUES (5.740, 'R$ / litro', '2023-10-16', '01503536000192', (SELECT ID_Combustivel FROM COMBUSTIVEL WHERE Nome = 'GASOLINA ADITIVADA'));
INSERT INTO PRECO_COLETADO (Preco, UnidadeMedida, DataColeta, PostoCNPJ, CombustivelID) VALUES (5.740, 'R$ / litro', '2023-10-24', '01503536000192', (SELECT ID_Combustivel FROM COMBUSTIVEL WHERE Nome = 'GASOLINA ADITIVADA'));
INSERT INTO PRECO_COLETADO (Preco, UnidadeMedida, DataColeta, PostoCNPJ, CombustivelID) VALUES (5.640, 'R$ / litro', '2023-11-07', '01503536000192', (SELECT ID_Combustivel FROM COMBUSTIVEL WHERE Nome = 'GASOLINA ADITIVADA'));
INSERT INTO PRECO_COLETADO (Preco, UnidadeMedida, DataColeta, PostoCNPJ, CombustivelID) VALUES (5.520, 'R$ / litro', '2023-11-14', '01503536000192', (SELECT ID_Combustivel FROM COMBUSTIVEL WHERE Nome = 'GASOLINA ADITIVADA'));
INSERT INTO PRECO_COLETADO (Preco, UnidadeMedida, DataColeta, PostoCNPJ, CombustivelID) VALUES (5.640, 'R$ / litro', '2023-11-28', '01503536000192', (SELECT ID_Combustivel FROM COMBUSTIVEL WHERE Nome = 'GASOLINA ADITIVADA'));
INSERT INTO PRECO_COLETADO (Preco, UnidadeMedida, DataColeta, PostoCNPJ, CombustivelID) VALUES (5.640, 'R$ / litro', '2023-12-06', '01503536000192', (SELECT ID_Combustivel FROM COMBUSTIVEL WHERE Nome = 'GASOLINA ADITIVADA'));
INSERT INTO PRECO_COLETADO (Preco, UnidadeMedida, DataColeta, PostoCNPJ, CombustivelID) VALUES (5.640, 'R$ / litro', '2023-12-13', '01503536000192', (SELECT ID_Combustivel FROM COMBUSTIVEL WHERE Nome = 'GASOLINA ADITIVADA'));
INSERT INTO PRECO_COLETADO (Preco, UnidadeMedida, DataColeta, PostoCNPJ, CombustivelID) VALUES (5.540, 'R$ / litro', '2023-12-20', '01503536000192', (SELECT ID_Combustivel FROM COMBUSTIVEL WHERE Nome = 'GASOLINA ADITIVADA'));
INSERT INTO PRECO_COLETADO (Preco, UnidadeMedida, DataColeta, PostoCNPJ, CombustivelID) VALUES (5.440, 'R$ / litro', '2023-12-26', '01503536000192', (SELECT ID_Combustivel FROM COMBUSTIVEL WHERE Nome = 'GASOLINA ADITIVADA'));
INSERT INTO PRECO_COLETADO (Preco, UnidadeMedida, DataColeta, PostoCNPJ, CombustivelID) VALUES (5.590, 'R$ / litro', '2024-01-08', '01503536000192', (SELECT ID_Combustivel FROM COMBUSTIVEL WHERE Nome = 'GASOLINA ADITIVADA'));
INSERT INTO PRECO_COLETADO (Preco, UnidadeMedida, DataColeta, PostoCNPJ, CombustivelID) VALUES (5.590, 'R$ / litro', '2024-01-15', '01503536000192', (SELECT ID_Combustivel FROM COMBUSTIVEL WHERE Nome = 'GASOLINA ADITIVADA'));
INSERT INTO PRECO_COLETADO (Preco, UnidadeMedida, DataColeta, PostoCNPJ, CombustivelID) VALUES (5.590, 'R$ / litro', '2024-01-22', '01503536000192', (SELECT ID_Combustivel FROM COMBUSTIVEL WHERE Nome = 'GASOLINA ADITIVADA'));
INSERT INTO PRECO_COLETADO (Preco, UnidadeMedida, DataColeta, PostoCNPJ, CombustivelID) VALUES (5.590, 'R$ / litro', '2024-01-29', '01503536000192', (SELECT ID_Combustivel FROM COMBUSTIVEL WHERE Nome = 'GASOLINA ADITIVADA'));
INSERT INTO PRECO_COLETADO (Preco, UnidadeMedida, DataColeta, PostoCNPJ, CombustivelID) VALUES (5.890, 'R$ / litro', '2024-02-05', '01503536000192', (SELECT ID_Combustivel FROM COMBUSTIVEL WHERE Nome = 'GASOLINA ADITIVADA'));
INSERT INTO PRECO_COLETADO (Preco, UnidadeMedida, DataColeta, PostoCNPJ, CombustivelID) VALUES (5.890, 'R$ / litro', '2024-02-12', '01503536000192', (SELECT ID_Combustivel FROM COMBUSTIVEL WHERE Nome = 'GASOLINA ADITIVADA'));
INSERT INTO PRECO_COLETADO (Preco, UnidadeMedida, DataColeta, PostoCNPJ, CombustivelID) VALUES (5.890, 'R$ / litro', '2024-02-19', '01503536000192', (SELECT ID_Combustivel FROM COMBUSTIVEL WHERE Nome = 'GASOLINA ADITIVADA'));
INSERT INTO PRECO_COLETADO (Preco, UnidadeMedida, DataColeta, PostoCNPJ, CombustivelID) VALUES (5.890, 'R$ / litro', '2024-02-26', '01503536000192', (SELECT ID_Combustivel FROM COMBUSTIVEL WHERE Nome = 'GASOLINA ADITIVADA'));
INSERT INTO PRECO_COLETADO (Preco, UnidadeMedida, DataColeta, PostoCNPJ, CombustivelID) VALUES (5.890, 'R$ / litro', '2024-03-04', '01503536000192', (SELECT ID_Combustivel FROM COMBUSTIVEL WHERE Nome = 'GASOLINA ADITIVADA'));
INSERT INTO PRECO_COLETADO (Preco, UnidadeMedida, DataColeta, PostoCNPJ, CombustivelID) VALUES (5.790, 'R$ / litro', '2024-03-11', '01503536000192', (SELECT ID_Combustivel FROM COMBUSTIVEL WHERE Nome = 'GASOLINA ADITIVADA'));
INSERT INTO PRECO_COLETADO (Preco, UnidadeMedida, DataColeta, PostoCNPJ, CombustivelID) VALUES (5.790, 'R$ / litro', '2024-03-18', '01503536000192', (SELECT ID_Combustivel FROM COMBUSTIVEL WHERE Nome = 'GASOLINA ADITIVADA'));
INSERT INTO PRECO_COLETADO (Preco, UnidadeMedida, DataColeta, PostoCNPJ, CombustivelID) VALUES (5.790, 'R$ / litro', '2024-03-25', '01503536000192', (SELECT ID_Combustivel FROM COMBUSTIVEL WHERE Nome = 'GASOLINA ADITIVADA'));
INSERT INTO PRECO_COLETADO (Preco, UnidadeMedida, DataColeta, PostoCNPJ, CombustivelID) VALUES (5.890, 'R$ / litro', '2024-04-02', '01503536000192', (SELECT ID_Combustivel FROM COMBUSTIVEL WHERE Nome = 'GASOLINA ADITIVADA'));
INSERT INTO PRECO_COLETADO (Preco, UnidadeMedida, DataColeta, PostoCNPJ, CombustivelID) VALUES (5.890, 'R$ / litro', '2024-04-08', '01503536000192', (SELECT ID_Combustivel FROM COMBUSTIVEL WHERE Nome = 'GASOLINA ADITIVADA'));
INSERT INTO PRECO_COLETADO (Preco, UnidadeMedida, DataColeta, PostoCNPJ, CombustivelID) VALUES (5.890, 'R$ / litro', '2024-04-15', '01503536000192', (SELECT ID_Combustivel FROM COMBUSTIVEL WHERE Nome = 'GASOLINA ADITIVADA'));
INSERT INTO PRECO_COLETADO (Preco, UnidadeMedida, DataColeta, PostoCNPJ, CombustivelID) VALUES (5.770, 'R$ / litro', '2024-04-22', '01503536000192', (SELECT ID_Combustivel FROM COMBUSTIVEL WHERE Nome = 'GASOLINA ADITIVADA'));
INSERT INTO PRECO_COLETADO (Preco, UnidadeMedida, DataColeta, PostoCNPJ, CombustivelID) VALUES (6.090, 'R$ / litro', '2024-04-29', '01503536000192', (SELECT ID_Combustivel FROM COMBUSTIVEL WHERE Nome = 'GASOLINA ADITIVADA'));
INSERT INTO PRECO_COLETADO (Preco, UnidadeMedida, DataColeta, PostoCNPJ, CombustivelID) VALUES (6.090, 'R$ / litro', '2024-05-06', '01503536000192', (SELECT ID_Combustivel FROM COMBUSTIVEL WHERE Nome = 'GASOLINA ADITIVADA'));
INSERT INTO PRECO_COLETADO (Preco, UnidadeMedida, DataColeta, PostoCNPJ, CombustivelID) VALUES (6.090, 'R$ / litro', '2024-05-14', '01503536000192', (SELECT ID_Combustivel FROM COMBUSTIVEL WHERE Nome = 'GASOLINA ADITIVADA'));
INSERT INTO PRECO_COLETADO (Preco, UnidadeMedida, DataColeta, PostoCNPJ, CombustivelID) VALUES (6.090, 'R$ / litro', '2024-05-20', '01503536000192', (SELECT ID_Combustivel FROM COMBUSTIVEL WHERE Nome = 'GASOLINA ADITIVADA'));
INSERT INTO PRECO_COLETADO (Preco, UnidadeMedida, DataColeta, PostoCNPJ, CombustivelID) VALUES (6.090, 'R$ / litro', '2024-05-27', '01503536000192', (SELECT ID_Combustivel FROM COMBUSTIVEL WHERE Nome = 'GASOLINA ADITIVADA'));
INSERT INTO PRECO_COLETADO (Preco, UnidadeMedida, DataColeta, PostoCNPJ, CombustivelID) VALUES (5.990, 'R$ / litro', '2024-06-04', '01503536000192', (SELECT ID_Combustivel FROM COMBUSTIVEL WHERE Nome = 'GASOLINA ADITIVADA'));
INSERT INTO PRECO_COLETADO (Preco, UnidadeMedida, DataColeta, PostoCNPJ, CombustivelID) VALUES (5.990, 'R$ / litro', '2024-06-10', '01503536000192', (SELECT ID_Combustivel FROM COMBUSTIVEL WHERE Nome = 'GASOLINA ADITIVADA'));
INSERT INTO PRECO_COLETADO (Preco, UnidadeMedida, DataColeta, PostoCNPJ, CombustivelID) VALUES (5.990, 'R$ / litro', '2024-06-17', '01503536000192', (SELECT ID_Combustivel FROM COMBUSTIVEL WHERE Nome = 'GASOLINA ADITIVADA'));
INSERT INTO PRECO_COLETADO (Preco, UnidadeMedida, DataColeta, PostoCNPJ, CombustivelID) VALUES (5.990, 'R$ / litro', '2024-06-24', '01503536000192', (SELECT ID_Combustivel FROM COMBUSTIVEL WHERE Nome = 'GASOLINA ADITIVADA'));
INSERT INTO PRECO_COLETADO (Preco, UnidadeMedida, DataColeta, PostoCNPJ, CombustivelID) VALUES (5.990, 'R$ / litro', '2024-07-01', '01503536000192', (SELECT ID_Combustivel FROM COMBUSTIVEL WHERE Nome = 'GASOLINA ADITIVADA'));
INSERT INTO PRECO_COLETADO (Preco, UnidadeMedida, DataColeta, PostoCNPJ, CombustivelID) VALUES (5.990, 'R$ / litro', '2024-07-09', '01503536000192', (SELECT ID_Combustivel FROM COMBUSTIVEL WHERE Nome = 'GASOLINA ADITIVADA'));
INSERT INTO PRECO_COLETADO (Preco, UnidadeMedida, DataColeta, PostoCNPJ, CombustivelID) VALUES (6.390, 'R$ / litro', '2024-07-16', '01503536000192', (SELECT ID_Combustivel FROM COMBUSTIVEL WHERE Nome = 'GASOLINA ADITIVADA'));
INSERT INTO PRECO_COLETADO (Preco, UnidadeMedida, DataColeta, PostoCNPJ, CombustivelID) VALUES (6.350, 'R$ / litro', '2024-07-22', '01503536000192', (SELECT ID_Combustivel FROM COMBUSTIVEL WHERE Nome = 'GASOLINA ADITIVADA'));
INSERT INTO PRECO_COLETADO (Preco, UnidadeMedida, DataColeta, PostoCNPJ, CombustivelID) VALUES (6.350, 'R$ / litro', '2024-07-29', '01503536000192', (SELECT ID_Combustivel FROM COMBUSTIVEL WHERE Nome = 'GASOLINA ADITIVADA'));
INSERT INTO PRECO_COLETADO (Preco, UnidadeMedida, DataColeta, PostoCNPJ, CombustivelID) VALUES (6.350, 'R$ / litro', '2024-08-05', '01503536000192', (SELECT ID_Combustivel FROM COMBUSTIVEL WHERE Nome = 'GASOLINA ADITIVADA'));
INSERT INTO PRECO_COLETADO (Preco, UnidadeMedida, DataColeta, PostoCNPJ, CombustivelID) VALUES (6.290, 'R$ / litro', '2024-08-12', '01503536000192', (SELECT ID_Combustivel FROM COMBUSTIVEL WHERE Nome = 'GASOLINA ADITIVADA'));
INSERT INTO PRECO_COLETADO (Preco, UnidadeMedida, DataColeta, PostoCNPJ, CombustivelID) VALUES (6.290, 'R$ / litro', '2024-08-20', '01503536000192', (SELECT ID_Combustivel FROM COMBUSTIVEL WHERE Nome = 'GASOLINA ADITIVADA'));
INSERT INTO PRECO_COLETADO (Preco, UnidadeMedida, DataColeta, PostoCNPJ, CombustivelID) VALUES (6.290, 'R$ / litro', '2024-08-26', '01503536000192', (SELECT ID_Combustivel FROM COMBUSTIVEL WHERE Nome = 'GASOLINA ADITIVADA'));
INSERT INTO PRECO_COLETADO (Preco, UnidadeMedida, DataColeta, PostoCNPJ, CombustivelID) VALUES (6.290, 'R$ / litro', '2024-09-02', '01503536000192', (SELECT ID_Combustivel FROM COMBUSTIVEL WHERE Nome = 'GASOLINA ADITIVADA'));
INSERT INTO PRECO_COLETADO (Preco, UnidadeMedida, DataColeta, PostoCNPJ, CombustivelID) VALUES (4.790, 'R$ / litro', '2022-10-24', '01503536000192', (SELECT ID_Combustivel FROM COMBUSTIVEL WHERE Nome = 'GASOLINA COMUM'));
INSERT INTO PRECO_COLETADO (Preco, UnidadeMedida, DataColeta, PostoCNPJ, CombustivelID) VALUES (4.790, 'R$ / litro', '2022-10-31', '01503536000192', (SELECT ID_Combustivel FROM COMBUSTIVEL WHERE Nome = 'GASOLINA COMUM'));
INSERT INTO PRECO_COLETADO (Preco, UnidadeMedida, DataColeta, PostoCNPJ, CombustivelID) VALUES (4.990, 'R$ / litro', '2022-11-22', '01503536000192', (SELECT ID_Combustivel FROM COMBUSTIVEL WHERE Nome = 'GASOLINA COMUM'));
INSERT INTO PRECO_COLETADO (Preco, UnidadeMedida, DataColeta, PostoCNPJ, CombustivelID) VALUES (4.990, 'R$ / litro', '2022-12-05', '01503536000192', (SELECT ID_Combustivel FROM COMBUSTIVEL WHERE Nome = 'GASOLINA COMUM'));
INSERT INTO PRECO_COLETADO (Preco, UnidadeMedida, DataColeta, PostoCNPJ, CombustivelID) VALUES (4.990, 'R$ / litro', '2022-12-12', '01503536000192', (SELECT ID_Combustivel FROM COMBUSTIVEL WHERE Nome = 'GASOLINA COMUM'));
INSERT INTO PRECO_COLETADO (Preco, UnidadeMedida, DataColeta, PostoCNPJ, CombustivelID) VALUES (4.880, 'R$ / litro', '2022-12-22', '01503536000192', (SELECT ID_Combustivel FROM COMBUSTIVEL WHERE Nome = 'GASOLINA COMUM'));
INSERT INTO PRECO_COLETADO (Preco, UnidadeMedida, DataColeta, PostoCNPJ, CombustivelID) VALUES (4.880, 'R$ / litro', '2022-12-26', '01503536000192', (SELECT ID_Combustivel FROM COMBUSTIVEL WHERE Nome = 'GASOLINA COMUM'));
INSERT INTO PRECO_COLETADO (Preco, UnidadeMedida, DataColeta, PostoCNPJ, CombustivelID) VALUES (4.880, 'R$ / litro', '2023-01-02', '01503536000192', (SELECT ID_Combustivel FROM COMBUSTIVEL WHERE Nome = 'GASOLINA COMUM'));
INSERT INTO PRECO_COLETADO (Preco, UnidadeMedida, DataColeta, PostoCNPJ, CombustivelID) VALUES (4.980, 'R$ / litro', '2023-01-09', '01503536000192', (SELECT ID_Combustivel FROM COMBUSTIVEL WHERE Nome = 'GASOLINA COMUM'));
INSERT INTO PRECO_COLETADO (Preco, UnidadeMedida, DataColeta, PostoCNPJ, CombustivelID) VALUES (4.980, 'R$ / litro', '2023-01-16', '01503536000192', (SELECT ID_Combustivel FROM COMBUSTIVEL WHERE Nome = 'GASOLINA COMUM'));
INSERT INTO PRECO_COLETADO (Preco, UnidadeMedida, DataColeta, PostoCNPJ, CombustivelID) VALUES (4.980, 'R$ / litro', '2023-01-23', '01503536000192', (SELECT ID_Combustivel FROM COMBUSTIVEL WHERE Nome = 'GASOLINA COMUM'));
INSERT INTO PRECO_COLETADO (Preco, UnidadeMedida, DataColeta, PostoCNPJ, CombustivelID) VALUES (5.090, 'R$ / litro', '2023-01-30', '01503536000192', (SELECT ID_Combustivel FROM COMBUSTIVEL WHERE Nome = 'GASOLINA COMUM'));
INSERT INTO PRECO_COLETADO (Preco, UnidadeMedida, DataColeta, PostoCNPJ, CombustivelID) VALUES (4.990, 'R$ / litro', '2023-02-06', '01503536000192', (SELECT ID_Combustivel FROM COMBUSTIVEL WHERE Nome = 'GASOLINA COMUM'));
INSERT INTO PRECO_COLETADO (Preco, UnidadeMedida, DataColeta, PostoCNPJ, CombustivelID) VALUES (4.990, 'R$ / litro', '2023-02-13', '01503536000192', (SELECT ID_Combustivel FROM COMBUSTIVEL WHERE Nome = 'GASOLINA COMUM'));
INSERT INTO PRECO_COLETADO (Preco, UnidadeMedida, DataColeta, PostoCNPJ, CombustivelID) VALUES (4.990, 'R$ / litro', '2023-02-20', '01503536000192', (SELECT ID_Combustivel FROM COMBUSTIVEL WHERE Nome = 'GASOLINA COMUM'));
INSERT INTO PRECO_COLETADO (Preco, UnidadeMedida, DataColeta, PostoCNPJ, CombustivelID) VALUES (4.990, 'R$ / litro', '2023-02-27', '01503536000192', (SELECT ID_Combustivel FROM COMBUSTIVEL WHERE Nome = 'GASOLINA COMUM'));
INSERT INTO PRECO_COLETADO (Preco, UnidadeMedida, DataColeta, PostoCNPJ, CombustivelID) VALUES (5.590, 'R$ / litro', '2023-03-06', '01503536000192', (SELECT ID_Combustivel FROM COMBUSTIVEL WHERE Nome = 'GASOLINA COMUM'));
INSERT INTO PRECO_COLETADO (Preco, UnidadeMedida, DataColeta, PostoCNPJ, CombustivelID) VALUES (5.470, 'R$ / litro', '2023-03-16', '01503536000192', (SELECT ID_Combustivel FROM COMBUSTIVEL WHERE Nome = 'GASOLINA COMUM'));
INSERT INTO PRECO_COLETADO (Preco, UnidadeMedida, DataColeta, PostoCNPJ, CombustivelID) VALUES (5.390, 'R$ / litro', '2023-03-21', '01503536000192', (SELECT ID_Combustivel FROM COMBUSTIVEL WHERE Nome = 'GASOLINA COMUM'));
INSERT INTO PRECO_COLETADO (Preco, UnidadeMedida, DataColeta, PostoCNPJ, CombustivelID) VALUES (5.350, 'R$ / litro', '2023-03-27', '01503536000192', (SELECT ID_Combustivel FROM COMBUSTIVEL WHERE Nome = 'GASOLINA COMUM'));
INSERT INTO PRECO_COLETADO (Preco, UnidadeMedida, DataColeta, PostoCNPJ, CombustivelID) VALUES (5.290, 'R$ / litro', '2023-04-04', '01503536000192', (SELECT ID_Combustivel FROM COMBUSTIVEL WHERE Nome = 'GASOLINA COMUM'));
INSERT INTO PRECO_COLETADO (Preco, UnidadeMedida, DataColeta, PostoCNPJ, CombustivelID) VALUES (5.390, 'R$ / litro', '2023-04-10', '01503536000192', (SELECT ID_Combustivel FROM COMBUSTIVEL WHERE Nome = 'GASOLINA COMUM'));
INSERT INTO PRECO_COLETADO (Preco, UnidadeMedida, DataColeta, PostoCNPJ, CombustivelID) VALUES (5.490, 'R$ / litro', '2023-04-17', '01503536000192', (SELECT ID_Combustivel FROM COMBUSTIVEL WHERE Nome = 'GASOLINA COMUM'));
INSERT INTO PRECO_COLETADO (Preco, UnidadeMedida, DataColeta, PostoCNPJ, CombustivelID) VALUES (5.390, 'R$ / litro', '2023-05-02', '01503536000192', (SELECT ID_Combustivel FROM COMBUSTIVEL WHERE Nome = 'GASOLINA COMUM'));
INSERT INTO PRECO_COLETADO (Preco, UnidadeMedida, DataColeta, PostoCNPJ, CombustivelID) VALUES (5.290, 'R$ / litro', '2023-05-09', '01503536000192', (SELECT ID_Combustivel FROM COMBUSTIVEL WHERE Nome = 'GASOLINA COMUM'));
INSERT INTO PRECO_COLETADO (Preco, UnidadeMedida, DataColeta, PostoCNPJ, CombustivelID) VALUES (5.020, 'R$ / litro', '2023-05-22', '01503536000192', (SELECT ID_Combustivel FROM COMBUSTIVEL WHERE Nome = 'GASOLINA COMUM'));
INSERT INTO PRECO_COLETADO (Preco, UnidadeMedida, DataColeta, PostoCNPJ, CombustivelID) VALUES (5.020, 'R$ / litro', '2023-05-29', '01503536000192', (SELECT ID_Combustivel FROM COMBUSTIVEL WHERE Nome = 'GASOLINA COMUM'));
INSERT INTO PRECO_COLETADO (Preco, UnidadeMedida, DataColeta, PostoCNPJ, CombustivelID) VALUES (5.490, 'R$ / litro', '2023-06-05', '01503536000192', (SELECT ID_Combustivel FROM COMBUSTIVEL WHERE Nome = 'GASOLINA COMUM'));
INSERT INTO PRECO_COLETADO (Preco, UnidadeMedida, DataColeta, PostoCNPJ, CombustivelID) VALUES (5.340, 'R$ / litro', '2023-06-13', '01503536000192', (SELECT ID_Combustivel FROM COMBUSTIVEL WHERE Nome = 'GASOLINA COMUM'));
INSERT INTO PRECO_COLETADO (Preco, UnidadeMedida, DataColeta, PostoCNPJ, CombustivelID) VALUES (5.290, 'R$ / litro', '2023-06-20', '01503536000192', (SELECT ID_Combustivel FROM COMBUSTIVEL WHERE Nome = 'GASOLINA COMUM'));
INSERT INTO PRECO_COLETADO (Preco, UnidadeMedida, DataColeta, PostoCNPJ, CombustivelID) VALUES (5.290, 'R$ / litro', '2023-06-27', '01503536000192', (SELECT ID_Combustivel FROM COMBUSTIVEL WHERE Nome = 'GASOLINA COMUM'));
INSERT INTO PRECO_COLETADO (Preco, UnidadeMedida, DataColeta, PostoCNPJ, CombustivelID) VALUES (5.790, 'R$ / litro', '2023-07-04', '01503536000192', (SELECT ID_Combustivel FROM COMBUSTIVEL WHERE Nome = 'GASOLINA COMUM'));
INSERT INTO PRECO_COLETADO (Preco, UnidadeMedida, DataColeta, PostoCNPJ, CombustivelID) VALUES (5.790, 'R$ / litro', '2023-07-10', '01503536000192', (SELECT ID_Combustivel FROM COMBUSTIVEL WHERE Nome = 'GASOLINA COMUM'));
INSERT INTO PRECO_COLETADO (Preco, UnidadeMedida, DataColeta, PostoCNPJ, CombustivelID) VALUES (5.690, 'R$ / litro', '2023-07-17', '01503536000192', (SELECT ID_Combustivel FROM COMBUSTIVEL WHERE Nome = 'GASOLINA COMUM'));
INSERT INTO PRECO_COLETADO (Preco, UnidadeMedida, DataColeta, PostoCNPJ, CombustivelID) VALUES (5.690, 'R$ / litro', '2023-07-24', '01503536000192', (SELECT ID_Combustivel FROM COMBUSTIVEL WHERE Nome = 'GASOLINA COMUM'));
INSERT INTO PRECO_COLETADO (Preco, UnidadeMedida, DataColeta, PostoCNPJ, CombustivelID) VALUES (5.590, 'R$ / litro', '2023-07-31', '01503536000192', (SELECT ID_Combustivel FROM COMBUSTIVEL WHERE Nome = 'GASOLINA COMUM'));
INSERT INTO PRECO_COLETADO (Preco, UnidadeMedida, DataColeta, PostoCNPJ, CombustivelID) VALUES (5.530, 'R$ / litro', '2023-08-07', '01503536000192', (SELECT ID_Combustivel FROM COMBUSTIVEL WHERE Nome = 'GASOLINA COMUM'));
INSERT INTO PRECO_COLETADO (Preco, UnidadeMedida, DataColeta, PostoCNPJ, CombustivelID) VALUES (5.450, 'R$ / litro', '2023-08-15', '01503536000192', (SELECT ID_Combustivel FROM COMBUSTIVEL WHERE Nome = 'GASOLINA COMUM'));
INSERT INTO PRECO_COLETADO (Preco, UnidadeMedida, DataColeta, PostoCNPJ, CombustivelID) VALUES (5.890, 'R$ / litro', '2023-08-22', '01503536000192', (SELECT ID_Combustivel FROM COMBUSTIVEL WHERE Nome = 'GASOLINA COMUM'));
INSERT INTO PRECO_COLETADO (Preco, UnidadeMedida, DataColeta, PostoCNPJ, CombustivelID) VALUES (5.890, 'R$ / litro', '2023-09-07', '01503536000192', (SELECT ID_Combustivel FROM COMBUSTIVEL WHERE Nome = 'GASOLINA COMUM'));
INSERT INTO PRECO_COLETADO (Preco, UnidadeMedida, DataColeta, PostoCNPJ, CombustivelID) VALUES (5.790, 'R$ / litro', '2023-09-12', '01503536000192', (SELECT ID_Combustivel FROM COMBUSTIVEL WHERE Nome = 'GASOLINA COMUM'));
INSERT INTO PRECO_COLETADO (Preco, UnidadeMedida, DataColeta, PostoCNPJ, CombustivelID) VALUES (5.790, 'R$ / litro', '2023-09-19', '01503536000192', (SELECT ID_Combustivel FROM COMBUSTIVEL WHERE Nome = 'GASOLINA COMUM'));
INSERT INTO PRECO_COLETADO (Preco, UnidadeMedida, DataColeta, PostoCNPJ, CombustivelID) VALUES (5.690, 'R$ / litro', '2023-10-03', '01503536000192', (SELECT ID_Combustivel FROM COMBUSTIVEL WHERE Nome = 'GASOLINA COMUM'));
INSERT INTO PRECO_COLETADO (Preco, UnidadeMedida, DataColeta, PostoCNPJ, CombustivelID) VALUES (5.690, 'R$ / litro', '2023-10-10', '01503536000192', (SELECT ID_Combustivel FROM COMBUSTIVEL WHERE Nome = 'GASOLINA COMUM'));
INSERT INTO PRECO_COLETADO (Preco, UnidadeMedida, DataColeta, PostoCNPJ, CombustivelID) VALUES (5.690, 'R$ / litro', '2023-10-16', '01503536000192', (SELECT ID_Combustivel FROM COMBUSTIVEL WHERE Nome = 'GASOLINA COMUM'));
INSERT INTO PRECO_COLETADO (Preco, UnidadeMedida, DataColeta, PostoCNPJ, CombustivelID) VALUES (5.690, 'R$ / litro', '2023-10-24', '01503536000192', (SELECT ID_Combustivel FROM COMBUSTIVEL WHERE Nome = 'GASOLINA COMUM'));
INSERT INTO PRECO_COLETADO (Preco, UnidadeMedida, DataColeta, PostoCNPJ, CombustivelID) VALUES (5.590, 'R$ / litro', '2023-11-07', '01503536000192', (SELECT ID_Combustivel FROM COMBUSTIVEL WHERE Nome = 'GASOLINA COMUM'));
INSERT INTO PRECO_COLETADO (Preco, UnidadeMedida, DataColeta, PostoCNPJ, CombustivelID) VALUES (5.470, 'R$ / litro', '2023-11-14', '01503536000192', (SELECT ID_Combustivel FROM COMBUSTIVEL WHERE Nome = 'GASOLINA COMUM'));
INSERT INTO PRECO_COLETADO (Preco, UnidadeMedida, DataColeta, PostoCNPJ, CombustivelID) VALUES (5.590, 'R$ / litro', '2023-11-28', '01503536000192', (SELECT ID_Combustivel FROM COMBUSTIVEL WHERE Nome = 'GASOLINA COMUM'));
INSERT INTO PRECO_COLETADO (Preco, UnidadeMedida, DataColeta, PostoCNPJ, CombustivelID) VALUES (5.590, 'R$ / litro', '2023-12-06', '01503536000192', (SELECT ID_Combustivel FROM COMBUSTIVEL WHERE Nome = 'GASOLINA COMUM'));
INSERT INTO PRECO_COLETADO (Preco, UnidadeMedida, DataColeta, PostoCNPJ, CombustivelID) VALUES (5.590, 'R$ / litro', '2023-12-13', '01503536000192', (SELECT ID_Combustivel FROM COMBUSTIVEL WHERE Nome = 'GASOLINA COMUM'));
INSERT INTO PRECO_COLETADO (Preco, UnidadeMedida, DataColeta, PostoCNPJ, CombustivelID) VALUES (5.490, 'R$ / litro', '2023-12-20', '01503536000192', (SELECT ID_Combustivel FROM COMBUSTIVEL WHERE Nome = 'GASOLINA COMUM'));
INSERT INTO PRECO_COLETADO (Preco, UnidadeMedida, DataColeta, PostoCNPJ, CombustivelID) VALUES (5.390, 'R$ / litro', '2023-12-26', '01503536000192', (SELECT ID_Combustivel FROM COMBUSTIVEL WHERE Nome = 'GASOLINA COMUM'));
INSERT INTO PRECO_COLETADO (Preco, UnidadeMedida, DataColeta, PostoCNPJ, CombustivelID) VALUES (5.390, 'R$ / litro', '2024-01-08', '01503536000192', (SELECT ID_Combustivel FROM COMBUSTIVEL WHERE Nome = 'GASOLINA COMUM'));
INSERT INTO PRECO_COLETADO (Preco, UnidadeMedida, DataColeta, PostoCNPJ, CombustivelID) VALUES (5.390, 'R$ / litro', '2024-01-15', '01503536000192', (SELECT ID_Combustivel FROM COMBUSTIVEL WHERE Nome = 'GASOLINA COMUM'));
INSERT INTO PRECO_COLETADO (Preco, UnidadeMedida, DataColeta, PostoCNPJ, CombustivelID) VALUES (5.390, 'R$ / litro', '2024-01-22', '01503536000192', (SELECT ID_Combustivel FROM COMBUSTIVEL WHERE Nome = 'GASOLINA COMUM'));
INSERT INTO PRECO_COLETADO (Preco, UnidadeMedida, DataColeta, PostoCNPJ, CombustivelID) VALUES (5.390, 'R$ / litro', '2024-01-29', '01503536000192', (SELECT ID_Combustivel FROM COMBUSTIVEL WHERE Nome = 'GASOLINA COMUM'));
INSERT INTO PRECO_COLETADO (Preco, UnidadeMedida, DataColeta, PostoCNPJ, CombustivelID) VALUES (5.690, 'R$ / litro', '2024-02-05', '01503536000192', (SELECT ID_Combustivel FROM COMBUSTIVEL WHERE Nome = 'GASOLINA COMUM'));
INSERT INTO PRECO_COLETADO (Preco, UnidadeMedida, DataColeta, PostoCNPJ, CombustivelID) VALUES (5.690, 'R$ / litro', '2024-02-12', '01503536000192', (SELECT ID_Combustivel FROM COMBUSTIVEL WHERE Nome = 'GASOLINA COMUM'));
INSERT INTO PRECO_COLETADO (Preco, UnidadeMedida, DataColeta, PostoCNPJ, CombustivelID) VALUES (5.690, 'R$ / litro', '2024-02-19', '01503536000192', (SELECT ID_Combustivel FROM COMBUSTIVEL WHERE Nome = 'GASOLINA COMUM'));
INSERT INTO PRECO_COLETADO (Preco, UnidadeMedida, DataColeta, PostoCNPJ, CombustivelID) VALUES (5.690, 'R$ / litro', '2024-02-26', '01503536000192', (SELECT ID_Combustivel FROM COMBUSTIVEL WHERE Nome = 'GASOLINA COMUM'));
INSERT INTO PRECO_COLETADO (Preco, UnidadeMedida, DataColeta, PostoCNPJ, CombustivelID) VALUES (5.690, 'R$ / litro', '2024-03-04', '01503536000192', (SELECT ID_Combustivel FROM COMBUSTIVEL WHERE Nome = 'GASOLINA COMUM'));
INSERT INTO PRECO_COLETADO (Preco, UnidadeMedida, DataColeta, PostoCNPJ, CombustivelID) VALUES (5.590, 'R$ / litro', '2024-03-11', '01503536000192', (SELECT ID_Combustivel FROM COMBUSTIVEL WHERE Nome = 'GASOLINA COMUM'));
INSERT INTO PRECO_COLETADO (Preco, UnidadeMedida, DataColeta, PostoCNPJ, CombustivelID) VALUES (5.590, 'R$ / litro', '2024-03-18', '01503536000192', (SELECT ID_Combustivel FROM COMBUSTIVEL WHERE Nome = 'GASOLINA COMUM'));
INSERT INTO PRECO_COLETADO (Preco, UnidadeMedida, DataColeta, PostoCNPJ, CombustivelID) VALUES (5.590, 'R$ / litro', '2024-03-25', '01503536000192', (SELECT ID_Combustivel FROM COMBUSTIVEL WHERE Nome = 'GASOLINA COMUM'));
INSERT INTO PRECO_COLETADO (Preco, UnidadeMedida, DataColeta, PostoCNPJ, CombustivelID) VALUES (5.690, 'R$ / litro', '2024-04-02', '01503536000192', (SELECT ID_Combustivel FROM COMBUSTIVEL WHERE Nome = 'GASOLINA COMUM'));
INSERT INTO PRECO_COLETADO (Preco, UnidadeMedida, DataColeta, PostoCNPJ, CombustivelID) VALUES (5.690, 'R$ / litro', '2024-04-08', '01503536000192', (SELECT ID_Combustivel FROM COMBUSTIVEL WHERE Nome = 'GASOLINA COMUM'));
INSERT INTO PRECO_COLETADO (Preco, UnidadeMedida, DataColeta, PostoCNPJ, CombustivelID) VALUES (5.690, 'R$ / litro', '2024-04-15', '01503536000192', (SELECT ID_Combustivel FROM COMBUSTIVEL WHERE Nome = 'GASOLINA COMUM'));
INSERT INTO PRECO_COLETADO (Preco, UnidadeMedida, DataColeta, PostoCNPJ, CombustivelID) VALUES (5.570, 'R$ / litro', '2024-04-22', '01503536000192', (SELECT ID_Combustivel FROM COMBUSTIVEL WHERE Nome = 'GASOLINA COMUM'));
INSERT INTO PRECO_COLETADO (Preco, UnidadeMedida, DataColeta, PostoCNPJ, CombustivelID) VALUES (5.890, 'R$ / litro', '2024-04-29', '01503536000192', (SELECT ID_Combustivel FROM COMBUSTIVEL WHERE Nome = 'GASOLINA COMUM'));
INSERT INTO PRECO_COLETADO (Preco, UnidadeMedida, DataColeta, PostoCNPJ, CombustivelID) VALUES (5.890, 'R$ / litro', '2024-05-06', '01503536000192', (SELECT ID_Combustivel FROM COMBUSTIVEL WHERE Nome = 'GASOLINA COMUM'));
INSERT INTO PRECO_COLETADO (Preco, UnidadeMedida, DataColeta, PostoCNPJ, CombustivelID) VALUES (5.890, 'R$ / litro', '2024-05-14', '01503536000192', (SELECT ID_Combustivel FROM COMBUSTIVEL WHERE Nome = 'GASOLINA COMUM'));
INSERT INTO PRECO_COLETADO (Preco, UnidadeMedida, DataColeta, PostoCNPJ, CombustivelID) VALUES (5.890, 'R$ / litro', '2024-05-20', '01503536000192', (SELECT ID_Combustivel FROM COMBUSTIVEL WHERE Nome = 'GASOLINA COMUM'));
INSERT INTO PRECO_COLETADO (Preco, UnidadeMedida, DataColeta, PostoCNPJ, CombustivelID) VALUES (5.890, 'R$ / litro', '2024-05-27', '01503536000192', (SELECT ID_Combustivel FROM COMBUSTIVEL WHERE Nome = 'GASOLINA COMUM'));
INSERT INTO PRECO_COLETADO (Preco, UnidadeMedida, DataColeta, PostoCNPJ, CombustivelID) VALUES (5.790, 'R$ / litro', '2024-06-04', '01503536000192', (SELECT ID_Combustivel FROM COMBUSTIVEL WHERE Nome = 'GASOLINA COMUM'));
INSERT INTO PRECO_COLETADO (Preco, UnidadeMedida, DataColeta, PostoCNPJ, CombustivelID) VALUES (5.790, 'R$ / litro', '2024-06-10', '01503536000192', (SELECT ID_Combustivel FROM COMBUSTIVEL WHERE Nome = 'GASOLINA COMUM'));
INSERT INTO PRECO_COLETADO (Preco, UnidadeMedida, DataColeta, PostoCNPJ, CombustivelID) VALUES (5.790, 'R$ / litro', '2024-06-17', '01503536000192', (SELECT ID_Combustivel FROM COMBUSTIVEL WHERE Nome = 'GASOLINA COMUM'));
INSERT INTO PRECO_COLETADO (Preco, UnidadeMedida, DataColeta, PostoCNPJ, CombustivelID) VALUES (5.790, 'R$ / litro', '2024-06-24', '01503536000192', (SELECT ID_Combustivel FROM COMBUSTIVEL WHERE Nome = 'GASOLINA COMUM'));
INSERT INTO PRECO_COLETADO (Preco, UnidadeMedida, DataColeta, PostoCNPJ, CombustivelID) VALUES (5.790, 'R$ / litro', '2024-07-01', '01503536000192', (SELECT ID_Combustivel FROM COMBUSTIVEL WHERE Nome = 'GASOLINA COMUM'));
INSERT INTO PRECO_COLETADO (Preco, UnidadeMedida, DataColeta, PostoCNPJ, CombustivelID) VALUES (5.790, 'R$ / litro', '2024-07-09', '01503536000192', (SELECT ID_Combustivel FROM COMBUSTIVEL WHERE Nome = 'GASOLINA COMUM'));
INSERT INTO PRECO_COLETADO (Preco, UnidadeMedida, DataColeta, PostoCNPJ, CombustivelID) VALUES (6.190, 'R$ / litro', '2024-07-16', '01503536000192', (SELECT ID_Combustivel FROM COMBUSTIVEL WHERE Nome = 'GASOLINA COMUM'));
INSERT INTO PRECO_COLETADO (Preco, UnidadeMedida, DataColeta, PostoCNPJ, CombustivelID) VALUES (6.150, 'R$ / litro', '2024-07-22', '01503536000192', (SELECT ID_Combustivel FROM COMBUSTIVEL WHERE Nome = 'GASOLINA COMUM'));
INSERT INTO PRECO_COLETADO (Preco, UnidadeMedida, DataColeta, PostoCNPJ, CombustivelID) VALUES (6.150, 'R$ / litro', '2024-07-29', '01503536000192', (SELECT ID_Combustivel FROM COMBUSTIVEL WHERE Nome = 'GASOLINA COMUM'));
INSERT INTO PRECO_COLETADO (Preco, UnidadeMedida, DataColeta, PostoCNPJ, CombustivelID) VALUES (6.150, 'R$ / litro', '2024-08-05', '01503536000192', (SELECT ID_Combustivel FROM COMBUSTIVEL WHERE Nome = 'GASOLINA COMUM'));
INSERT INTO PRECO_COLETADO (Preco, UnidadeMedida, DataColeta, PostoCNPJ, CombustivelID) VALUES (6.090, 'R$ / litro', '2024-08-12', '01503536000192', (SELECT ID_Combustivel FROM COMBUSTIVEL WHERE Nome = 'GASOLINA COMUM'));
INSERT INTO PRECO_COLETADO (Preco, UnidadeMedida, DataColeta, PostoCNPJ, CombustivelID) VALUES (6.090, 'R$ / litro', '2024-08-20', '01503536000192', (SELECT ID_Combustivel FROM COMBUSTIVEL WHERE Nome = 'GASOLINA COMUM'));
INSERT INTO PRECO_COLETADO (Preco, UnidadeMedida, DataColeta, PostoCNPJ, CombustivelID) VALUES (6.090, 'R$ / litro', '2024-08-26', '01503536000192', (SELECT ID_Combustivel FROM COMBUSTIVEL WHERE Nome = 'GASOLINA COMUM'));
INSERT INTO PRECO_COLETADO (Preco, UnidadeMedida, DataColeta, PostoCNPJ, CombustivelID) VALUES (6.090, 'R$ / litro', '2024-09-02', '01503536000192', (SELECT ID_Combustivel FROM COMBUSTIVEL WHERE Nome = 'GASOLINA COMUM'));
INSERT INTO POSTO (CNPJ, RazaoSocial, NomeFantasia, Bandeira, Logradouro, Numero, Bairro, Cidade, Estado, CEP) VALUES ('01166046000148', 'POSTO TIBERIO LTDA', 'POSTO TIBERIO', 'VIBRA ENERGIA', 'RODOVIA CARLOS LINDEMBERG', '386', 'JABURUNA', 'VILA VELHA', 'ESPIRITO SANTO', '29123600');
INSERT INTO PRECO_COLETADO (Preco, UnidadeMedida, DataColeta, PostoCNPJ, CombustivelID) VALUES (3.990, 'R$ / litro', '2022-10-24', '01166046000148', (SELECT ID_Combustivel FROM COMBUSTIVEL WHERE Nome = 'ETANOL'));
INSERT INTO PRECO_COLETADO (Preco, UnidadeMedida, DataColeta, PostoCNPJ, CombustivelID) VALUES (3.990, 'R$ / litro', '2022-10-31', '01166046000148', (SELECT ID_Combustivel FROM COMBUSTIVEL WHERE Nome = 'ETANOL'));
INSERT INTO PRECO_COLETADO (Preco, UnidadeMedida, DataColeta, PostoCNPJ, CombustivelID) VALUES (4.190, 'R$ / litro', '2022-11-14', '01166046000148', (SELECT ID_Combustivel FROM COMBUSTIVEL WHERE Nome = 'ETANOL'));
INSERT INTO PRECO_COLETADO (Preco, UnidadeMedida, DataColeta, PostoCNPJ, CombustivelID) VALUES (4.190, 'R$ / litro', '2022-11-22', '01166046000148', (SELECT ID_Combustivel FROM COMBUSTIVEL WHERE Nome = 'ETANOL'));
INSERT INTO PRECO_COLETADO (Preco, UnidadeMedida, DataColeta, PostoCNPJ, CombustivelID) VALUES (4.190, 'R$ / litro', '2022-12-05', '01166046000148', (SELECT ID_Combustivel FROM COMBUSTIVEL WHERE Nome = 'ETANOL'));
INSERT INTO PRECO_COLETADO (Preco, UnidadeMedida, DataColeta, PostoCNPJ, CombustivelID) VALUES (4.290, 'R$ / litro', '2022-12-12', '01166046000148', (SELECT ID_Combustivel FROM COMBUSTIVEL WHERE Nome = 'ETANOL'));
INSERT INTO PRECO_COLETADO (Preco, UnidadeMedida, DataColeta, PostoCNPJ, CombustivelID) VALUES (4.290, 'R$ / litro', '2022-12-22', '01166046000148', (SELECT ID_Combustivel FROM COMBUSTIVEL WHERE Nome = 'ETANOL'));
INSERT INTO PRECO_COLETADO (Preco, UnidadeMedida, DataColeta, PostoCNPJ, CombustivelID) VALUES (4.290, 'R$ / litro', '2022-12-26', '01166046000148', (SELECT ID_Combustivel FROM COMBUSTIVEL WHERE Nome = 'ETANOL'));
INSERT INTO PRECO_COLETADO (Preco, UnidadeMedida, DataColeta, PostoCNPJ, CombustivelID) VALUES (4.290, 'R$ / litro', '2023-01-02', '01166046000148', (SELECT ID_Combustivel FROM COMBUSTIVEL WHERE Nome = 'ETANOL'));
INSERT INTO PRECO_COLETADO (Preco, UnidadeMedida, DataColeta, PostoCNPJ, CombustivelID) VALUES (4.290, 'R$ / litro', '2023-01-09', '01166046000148', (SELECT ID_Combustivel FROM COMBUSTIVEL WHERE Nome = 'ETANOL'));
INSERT INTO PRECO_COLETADO (Preco, UnidadeMedida, DataColeta, PostoCNPJ, CombustivelID) VALUES (4.290, 'R$ / litro', '2023-01-16', '01166046000148', (SELECT ID_Combustivel FROM COMBUSTIVEL WHERE Nome = 'ETANOL'));
INSERT INTO PRECO_COLETADO (Preco, UnidadeMedida, DataColeta, PostoCNPJ, CombustivelID) VALUES (4.290, 'R$ / litro', '2023-01-23', '01166046000148', (SELECT ID_Combustivel FROM COMBUSTIVEL WHERE Nome = 'ETANOL'));
INSERT INTO PRECO_COLETADO (Preco, UnidadeMedida, DataColeta, PostoCNPJ, CombustivelID) VALUES (4.290, 'R$ / litro', '2023-01-30', '01166046000148', (SELECT ID_Combustivel FROM COMBUSTIVEL WHERE Nome = 'ETANOL'));
INSERT INTO PRECO_COLETADO (Preco, UnidadeMedida, DataColeta, PostoCNPJ, CombustivelID) VALUES (4.290, 'R$ / litro', '2023-02-06', '01166046000148', (SELECT ID_Combustivel FROM COMBUSTIVEL WHERE Nome = 'ETANOL'));
INSERT INTO PRECO_COLETADO (Preco, UnidadeMedida, DataColeta, PostoCNPJ, CombustivelID) VALUES (4.290, 'R$ / litro', '2023-02-13', '01166046000148', (SELECT ID_Combustivel FROM COMBUSTIVEL WHERE Nome = 'ETANOL'));
INSERT INTO PRECO_COLETADO (Preco, UnidadeMedida, DataColeta, PostoCNPJ, CombustivelID) VALUES (4.380, 'R$ / litro', '2023-02-27', '01166046000148', (SELECT ID_Combustivel FROM COMBUSTIVEL WHERE Nome = 'ETANOL'));
INSERT INTO PRECO_COLETADO (Preco, UnidadeMedida, DataColeta, PostoCNPJ, CombustivelID) VALUES (4.490, 'R$ / litro', '2023-03-06', '01166046000148', (SELECT ID_Combustivel FROM COMBUSTIVEL WHERE Nome = 'ETANOL'));
INSERT INTO PRECO_COLETADO (Preco, UnidadeMedida, DataColeta, PostoCNPJ, CombustivelID) VALUES (4.490, 'R$ / litro', '2023-03-16', '01166046000148', (SELECT ID_Combustivel FROM COMBUSTIVEL WHERE Nome = 'ETANOL'));
INSERT INTO PRECO_COLETADO (Preco, UnidadeMedida, DataColeta, PostoCNPJ, CombustivelID) VALUES (4.490, 'R$ / litro', '2023-03-27', '01166046000148', (SELECT ID_Combustivel FROM COMBUSTIVEL WHERE Nome = 'ETANOL'));
INSERT INTO PRECO_COLETADO (Preco, UnidadeMedida, DataColeta, PostoCNPJ, CombustivelID) VALUES (4.490, 'R$ / litro', '2023-04-04', '01166046000148', (SELECT ID_Combustivel FROM COMBUSTIVEL WHERE Nome = 'ETANOL'));
INSERT INTO PRECO_COLETADO (Preco, UnidadeMedida, DataColeta, PostoCNPJ, CombustivelID) VALUES (4.490, 'R$ / litro', '2023-04-10', '01166046000148', (SELECT ID_Combustivel FROM COMBUSTIVEL WHERE Nome = 'ETANOL'));
INSERT INTO PRECO_COLETADO (Preco, UnidadeMedida, DataColeta, PostoCNPJ, CombustivelID) VALUES (4.490, 'R$ / litro', '2023-04-17', '01166046000148', (SELECT ID_Combustivel FROM COMBUSTIVEL WHERE Nome = 'ETANOL'));
INSERT INTO PRECO_COLETADO (Preco, UnidadeMedida, DataColeta, PostoCNPJ, CombustivelID) VALUES (4.490, 'R$ / litro', '2023-04-24', '01166046000148', (SELECT ID_Combustivel FROM COMBUSTIVEL WHERE Nome = 'ETANOL'));
INSERT INTO PRECO_COLETADO (Preco, UnidadeMedida, DataColeta, PostoCNPJ, CombustivelID) VALUES (4.690, 'R$ / litro', '2023-05-02', '01166046000148', (SELECT ID_Combustivel FROM COMBUSTIVEL WHERE Nome = 'ETANOL'));
INSERT INTO PRECO_COLETADO (Preco, UnidadeMedida, DataColeta, PostoCNPJ, CombustivelID) VALUES (4.690, 'R$ / litro', '2023-05-09', '01166046000148', (SELECT ID_Combustivel FROM COMBUSTIVEL WHERE Nome = 'ETANOL'));
INSERT INTO PRECO_COLETADO (Preco, UnidadeMedida, DataColeta, PostoCNPJ, CombustivelID) VALUES (4.690, 'R$ / litro', '2023-05-15', '01166046000148', (SELECT ID_Combustivel FROM COMBUSTIVEL WHERE Nome = 'ETANOL'));
INSERT INTO PRECO_COLETADO (Preco, UnidadeMedida, DataColeta, PostoCNPJ, CombustivelID) VALUES (4.690, 'R$ / litro', '2023-05-22', '01166046000148', (SELECT ID_Combustivel FROM COMBUSTIVEL WHERE Nome = 'ETANOL'));
INSERT INTO PRECO_COLETADO (Preco, UnidadeMedida, DataColeta, PostoCNPJ, CombustivelID) VALUES (4.690, 'R$ / litro', '2023-05-29', '01166046000148', (SELECT ID_Combustivel FROM COMBUSTIVEL WHERE Nome = 'ETANOL'));
INSERT INTO PRECO_COLETADO (Preco, UnidadeMedida, DataColeta, PostoCNPJ, CombustivelID) VALUES (4.690, 'R$ / litro', '2023-06-05', '01166046000148', (SELECT ID_Combustivel FROM COMBUSTIVEL WHERE Nome = 'ETANOL'));
INSERT INTO PRECO_COLETADO (Preco, UnidadeMedida, DataColeta, PostoCNPJ, CombustivelID) VALUES (4.390, 'R$ / litro', '2023-06-13', '01166046000148', (SELECT ID_Combustivel FROM COMBUSTIVEL WHERE Nome = 'ETANOL'));
INSERT INTO PRECO_COLETADO (Preco, UnidadeMedida, DataColeta, PostoCNPJ, CombustivelID) VALUES (4.390, 'R$ / litro', '2023-06-20', '01166046000148', (SELECT ID_Combustivel FROM COMBUSTIVEL WHERE Nome = 'ETANOL'));
INSERT INTO PRECO_COLETADO (Preco, UnidadeMedida, DataColeta, PostoCNPJ, CombustivelID) VALUES (4.390, 'R$ / litro', '2023-06-27', '01166046000148', (SELECT ID_Combustivel FROM COMBUSTIVEL WHERE Nome = 'ETANOL'));
INSERT INTO PRECO_COLETADO (Preco, UnidadeMedida, DataColeta, PostoCNPJ, CombustivelID) VALUES (4.390, 'R$ / litro', '2023-07-04', '01166046000148', (SELECT ID_Combustivel FROM COMBUSTIVEL WHERE Nome = 'ETANOL'));
INSERT INTO PRECO_COLETADO (Preco, UnidadeMedida, DataColeta, PostoCNPJ, CombustivelID) VALUES (4.390, 'R$ / litro', '2023-07-10', '01166046000148', (SELECT ID_Combustivel FROM COMBUSTIVEL WHERE Nome = 'ETANOL'));
INSERT INTO PRECO_COLETADO (Preco, UnidadeMedida, DataColeta, PostoCNPJ, CombustivelID) VALUES (4.390, 'R$ / litro', '2023-07-17', '01166046000148', (SELECT ID_Combustivel FROM COMBUSTIVEL WHERE Nome = 'ETANOL'));
INSERT INTO PRECO_COLETADO (Preco, UnidadeMedida, DataColeta, PostoCNPJ, CombustivelID) VALUES (4.390, 'R$ / litro', '2023-07-24', '01166046000148', (SELECT ID_Combustivel FROM COMBUSTIVEL WHERE Nome = 'ETANOL'));
INSERT INTO PRECO_COLETADO (Preco, UnidadeMedida, DataColeta, PostoCNPJ, CombustivelID) VALUES (4.390, 'R$ / litro', '2023-07-31', '01166046000148', (SELECT ID_Combustivel FROM COMBUSTIVEL WHERE Nome = 'ETANOL'));
INSERT INTO PRECO_COLETADO (Preco, UnidadeMedida, DataColeta, PostoCNPJ, CombustivelID) VALUES (4.390, 'R$ / litro', '2023-08-07', '01166046000148', (SELECT ID_Combustivel FROM COMBUSTIVEL WHERE Nome = 'ETANOL'));
INSERT INTO PRECO_COLETADO (Preco, UnidadeMedida, DataColeta, PostoCNPJ, CombustivelID) VALUES (4.390, 'R$ / litro', '2023-08-15', '01166046000148', (SELECT ID_Combustivel FROM COMBUSTIVEL WHERE Nome = 'ETANOL'));
INSERT INTO PRECO_COLETADO (Preco, UnidadeMedida, DataColeta, PostoCNPJ, CombustivelID) VALUES (4.490, 'R$ / litro', '2023-08-21', '01166046000148', (SELECT ID_Combustivel FROM COMBUSTIVEL WHERE Nome = 'ETANOL'));
INSERT INTO PRECO_COLETADO (Preco, UnidadeMedida, DataColeta, PostoCNPJ, CombustivelID) VALUES (4.490, 'R$ / litro', '2023-08-30', '01166046000148', (SELECT ID_Combustivel FROM COMBUSTIVEL WHERE Nome = 'ETANOL'));
INSERT INTO PRECO_COLETADO (Preco, UnidadeMedida, DataColeta, PostoCNPJ, CombustivelID) VALUES (4.490, 'R$ / litro', '2023-09-07', '01166046000148', (SELECT ID_Combustivel FROM COMBUSTIVEL WHERE Nome = 'ETANOL'));
INSERT INTO PRECO_COLETADO (Preco, UnidadeMedida, DataColeta, PostoCNPJ, CombustivelID) VALUES (4.490, 'R$ / litro', '2023-09-12', '01166046000148', (SELECT ID_Combustivel FROM COMBUSTIVEL WHERE Nome = 'ETANOL'));
INSERT INTO PRECO_COLETADO (Preco, UnidadeMedida, DataColeta, PostoCNPJ, CombustivelID) VALUES (4.490, 'R$ / litro', '2023-09-19', '01166046000148', (SELECT ID_Combustivel FROM COMBUSTIVEL WHERE Nome = 'ETANOL'));
INSERT INTO PRECO_COLETADO (Preco, UnidadeMedida, DataColeta, PostoCNPJ, CombustivelID) VALUES (4.490, 'R$ / litro', '2023-09-26', '01166046000148', (SELECT ID_Combustivel FROM COMBUSTIVEL WHERE Nome = 'ETANOL'));
INSERT INTO PRECO_COLETADO (Preco, UnidadeMedida, DataColeta, PostoCNPJ, CombustivelID) VALUES (4.490, 'R$ / litro', '2023-10-03', '01166046000148', (SELECT ID_Combustivel FROM COMBUSTIVEL WHERE Nome = 'ETANOL'));
INSERT INTO PRECO_COLETADO (Preco, UnidadeMedida, DataColeta, PostoCNPJ, CombustivelID) VALUES (4.490, 'R$ / litro', '2023-10-10', '01166046000148', (SELECT ID_Combustivel FROM COMBUSTIVEL WHERE Nome = 'ETANOL'));
INSERT INTO PRECO_COLETADO (Preco, UnidadeMedida, DataColeta, PostoCNPJ, CombustivelID) VALUES (4.490, 'R$ / litro', '2023-10-16', '01166046000148', (SELECT ID_Combustivel FROM COMBUSTIVEL WHERE Nome = 'ETANOL'));
INSERT INTO PRECO_COLETADO (Preco, UnidadeMedida, DataColeta, PostoCNPJ, CombustivelID) VALUES (4.490, 'R$ / litro', '2023-10-24', '01166046000148', (SELECT ID_Combustivel FROM COMBUSTIVEL WHERE Nome = 'ETANOL'));
INSERT INTO PRECO_COLETADO (Preco, UnidadeMedida, DataColeta, PostoCNPJ, CombustivelID) VALUES (4.490, 'R$ / litro', '2023-10-31', '01166046000148', (SELECT ID_Combustivel FROM COMBUSTIVEL WHERE Nome = 'ETANOL'));
INSERT INTO PRECO_COLETADO (Preco, UnidadeMedida, DataColeta, PostoCNPJ, CombustivelID) VALUES (4.490, 'R$ / litro', '2023-11-07', '01166046000148', (SELECT ID_Combustivel FROM COMBUSTIVEL WHERE Nome = 'ETANOL'));
INSERT INTO PRECO_COLETADO (Preco, UnidadeMedida, DataColeta, PostoCNPJ, CombustivelID) VALUES (4.490, 'R$ / litro', '2023-11-14', '01166046000148', (SELECT ID_Combustivel FROM COMBUSTIVEL WHERE Nome = 'ETANOL'));
INSERT INTO PRECO_COLETADO (Preco, UnidadeMedida, DataColeta, PostoCNPJ, CombustivelID) VALUES (4.490, 'R$ / litro', '2023-11-21', '01166046000148', (SELECT ID_Combustivel FROM COMBUSTIVEL WHERE Nome = 'ETANOL'));
INSERT INTO PRECO_COLETADO (Preco, UnidadeMedida, DataColeta, PostoCNPJ, CombustivelID) VALUES (4.490, 'R$ / litro', '2023-11-28', '01166046000148', (SELECT ID_Combustivel FROM COMBUSTIVEL WHERE Nome = 'ETANOL'));
INSERT INTO PRECO_COLETADO (Preco, UnidadeMedida, DataColeta, PostoCNPJ, CombustivelID) VALUES (4.490, 'R$ / litro', '2023-12-06', '01166046000148', (SELECT ID_Combustivel FROM COMBUSTIVEL WHERE Nome = 'ETANOL'));
INSERT INTO PRECO_COLETADO (Preco, UnidadeMedida, DataColeta, PostoCNPJ, CombustivelID) VALUES (4.490, 'R$ / litro', '2023-12-13', '01166046000148', (SELECT ID_Combustivel FROM COMBUSTIVEL WHERE Nome = 'ETANOL'));
INSERT INTO PRECO_COLETADO (Preco, UnidadeMedida, DataColeta, PostoCNPJ, CombustivelID) VALUES (4.490, 'R$ / litro', '2023-12-26', '01166046000148', (SELECT ID_Combustivel FROM COMBUSTIVEL WHERE Nome = 'ETANOL'));
INSERT INTO PRECO_COLETADO (Preco, UnidadeMedida, DataColeta, PostoCNPJ, CombustivelID) VALUES (4.490, 'R$ / litro', '2024-01-03', '01166046000148', (SELECT ID_Combustivel FROM COMBUSTIVEL WHERE Nome = 'ETANOL'));
INSERT INTO PRECO_COLETADO (Preco, UnidadeMedida, DataColeta, PostoCNPJ, CombustivelID) VALUES (4.490, 'R$ / litro', '2024-01-08', '01166046000148', (SELECT ID_Combustivel FROM COMBUSTIVEL WHERE Nome = 'ETANOL'));
INSERT INTO PRECO_COLETADO (Preco, UnidadeMedida, DataColeta, PostoCNPJ, CombustivelID) VALUES (4.490, 'R$ / litro', '2024-01-15', '01166046000148', (SELECT ID_Combustivel FROM COMBUSTIVEL WHERE Nome = 'ETANOL'));
INSERT INTO PRECO_COLETADO (Preco, UnidadeMedida, DataColeta, PostoCNPJ, CombustivelID) VALUES (4.490, 'R$ / litro', '2024-01-22', '01166046000148', (SELECT ID_Combustivel FROM COMBUSTIVEL WHERE Nome = 'ETANOL'));
INSERT INTO PRECO_COLETADO (Preco, UnidadeMedida, DataColeta, PostoCNPJ, CombustivelID) VALUES (4.490, 'R$ / litro', '2024-01-29', '01166046000148', (SELECT ID_Combustivel FROM COMBUSTIVEL WHERE Nome = 'ETANOL'));
INSERT INTO PRECO_COLETADO (Preco, UnidadeMedida, DataColeta, PostoCNPJ, CombustivelID) VALUES (4.490, 'R$ / litro', '2024-02-05', '01166046000148', (SELECT ID_Combustivel FROM COMBUSTIVEL WHERE Nome = 'ETANOL'));
INSERT INTO PRECO_COLETADO (Preco, UnidadeMedida, DataColeta, PostoCNPJ, CombustivelID) VALUES (3.990, 'R$ / litro', '2024-02-12', '01166046000148', (SELECT ID_Combustivel FROM COMBUSTIVEL WHERE Nome = 'ETANOL'));
INSERT INTO PRECO_COLETADO (Preco, UnidadeMedida, DataColeta, PostoCNPJ, CombustivelID) VALUES (3.990, 'R$ / litro', '2024-02-19', '01166046000148', (SELECT ID_Combustivel FROM COMBUSTIVEL WHERE Nome = 'ETANOL'));
INSERT INTO PRECO_COLETADO (Preco, UnidadeMedida, DataColeta, PostoCNPJ, CombustivelID) VALUES (3.990, 'R$ / litro', '2024-02-26', '01166046000148', (SELECT ID_Combustivel FROM COMBUSTIVEL WHERE Nome = 'ETANOL'));
INSERT INTO PRECO_COLETADO (Preco, UnidadeMedida, DataColeta, PostoCNPJ, CombustivelID) VALUES (3.990, 'R$ / litro', '2024-03-04', '01166046000148', (SELECT ID_Combustivel FROM COMBUSTIVEL WHERE Nome = 'ETANOL'));
INSERT INTO PRECO_COLETADO (Preco, UnidadeMedida, DataColeta, PostoCNPJ, CombustivelID) VALUES (3.990, 'R$ / litro', '2024-03-11', '01166046000148', (SELECT ID_Combustivel FROM COMBUSTIVEL WHERE Nome = 'ETANOL'));
INSERT INTO PRECO_COLETADO (Preco, UnidadeMedida, DataColeta, PostoCNPJ, CombustivelID) VALUES (3.990, 'R$ / litro', '2024-03-18', '01166046000148', (SELECT ID_Combustivel FROM COMBUSTIVEL WHERE Nome = 'ETANOL'));
INSERT INTO PRECO_COLETADO (Preco, UnidadeMedida, DataColeta, PostoCNPJ, CombustivelID) VALUES (3.990, 'R$ / litro', '2024-03-25', '01166046000148', (SELECT ID_Combustivel FROM COMBUSTIVEL WHERE Nome = 'ETANOL'));
INSERT INTO PRECO_COLETADO (Preco, UnidadeMedida, DataColeta, PostoCNPJ, CombustivelID) VALUES (3.990, 'R$ / litro', '2024-04-01', '01166046000148', (SELECT ID_Combustivel FROM COMBUSTIVEL WHERE Nome = 'ETANOL'));
INSERT INTO PRECO_COLETADO (Preco, UnidadeMedida, DataColeta, PostoCNPJ, CombustivelID) VALUES (3.990, 'R$ / litro', '2024-04-08', '01166046000148', (SELECT ID_Combustivel FROM COMBUSTIVEL WHERE Nome = 'ETANOL'));
INSERT INTO PRECO_COLETADO (Preco, UnidadeMedida, DataColeta, PostoCNPJ, CombustivelID) VALUES (4.390, 'R$ / litro', '2024-04-15', '01166046000148', (SELECT ID_Combustivel FROM COMBUSTIVEL WHERE Nome = 'ETANOL'));
INSERT INTO PRECO_COLETADO (Preco, UnidadeMedida, DataColeta, PostoCNPJ, CombustivelID) VALUES (4.390, 'R$ / litro', '2024-04-29', '01166046000148', (SELECT ID_Combustivel FROM COMBUSTIVEL WHERE Nome = 'ETANOL'));
INSERT INTO PRECO_COLETADO (Preco, UnidadeMedida, DataColeta, PostoCNPJ, CombustivelID) VALUES (4.390, 'R$ / litro', '2024-05-27', '01166046000148', (SELECT ID_Combustivel FROM COMBUSTIVEL WHERE Nome = 'ETANOL'));
INSERT INTO PRECO_COLETADO (Preco, UnidadeMedida, DataColeta, PostoCNPJ, CombustivelID) VALUES (4.390, 'R$ / litro', '2024-06-17', '01166046000148', (SELECT ID_Combustivel FROM COMBUSTIVEL WHERE Nome = 'ETANOL'));
INSERT INTO PRECO_COLETADO (Preco, UnidadeMedida, DataColeta, PostoCNPJ, CombustivelID) VALUES (4.390, 'R$ / litro', '2024-06-24', '01166046000148', (SELECT ID_Combustivel FROM COMBUSTIVEL WHERE Nome = 'ETANOL'));
INSERT INTO PRECO_COLETADO (Preco, UnidadeMedida, DataColeta, PostoCNPJ, CombustivelID) VALUES (4.390, 'R$ / litro', '2024-07-01', '01166046000148', (SELECT ID_Combustivel FROM COMBUSTIVEL WHERE Nome = 'ETANOL'));
INSERT INTO PRECO_COLETADO (Preco, UnidadeMedida, DataColeta, PostoCNPJ, CombustivelID) VALUES (4.390, 'R$ / litro', '2024-07-09', '01166046000148', (SELECT ID_Combustivel FROM COMBUSTIVEL WHERE Nome = 'ETANOL'));
INSERT INTO PRECO_COLETADO (Preco, UnidadeMedida, DataColeta, PostoCNPJ, CombustivelID) VALUES (4.390, 'R$ / litro', '2024-07-16', '01166046000148', (SELECT ID_Combustivel FROM COMBUSTIVEL WHERE Nome = 'ETANOL'));
INSERT INTO PRECO_COLETADO (Preco, UnidadeMedida, DataColeta, PostoCNPJ, CombustivelID) VALUES (4.490, 'R$ / litro', '2024-07-22', '01166046000148', (SELECT ID_Combustivel FROM COMBUSTIVEL WHERE Nome = 'ETANOL'));
INSERT INTO PRECO_COLETADO (Preco, UnidadeMedida, DataColeta, PostoCNPJ, CombustivelID) VALUES (4.490, 'R$ / litro', '2024-07-29', '01166046000148', (SELECT ID_Combustivel FROM COMBUSTIVEL WHERE Nome = 'ETANOL'));
INSERT INTO PRECO_COLETADO (Preco, UnidadeMedida, DataColeta, PostoCNPJ, CombustivelID) VALUES (4.490, 'R$ / litro', '2024-08-05', '01166046000148', (SELECT ID_Combustivel FROM COMBUSTIVEL WHERE Nome = 'ETANOL'));
INSERT INTO PRECO_COLETADO (Preco, UnidadeMedida, DataColeta, PostoCNPJ, CombustivelID) VALUES (4.490, 'R$ / litro', '2024-08-14', '01166046000148', (SELECT ID_Combustivel FROM COMBUSTIVEL WHERE Nome = 'ETANOL'));
INSERT INTO PRECO_COLETADO (Preco, UnidadeMedida, DataColeta, PostoCNPJ, CombustivelID) VALUES (4.490, 'R$ / litro', '2024-08-20', '01166046000148', (SELECT ID_Combustivel FROM COMBUSTIVEL WHERE Nome = 'ETANOL'));
INSERT INTO PRECO_COLETADO (Preco, UnidadeMedida, DataColeta, PostoCNPJ, CombustivelID) VALUES (4.490, 'R$ / litro', '2024-08-26', '01166046000148', (SELECT ID_Combustivel FROM COMBUSTIVEL WHERE Nome = 'ETANOL'));
INSERT INTO PRECO_COLETADO (Preco, UnidadeMedida, DataColeta, PostoCNPJ, CombustivelID) VALUES (4.490, 'R$ / litro', '2024-09-02', '01166046000148', (SELECT ID_Combustivel FROM COMBUSTIVEL WHERE Nome = 'ETANOL'));
INSERT INTO PRECO_COLETADO (Preco, UnidadeMedida, DataColeta, PostoCNPJ, CombustivelID) VALUES (6.750, 'R$ / litro', '2022-10-24', '01166046000148', (SELECT ID_Combustivel FROM COMBUSTIVEL WHERE Nome = 'DIESEL S10'));
INSERT INTO PRECO_COLETADO (Preco, UnidadeMedida, DataColeta, PostoCNPJ, CombustivelID) VALUES (6.750, 'R$ / litro', '2022-10-31', '01166046000148', (SELECT ID_Combustivel FROM COMBUSTIVEL WHERE Nome = 'DIESEL S10'));
INSERT INTO PRECO_COLETADO (Preco, UnidadeMedida, DataColeta, PostoCNPJ, CombustivelID) VALUES (6.750, 'R$ / litro', '2022-11-14', '01166046000148', (SELECT ID_Combustivel FROM COMBUSTIVEL WHERE Nome = 'DIESEL S10'));
INSERT INTO PRECO_COLETADO (Preco, UnidadeMedida, DataColeta, PostoCNPJ, CombustivelID) VALUES (6.750, 'R$ / litro', '2022-11-22', '01166046000148', (SELECT ID_Combustivel FROM COMBUSTIVEL WHERE Nome = 'DIESEL S10'));
INSERT INTO PRECO_COLETADO (Preco, UnidadeMedida, DataColeta, PostoCNPJ, CombustivelID) VALUES (6.590, 'R$ / litro', '2022-12-05', '01166046000148', (SELECT ID_Combustivel FROM COMBUSTIVEL WHERE Nome = 'DIESEL S10'));
INSERT INTO PRECO_COLETADO (Preco, UnidadeMedida, DataColeta, PostoCNPJ, CombustivelID) VALUES (6.590, 'R$ / litro', '2022-12-12', '01166046000148', (SELECT ID_Combustivel FROM COMBUSTIVEL WHERE Nome = 'DIESEL S10'));
INSERT INTO PRECO_COLETADO (Preco, UnidadeMedida, DataColeta, PostoCNPJ, CombustivelID) VALUES (6.290, 'R$ / litro', '2022-12-22', '01166046000148', (SELECT ID_Combustivel FROM COMBUSTIVEL WHERE Nome = 'DIESEL S10'));
INSERT INTO PRECO_COLETADO (Preco, UnidadeMedida, DataColeta, PostoCNPJ, CombustivelID) VALUES (6.290, 'R$ / litro', '2022-12-26', '01166046000148', (SELECT ID_Combustivel FROM COMBUSTIVEL WHERE Nome = 'DIESEL S10'));
INSERT INTO PRECO_COLETADO (Preco, UnidadeMedida, DataColeta, PostoCNPJ, CombustivelID) VALUES (6.150, 'R$ / litro', '2023-01-02', '01166046000148', (SELECT ID_Combustivel FROM COMBUSTIVEL WHERE Nome = 'DIESEL S10'));
INSERT INTO PRECO_COLETADO (Preco, UnidadeMedida, DataColeta, PostoCNPJ, CombustivelID) VALUES (6.150, 'R$ / litro', '2023-01-09', '01166046000148', (SELECT ID_Combustivel FROM COMBUSTIVEL WHERE Nome = 'DIESEL S10'));
INSERT INTO PRECO_COLETADO (Preco, UnidadeMedida, DataColeta, PostoCNPJ, CombustivelID) VALUES (6.150, 'R$ / litro', '2023-01-16', '01166046000148', (SELECT ID_Combustivel FROM COMBUSTIVEL WHERE Nome = 'DIESEL S10'));
INSERT INTO PRECO_COLETADO (Preco, UnidadeMedida, DataColeta, PostoCNPJ, CombustivelID) VALUES (6.150, 'R$ / litro', '2023-01-23', '01166046000148', (SELECT ID_Combustivel FROM COMBUSTIVEL WHERE Nome = 'DIESEL S10'));
INSERT INTO PRECO_COLETADO (Preco, UnidadeMedida, DataColeta, PostoCNPJ, CombustivelID) VALUES (6.150, 'R$ / litro', '2023-01-30', '01166046000148', (SELECT ID_Combustivel FROM COMBUSTIVEL WHERE Nome = 'DIESEL S10'));
INSERT INTO PRECO_COLETADO (Preco, UnidadeMedida, DataColeta, PostoCNPJ, CombustivelID) VALUES (5.970, 'R$ / litro', '2023-02-13', '01166046000148', (SELECT ID_Combustivel FROM COMBUSTIVEL WHERE Nome = 'DIESEL S10'));
INSERT INTO PRECO_COLETADO (Preco, UnidadeMedida, DataColeta, PostoCNPJ, CombustivelID) VALUES (5.970, 'R$ / litro', '2023-02-27', '01166046000148', (SELECT ID_Combustivel FROM COMBUSTIVEL WHERE Nome = 'DIESEL S10'));
INSERT INTO PRECO_COLETADO (Preco, UnidadeMedida, DataColeta, PostoCNPJ, CombustivelID) VALUES (5.970, 'R$ / litro', '2023-03-06', '01166046000148', (SELECT ID_Combustivel FROM COMBUSTIVEL WHERE Nome = 'DIESEL S10'));
INSERT INTO PRECO_COLETADO (Preco, UnidadeMedida, DataColeta, PostoCNPJ, CombustivelID) VALUES (5.970, 'R$ / litro', '2023-03-16', '01166046000148', (SELECT ID_Combustivel FROM COMBUSTIVEL WHERE Nome = 'DIESEL S10'));
INSERT INTO PRECO_COLETADO (Preco, UnidadeMedida, DataColeta, PostoCNPJ, CombustivelID) VALUES (5.590, 'R$ / litro', '2023-03-27', '01166046000148', (SELECT ID_Combustivel FROM COMBUSTIVEL WHERE Nome = 'DIESEL S10'));
INSERT INTO PRECO_COLETADO (Preco, UnidadeMedida, DataColeta, PostoCNPJ, CombustivelID) VALUES (5.590, 'R$ / litro', '2023-04-04', '01166046000148', (SELECT ID_Combustivel FROM COMBUSTIVEL WHERE Nome = 'DIESEL S10'));
INSERT INTO PRECO_COLETADO (Preco, UnidadeMedida, DataColeta, PostoCNPJ, CombustivelID) VALUES (5.590, 'R$ / litro', '2023-04-10', '01166046000148', (SELECT ID_Combustivel FROM COMBUSTIVEL WHERE Nome = 'DIESEL S10'));
INSERT INTO PRECO_COLETADO (Preco, UnidadeMedida, DataColeta, PostoCNPJ, CombustivelID) VALUES (5.590, 'R$ / litro', '2023-04-17', '01166046000148', (SELECT ID_Combustivel FROM COMBUSTIVEL WHERE Nome = 'DIESEL S10'));
INSERT INTO PRECO_COLETADO (Preco, UnidadeMedida, DataColeta, PostoCNPJ, CombustivelID) VALUES (5.590, 'R$ / litro', '2023-04-24', '01166046000148', (SELECT ID_Combustivel FROM COMBUSTIVEL WHERE Nome = 'DIESEL S10'));
INSERT INTO PRECO_COLETADO (Preco, UnidadeMedida, DataColeta, PostoCNPJ, CombustivelID) VALUES (5.590, 'R$ / litro', '2023-05-02', '01166046000148', (SELECT ID_Combustivel FROM COMBUSTIVEL WHERE Nome = 'DIESEL S10'));
INSERT INTO PRECO_COLETADO (Preco, UnidadeMedida, DataColeta, PostoCNPJ, CombustivelID) VALUES (5.590, 'R$ / litro', '2023-05-09', '01166046000148', (SELECT ID_Combustivel FROM COMBUSTIVEL WHERE Nome = 'DIESEL S10'));
INSERT INTO PRECO_COLETADO (Preco, UnidadeMedida, DataColeta, PostoCNPJ, CombustivelID) VALUES (5.590, 'R$ / litro', '2023-05-15', '01166046000148', (SELECT ID_Combustivel FROM COMBUSTIVEL WHERE Nome = 'DIESEL S10'));
INSERT INTO PRECO_COLETADO (Preco, UnidadeMedida, DataColeta, PostoCNPJ, CombustivelID) VALUES (5.190, 'R$ / litro', '2023-05-22', '01166046000148', (SELECT ID_Combustivel FROM COMBUSTIVEL WHERE Nome = 'DIESEL S10'));
INSERT INTO PRECO_COLETADO (Preco, UnidadeMedida, DataColeta, PostoCNPJ, CombustivelID) VALUES (5.190, 'R$ / litro', '2023-05-29', '01166046000148', (SELECT ID_Combustivel FROM COMBUSTIVEL WHERE Nome = 'DIESEL S10'));
INSERT INTO PRECO_COLETADO (Preco, UnidadeMedida, DataColeta, PostoCNPJ, CombustivelID) VALUES (5.190, 'R$ / litro', '2023-06-05', '01166046000148', (SELECT ID_Combustivel FROM COMBUSTIVEL WHERE Nome = 'DIESEL S10'));
INSERT INTO PRECO_COLETADO (Preco, UnidadeMedida, DataColeta, PostoCNPJ, CombustivelID) VALUES (5.090, 'R$ / litro', '2023-06-13', '01166046000148', (SELECT ID_Combustivel FROM COMBUSTIVEL WHERE Nome = 'DIESEL S10'));
INSERT INTO PRECO_COLETADO (Preco, UnidadeMedida, DataColeta, PostoCNPJ, CombustivelID) VALUES (5.090, 'R$ / litro', '2023-06-20', '01166046000148', (SELECT ID_Combustivel FROM COMBUSTIVEL WHERE Nome = 'DIESEL S10'));
INSERT INTO PRECO_COLETADO (Preco, UnidadeMedida, DataColeta, PostoCNPJ, CombustivelID) VALUES (5.090, 'R$ / litro', '2023-06-27', '01166046000148', (SELECT ID_Combustivel FROM COMBUSTIVEL WHERE Nome = 'DIESEL S10'));
INSERT INTO PRECO_COLETADO (Preco, UnidadeMedida, DataColeta, PostoCNPJ, CombustivelID) VALUES (5.090, 'R$ / litro', '2023-07-04', '01166046000148', (SELECT ID_Combustivel FROM COMBUSTIVEL WHERE Nome = 'DIESEL S10'));
INSERT INTO PRECO_COLETADO (Preco, UnidadeMedida, DataColeta, PostoCNPJ, CombustivelID) VALUES (5.090, 'R$ / litro', '2023-07-10', '01166046000148', (SELECT ID_Combustivel FROM COMBUSTIVEL WHERE Nome = 'DIESEL S10'));
INSERT INTO PRECO_COLETADO (Preco, UnidadeMedida, DataColeta, PostoCNPJ, CombustivelID) VALUES (5.090, 'R$ / litro', '2023-07-17', '01166046000148', (SELECT ID_Combustivel FROM COMBUSTIVEL WHERE Nome = 'DIESEL S10'));
INSERT INTO PRECO_COLETADO (Preco, UnidadeMedida, DataColeta, PostoCNPJ, CombustivelID) VALUES (5.090, 'R$ / litro', '2023-07-24', '01166046000148', (SELECT ID_Combustivel FROM COMBUSTIVEL WHERE Nome = 'DIESEL S10'));
INSERT INTO PRECO_COLETADO (Preco, UnidadeMedida, DataColeta, PostoCNPJ, CombustivelID) VALUES (5.090, 'R$ / litro', '2023-07-31', '01166046000148', (SELECT ID_Combustivel FROM COMBUSTIVEL WHERE Nome = 'DIESEL S10'));
INSERT INTO PRECO_COLETADO (Preco, UnidadeMedida, DataColeta, PostoCNPJ, CombustivelID) VALUES (5.090, 'R$ / litro', '2023-08-07', '01166046000148', (SELECT ID_Combustivel FROM COMBUSTIVEL WHERE Nome = 'DIESEL S10'));
INSERT INTO PRECO_COLETADO (Preco, UnidadeMedida, DataColeta, PostoCNPJ, CombustivelID) VALUES (5.090, 'R$ / litro', '2023-08-15', '01166046000148', (SELECT ID_Combustivel FROM COMBUSTIVEL WHERE Nome = 'DIESEL S10'));
INSERT INTO PRECO_COLETADO (Preco, UnidadeMedida, DataColeta, PostoCNPJ, CombustivelID) VALUES (5.990, 'R$ / litro', '2023-08-21', '01166046000148', (SELECT ID_Combustivel FROM COMBUSTIVEL WHERE Nome = 'DIESEL S10'));
INSERT INTO PRECO_COLETADO (Preco, UnidadeMedida, DataColeta, PostoCNPJ, CombustivelID) VALUES (5.990, 'R$ / litro', '2023-08-30', '01166046000148', (SELECT ID_Combustivel FROM COMBUSTIVEL WHERE Nome = 'DIESEL S10'));
INSERT INTO PRECO_COLETADO (Preco, UnidadeMedida, DataColeta, PostoCNPJ, CombustivelID) VALUES (6.290, 'R$ / litro', '2023-09-07', '01166046000148', (SELECT ID_Combustivel FROM COMBUSTIVEL WHERE Nome = 'DIESEL S10'));
INSERT INTO PRECO_COLETADO (Preco, UnidadeMedida, DataColeta, PostoCNPJ, CombustivelID) VALUES (6.290, 'R$ / litro', '2023-09-12', '01166046000148', (SELECT ID_Combustivel FROM COMBUSTIVEL WHERE Nome = 'DIESEL S10'));
INSERT INTO PRECO_COLETADO (Preco, UnidadeMedida, DataColeta, PostoCNPJ, CombustivelID) VALUES (6.290, 'R$ / litro', '2023-09-19', '01166046000148', (SELECT ID_Combustivel FROM COMBUSTIVEL WHERE Nome = 'DIESEL S10'));
INSERT INTO PRECO_COLETADO (Preco, UnidadeMedida, DataColeta, PostoCNPJ, CombustivelID) VALUES (6.290, 'R$ / litro', '2023-09-26', '01166046000148', (SELECT ID_Combustivel FROM COMBUSTIVEL WHERE Nome = 'DIESEL S10'));
INSERT INTO PRECO_COLETADO (Preco, UnidadeMedida, DataColeta, PostoCNPJ, CombustivelID) VALUES (6.290, 'R$ / litro', '2023-10-03', '01166046000148', (SELECT ID_Combustivel FROM COMBUSTIVEL WHERE Nome = 'DIESEL S10'));
INSERT INTO PRECO_COLETADO (Preco, UnidadeMedida, DataColeta, PostoCNPJ, CombustivelID) VALUES (6.290, 'R$ / litro', '2023-10-10', '01166046000148', (SELECT ID_Combustivel FROM COMBUSTIVEL WHERE Nome = 'DIESEL S10'));
INSERT INTO PRECO_COLETADO (Preco, UnidadeMedida, DataColeta, PostoCNPJ, CombustivelID) VALUES (6.290, 'R$ / litro', '2023-10-16', '01166046000148', (SELECT ID_Combustivel FROM COMBUSTIVEL WHERE Nome = 'DIESEL S10'));
INSERT INTO PRECO_COLETADO (Preco, UnidadeMedida, DataColeta, PostoCNPJ, CombustivelID) VALUES (6.290, 'R$ / litro', '2023-10-24', '01166046000148', (SELECT ID_Combustivel FROM COMBUSTIVEL WHERE Nome = 'DIESEL S10'));
INSERT INTO PRECO_COLETADO (Preco, UnidadeMedida, DataColeta, PostoCNPJ, CombustivelID) VALUES (6.290, 'R$ / litro', '2023-10-31', '01166046000148', (SELECT ID_Combustivel FROM COMBUSTIVEL WHERE Nome = 'DIESEL S10'));
INSERT INTO PRECO_COLETADO (Preco, UnidadeMedida, DataColeta, PostoCNPJ, CombustivelID) VALUES (6.090, 'R$ / litro', '2023-11-07', '01166046000148', (SELECT ID_Combustivel FROM COMBUSTIVEL WHERE Nome = 'DIESEL S10'));
INSERT INTO PRECO_COLETADO (Preco, UnidadeMedida, DataColeta, PostoCNPJ, CombustivelID) VALUES (6.090, 'R$ / litro', '2023-11-14', '01166046000148', (SELECT ID_Combustivel FROM COMBUSTIVEL WHERE Nome = 'DIESEL S10'));
INSERT INTO PRECO_COLETADO (Preco, UnidadeMedida, DataColeta, PostoCNPJ, CombustivelID) VALUES (6.090, 'R$ / litro', '2023-11-21', '01166046000148', (SELECT ID_Combustivel FROM COMBUSTIVEL WHERE Nome = 'DIESEL S10'));
INSERT INTO PRECO_COLETADO (Preco, UnidadeMedida, DataColeta, PostoCNPJ, CombustivelID) VALUES (6.090, 'R$ / litro', '2023-11-28', '01166046000148', (SELECT ID_Combustivel FROM COMBUSTIVEL WHERE Nome = 'DIESEL S10'));
INSERT INTO PRECO_COLETADO (Preco, UnidadeMedida, DataColeta, PostoCNPJ, CombustivelID) VALUES (6.090, 'R$ / litro', '2023-12-06', '01166046000148', (SELECT ID_Combustivel FROM COMBUSTIVEL WHERE Nome = 'DIESEL S10'));
INSERT INTO PRECO_COLETADO (Preco, UnidadeMedida, DataColeta, PostoCNPJ, CombustivelID) VALUES (6.090, 'R$ / litro', '2023-12-13', '01166046000148', (SELECT ID_Combustivel FROM COMBUSTIVEL WHERE Nome = 'DIESEL S10'));
INSERT INTO PRECO_COLETADO (Preco, UnidadeMedida, DataColeta, PostoCNPJ, CombustivelID) VALUES (5.890, 'R$ / litro', '2023-12-26', '01166046000148', (SELECT ID_Combustivel FROM COMBUSTIVEL WHERE Nome = 'DIESEL S10'));
INSERT INTO PRECO_COLETADO (Preco, UnidadeMedida, DataColeta, PostoCNPJ, CombustivelID) VALUES (5.890, 'R$ / litro', '2024-01-03', '01166046000148', (SELECT ID_Combustivel FROM COMBUSTIVEL WHERE Nome = 'DIESEL S10'));
INSERT INTO PRECO_COLETADO (Preco, UnidadeMedida, DataColeta, PostoCNPJ, CombustivelID) VALUES (5.890, 'R$ / litro', '2024-01-08', '01166046000148', (SELECT ID_Combustivel FROM COMBUSTIVEL WHERE Nome = 'DIESEL S10'));
INSERT INTO PRECO_COLETADO (Preco, UnidadeMedida, DataColeta, PostoCNPJ, CombustivelID) VALUES (5.890, 'R$ / litro', '2024-01-15', '01166046000148', (SELECT ID_Combustivel FROM COMBUSTIVEL WHERE Nome = 'DIESEL S10'));
INSERT INTO PRECO_COLETADO (Preco, UnidadeMedida, DataColeta, PostoCNPJ, CombustivelID) VALUES (5.890, 'R$ / litro', '2024-01-22', '01166046000148', (SELECT ID_Combustivel FROM COMBUSTIVEL WHERE Nome = 'DIESEL S10'));
INSERT INTO PRECO_COLETADO (Preco, UnidadeMedida, DataColeta, PostoCNPJ, CombustivelID) VALUES (5.890, 'R$ / litro', '2024-01-29', '01166046000148', (SELECT ID_Combustivel FROM COMBUSTIVEL WHERE Nome = 'DIESEL S10'));
INSERT INTO PRECO_COLETADO (Preco, UnidadeMedida, DataColeta, PostoCNPJ, CombustivelID) VALUES (6.190, 'R$ / litro', '2024-02-05', '01166046000148', (SELECT ID_Combustivel FROM COMBUSTIVEL WHERE Nome = 'DIESEL S10'));
INSERT INTO PRECO_COLETADO (Preco, UnidadeMedida, DataColeta, PostoCNPJ, CombustivelID) VALUES (5.990, 'R$ / litro', '2024-02-12', '01166046000148', (SELECT ID_Combustivel FROM COMBUSTIVEL WHERE Nome = 'DIESEL S10'));
INSERT INTO PRECO_COLETADO (Preco, UnidadeMedida, DataColeta, PostoCNPJ, CombustivelID) VALUES (5.990, 'R$ / litro', '2024-02-19', '01166046000148', (SELECT ID_Combustivel FROM COMBUSTIVEL WHERE Nome = 'DIESEL S10'));
INSERT INTO PRECO_COLETADO (Preco, UnidadeMedida, DataColeta, PostoCNPJ, CombustivelID) VALUES (5.990, 'R$ / litro', '2024-02-26', '01166046000148', (SELECT ID_Combustivel FROM COMBUSTIVEL WHERE Nome = 'DIESEL S10'));
INSERT INTO PRECO_COLETADO (Preco, UnidadeMedida, DataColeta, PostoCNPJ, CombustivelID) VALUES (5.990, 'R$ / litro', '2024-03-04', '01166046000148', (SELECT ID_Combustivel FROM COMBUSTIVEL WHERE Nome = 'DIESEL S10'));
INSERT INTO PRECO_COLETADO (Preco, UnidadeMedida, DataColeta, PostoCNPJ, CombustivelID) VALUES (5.990, 'R$ / litro', '2024-03-11', '01166046000148', (SELECT ID_Combustivel FROM COMBUSTIVEL WHERE Nome = 'DIESEL S10'));
INSERT INTO PRECO_COLETADO (Preco, UnidadeMedida, DataColeta, PostoCNPJ, CombustivelID) VALUES (5.990, 'R$ / litro', '2024-03-18', '01166046000148', (SELECT ID_Combustivel FROM COMBUSTIVEL WHERE Nome = 'DIESEL S10'));
INSERT INTO PRECO_COLETADO (Preco, UnidadeMedida, DataColeta, PostoCNPJ, CombustivelID) VALUES (5.990, 'R$ / litro', '2024-03-25', '01166046000148', (SELECT ID_Combustivel FROM COMBUSTIVEL WHERE Nome = 'DIESEL S10'));
INSERT INTO PRECO_COLETADO (Preco, UnidadeMedida, DataColeta, PostoCNPJ, CombustivelID) VALUES (5.980, 'R$ / litro', '2024-04-01', '01166046000148', (SELECT ID_Combustivel FROM COMBUSTIVEL WHERE Nome = 'DIESEL S10'));
INSERT INTO PRECO_COLETADO (Preco, UnidadeMedida, DataColeta, PostoCNPJ, CombustivelID) VALUES (5.980, 'R$ / litro', '2024-04-08', '01166046000148', (SELECT ID_Combustivel FROM COMBUSTIVEL WHERE Nome = 'DIESEL S10'));
INSERT INTO PRECO_COLETADO (Preco, UnidadeMedida, DataColeta, PostoCNPJ, CombustivelID) VALUES (5.980, 'R$ / litro', '2024-04-15', '01166046000148', (SELECT ID_Combustivel FROM COMBUSTIVEL WHERE Nome = 'DIESEL S10'));
INSERT INTO PRECO_COLETADO (Preco, UnidadeMedida, DataColeta, PostoCNPJ, CombustivelID) VALUES (5.980, 'R$ / litro', '2024-04-29', '01166046000148', (SELECT ID_Combustivel FROM COMBUSTIVEL WHERE Nome = 'DIESEL S10'));
INSERT INTO PRECO_COLETADO (Preco, UnidadeMedida, DataColeta, PostoCNPJ, CombustivelID) VALUES (5.990, 'R$ / litro', '2024-05-06', '01166046000148', (SELECT ID_Combustivel FROM COMBUSTIVEL WHERE Nome = 'DIESEL S10'));
INSERT INTO PRECO_COLETADO (Preco, UnidadeMedida, DataColeta, PostoCNPJ, CombustivelID) VALUES (5.990, 'R$ / litro', '2024-05-20', '01166046000148', (SELECT ID_Combustivel FROM COMBUSTIVEL WHERE Nome = 'DIESEL S10'));
INSERT INTO PRECO_COLETADO (Preco, UnidadeMedida, DataColeta, PostoCNPJ, CombustivelID) VALUES (5.990, 'R$ / litro', '2024-05-27', '01166046000148', (SELECT ID_Combustivel FROM COMBUSTIVEL WHERE Nome = 'DIESEL S10'));
INSERT INTO PRECO_COLETADO (Preco, UnidadeMedida, DataColeta, PostoCNPJ, CombustivelID) VALUES (5.990, 'R$ / litro', '2024-06-17', '01166046000148', (SELECT ID_Combustivel FROM COMBUSTIVEL WHERE Nome = 'DIESEL S10'));
INSERT INTO PRECO_COLETADO (Preco, UnidadeMedida, DataColeta, PostoCNPJ, CombustivelID) VALUES (5.990, 'R$ / litro', '2024-06-24', '01166046000148', (SELECT ID_Combustivel FROM COMBUSTIVEL WHERE Nome = 'DIESEL S10'));
INSERT INTO PRECO_COLETADO (Preco, UnidadeMedida, DataColeta, PostoCNPJ, CombustivelID) VALUES (5.990, 'R$ / litro', '2024-07-01', '01166046000148', (SELECT ID_Combustivel FROM COMBUSTIVEL WHERE Nome = 'DIESEL S10'));
INSERT INTO PRECO_COLETADO (Preco, UnidadeMedida, DataColeta, PostoCNPJ, CombustivelID) VALUES (5.990, 'R$ / litro', '2024-07-09', '01166046000148', (SELECT ID_Combustivel FROM COMBUSTIVEL WHERE Nome = 'DIESEL S10'));
INSERT INTO PRECO_COLETADO (Preco, UnidadeMedida, DataColeta, PostoCNPJ, CombustivelID) VALUES (5.990, 'R$ / litro', '2024-07-16', '01166046000148', (SELECT ID_Combustivel FROM COMBUSTIVEL WHERE Nome = 'DIESEL S10'));
INSERT INTO PRECO_COLETADO (Preco, UnidadeMedida, DataColeta, PostoCNPJ, CombustivelID) VALUES (5.990, 'R$ / litro', '2024-07-22', '01166046000148', (SELECT ID_Combustivel FROM COMBUSTIVEL WHERE Nome = 'DIESEL S10'));
INSERT INTO PRECO_COLETADO (Preco, UnidadeMedida, DataColeta, PostoCNPJ, CombustivelID) VALUES (5.990, 'R$ / litro', '2024-07-29', '01166046000148', (SELECT ID_Combustivel FROM COMBUSTIVEL WHERE Nome = 'DIESEL S10'));
INSERT INTO PRECO_COLETADO (Preco, UnidadeMedida, DataColeta, PostoCNPJ, CombustivelID) VALUES (5.990, 'R$ / litro', '2024-08-05', '01166046000148', (SELECT ID_Combustivel FROM COMBUSTIVEL WHERE Nome = 'DIESEL S10'));
INSERT INTO PRECO_COLETADO (Preco, UnidadeMedida, DataColeta, PostoCNPJ, CombustivelID) VALUES (5.990, 'R$ / litro', '2024-08-14', '01166046000148', (SELECT ID_Combustivel FROM COMBUSTIVEL WHERE Nome = 'DIESEL S10'));
INSERT INTO PRECO_COLETADO (Preco, UnidadeMedida, DataColeta, PostoCNPJ, CombustivelID) VALUES (5.990, 'R$ / litro', '2024-08-20', '01166046000148', (SELECT ID_Combustivel FROM COMBUSTIVEL WHERE Nome = 'DIESEL S10'));
INSERT INTO PRECO_COLETADO (Preco, UnidadeMedida, DataColeta, PostoCNPJ, CombustivelID) VALUES (5.990, 'R$ / litro', '2024-08-26', '01166046000148', (SELECT ID_Combustivel FROM COMBUSTIVEL WHERE Nome = 'DIESEL S10'));
INSERT INTO PRECO_COLETADO (Preco, UnidadeMedida, DataColeta, PostoCNPJ, CombustivelID) VALUES (5.990, 'R$ / litro', '2024-09-02', '01166046000148', (SELECT ID_Combustivel FROM COMBUSTIVEL WHERE Nome = 'DIESEL S10'));
INSERT INTO PRECO_COLETADO (Preco, UnidadeMedida, DataColeta, PostoCNPJ, CombustivelID) VALUES (4.990, 'R$ / litro', '2022-10-24', '01166046000148', (SELECT ID_Combustivel FROM COMBUSTIVEL WHERE Nome = 'GASOLINA ADITIVADA'));
INSERT INTO PRECO_COLETADO (Preco, UnidadeMedida, DataColeta, PostoCNPJ, CombustivelID) VALUES (4.990, 'R$ / litro', '2022-10-31', '01166046000148', (SELECT ID_Combustivel FROM COMBUSTIVEL WHERE Nome = 'GASOLINA ADITIVADA'));
INSERT INTO PRECO_COLETADO (Preco, UnidadeMedida, DataColeta, PostoCNPJ, CombustivelID) VALUES (5.290, 'R$ / litro', '2022-11-14', '01166046000148', (SELECT ID_Combustivel FROM COMBUSTIVEL WHERE Nome = 'GASOLINA ADITIVADA'));
INSERT INTO PRECO_COLETADO (Preco, UnidadeMedida, DataColeta, PostoCNPJ, CombustivelID) VALUES (5.290, 'R$ / litro', '2022-11-22', '01166046000148', (SELECT ID_Combustivel FROM COMBUSTIVEL WHERE Nome = 'GASOLINA ADITIVADA'));
INSERT INTO PRECO_COLETADO (Preco, UnidadeMedida, DataColeta, PostoCNPJ, CombustivelID) VALUES (5.290, 'R$ / litro', '2022-12-05', '01166046000148', (SELECT ID_Combustivel FROM COMBUSTIVEL WHERE Nome = 'GASOLINA ADITIVADA'));
INSERT INTO PRECO_COLETADO (Preco, UnidadeMedida, DataColeta, PostoCNPJ, CombustivelID) VALUES (5.190, 'R$ / litro', '2022-12-12', '01166046000148', (SELECT ID_Combustivel FROM COMBUSTIVEL WHERE Nome = 'GASOLINA ADITIVADA'));
INSERT INTO PRECO_COLETADO (Preco, UnidadeMedida, DataColeta, PostoCNPJ, CombustivelID) VALUES (5.090, 'R$ / litro', '2022-12-22', '01166046000148', (SELECT ID_Combustivel FROM COMBUSTIVEL WHERE Nome = 'GASOLINA ADITIVADA'));
INSERT INTO PRECO_COLETADO (Preco, UnidadeMedida, DataColeta, PostoCNPJ, CombustivelID) VALUES (5.090, 'R$ / litro', '2022-12-26', '01166046000148', (SELECT ID_Combustivel FROM COMBUSTIVEL WHERE Nome = 'GASOLINA ADITIVADA'));
INSERT INTO PRECO_COLETADO (Preco, UnidadeMedida, DataColeta, PostoCNPJ, CombustivelID) VALUES (5.340, 'R$ / litro', '2023-01-02', '01166046000148', (SELECT ID_Combustivel FROM COMBUSTIVEL WHERE Nome = 'GASOLINA ADITIVADA'));
INSERT INTO PRECO_COLETADO (Preco, UnidadeMedida, DataColeta, PostoCNPJ, CombustivelID) VALUES (5.150, 'R$ / litro', '2023-01-09', '01166046000148', (SELECT ID_Combustivel FROM COMBUSTIVEL WHERE Nome = 'GASOLINA ADITIVADA'));
INSERT INTO PRECO_COLETADO (Preco, UnidadeMedida, DataColeta, PostoCNPJ, CombustivelID) VALUES (5.150, 'R$ / litro', '2023-01-16', '01166046000148', (SELECT ID_Combustivel FROM COMBUSTIVEL WHERE Nome = 'GASOLINA ADITIVADA'));
INSERT INTO PRECO_COLETADO (Preco, UnidadeMedida, DataColeta, PostoCNPJ, CombustivelID) VALUES (5.090, 'R$ / litro', '2023-01-23', '01166046000148', (SELECT ID_Combustivel FROM COMBUSTIVEL WHERE Nome = 'GASOLINA ADITIVADA'));
INSERT INTO PRECO_COLETADO (Preco, UnidadeMedida, DataColeta, PostoCNPJ, CombustivelID) VALUES (5.390, 'R$ / litro', '2023-01-30', '01166046000148', (SELECT ID_Combustivel FROM COMBUSTIVEL WHERE Nome = 'GASOLINA ADITIVADA'));
INSERT INTO PRECO_COLETADO (Preco, UnidadeMedida, DataColeta, PostoCNPJ, CombustivelID) VALUES (5.390, 'R$ / litro', '2023-02-06', '01166046000148', (SELECT ID_Combustivel FROM COMBUSTIVEL WHERE Nome = 'GASOLINA ADITIVADA'));
INSERT INTO PRECO_COLETADO (Preco, UnidadeMedida, DataColeta, PostoCNPJ, CombustivelID) VALUES (5.260, 'R$ / litro', '2023-02-13', '01166046000148', (SELECT ID_Combustivel FROM COMBUSTIVEL WHERE Nome = 'GASOLINA ADITIVADA'));
INSERT INTO PRECO_COLETADO (Preco, UnidadeMedida, DataColeta, PostoCNPJ, CombustivelID) VALUES (5.340, 'R$ / litro', '2023-02-27', '01166046000148', (SELECT ID_Combustivel FROM COMBUSTIVEL WHERE Nome = 'GASOLINA ADITIVADA'));
INSERT INTO PRECO_COLETADO (Preco, UnidadeMedida, DataColeta, PostoCNPJ, CombustivelID) VALUES (5.890, 'R$ / litro', '2023-03-06', '01166046000148', (SELECT ID_Combustivel FROM COMBUSTIVEL WHERE Nome = 'GASOLINA ADITIVADA'));
INSERT INTO PRECO_COLETADO (Preco, UnidadeMedida, DataColeta, PostoCNPJ, CombustivelID) VALUES (5.890, 'R$ / litro', '2023-03-16', '01166046000148', (SELECT ID_Combustivel FROM COMBUSTIVEL WHERE Nome = 'GASOLINA ADITIVADA'));
INSERT INTO PRECO_COLETADO (Preco, UnidadeMedida, DataColeta, PostoCNPJ, CombustivelID) VALUES (5.790, 'R$ / litro', '2023-03-27', '01166046000148', (SELECT ID_Combustivel FROM COMBUSTIVEL WHERE Nome = 'GASOLINA ADITIVADA'));
INSERT INTO PRECO_COLETADO (Preco, UnidadeMedida, DataColeta, PostoCNPJ, CombustivelID) VALUES (5.590, 'R$ / litro', '2023-04-04', '01166046000148', (SELECT ID_Combustivel FROM COMBUSTIVEL WHERE Nome = 'GASOLINA ADITIVADA'));
INSERT INTO PRECO_COLETADO (Preco, UnidadeMedida, DataColeta, PostoCNPJ, CombustivelID) VALUES (5.690, 'R$ / litro', '2023-04-10', '01166046000148', (SELECT ID_Combustivel FROM COMBUSTIVEL WHERE Nome = 'GASOLINA ADITIVADA'));
INSERT INTO PRECO_COLETADO (Preco, UnidadeMedida, DataColeta, PostoCNPJ, CombustivelID) VALUES (5.690, 'R$ / litro', '2023-04-17', '01166046000148', (SELECT ID_Combustivel FROM COMBUSTIVEL WHERE Nome = 'GASOLINA ADITIVADA'));
INSERT INTO PRECO_COLETADO (Preco, UnidadeMedida, DataColeta, PostoCNPJ, CombustivelID) VALUES (5.590, 'R$ / litro', '2023-04-24', '01166046000148', (SELECT ID_Combustivel FROM COMBUSTIVEL WHERE Nome = 'GASOLINA ADITIVADA'));
INSERT INTO PRECO_COLETADO (Preco, UnidadeMedida, DataColeta, PostoCNPJ, CombustivelID) VALUES (5.690, 'R$ / litro', '2023-05-02', '01166046000148', (SELECT ID_Combustivel FROM COMBUSTIVEL WHERE Nome = 'GASOLINA ADITIVADA'));
INSERT INTO PRECO_COLETADO (Preco, UnidadeMedida, DataColeta, PostoCNPJ, CombustivelID) VALUES (5.690, 'R$ / litro', '2023-05-09', '01166046000148', (SELECT ID_Combustivel FROM COMBUSTIVEL WHERE Nome = 'GASOLINA ADITIVADA'));
INSERT INTO PRECO_COLETADO (Preco, UnidadeMedida, DataColeta, PostoCNPJ, CombustivelID) VALUES (5.690, 'R$ / litro', '2023-05-15', '01166046000148', (SELECT ID_Combustivel FROM COMBUSTIVEL WHERE Nome = 'GASOLINA ADITIVADA'));
INSERT INTO PRECO_COLETADO (Preco, UnidadeMedida, DataColeta, PostoCNPJ, CombustivelID) VALUES (5.490, 'R$ / litro', '2023-05-22', '01166046000148', (SELECT ID_Combustivel FROM COMBUSTIVEL WHERE Nome = 'GASOLINA ADITIVADA'));
INSERT INTO PRECO_COLETADO (Preco, UnidadeMedida, DataColeta, PostoCNPJ, CombustivelID) VALUES (5.430, 'R$ / litro', '2023-05-29', '01166046000148', (SELECT ID_Combustivel FROM COMBUSTIVEL WHERE Nome = 'GASOLINA ADITIVADA'));
INSERT INTO PRECO_COLETADO (Preco, UnidadeMedida, DataColeta, PostoCNPJ, CombustivelID) VALUES (5.790, 'R$ / litro', '2023-06-05', '01166046000148', (SELECT ID_Combustivel FROM COMBUSTIVEL WHERE Nome = 'GASOLINA ADITIVADA'));
INSERT INTO PRECO_COLETADO (Preco, UnidadeMedida, DataColeta, PostoCNPJ, CombustivelID) VALUES (5.690, 'R$ / litro', '2023-06-13', '01166046000148', (SELECT ID_Combustivel FROM COMBUSTIVEL WHERE Nome = 'GASOLINA ADITIVADA'));
INSERT INTO PRECO_COLETADO (Preco, UnidadeMedida, DataColeta, PostoCNPJ, CombustivelID) VALUES (5.590, 'R$ / litro', '2023-06-20', '01166046000148', (SELECT ID_Combustivel FROM COMBUSTIVEL WHERE Nome = 'GASOLINA ADITIVADA'));
INSERT INTO PRECO_COLETADO (Preco, UnidadeMedida, DataColeta, PostoCNPJ, CombustivelID) VALUES (5.540, 'R$ / litro', '2023-06-27', '01166046000148', (SELECT ID_Combustivel FROM COMBUSTIVEL WHERE Nome = 'GASOLINA ADITIVADA'));
INSERT INTO PRECO_COLETADO (Preco, UnidadeMedida, DataColeta, PostoCNPJ, CombustivelID) VALUES (6.090, 'R$ / litro', '2023-07-04', '01166046000148', (SELECT ID_Combustivel FROM COMBUSTIVEL WHERE Nome = 'GASOLINA ADITIVADA'));
INSERT INTO PRECO_COLETADO (Preco, UnidadeMedida, DataColeta, PostoCNPJ, CombustivelID) VALUES (6.090, 'R$ / litro', '2023-07-10', '01166046000148', (SELECT ID_Combustivel FROM COMBUSTIVEL WHERE Nome = 'GASOLINA ADITIVADA'));
INSERT INTO PRECO_COLETADO (Preco, UnidadeMedida, DataColeta, PostoCNPJ, CombustivelID) VALUES (5.990, 'R$ / litro', '2023-07-17', '01166046000148', (SELECT ID_Combustivel FROM COMBUSTIVEL WHERE Nome = 'GASOLINA ADITIVADA'));
INSERT INTO PRECO_COLETADO (Preco, UnidadeMedida, DataColeta, PostoCNPJ, CombustivelID) VALUES (5.690, 'R$ / litro', '2023-07-24', '01166046000148', (SELECT ID_Combustivel FROM COMBUSTIVEL WHERE Nome = 'GASOLINA ADITIVADA'));
INSERT INTO PRECO_COLETADO (Preco, UnidadeMedida, DataColeta, PostoCNPJ, CombustivelID) VALUES (5.690, 'R$ / litro', '2023-07-31', '01166046000148', (SELECT ID_Combustivel FROM COMBUSTIVEL WHERE Nome = 'GASOLINA ADITIVADA'));
INSERT INTO PRECO_COLETADO (Preco, UnidadeMedida, DataColeta, PostoCNPJ, CombustivelID) VALUES (5.690, 'R$ / litro', '2023-08-07', '01166046000148', (SELECT ID_Combustivel FROM COMBUSTIVEL WHERE Nome = 'GASOLINA ADITIVADA'));
INSERT INTO PRECO_COLETADO (Preco, UnidadeMedida, DataColeta, PostoCNPJ, CombustivelID) VALUES (5.540, 'R$ / litro', '2023-08-15', '01166046000148', (SELECT ID_Combustivel FROM COMBUSTIVEL WHERE Nome = 'GASOLINA ADITIVADA'));
INSERT INTO PRECO_COLETADO (Preco, UnidadeMedida, DataColeta, PostoCNPJ, CombustivelID) VALUES (6.240, 'R$ / litro', '2023-08-21', '01166046000148', (SELECT ID_Combustivel FROM COMBUSTIVEL WHERE Nome = 'GASOLINA ADITIVADA'));
INSERT INTO PRECO_COLETADO (Preco, UnidadeMedida, DataColeta, PostoCNPJ, CombustivelID) VALUES (5.940, 'R$ / litro', '2023-08-30', '01166046000148', (SELECT ID_Combustivel FROM COMBUSTIVEL WHERE Nome = 'GASOLINA ADITIVADA'));
INSERT INTO PRECO_COLETADO (Preco, UnidadeMedida, DataColeta, PostoCNPJ, CombustivelID) VALUES (5.890, 'R$ / litro', '2023-09-07', '01166046000148', (SELECT ID_Combustivel FROM COMBUSTIVEL WHERE Nome = 'GASOLINA ADITIVADA'));
INSERT INTO PRECO_COLETADO (Preco, UnidadeMedida, DataColeta, PostoCNPJ, CombustivelID) VALUES (5.890, 'R$ / litro', '2023-09-12', '01166046000148', (SELECT ID_Combustivel FROM COMBUSTIVEL WHERE Nome = 'GASOLINA ADITIVADA'));
INSERT INTO PRECO_COLETADO (Preco, UnidadeMedida, DataColeta, PostoCNPJ, CombustivelID) VALUES (5.790, 'R$ / litro', '2023-09-19', '01166046000148', (SELECT ID_Combustivel FROM COMBUSTIVEL WHERE Nome = 'GASOLINA ADITIVADA'));
INSERT INTO PRECO_COLETADO (Preco, UnidadeMedida, DataColeta, PostoCNPJ, CombustivelID) VALUES (5.790, 'R$ / litro', '2023-09-26', '01166046000148', (SELECT ID_Combustivel FROM COMBUSTIVEL WHERE Nome = 'GASOLINA ADITIVADA'));
INSERT INTO PRECO_COLETADO (Preco, UnidadeMedida, DataColeta, PostoCNPJ, CombustivelID) VALUES (5.990, 'R$ / litro', '2023-10-03', '01166046000148', (SELECT ID_Combustivel FROM COMBUSTIVEL WHERE Nome = 'GASOLINA ADITIVADA'));
INSERT INTO PRECO_COLETADO (Preco, UnidadeMedida, DataColeta, PostoCNPJ, CombustivelID) VALUES (5.940, 'R$ / litro', '2023-10-10', '01166046000148', (SELECT ID_Combustivel FROM COMBUSTIVEL WHERE Nome = 'GASOLINA ADITIVADA'));
INSERT INTO PRECO_COLETADO (Preco, UnidadeMedida, DataColeta, PostoCNPJ, CombustivelID) VALUES (5.940, 'R$ / litro', '2023-10-16', '01166046000148', (SELECT ID_Combustivel FROM COMBUSTIVEL WHERE Nome = 'GASOLINA ADITIVADA'));
INSERT INTO PRECO_COLETADO (Preco, UnidadeMedida, DataColeta, PostoCNPJ, CombustivelID) VALUES (5.790, 'R$ / litro', '2023-10-24', '01166046000148', (SELECT ID_Combustivel FROM COMBUSTIVEL WHERE Nome = 'GASOLINA ADITIVADA'));
INSERT INTO PRECO_COLETADO (Preco, UnidadeMedida, DataColeta, PostoCNPJ, CombustivelID) VALUES (5.790, 'R$ / litro', '2023-10-31', '01166046000148', (SELECT ID_Combustivel FROM COMBUSTIVEL WHERE Nome = 'GASOLINA ADITIVADA'));
INSERT INTO PRECO_COLETADO (Preco, UnidadeMedida, DataColeta, PostoCNPJ, CombustivelID) VALUES (5.790, 'R$ / litro', '2023-11-07', '01166046000148', (SELECT ID_Combustivel FROM COMBUSTIVEL WHERE Nome = 'GASOLINA ADITIVADA'));
INSERT INTO PRECO_COLETADO (Preco, UnidadeMedida, DataColeta, PostoCNPJ, CombustivelID) VALUES (5.690, 'R$ / litro', '2023-11-14', '01166046000148', (SELECT ID_Combustivel FROM COMBUSTIVEL WHERE Nome = 'GASOLINA ADITIVADA'));
INSERT INTO PRECO_COLETADO (Preco, UnidadeMedida, DataColeta, PostoCNPJ, CombustivelID) VALUES (5.690, 'R$ / litro', '2023-11-21', '01166046000148', (SELECT ID_Combustivel FROM COMBUSTIVEL WHERE Nome = 'GASOLINA ADITIVADA'));
INSERT INTO PRECO_COLETADO (Preco, UnidadeMedida, DataColeta, PostoCNPJ, CombustivelID) VALUES (5.990, 'R$ / litro', '2023-11-28', '01166046000148', (SELECT ID_Combustivel FROM COMBUSTIVEL WHERE Nome = 'GASOLINA ADITIVADA'));
INSERT INTO PRECO_COLETADO (Preco, UnidadeMedida, DataColeta, PostoCNPJ, CombustivelID) VALUES (5.790, 'R$ / litro', '2023-12-06', '01166046000148', (SELECT ID_Combustivel FROM COMBUSTIVEL WHERE Nome = 'GASOLINA ADITIVADA'));
INSERT INTO PRECO_COLETADO (Preco, UnidadeMedida, DataColeta, PostoCNPJ, CombustivelID) VALUES (5.790, 'R$ / litro', '2023-12-13', '01166046000148', (SELECT ID_Combustivel FROM COMBUSTIVEL WHERE Nome = 'GASOLINA ADITIVADA'));
INSERT INTO PRECO_COLETADO (Preco, UnidadeMedida, DataColeta, PostoCNPJ, CombustivelID) VALUES (5.690, 'R$ / litro', '2023-12-26', '01166046000148', (SELECT ID_Combustivel FROM COMBUSTIVEL WHERE Nome = 'GASOLINA ADITIVADA'));
INSERT INTO PRECO_COLETADO (Preco, UnidadeMedida, DataColeta, PostoCNPJ, CombustivelID) VALUES (5.690, 'R$ / litro', '2024-01-03', '01166046000148', (SELECT ID_Combustivel FROM COMBUSTIVEL WHERE Nome = 'GASOLINA ADITIVADA'));
INSERT INTO PRECO_COLETADO (Preco, UnidadeMedida, DataColeta, PostoCNPJ, CombustivelID) VALUES (5.690, 'R$ / litro', '2024-01-08', '01166046000148', (SELECT ID_Combustivel FROM COMBUSTIVEL WHERE Nome = 'GASOLINA ADITIVADA'));
INSERT INTO PRECO_COLETADO (Preco, UnidadeMedida, DataColeta, PostoCNPJ, CombustivelID) VALUES (5.590, 'R$ / litro', '2024-01-15', '01166046000148', (SELECT ID_Combustivel FROM COMBUSTIVEL WHERE Nome = 'GASOLINA ADITIVADA'));
INSERT INTO PRECO_COLETADO (Preco, UnidadeMedida, DataColeta, PostoCNPJ, CombustivelID) VALUES (5.590, 'R$ / litro', '2024-01-22', '01166046000148', (SELECT ID_Combustivel FROM COMBUSTIVEL WHERE Nome = 'GASOLINA ADITIVADA'));
INSERT INTO PRECO_COLETADO (Preco, UnidadeMedida, DataColeta, PostoCNPJ, CombustivelID) VALUES (5.590, 'R$ / litro', '2024-01-29', '01166046000148', (SELECT ID_Combustivel FROM COMBUSTIVEL WHERE Nome = 'GASOLINA ADITIVADA'));
INSERT INTO PRECO_COLETADO (Preco, UnidadeMedida, DataColeta, PostoCNPJ, CombustivelID) VALUES (5.990, 'R$ / litro', '2024-02-05', '01166046000148', (SELECT ID_Combustivel FROM COMBUSTIVEL WHERE Nome = 'GASOLINA ADITIVADA'));
INSERT INTO PRECO_COLETADO (Preco, UnidadeMedida, DataColeta, PostoCNPJ, CombustivelID) VALUES (5.990, 'R$ / litro', '2024-02-12', '01166046000148', (SELECT ID_Combustivel FROM COMBUSTIVEL WHERE Nome = 'GASOLINA ADITIVADA'));
INSERT INTO PRECO_COLETADO (Preco, UnidadeMedida, DataColeta, PostoCNPJ, CombustivelID) VALUES (5.890, 'R$ / litro', '2024-02-19', '01166046000148', (SELECT ID_Combustivel FROM COMBUSTIVEL WHERE Nome = 'GASOLINA ADITIVADA'));
INSERT INTO PRECO_COLETADO (Preco, UnidadeMedida, DataColeta, PostoCNPJ, CombustivelID) VALUES (5.890, 'R$ / litro', '2024-02-26', '01166046000148', (SELECT ID_Combustivel FROM COMBUSTIVEL WHERE Nome = 'GASOLINA ADITIVADA'));
INSERT INTO PRECO_COLETADO (Preco, UnidadeMedida, DataColeta, PostoCNPJ, CombustivelID) VALUES (5.890, 'R$ / litro', '2024-03-04', '01166046000148', (SELECT ID_Combustivel FROM COMBUSTIVEL WHERE Nome = 'GASOLINA ADITIVADA'));
INSERT INTO PRECO_COLETADO (Preco, UnidadeMedida, DataColeta, PostoCNPJ, CombustivelID) VALUES (5.890, 'R$ / litro', '2024-03-11', '01166046000148', (SELECT ID_Combustivel FROM COMBUSTIVEL WHERE Nome = 'GASOLINA ADITIVADA'));
INSERT INTO PRECO_COLETADO (Preco, UnidadeMedida, DataColeta, PostoCNPJ, CombustivelID) VALUES (5.790, 'R$ / litro', '2024-03-18', '01166046000148', (SELECT ID_Combustivel FROM COMBUSTIVEL WHERE Nome = 'GASOLINA ADITIVADA'));
INSERT INTO PRECO_COLETADO (Preco, UnidadeMedida, DataColeta, PostoCNPJ, CombustivelID) VALUES (5.790, 'R$ / litro', '2024-03-25', '01166046000148', (SELECT ID_Combustivel FROM COMBUSTIVEL WHERE Nome = 'GASOLINA ADITIVADA'));
INSERT INTO PRECO_COLETADO (Preco, UnidadeMedida, DataColeta, PostoCNPJ, CombustivelID) VALUES (5.790, 'R$ / litro', '2024-04-01', '01166046000148', (SELECT ID_Combustivel FROM COMBUSTIVEL WHERE Nome = 'GASOLINA ADITIVADA'));
INSERT INTO PRECO_COLETADO (Preco, UnidadeMedida, DataColeta, PostoCNPJ, CombustivelID) VALUES (5.890, 'R$ / litro', '2024-04-08', '01166046000148', (SELECT ID_Combustivel FROM COMBUSTIVEL WHERE Nome = 'GASOLINA ADITIVADA'));
INSERT INTO PRECO_COLETADO (Preco, UnidadeMedida, DataColeta, PostoCNPJ, CombustivelID) VALUES (5.890, 'R$ / litro', '2024-04-15', '01166046000148', (SELECT ID_Combustivel FROM COMBUSTIVEL WHERE Nome = 'GASOLINA ADITIVADA'));
INSERT INTO PRECO_COLETADO (Preco, UnidadeMedida, DataColeta, PostoCNPJ, CombustivelID) VALUES (6.190, 'R$ / litro', '2024-04-29', '01166046000148', (SELECT ID_Combustivel FROM COMBUSTIVEL WHERE Nome = 'GASOLINA ADITIVADA'));
INSERT INTO PRECO_COLETADO (Preco, UnidadeMedida, DataColeta, PostoCNPJ, CombustivelID) VALUES (6.090, 'R$ / litro', '2024-05-27', '01166046000148', (SELECT ID_Combustivel FROM COMBUSTIVEL WHERE Nome = 'GASOLINA ADITIVADA'));
INSERT INTO PRECO_COLETADO (Preco, UnidadeMedida, DataColeta, PostoCNPJ, CombustivelID) VALUES (6.090, 'R$ / litro', '2024-06-17', '01166046000148', (SELECT ID_Combustivel FROM COMBUSTIVEL WHERE Nome = 'GASOLINA ADITIVADA'));
INSERT INTO PRECO_COLETADO (Preco, UnidadeMedida, DataColeta, PostoCNPJ, CombustivelID) VALUES (6.090, 'R$ / litro', '2024-06-24', '01166046000148', (SELECT ID_Combustivel FROM COMBUSTIVEL WHERE Nome = 'GASOLINA ADITIVADA'));
INSERT INTO PRECO_COLETADO (Preco, UnidadeMedida, DataColeta, PostoCNPJ, CombustivelID) VALUES (6.090, 'R$ / litro', '2024-07-01', '01166046000148', (SELECT ID_Combustivel FROM COMBUSTIVEL WHERE Nome = 'GASOLINA ADITIVADA'));
INSERT INTO PRECO_COLETADO (Preco, UnidadeMedida, DataColeta, PostoCNPJ, CombustivelID) VALUES (5.990, 'R$ / litro', '2024-07-09', '01166046000148', (SELECT ID_Combustivel FROM COMBUSTIVEL WHERE Nome = 'GASOLINA ADITIVADA'));
INSERT INTO PRECO_COLETADO (Preco, UnidadeMedida, DataColeta, PostoCNPJ, CombustivelID) VALUES (6.370, 'R$ / litro', '2024-07-16', '01166046000148', (SELECT ID_Combustivel FROM COMBUSTIVEL WHERE Nome = 'GASOLINA ADITIVADA'));
INSERT INTO PRECO_COLETADO (Preco, UnidadeMedida, DataColeta, PostoCNPJ, CombustivelID) VALUES (6.420, 'R$ / litro', '2024-07-22', '01166046000148', (SELECT ID_Combustivel FROM COMBUSTIVEL WHERE Nome = 'GASOLINA ADITIVADA'));
INSERT INTO PRECO_COLETADO (Preco, UnidadeMedida, DataColeta, PostoCNPJ, CombustivelID) VALUES (6.380, 'R$ / litro', '2024-07-29', '01166046000148', (SELECT ID_Combustivel FROM COMBUSTIVEL WHERE Nome = 'GASOLINA ADITIVADA'));
INSERT INTO PRECO_COLETADO (Preco, UnidadeMedida, DataColeta, PostoCNPJ, CombustivelID) VALUES (6.370, 'R$ / litro', '2024-08-05', '01166046000148', (SELECT ID_Combustivel FROM COMBUSTIVEL WHERE Nome = 'GASOLINA ADITIVADA'));
INSERT INTO PRECO_COLETADO (Preco, UnidadeMedida, DataColeta, PostoCNPJ, CombustivelID) VALUES (6.270, 'R$ / litro', '2024-08-14', '01166046000148', (SELECT ID_Combustivel FROM COMBUSTIVEL WHERE Nome = 'GASOLINA ADITIVADA'));
INSERT INTO PRECO_COLETADO (Preco, UnidadeMedida, DataColeta, PostoCNPJ, CombustivelID) VALUES (6.270, 'R$ / litro', '2024-08-20', '01166046000148', (SELECT ID_Combustivel FROM COMBUSTIVEL WHERE Nome = 'GASOLINA ADITIVADA'));
INSERT INTO PRECO_COLETADO (Preco, UnidadeMedida, DataColeta, PostoCNPJ, CombustivelID) VALUES (6.270, 'R$ / litro', '2024-08-26', '01166046000148', (SELECT ID_Combustivel FROM COMBUSTIVEL WHERE Nome = 'GASOLINA ADITIVADA'));
INSERT INTO PRECO_COLETADO (Preco, UnidadeMedida, DataColeta, PostoCNPJ, CombustivelID) VALUES (6.250, 'R$ / litro', '2024-09-02', '01166046000148', (SELECT ID_Combustivel FROM COMBUSTIVEL WHERE Nome = 'GASOLINA ADITIVADA'));
INSERT INTO PRECO_COLETADO (Preco, UnidadeMedida, DataColeta, PostoCNPJ, CombustivelID) VALUES (4.990, 'R$ / litro', '2022-10-24', '01166046000148', (SELECT ID_Combustivel FROM COMBUSTIVEL WHERE Nome = 'GASOLINA COMUM'));
INSERT INTO PRECO_COLETADO (Preco, UnidadeMedida, DataColeta, PostoCNPJ, CombustivelID) VALUES (4.690, 'R$ / litro', '2022-10-31', '01166046000148', (SELECT ID_Combustivel FROM COMBUSTIVEL WHERE Nome = 'GASOLINA COMUM'));
INSERT INTO PRECO_COLETADO (Preco, UnidadeMedida, DataColeta, PostoCNPJ, CombustivelID) VALUES (4.990, 'R$ / litro', '2022-11-14', '01166046000148', (SELECT ID_Combustivel FROM COMBUSTIVEL WHERE Nome = 'GASOLINA COMUM'));
INSERT INTO PRECO_COLETADO (Preco, UnidadeMedida, DataColeta, PostoCNPJ, CombustivelID) VALUES (4.990, 'R$ / litro', '2022-11-22', '01166046000148', (SELECT ID_Combustivel FROM COMBUSTIVEL WHERE Nome = 'GASOLINA COMUM'));
INSERT INTO PRECO_COLETADO (Preco, UnidadeMedida, DataColeta, PostoCNPJ, CombustivelID) VALUES (4.990, 'R$ / litro', '2022-12-05', '01166046000148', (SELECT ID_Combustivel FROM COMBUSTIVEL WHERE Nome = 'GASOLINA COMUM'));
INSERT INTO PRECO_COLETADO (Preco, UnidadeMedida, DataColeta, PostoCNPJ, CombustivelID) VALUES (4.930, 'R$ / litro', '2022-12-12', '01166046000148', (SELECT ID_Combustivel FROM COMBUSTIVEL WHERE Nome = 'GASOLINA COMUM'));
INSERT INTO PRECO_COLETADO (Preco, UnidadeMedida, DataColeta, PostoCNPJ, CombustivelID) VALUES (4.880, 'R$ / litro', '2022-12-22', '01166046000148', (SELECT ID_Combustivel FROM COMBUSTIVEL WHERE Nome = 'GASOLINA COMUM'));
INSERT INTO PRECO_COLETADO (Preco, UnidadeMedida, DataColeta, PostoCNPJ, CombustivelID) VALUES (4.880, 'R$ / litro', '2022-12-26', '01166046000148', (SELECT ID_Combustivel FROM COMBUSTIVEL WHERE Nome = 'GASOLINA COMUM'));
INSERT INTO PRECO_COLETADO (Preco, UnidadeMedida, DataColeta, PostoCNPJ, CombustivelID) VALUES (4.980, 'R$ / litro', '2023-01-02', '01166046000148', (SELECT ID_Combustivel FROM COMBUSTIVEL WHERE Nome = 'GASOLINA COMUM'));
INSERT INTO PRECO_COLETADO (Preco, UnidadeMedida, DataColeta, PostoCNPJ, CombustivelID) VALUES (4.840, 'R$ / litro', '2023-01-09', '01166046000148', (SELECT ID_Combustivel FROM COMBUSTIVEL WHERE Nome = 'GASOLINA COMUM'));
INSERT INTO PRECO_COLETADO (Preco, UnidadeMedida, DataColeta, PostoCNPJ, CombustivelID) VALUES (4.850, 'R$ / litro', '2023-01-16', '01166046000148', (SELECT ID_Combustivel FROM COMBUSTIVEL WHERE Nome = 'GASOLINA COMUM'));
INSERT INTO PRECO_COLETADO (Preco, UnidadeMedida, DataColeta, PostoCNPJ, CombustivelID) VALUES (4.790, 'R$ / litro', '2023-01-23', '01166046000148', (SELECT ID_Combustivel FROM COMBUSTIVEL WHERE Nome = 'GASOLINA COMUM'));
INSERT INTO PRECO_COLETADO (Preco, UnidadeMedida, DataColeta, PostoCNPJ, CombustivelID) VALUES (5.090, 'R$ / litro', '2023-01-30', '01166046000148', (SELECT ID_Combustivel FROM COMBUSTIVEL WHERE Nome = 'GASOLINA COMUM'));
INSERT INTO PRECO_COLETADO (Preco, UnidadeMedida, DataColeta, PostoCNPJ, CombustivelID) VALUES (5.390, 'R$ / litro', '2023-02-06', '01166046000148', (SELECT ID_Combustivel FROM COMBUSTIVEL WHERE Nome = 'GASOLINA COMUM'));
INSERT INTO PRECO_COLETADO (Preco, UnidadeMedida, DataColeta, PostoCNPJ, CombustivelID) VALUES (4.960, 'R$ / litro', '2023-02-13', '01166046000148', (SELECT ID_Combustivel FROM COMBUSTIVEL WHERE Nome = 'GASOLINA COMUM'));
INSERT INTO PRECO_COLETADO (Preco, UnidadeMedida, DataColeta, PostoCNPJ, CombustivelID) VALUES (4.990, 'R$ / litro', '2023-02-27', '01166046000148', (SELECT ID_Combustivel FROM COMBUSTIVEL WHERE Nome = 'GASOLINA COMUM'));
INSERT INTO PRECO_COLETADO (Preco, UnidadeMedida, DataColeta, PostoCNPJ, CombustivelID) VALUES (5.490, 'R$ / litro', '2023-03-06', '01166046000148', (SELECT ID_Combustivel FROM COMBUSTIVEL WHERE Nome = 'GASOLINA COMUM'));
INSERT INTO PRECO_COLETADO (Preco, UnidadeMedida, DataColeta, PostoCNPJ, CombustivelID) VALUES (5.890, 'R$ / litro', '2023-03-16', '01166046000148', (SELECT ID_Combustivel FROM COMBUSTIVEL WHERE Nome = 'GASOLINA COMUM'));
INSERT INTO PRECO_COLETADO (Preco, UnidadeMedida, DataColeta, PostoCNPJ, CombustivelID) VALUES (5.390, 'R$ / litro', '2023-03-27', '01166046000148', (SELECT ID_Combustivel FROM COMBUSTIVEL WHERE Nome = 'GASOLINA COMUM'));
INSERT INTO PRECO_COLETADO (Preco, UnidadeMedida, DataColeta, PostoCNPJ, CombustivelID) VALUES (5.290, 'R$ / litro', '2023-04-04', '01166046000148', (SELECT ID_Combustivel FROM COMBUSTIVEL WHERE Nome = 'GASOLINA COMUM'));
INSERT INTO PRECO_COLETADO (Preco, UnidadeMedida, DataColeta, PostoCNPJ, CombustivelID) VALUES (5.390, 'R$ / litro', '2023-04-10', '01166046000148', (SELECT ID_Combustivel FROM COMBUSTIVEL WHERE Nome = 'GASOLINA COMUM'));
INSERT INTO PRECO_COLETADO (Preco, UnidadeMedida, DataColeta, PostoCNPJ, CombustivelID) VALUES (5.390, 'R$ / litro', '2023-04-17', '01166046000148', (SELECT ID_Combustivel FROM COMBUSTIVEL WHERE Nome = 'GASOLINA COMUM'));
INSERT INTO PRECO_COLETADO (Preco, UnidadeMedida, DataColeta, PostoCNPJ, CombustivelID) VALUES (5.240, 'R$ / litro', '2023-04-24', '01166046000148', (SELECT ID_Combustivel FROM COMBUSTIVEL WHERE Nome = 'GASOLINA COMUM'));
INSERT INTO PRECO_COLETADO (Preco, UnidadeMedida, DataColeta, PostoCNPJ, CombustivelID) VALUES (5.340, 'R$ / litro', '2023-05-02', '01166046000148', (SELECT ID_Combustivel FROM COMBUSTIVEL WHERE Nome = 'GASOLINA COMUM'));
INSERT INTO PRECO_COLETADO (Preco, UnidadeMedida, DataColeta, PostoCNPJ, CombustivelID) VALUES (5.390, 'R$ / litro', '2023-05-09', '01166046000148', (SELECT ID_Combustivel FROM COMBUSTIVEL WHERE Nome = 'GASOLINA COMUM'));
INSERT INTO PRECO_COLETADO (Preco, UnidadeMedida, DataColeta, PostoCNPJ, CombustivelID) VALUES (5.390, 'R$ / litro', '2023-05-15', '01166046000148', (SELECT ID_Combustivel FROM COMBUSTIVEL WHERE Nome = 'GASOLINA COMUM'));
INSERT INTO PRECO_COLETADO (Preco, UnidadeMedida, DataColeta, PostoCNPJ, CombustivelID) VALUES (5.080, 'R$ / litro', '2023-05-22', '01166046000148', (SELECT ID_Combustivel FROM COMBUSTIVEL WHERE Nome = 'GASOLINA COMUM'));
INSERT INTO PRECO_COLETADO (Preco, UnidadeMedida, DataColeta, PostoCNPJ, CombustivelID) VALUES (5.080, 'R$ / litro', '2023-05-29', '01166046000148', (SELECT ID_Combustivel FROM COMBUSTIVEL WHERE Nome = 'GASOLINA COMUM'));
INSERT INTO PRECO_COLETADO (Preco, UnidadeMedida, DataColeta, PostoCNPJ, CombustivelID) VALUES (5.490, 'R$ / litro', '2023-06-05', '01166046000148', (SELECT ID_Combustivel FROM COMBUSTIVEL WHERE Nome = 'GASOLINA COMUM'));
INSERT INTO PRECO_COLETADO (Preco, UnidadeMedida, DataColeta, PostoCNPJ, CombustivelID) VALUES (5.350, 'R$ / litro', '2023-06-13', '01166046000148', (SELECT ID_Combustivel FROM COMBUSTIVEL WHERE Nome = 'GASOLINA COMUM'));
INSERT INTO PRECO_COLETADO (Preco, UnidadeMedida, DataColeta, PostoCNPJ, CombustivelID) VALUES (5.290, 'R$ / litro', '2023-06-20', '01166046000148', (SELECT ID_Combustivel FROM COMBUSTIVEL WHERE Nome = 'GASOLINA COMUM'));
INSERT INTO PRECO_COLETADO (Preco, UnidadeMedida, DataColeta, PostoCNPJ, CombustivelID) VALUES (5.240, 'R$ / litro', '2023-06-27', '01166046000148', (SELECT ID_Combustivel FROM COMBUSTIVEL WHERE Nome = 'GASOLINA COMUM'));
INSERT INTO PRECO_COLETADO (Preco, UnidadeMedida, DataColeta, PostoCNPJ, CombustivelID) VALUES (5.790, 'R$ / litro', '2023-07-04', '01166046000148', (SELECT ID_Combustivel FROM COMBUSTIVEL WHERE Nome = 'GASOLINA COMUM'));
INSERT INTO PRECO_COLETADO (Preco, UnidadeMedida, DataColeta, PostoCNPJ, CombustivelID) VALUES (5.790, 'R$ / litro', '2023-07-10', '01166046000148', (SELECT ID_Combustivel FROM COMBUSTIVEL WHERE Nome = 'GASOLINA COMUM'));
INSERT INTO PRECO_COLETADO (Preco, UnidadeMedida, DataColeta, PostoCNPJ, CombustivelID) VALUES (5.690, 'R$ / litro', '2023-07-17', '01166046000148', (SELECT ID_Combustivel FROM COMBUSTIVEL WHERE Nome = 'GASOLINA COMUM'));
INSERT INTO PRECO_COLETADO (Preco, UnidadeMedida, DataColeta, PostoCNPJ, CombustivelID) VALUES (5.390, 'R$ / litro', '2023-07-24', '01166046000148', (SELECT ID_Combustivel FROM COMBUSTIVEL WHERE Nome = 'GASOLINA COMUM'));
INSERT INTO PRECO_COLETADO (Preco, UnidadeMedida, DataColeta, PostoCNPJ, CombustivelID) VALUES (5.390, 'R$ / litro', '2023-07-31', '01166046000148', (SELECT ID_Combustivel FROM COMBUSTIVEL WHERE Nome = 'GASOLINA COMUM'));
INSERT INTO PRECO_COLETADO (Preco, UnidadeMedida, DataColeta, PostoCNPJ, CombustivelID) VALUES (5.390, 'R$ / litro', '2023-08-07', '01166046000148', (SELECT ID_Combustivel FROM COMBUSTIVEL WHERE Nome = 'GASOLINA COMUM'));
INSERT INTO PRECO_COLETADO (Preco, UnidadeMedida, DataColeta, PostoCNPJ, CombustivelID) VALUES (5.540, 'R$ / litro', '2023-08-15', '01166046000148', (SELECT ID_Combustivel FROM COMBUSTIVEL WHERE Nome = 'GASOLINA COMUM'));
INSERT INTO PRECO_COLETADO (Preco, UnidadeMedida, DataColeta, PostoCNPJ, CombustivelID) VALUES (5.890, 'R$ / litro', '2023-08-21', '01166046000148', (SELECT ID_Combustivel FROM COMBUSTIVEL WHERE Nome = 'GASOLINA COMUM'));
INSERT INTO PRECO_COLETADO (Preco, UnidadeMedida, DataColeta, PostoCNPJ, CombustivelID) VALUES (5.590, 'R$ / litro', '2023-08-30', '01166046000148', (SELECT ID_Combustivel FROM COMBUSTIVEL WHERE Nome = 'GASOLINA COMUM'));
INSERT INTO PRECO_COLETADO (Preco, UnidadeMedida, DataColeta, PostoCNPJ, CombustivelID) VALUES (5.590, 'R$ / litro', '2023-09-07', '01166046000148', (SELECT ID_Combustivel FROM COMBUSTIVEL WHERE Nome = 'GASOLINA COMUM'));
INSERT INTO PRECO_COLETADO (Preco, UnidadeMedida, DataColeta, PostoCNPJ, CombustivelID) VALUES (5.590, 'R$ / litro', '2023-09-12', '01166046000148', (SELECT ID_Combustivel FROM COMBUSTIVEL WHERE Nome = 'GASOLINA COMUM'));
INSERT INTO PRECO_COLETADO (Preco, UnidadeMedida, DataColeta, PostoCNPJ, CombustivelID) VALUES (5.490, 'R$ / litro', '2023-09-19', '01166046000148', (SELECT ID_Combustivel FROM COMBUSTIVEL WHERE Nome = 'GASOLINA COMUM'));
INSERT INTO PRECO_COLETADO (Preco, UnidadeMedida, DataColeta, PostoCNPJ, CombustivelID) VALUES (5.790, 'R$ / litro', '2023-09-26', '01166046000148', (SELECT ID_Combustivel FROM COMBUSTIVEL WHERE Nome = 'GASOLINA COMUM'));
INSERT INTO PRECO_COLETADO (Preco, UnidadeMedida, DataColeta, PostoCNPJ, CombustivelID) VALUES (5.790, 'R$ / litro', '2023-10-03', '01166046000148', (SELECT ID_Combustivel FROM COMBUSTIVEL WHERE Nome = 'GASOLINA COMUM'));
INSERT INTO PRECO_COLETADO (Preco, UnidadeMedida, DataColeta, PostoCNPJ, CombustivelID) VALUES (5.640, 'R$ / litro', '2023-10-10', '01166046000148', (SELECT ID_Combustivel FROM COMBUSTIVEL WHERE Nome = 'GASOLINA COMUM'));
INSERT INTO PRECO_COLETADO (Preco, UnidadeMedida, DataColeta, PostoCNPJ, CombustivelID) VALUES (5.940, 'R$ / litro', '2023-10-16', '01166046000148', (SELECT ID_Combustivel FROM COMBUSTIVEL WHERE Nome = 'GASOLINA COMUM'));
INSERT INTO PRECO_COLETADO (Preco, UnidadeMedida, DataColeta, PostoCNPJ, CombustivelID) VALUES (5.490, 'R$ / litro', '2023-10-24', '01166046000148', (SELECT ID_Combustivel FROM COMBUSTIVEL WHERE Nome = 'GASOLINA COMUM'));
INSERT INTO PRECO_COLETADO (Preco, UnidadeMedida, DataColeta, PostoCNPJ, CombustivelID) VALUES (5.490, 'R$ / litro', '2023-10-31', '01166046000148', (SELECT ID_Combustivel FROM COMBUSTIVEL WHERE Nome = 'GASOLINA COMUM'));
INSERT INTO PRECO_COLETADO (Preco, UnidadeMedida, DataColeta, PostoCNPJ, CombustivelID) VALUES (5.490, 'R$ / litro', '2023-11-07', '01166046000148', (SELECT ID_Combustivel FROM COMBUSTIVEL WHERE Nome = 'GASOLINA COMUM'));
INSERT INTO PRECO_COLETADO (Preco, UnidadeMedida, DataColeta, PostoCNPJ, CombustivelID) VALUES (5.390, 'R$ / litro', '2023-11-14', '01166046000148', (SELECT ID_Combustivel FROM COMBUSTIVEL WHERE Nome = 'GASOLINA COMUM'));
INSERT INTO PRECO_COLETADO (Preco, UnidadeMedida, DataColeta, PostoCNPJ, CombustivelID) VALUES (5.390, 'R$ / litro', '2023-11-21', '01166046000148', (SELECT ID_Combustivel FROM COMBUSTIVEL WHERE Nome = 'GASOLINA COMUM'));
INSERT INTO PRECO_COLETADO (Preco, UnidadeMedida, DataColeta, PostoCNPJ, CombustivelID) VALUES (5.690, 'R$ / litro', '2023-11-28', '01166046000148', (SELECT ID_Combustivel FROM COMBUSTIVEL WHERE Nome = 'GASOLINA COMUM'));
INSERT INTO PRECO_COLETADO (Preco, UnidadeMedida, DataColeta, PostoCNPJ, CombustivelID) VALUES (5.490, 'R$ / litro', '2023-12-06', '01166046000148', (SELECT ID_Combustivel FROM COMBUSTIVEL WHERE Nome = 'GASOLINA COMUM'));
INSERT INTO PRECO_COLETADO (Preco, UnidadeMedida, DataColeta, PostoCNPJ, CombustivelID) VALUES (5.390, 'R$ / litro', '2023-12-13', '01166046000148', (SELECT ID_Combustivel FROM COMBUSTIVEL WHERE Nome = 'GASOLINA COMUM'));
INSERT INTO PRECO_COLETADO (Preco, UnidadeMedida, DataColeta, PostoCNPJ, CombustivelID) VALUES (5.690, 'R$ / litro', '2023-12-26', '01166046000148', (SELECT ID_Combustivel FROM COMBUSTIVEL WHERE Nome = 'GASOLINA COMUM'));
INSERT INTO PRECO_COLETADO (Preco, UnidadeMedida, DataColeta, PostoCNPJ, CombustivelID) VALUES (5.290, 'R$ / litro', '2024-01-03', '01166046000148', (SELECT ID_Combustivel FROM COMBUSTIVEL WHERE Nome = 'GASOLINA COMUM'));
INSERT INTO PRECO_COLETADO (Preco, UnidadeMedida, DataColeta, PostoCNPJ, CombustivelID) VALUES (5.290, 'R$ / litro', '2024-01-08', '01166046000148', (SELECT ID_Combustivel FROM COMBUSTIVEL WHERE Nome = 'GASOLINA COMUM'));
INSERT INTO PRECO_COLETADO (Preco, UnidadeMedida, DataColeta, PostoCNPJ, CombustivelID) VALUES (5.290, 'R$ / litro', '2024-01-15', '01166046000148', (SELECT ID_Combustivel FROM COMBUSTIVEL WHERE Nome = 'GASOLINA COMUM'));
INSERT INTO PRECO_COLETADO (Preco, UnidadeMedida, DataColeta, PostoCNPJ, CombustivelID) VALUES (5.590, 'R$ / litro', '2024-01-29', '01166046000148', (SELECT ID_Combustivel FROM COMBUSTIVEL WHERE Nome = 'GASOLINA COMUM'));
INSERT INTO PRECO_COLETADO (Preco, UnidadeMedida, DataColeta, PostoCNPJ, CombustivelID) VALUES (5.690, 'R$ / litro', '2024-02-05', '01166046000148', (SELECT ID_Combustivel FROM COMBUSTIVEL WHERE Nome = 'GASOLINA COMUM'));
INSERT INTO PRECO_COLETADO (Preco, UnidadeMedida, DataColeta, PostoCNPJ, CombustivelID) VALUES (5.690, 'R$ / litro', '2024-02-12', '01166046000148', (SELECT ID_Combustivel FROM COMBUSTIVEL WHERE Nome = 'GASOLINA COMUM'));
INSERT INTO PRECO_COLETADO (Preco, UnidadeMedida, DataColeta, PostoCNPJ, CombustivelID) VALUES (5.890, 'R$ / litro', '2024-02-19', '01166046000148', (SELECT ID_Combustivel FROM COMBUSTIVEL WHERE Nome = 'GASOLINA COMUM'));
INSERT INTO PRECO_COLETADO (Preco, UnidadeMedida, DataColeta, PostoCNPJ, CombustivelID) VALUES (5.590, 'R$ / litro', '2024-02-26', '01166046000148', (SELECT ID_Combustivel FROM COMBUSTIVEL WHERE Nome = 'GASOLINA COMUM'));
INSERT INTO PRECO_COLETADO (Preco, UnidadeMedida, DataColeta, PostoCNPJ, CombustivelID) VALUES (5.590, 'R$ / litro', '2024-03-04', '01166046000148', (SELECT ID_Combustivel FROM COMBUSTIVEL WHERE Nome = 'GASOLINA COMUM'));
INSERT INTO PRECO_COLETADO (Preco, UnidadeMedida, DataColeta, PostoCNPJ, CombustivelID) VALUES (5.590, 'R$ / litro', '2024-03-11', '01166046000148', (SELECT ID_Combustivel FROM COMBUSTIVEL WHERE Nome = 'GASOLINA COMUM'));
INSERT INTO PRECO_COLETADO (Preco, UnidadeMedida, DataColeta, PostoCNPJ, CombustivelID) VALUES (5.790, 'R$ / litro', '2024-03-18', '01166046000148', (SELECT ID_Combustivel FROM COMBUSTIVEL WHERE Nome = 'GASOLINA COMUM'));
INSERT INTO PRECO_COLETADO (Preco, UnidadeMedida, DataColeta, PostoCNPJ, CombustivelID) VALUES (5.790, 'R$ / litro', '2024-03-25', '01166046000148', (SELECT ID_Combustivel FROM COMBUSTIVEL WHERE Nome = 'GASOLINA COMUM'));
INSERT INTO PRECO_COLETADO (Preco, UnidadeMedida, DataColeta, PostoCNPJ, CombustivelID) VALUES (5.790, 'R$ / litro', '2024-04-01', '01166046000148', (SELECT ID_Combustivel FROM COMBUSTIVEL WHERE Nome = 'GASOLINA COMUM'));
INSERT INTO PRECO_COLETADO (Preco, UnidadeMedida, DataColeta, PostoCNPJ, CombustivelID) VALUES (5.890, 'R$ / litro', '2024-04-08', '01166046000148', (SELECT ID_Combustivel FROM COMBUSTIVEL WHERE Nome = 'GASOLINA COMUM'));
INSERT INTO PRECO_COLETADO (Preco, UnidadeMedida, DataColeta, PostoCNPJ, CombustivelID) VALUES (5.590, 'R$ / litro', '2024-04-15', '01166046000148', (SELECT ID_Combustivel FROM COMBUSTIVEL WHERE Nome = 'GASOLINA COMUM'));
INSERT INTO PRECO_COLETADO (Preco, UnidadeMedida, DataColeta, PostoCNPJ, CombustivelID) VALUES (5.890, 'R$ / litro', '2024-04-29', '01166046000148', (SELECT ID_Combustivel FROM COMBUSTIVEL WHERE Nome = 'GASOLINA COMUM'));
INSERT INTO PRECO_COLETADO (Preco, UnidadeMedida, DataColeta, PostoCNPJ, CombustivelID) VALUES (5.890, 'R$ / litro', '2024-05-06', '01166046000148', (SELECT ID_Combustivel FROM COMBUSTIVEL WHERE Nome = 'GASOLINA COMUM'));
INSERT INTO PRECO_COLETADO (Preco, UnidadeMedida, DataColeta, PostoCNPJ, CombustivelID) VALUES (5.890, 'R$ / litro', '2024-05-20', '01166046000148', (SELECT ID_Combustivel FROM COMBUSTIVEL WHERE Nome = 'GASOLINA COMUM'));
INSERT INTO PRECO_COLETADO (Preco, UnidadeMedida, DataColeta, PostoCNPJ, CombustivelID) VALUES (5.780, 'R$ / litro', '2024-05-27', '01166046000148', (SELECT ID_Combustivel FROM COMBUSTIVEL WHERE Nome = 'GASOLINA COMUM'));
INSERT INTO PRECO_COLETADO (Preco, UnidadeMedida, DataColeta, PostoCNPJ, CombustivelID) VALUES (5.780, 'R$ / litro', '2024-06-17', '01166046000148', (SELECT ID_Combustivel FROM COMBUSTIVEL WHERE Nome = 'GASOLINA COMUM'));
INSERT INTO PRECO_COLETADO (Preco, UnidadeMedida, DataColeta, PostoCNPJ, CombustivelID) VALUES (5.780, 'R$ / litro', '2024-06-24', '01166046000148', (SELECT ID_Combustivel FROM COMBUSTIVEL WHERE Nome = 'GASOLINA COMUM'));
INSERT INTO PRECO_COLETADO (Preco, UnidadeMedida, DataColeta, PostoCNPJ, CombustivelID) VALUES (5.780, 'R$ / litro', '2024-07-01', '01166046000148', (SELECT ID_Combustivel FROM COMBUSTIVEL WHERE Nome = 'GASOLINA COMUM'));
INSERT INTO PRECO_COLETADO (Preco, UnidadeMedida, DataColeta, PostoCNPJ, CombustivelID) VALUES (5.990, 'R$ / litro', '2024-07-09', '01166046000148', (SELECT ID_Combustivel FROM COMBUSTIVEL WHERE Nome = 'GASOLINA COMUM'));
INSERT INTO PRECO_COLETADO (Preco, UnidadeMedida, DataColeta, PostoCNPJ, CombustivelID) VALUES (6.170, 'R$ / litro', '2024-07-16', '01166046000148', (SELECT ID_Combustivel FROM COMBUSTIVEL WHERE Nome = 'GASOLINA COMUM'));
INSERT INTO PRECO_COLETADO (Preco, UnidadeMedida, DataColeta, PostoCNPJ, CombustivelID) VALUES (6.120, 'R$ / litro', '2024-07-22', '01166046000148', (SELECT ID_Combustivel FROM COMBUSTIVEL WHERE Nome = 'GASOLINA COMUM'));
INSERT INTO PRECO_COLETADO (Preco, UnidadeMedida, DataColeta, PostoCNPJ, CombustivelID) VALUES (6.080, 'R$ / litro', '2024-07-29', '01166046000148', (SELECT ID_Combustivel FROM COMBUSTIVEL WHERE Nome = 'GASOLINA COMUM'));
INSERT INTO PRECO_COLETADO (Preco, UnidadeMedida, DataColeta, PostoCNPJ, CombustivelID) VALUES (6.070, 'R$ / litro', '2024-08-05', '01166046000148', (SELECT ID_Combustivel FROM COMBUSTIVEL WHERE Nome = 'GASOLINA COMUM'));
INSERT INTO PRECO_COLETADO (Preco, UnidadeMedida, DataColeta, PostoCNPJ, CombustivelID) VALUES (6.060, 'R$ / litro', '2024-08-14', '01166046000148', (SELECT ID_Combustivel FROM COMBUSTIVEL WHERE Nome = 'GASOLINA COMUM'));
INSERT INTO PRECO_COLETADO (Preco, UnidadeMedida, DataColeta, PostoCNPJ, CombustivelID) VALUES (6.060, 'R$ / litro', '2024-08-20', '01166046000148', (SELECT ID_Combustivel FROM COMBUSTIVEL WHERE Nome = 'GASOLINA COMUM'));
INSERT INTO PRECO_COLETADO (Preco, UnidadeMedida, DataColeta, PostoCNPJ, CombustivelID) VALUES (6.060, 'R$ / litro', '2024-08-26', '01166046000148', (SELECT ID_Combustivel FROM COMBUSTIVEL WHERE Nome = 'GASOLINA COMUM'));
INSERT INTO PRECO_COLETADO (Preco, UnidadeMedida, DataColeta, PostoCNPJ, CombustivelID) VALUES (6.050, 'R$ / litro', '2024-09-02', '01166046000148', (SELECT ID_Combustivel FROM COMBUSTIVEL WHERE Nome = 'GASOLINA COMUM'));
INSERT INTO PRECO_COLETADO (Preco, UnidadeMedida, DataColeta, PostoCNPJ, CombustivelID) VALUES (6.150, 'R$ / litro', '2023-02-06', '01166046000148', (SELECT ID_Combustivel FROM COMBUSTIVEL WHERE Nome = 'DIESEL S500'));
INSERT INTO POSTO (CNPJ, RazaoSocial, NomeFantasia, Bandeira, Logradouro, Numero, Bairro, Cidade, Estado, CEP) VALUES ('01635041000206', 'ITAPARICA PETROLEO E COMERCIO LTDA', 'NOVAMARCA', 'RAIZEN', 'AVENIDA CARLOS LINDENBERG', '1395', 'COBI DE CIMA', 'VILA VELHA', 'ESPIRITO SANTO', '29117730');
INSERT INTO PRECO_COLETADO (Preco, UnidadeMedida, DataColeta, PostoCNPJ, CombustivelID) VALUES (4.790, 'R$ / litro', '2022-08-04', '01635041000206', (SELECT ID_Combustivel FROM COMBUSTIVEL WHERE Nome = 'ETANOL'));
INSERT INTO PRECO_COLETADO (Preco, UnidadeMedida, DataColeta, PostoCNPJ, CombustivelID) VALUES (4.790, 'R$ / litro', '2022-08-08', '01635041000206', (SELECT ID_Combustivel FROM COMBUSTIVEL WHERE Nome = 'ETANOL'));
INSERT INTO PRECO_COLETADO (Preco, UnidadeMedida, DataColeta, PostoCNPJ, CombustivelID) VALUES (4.790, 'R$ / litro', '2022-08-15', '01635041000206', (SELECT ID_Combustivel FROM COMBUSTIVEL WHERE Nome = 'ETANOL'));
INSERT INTO PRECO_COLETADO (Preco, UnidadeMedida, DataColeta, PostoCNPJ, CombustivelID) VALUES (4.790, 'R$ / litro', '2022-08-24', '01635041000206', (SELECT ID_Combustivel FROM COMBUSTIVEL WHERE Nome = 'ETANOL'));
INSERT INTO PRECO_COLETADO (Preco, UnidadeMedida, DataColeta, PostoCNPJ, CombustivelID) VALUES (4.790, 'R$ / litro', '2022-09-01', '01635041000206', (SELECT ID_Combustivel FROM COMBUSTIVEL WHERE Nome = 'ETANOL'));
INSERT INTO PRECO_COLETADO (Preco, UnidadeMedida, DataColeta, PostoCNPJ, CombustivelID) VALUES (3.990, 'R$ / litro', '2022-10-24', '01635041000206', (SELECT ID_Combustivel FROM COMBUSTIVEL WHERE Nome = 'ETANOL'));
INSERT INTO PRECO_COLETADO (Preco, UnidadeMedida, DataColeta, PostoCNPJ, CombustivelID) VALUES (3.990, 'R$ / litro', '2022-10-31', '01635041000206', (SELECT ID_Combustivel FROM COMBUSTIVEL WHERE Nome = 'ETANOL'));
INSERT INTO PRECO_COLETADO (Preco, UnidadeMedida, DataColeta, PostoCNPJ, CombustivelID) VALUES (4.190, 'R$ / litro', '2022-11-14', '01635041000206', (SELECT ID_Combustivel FROM COMBUSTIVEL WHERE Nome = 'ETANOL'));
INSERT INTO PRECO_COLETADO (Preco, UnidadeMedida, DataColeta, PostoCNPJ, CombustivelID) VALUES (4.190, 'R$ / litro', '2022-11-22', '01635041000206', (SELECT ID_Combustivel FROM COMBUSTIVEL WHERE Nome = 'ETANOL'));
INSERT INTO PRECO_COLETADO (Preco, UnidadeMedida, DataColeta, PostoCNPJ, CombustivelID) VALUES (4.190, 'R$ / litro', '2022-12-05', '01635041000206', (SELECT ID_Combustivel FROM COMBUSTIVEL WHERE Nome = 'ETANOL'));
INSERT INTO PRECO_COLETADO (Preco, UnidadeMedida, DataColeta, PostoCNPJ, CombustivelID) VALUES (4.190, 'R$ / litro', '2022-12-12', '01635041000206', (SELECT ID_Combustivel FROM COMBUSTIVEL WHERE Nome = 'ETANOL'));
INSERT INTO PRECO_COLETADO (Preco, UnidadeMedida, DataColeta, PostoCNPJ, CombustivelID) VALUES (3.990, 'R$ / litro', '2022-12-22', '01635041000206', (SELECT ID_Combustivel FROM COMBUSTIVEL WHERE Nome = 'ETANOL'));
INSERT INTO PRECO_COLETADO (Preco, UnidadeMedida, DataColeta, PostoCNPJ, CombustivelID) VALUES (4.290, 'R$ / litro', '2023-01-03', '01635041000206', (SELECT ID_Combustivel FROM COMBUSTIVEL WHERE Nome = 'ETANOL'));
INSERT INTO PRECO_COLETADO (Preco, UnidadeMedida, DataColeta, PostoCNPJ, CombustivelID) VALUES (4.290, 'R$ / litro', '2023-01-10', '01635041000206', (SELECT ID_Combustivel FROM COMBUSTIVEL WHERE Nome = 'ETANOL'));
INSERT INTO PRECO_COLETADO (Preco, UnidadeMedida, DataColeta, PostoCNPJ, CombustivelID) VALUES (4.290, 'R$ / litro', '2023-01-16', '01635041000206', (SELECT ID_Combustivel FROM COMBUSTIVEL WHERE Nome = 'ETANOL'));
INSERT INTO PRECO_COLETADO (Preco, UnidadeMedida, DataColeta, PostoCNPJ, CombustivelID) VALUES (4.290, 'R$ / litro', '2023-01-23', '01635041000206', (SELECT ID_Combustivel FROM COMBUSTIVEL WHERE Nome = 'ETANOL'));
INSERT INTO PRECO_COLETADO (Preco, UnidadeMedida, DataColeta, PostoCNPJ, CombustivelID) VALUES (4.290, 'R$ / litro', '2023-01-30', '01635041000206', (SELECT ID_Combustivel FROM COMBUSTIVEL WHERE Nome = 'ETANOL'));
INSERT INTO PRECO_COLETADO (Preco, UnidadeMedida, DataColeta, PostoCNPJ, CombustivelID) VALUES (4.290, 'R$ / litro', '2023-02-06', '01635041000206', (SELECT ID_Combustivel FROM COMBUSTIVEL WHERE Nome = 'ETANOL'));
INSERT INTO PRECO_COLETADO (Preco, UnidadeMedida, DataColeta, PostoCNPJ, CombustivelID) VALUES (4.290, 'R$ / litro', '2023-02-13', '01635041000206', (SELECT ID_Combustivel FROM COMBUSTIVEL WHERE Nome = 'ETANOL'));
INSERT INTO PRECO_COLETADO (Preco, UnidadeMedida, DataColeta, PostoCNPJ, CombustivelID) VALUES (4.290, 'R$ / litro', '2023-02-20', '01635041000206', (SELECT ID_Combustivel FROM COMBUSTIVEL WHERE Nome = 'ETANOL'));
INSERT INTO PRECO_COLETADO (Preco, UnidadeMedida, DataColeta, PostoCNPJ, CombustivelID) VALUES (4.290, 'R$ / litro', '2023-02-27', '01635041000206', (SELECT ID_Combustivel FROM COMBUSTIVEL WHERE Nome = 'ETANOL'));
INSERT INTO PRECO_COLETADO (Preco, UnidadeMedida, DataColeta, PostoCNPJ, CombustivelID) VALUES (4.290, 'R$ / litro', '2023-03-06', '01635041000206', (SELECT ID_Combustivel FROM COMBUSTIVEL WHERE Nome = 'ETANOL'));
INSERT INTO PRECO_COLETADO (Preco, UnidadeMedida, DataColeta, PostoCNPJ, CombustivelID) VALUES (4.290, 'R$ / litro', '2023-03-16', '01635041000206', (SELECT ID_Combustivel FROM COMBUSTIVEL WHERE Nome = 'ETANOL'));
INSERT INTO PRECO_COLETADO (Preco, UnidadeMedida, DataColeta, PostoCNPJ, CombustivelID) VALUES (4.290, 'R$ / litro', '2023-03-21', '01635041000206', (SELECT ID_Combustivel FROM COMBUSTIVEL WHERE Nome = 'ETANOL'));
INSERT INTO PRECO_COLETADO (Preco, UnidadeMedida, DataColeta, PostoCNPJ, CombustivelID) VALUES (4.290, 'R$ / litro', '2023-03-27', '01635041000206', (SELECT ID_Combustivel FROM COMBUSTIVEL WHERE Nome = 'ETANOL'));
INSERT INTO PRECO_COLETADO (Preco, UnidadeMedida, DataColeta, PostoCNPJ, CombustivelID) VALUES (4.290, 'R$ / litro', '2023-04-04', '01635041000206', (SELECT ID_Combustivel FROM COMBUSTIVEL WHERE Nome = 'ETANOL'));
INSERT INTO PRECO_COLETADO (Preco, UnidadeMedida, DataColeta, PostoCNPJ, CombustivelID) VALUES (4.290, 'R$ / litro', '2023-04-11', '01635041000206', (SELECT ID_Combustivel FROM COMBUSTIVEL WHERE Nome = 'ETANOL'));
INSERT INTO PRECO_COLETADO (Preco, UnidadeMedida, DataColeta, PostoCNPJ, CombustivelID) VALUES (4.290, 'R$ / litro', '2023-04-17', '01635041000206', (SELECT ID_Combustivel FROM COMBUSTIVEL WHERE Nome = 'ETANOL'));
INSERT INTO PRECO_COLETADO (Preco, UnidadeMedida, DataColeta, PostoCNPJ, CombustivelID) VALUES (4.290, 'R$ / litro', '2023-04-24', '01635041000206', (SELECT ID_Combustivel FROM COMBUSTIVEL WHERE Nome = 'ETANOL'));
INSERT INTO PRECO_COLETADO (Preco, UnidadeMedida, DataColeta, PostoCNPJ, CombustivelID) VALUES (4.690, 'R$ / litro', '2023-05-03', '01635041000206', (SELECT ID_Combustivel FROM COMBUSTIVEL WHERE Nome = 'ETANOL'));
INSERT INTO PRECO_COLETADO (Preco, UnidadeMedida, DataColeta, PostoCNPJ, CombustivelID) VALUES (4.690, 'R$ / litro', '2023-05-09', '01635041000206', (SELECT ID_Combustivel FROM COMBUSTIVEL WHERE Nome = 'ETANOL'));
INSERT INTO PRECO_COLETADO (Preco, UnidadeMedida, DataColeta, PostoCNPJ, CombustivelID) VALUES (4.690, 'R$ / litro', '2023-05-15', '01635041000206', (SELECT ID_Combustivel FROM COMBUSTIVEL WHERE Nome = 'ETANOL'));
INSERT INTO PRECO_COLETADO (Preco, UnidadeMedida, DataColeta, PostoCNPJ, CombustivelID) VALUES (4.690, 'R$ / litro', '2023-05-23', '01635041000206', (SELECT ID_Combustivel FROM COMBUSTIVEL WHERE Nome = 'ETANOL'));
INSERT INTO PRECO_COLETADO (Preco, UnidadeMedida, DataColeta, PostoCNPJ, CombustivelID) VALUES (4.690, 'R$ / litro', '2023-05-30', '01635041000206', (SELECT ID_Combustivel FROM COMBUSTIVEL WHERE Nome = 'ETANOL'));
INSERT INTO PRECO_COLETADO (Preco, UnidadeMedida, DataColeta, PostoCNPJ, CombustivelID) VALUES (4.690, 'R$ / litro', '2023-06-05', '01635041000206', (SELECT ID_Combustivel FROM COMBUSTIVEL WHERE Nome = 'ETANOL'));
INSERT INTO PRECO_COLETADO (Preco, UnidadeMedida, DataColeta, PostoCNPJ, CombustivelID) VALUES (4.690, 'R$ / litro', '2023-06-13', '01635041000206', (SELECT ID_Combustivel FROM COMBUSTIVEL WHERE Nome = 'ETANOL'));
INSERT INTO PRECO_COLETADO (Preco, UnidadeMedida, DataColeta, PostoCNPJ, CombustivelID) VALUES (4.690, 'R$ / litro', '2023-06-20', '01635041000206', (SELECT ID_Combustivel FROM COMBUSTIVEL WHERE Nome = 'ETANOL'));
INSERT INTO PRECO_COLETADO (Preco, UnidadeMedida, DataColeta, PostoCNPJ, CombustivelID) VALUES (4.390, 'R$ / litro', '2023-06-27', '01635041000206', (SELECT ID_Combustivel FROM COMBUSTIVEL WHERE Nome = 'ETANOL'));
INSERT INTO PRECO_COLETADO (Preco, UnidadeMedida, DataColeta, PostoCNPJ, CombustivelID) VALUES (4.390, 'R$ / litro', '2023-07-04', '01635041000206', (SELECT ID_Combustivel FROM COMBUSTIVEL WHERE Nome = 'ETANOL'));
INSERT INTO PRECO_COLETADO (Preco, UnidadeMedida, DataColeta, PostoCNPJ, CombustivelID) VALUES (4.390, 'R$ / litro', '2023-07-10', '01635041000206', (SELECT ID_Combustivel FROM COMBUSTIVEL WHERE Nome = 'ETANOL'));
INSERT INTO PRECO_COLETADO (Preco, UnidadeMedida, DataColeta, PostoCNPJ, CombustivelID) VALUES (4.390, 'R$ / litro', '2023-07-17', '01635041000206', (SELECT ID_Combustivel FROM COMBUSTIVEL WHERE Nome = 'ETANOL'));
INSERT INTO PRECO_COLETADO (Preco, UnidadeMedida, DataColeta, PostoCNPJ, CombustivelID) VALUES (4.390, 'R$ / litro', '2023-07-24', '01635041000206', (SELECT ID_Combustivel FROM COMBUSTIVEL WHERE Nome = 'ETANOL'));
INSERT INTO PRECO_COLETADO (Preco, UnidadeMedida, DataColeta, PostoCNPJ, CombustivelID) VALUES (4.390, 'R$ / litro', '2023-07-31', '01635041000206', (SELECT ID_Combustivel FROM COMBUSTIVEL WHERE Nome = 'ETANOL'));
INSERT INTO PRECO_COLETADO (Preco, UnidadeMedida, DataColeta, PostoCNPJ, CombustivelID) VALUES (4.390, 'R$ / litro', '2023-08-07', '01635041000206', (SELECT ID_Combustivel FROM COMBUSTIVEL WHERE Nome = 'ETANOL'));
INSERT INTO PRECO_COLETADO (Preco, UnidadeMedida, DataColeta, PostoCNPJ, CombustivelID) VALUES (4.390, 'R$ / litro', '2023-08-15', '01635041000206', (SELECT ID_Combustivel FROM COMBUSTIVEL WHERE Nome = 'ETANOL'));
INSERT INTO PRECO_COLETADO (Preco, UnidadeMedida, DataColeta, PostoCNPJ, CombustivelID) VALUES (4.390, 'R$ / litro', '2023-08-22', '01635041000206', (SELECT ID_Combustivel FROM COMBUSTIVEL WHERE Nome = 'ETANOL'));
INSERT INTO PRECO_COLETADO (Preco, UnidadeMedida, DataColeta, PostoCNPJ, CombustivelID) VALUES (4.390, 'R$ / litro', '2023-08-30', '01635041000206', (SELECT ID_Combustivel FROM COMBUSTIVEL WHERE Nome = 'ETANOL'));
INSERT INTO PRECO_COLETADO (Preco, UnidadeMedida, DataColeta, PostoCNPJ, CombustivelID) VALUES (4.390, 'R$ / litro', '2023-09-07', '01635041000206', (SELECT ID_Combustivel FROM COMBUSTIVEL WHERE Nome = 'ETANOL'));
INSERT INTO PRECO_COLETADO (Preco, UnidadeMedida, DataColeta, PostoCNPJ, CombustivelID) VALUES (4.390, 'R$ / litro', '2023-09-12', '01635041000206', (SELECT ID_Combustivel FROM COMBUSTIVEL WHERE Nome = 'ETANOL'));
INSERT INTO PRECO_COLETADO (Preco, UnidadeMedida, DataColeta, PostoCNPJ, CombustivelID) VALUES (4.390, 'R$ / litro', '2023-09-19', '01635041000206', (SELECT ID_Combustivel FROM COMBUSTIVEL WHERE Nome = 'ETANOL'));
INSERT INTO PRECO_COLETADO (Preco, UnidadeMedida, DataColeta, PostoCNPJ, CombustivelID) VALUES (4.390, 'R$ / litro', '2023-09-26', '01635041000206', (SELECT ID_Combustivel FROM COMBUSTIVEL WHERE Nome = 'ETANOL'));
INSERT INTO PRECO_COLETADO (Preco, UnidadeMedida, DataColeta, PostoCNPJ, CombustivelID) VALUES (4.390, 'R$ / litro', '2023-10-03', '01635041000206', (SELECT ID_Combustivel FROM COMBUSTIVEL WHERE Nome = 'ETANOL'));
INSERT INTO PRECO_COLETADO (Preco, UnidadeMedida, DataColeta, PostoCNPJ, CombustivelID) VALUES (4.390, 'R$ / litro', '2023-10-10', '01635041000206', (SELECT ID_Combustivel FROM COMBUSTIVEL WHERE Nome = 'ETANOL'));
INSERT INTO PRECO_COLETADO (Preco, UnidadeMedida, DataColeta, PostoCNPJ, CombustivelID) VALUES (4.390, 'R$ / litro', '2023-10-16', '01635041000206', (SELECT ID_Combustivel FROM COMBUSTIVEL WHERE Nome = 'ETANOL'));
INSERT INTO PRECO_COLETADO (Preco, UnidadeMedida, DataColeta, PostoCNPJ, CombustivelID) VALUES (4.390, 'R$ / litro', '2023-10-24', '01635041000206', (SELECT ID_Combustivel FROM COMBUSTIVEL WHERE Nome = 'ETANOL'));
INSERT INTO PRECO_COLETADO (Preco, UnidadeMedida, DataColeta, PostoCNPJ, CombustivelID) VALUES (4.390, 'R$ / litro', '2023-10-31', '01635041000206', (SELECT ID_Combustivel FROM COMBUSTIVEL WHERE Nome = 'ETANOL'));
INSERT INTO PRECO_COLETADO (Preco, UnidadeMedida, DataColeta, PostoCNPJ, CombustivelID) VALUES (4.390, 'R$ / litro', '2023-11-07', '01635041000206', (SELECT ID_Combustivel FROM COMBUSTIVEL WHERE Nome = 'ETANOL'));
INSERT INTO PRECO_COLETADO (Preco, UnidadeMedida, DataColeta, PostoCNPJ, CombustivelID) VALUES (4.390, 'R$ / litro', '2023-11-14', '01635041000206', (SELECT ID_Combustivel FROM COMBUSTIVEL WHERE Nome = 'ETANOL'));
INSERT INTO PRECO_COLETADO (Preco, UnidadeMedida, DataColeta, PostoCNPJ, CombustivelID) VALUES (4.390, 'R$ / litro', '2023-11-21', '01635041000206', (SELECT ID_Combustivel FROM COMBUSTIVEL WHERE Nome = 'ETANOL'));
INSERT INTO PRECO_COLETADO (Preco, UnidadeMedida, DataColeta, PostoCNPJ, CombustivelID) VALUES (4.390, 'R$ / litro', '2023-11-28', '01635041000206', (SELECT ID_Combustivel FROM COMBUSTIVEL WHERE Nome = 'ETANOL'));
INSERT INTO PRECO_COLETADO (Preco, UnidadeMedida, DataColeta, PostoCNPJ, CombustivelID) VALUES (4.390, 'R$ / litro', '2023-12-06', '01635041000206', (SELECT ID_Combustivel FROM COMBUSTIVEL WHERE Nome = 'ETANOL'));
INSERT INTO PRECO_COLETADO (Preco, UnidadeMedida, DataColeta, PostoCNPJ, CombustivelID) VALUES (4.390, 'R$ / litro', '2023-12-13', '01635041000206', (SELECT ID_Combustivel FROM COMBUSTIVEL WHERE Nome = 'ETANOL'));
INSERT INTO PRECO_COLETADO (Preco, UnidadeMedida, DataColeta, PostoCNPJ, CombustivelID) VALUES (4.290, 'R$ / litro', '2023-12-20', '01635041000206', (SELECT ID_Combustivel FROM COMBUSTIVEL WHERE Nome = 'ETANOL'));
INSERT INTO PRECO_COLETADO (Preco, UnidadeMedida, DataColeta, PostoCNPJ, CombustivelID) VALUES (4.290, 'R$ / litro', '2023-12-26', '01635041000206', (SELECT ID_Combustivel FROM COMBUSTIVEL WHERE Nome = 'ETANOL'));
INSERT INTO PRECO_COLETADO (Preco, UnidadeMedida, DataColeta, PostoCNPJ, CombustivelID) VALUES (4.290, 'R$ / litro', '2024-01-05', '01635041000206', (SELECT ID_Combustivel FROM COMBUSTIVEL WHERE Nome = 'ETANOL'));
INSERT INTO PRECO_COLETADO (Preco, UnidadeMedida, DataColeta, PostoCNPJ, CombustivelID) VALUES (4.290, 'R$ / litro', '2024-01-08', '01635041000206', (SELECT ID_Combustivel FROM COMBUSTIVEL WHERE Nome = 'ETANOL'));
INSERT INTO PRECO_COLETADO (Preco, UnidadeMedida, DataColeta, PostoCNPJ, CombustivelID) VALUES (4.390, 'R$ / litro', '2024-01-15', '01635041000206', (SELECT ID_Combustivel FROM COMBUSTIVEL WHERE Nome = 'ETANOL'));
INSERT INTO PRECO_COLETADO (Preco, UnidadeMedida, DataColeta, PostoCNPJ, CombustivelID) VALUES (3.790, 'R$ / litro', '2024-01-29', '01635041000206', (SELECT ID_Combustivel FROM COMBUSTIVEL WHERE Nome = 'ETANOL'));
INSERT INTO PRECO_COLETADO (Preco, UnidadeMedida, DataColeta, PostoCNPJ, CombustivelID) VALUES (3.790, 'R$ / litro', '2024-02-05', '01635041000206', (SELECT ID_Combustivel FROM COMBUSTIVEL WHERE Nome = 'ETANOL'));
INSERT INTO PRECO_COLETADO (Preco, UnidadeMedida, DataColeta, PostoCNPJ, CombustivelID) VALUES (3.990, 'R$ / litro', '2024-02-12', '01635041000206', (SELECT ID_Combustivel FROM COMBUSTIVEL WHERE Nome = 'ETANOL'));
INSERT INTO PRECO_COLETADO (Preco, UnidadeMedida, DataColeta, PostoCNPJ, CombustivelID) VALUES (3.990, 'R$ / litro', '2024-02-19', '01635041000206', (SELECT ID_Combustivel FROM COMBUSTIVEL WHERE Nome = 'ETANOL'));
INSERT INTO PRECO_COLETADO (Preco, UnidadeMedida, DataColeta, PostoCNPJ, CombustivelID) VALUES (3.990, 'R$ / litro', '2024-02-26', '01635041000206', (SELECT ID_Combustivel FROM COMBUSTIVEL WHERE Nome = 'ETANOL'));
INSERT INTO PRECO_COLETADO (Preco, UnidadeMedida, DataColeta, PostoCNPJ, CombustivelID) VALUES (3.990, 'R$ / litro', '2024-03-04', '01635041000206', (SELECT ID_Combustivel FROM COMBUSTIVEL WHERE Nome = 'ETANOL'));
INSERT INTO PRECO_COLETADO (Preco, UnidadeMedida, DataColeta, PostoCNPJ, CombustivelID) VALUES (3.990, 'R$ / litro', '2024-03-11', '01635041000206', (SELECT ID_Combustivel FROM COMBUSTIVEL WHERE Nome = 'ETANOL'));
INSERT INTO PRECO_COLETADO (Preco, UnidadeMedida, DataColeta, PostoCNPJ, CombustivelID) VALUES (3.990, 'R$ / litro', '2024-03-18', '01635041000206', (SELECT ID_Combustivel FROM COMBUSTIVEL WHERE Nome = 'ETANOL'));
INSERT INTO PRECO_COLETADO (Preco, UnidadeMedida, DataColeta, PostoCNPJ, CombustivelID) VALUES (3.990, 'R$ / litro', '2024-03-25', '01635041000206', (SELECT ID_Combustivel FROM COMBUSTIVEL WHERE Nome = 'ETANOL'));
INSERT INTO PRECO_COLETADO (Preco, UnidadeMedida, DataColeta, PostoCNPJ, CombustivelID) VALUES (3.890, 'R$ / litro', '2024-04-01', '01635041000206', (SELECT ID_Combustivel FROM COMBUSTIVEL WHERE Nome = 'ETANOL'));
INSERT INTO PRECO_COLETADO (Preco, UnidadeMedida, DataColeta, PostoCNPJ, CombustivelID) VALUES (3.890, 'R$ / litro', '2024-04-08', '01635041000206', (SELECT ID_Combustivel FROM COMBUSTIVEL WHERE Nome = 'ETANOL'));
INSERT INTO PRECO_COLETADO (Preco, UnidadeMedida, DataColeta, PostoCNPJ, CombustivelID) VALUES (3.890, 'R$ / litro', '2024-04-15', '01635041000206', (SELECT ID_Combustivel FROM COMBUSTIVEL WHERE Nome = 'ETANOL'));
INSERT INTO PRECO_COLETADO (Preco, UnidadeMedida, DataColeta, PostoCNPJ, CombustivelID) VALUES (3.890, 'R$ / litro', '2024-04-22', '01635041000206', (SELECT ID_Combustivel FROM COMBUSTIVEL WHERE Nome = 'ETANOL'));
INSERT INTO PRECO_COLETADO (Preco, UnidadeMedida, DataColeta, PostoCNPJ, CombustivelID) VALUES (3.990, 'R$ / litro', '2024-04-29', '01635041000206', (SELECT ID_Combustivel FROM COMBUSTIVEL WHERE Nome = 'ETANOL'));
INSERT INTO PRECO_COLETADO (Preco, UnidadeMedida, DataColeta, PostoCNPJ, CombustivelID) VALUES (3.990, 'R$ / litro', '2024-05-06', '01635041000206', (SELECT ID_Combustivel FROM COMBUSTIVEL WHERE Nome = 'ETANOL'));
INSERT INTO PRECO_COLETADO (Preco, UnidadeMedida, DataColeta, PostoCNPJ, CombustivelID) VALUES (3.990, 'R$ / litro', '2024-05-13', '01635041000206', (SELECT ID_Combustivel FROM COMBUSTIVEL WHERE Nome = 'ETANOL'));
INSERT INTO PRECO_COLETADO (Preco, UnidadeMedida, DataColeta, PostoCNPJ, CombustivelID) VALUES (3.990, 'R$ / litro', '2024-05-20', '01635041000206', (SELECT ID_Combustivel FROM COMBUSTIVEL WHERE Nome = 'ETANOL'));
INSERT INTO PRECO_COLETADO (Preco, UnidadeMedida, DataColeta, PostoCNPJ, CombustivelID) VALUES (3.990, 'R$ / litro', '2024-05-27', '01635041000206', (SELECT ID_Combustivel FROM COMBUSTIVEL WHERE Nome = 'ETANOL'));
INSERT INTO PRECO_COLETADO (Preco, UnidadeMedida, DataColeta, PostoCNPJ, CombustivelID) VALUES (3.990, 'R$ / litro', '2024-06-03', '01635041000206', (SELECT ID_Combustivel FROM COMBUSTIVEL WHERE Nome = 'ETANOL'));
INSERT INTO PRECO_COLETADO (Preco, UnidadeMedida, DataColeta, PostoCNPJ, CombustivelID) VALUES (3.990, 'R$ / litro', '2024-06-17', '01635041000206', (SELECT ID_Combustivel FROM COMBUSTIVEL WHERE Nome = 'ETANOL'));
INSERT INTO PRECO_COLETADO (Preco, UnidadeMedida, DataColeta, PostoCNPJ, CombustivelID) VALUES (3.990, 'R$ / litro', '2024-06-24', '01635041000206', (SELECT ID_Combustivel FROM COMBUSTIVEL WHERE Nome = 'ETANOL'));
INSERT INTO PRECO_COLETADO (Preco, UnidadeMedida, DataColeta, PostoCNPJ, CombustivelID) VALUES (3.990, 'R$ / litro', '2024-07-01', '01635041000206', (SELECT ID_Combustivel FROM COMBUSTIVEL WHERE Nome = 'ETANOL'));
INSERT INTO PRECO_COLETADO (Preco, UnidadeMedida, DataColeta, PostoCNPJ, CombustivelID) VALUES (3.990, 'R$ / litro', '2024-07-09', '01635041000206', (SELECT ID_Combustivel FROM COMBUSTIVEL WHERE Nome = 'ETANOL'));
INSERT INTO PRECO_COLETADO (Preco, UnidadeMedida, DataColeta, PostoCNPJ, CombustivelID) VALUES (4.290, 'R$ / litro', '2024-07-16', '01635041000206', (SELECT ID_Combustivel FROM COMBUSTIVEL WHERE Nome = 'ETANOL'));
INSERT INTO PRECO_COLETADO (Preco, UnidadeMedida, DataColeta, PostoCNPJ, CombustivelID) VALUES (4.290, 'R$ / litro', '2024-07-22', '01635041000206', (SELECT ID_Combustivel FROM COMBUSTIVEL WHERE Nome = 'ETANOL'));
INSERT INTO PRECO_COLETADO (Preco, UnidadeMedida, DataColeta, PostoCNPJ, CombustivelID) VALUES (4.290, 'R$ / litro', '2024-07-29', '01635041000206', (SELECT ID_Combustivel FROM COMBUSTIVEL WHERE Nome = 'ETANOL'));
INSERT INTO PRECO_COLETADO (Preco, UnidadeMedida, DataColeta, PostoCNPJ, CombustivelID) VALUES (4.290, 'R$ / litro', '2024-08-05', '01635041000206', (SELECT ID_Combustivel FROM COMBUSTIVEL WHERE Nome = 'ETANOL'));
INSERT INTO PRECO_COLETADO (Preco, UnidadeMedida, DataColeta, PostoCNPJ, CombustivelID) VALUES (4.290, 'R$ / litro', '2024-08-12', '01635041000206', (SELECT ID_Combustivel FROM COMBUSTIVEL WHERE Nome = 'ETANOL'));
INSERT INTO PRECO_COLETADO (Preco, UnidadeMedida, DataColeta, PostoCNPJ, CombustivelID) VALUES (4.290, 'R$ / litro', '2024-08-20', '01635041000206', (SELECT ID_Combustivel FROM COMBUSTIVEL WHERE Nome = 'ETANOL'));
INSERT INTO PRECO_COLETADO (Preco, UnidadeMedida, DataColeta, PostoCNPJ, CombustivelID) VALUES (4.290, 'R$ / litro', '2024-08-26', '01635041000206', (SELECT ID_Combustivel FROM COMBUSTIVEL WHERE Nome = 'ETANOL'));
INSERT INTO PRECO_COLETADO (Preco, UnidadeMedida, DataColeta, PostoCNPJ, CombustivelID) VALUES (4.390, 'R$ / litro', '2024-09-02', '01635041000206', (SELECT ID_Combustivel FROM COMBUSTIVEL WHERE Nome = 'ETANOL'));
INSERT INTO PRECO_COLETADO (Preco, UnidadeMedida, DataColeta, PostoCNPJ, CombustivelID) VALUES (7.090, 'R$ / litro', '2022-08-04', '01635041000206', (SELECT ID_Combustivel FROM COMBUSTIVEL WHERE Nome = 'DIESEL S500'));
INSERT INTO PRECO_COLETADO (Preco, UnidadeMedida, DataColeta, PostoCNPJ, CombustivelID) VALUES (7.090, 'R$ / litro', '2022-08-08', '01635041000206', (SELECT ID_Combustivel FROM COMBUSTIVEL WHERE Nome = 'DIESEL S500'));
INSERT INTO PRECO_COLETADO (Preco, UnidadeMedida, DataColeta, PostoCNPJ, CombustivelID) VALUES (7.090, 'R$ / litro', '2022-08-15', '01635041000206', (SELECT ID_Combustivel FROM COMBUSTIVEL WHERE Nome = 'DIESEL S500'));
INSERT INTO PRECO_COLETADO (Preco, UnidadeMedida, DataColeta, PostoCNPJ, CombustivelID) VALUES (6.790, 'R$ / litro', '2022-08-24', '01635041000206', (SELECT ID_Combustivel FROM COMBUSTIVEL WHERE Nome = 'DIESEL S500'));
INSERT INTO PRECO_COLETADO (Preco, UnidadeMedida, DataColeta, PostoCNPJ, CombustivelID) VALUES (6.790, 'R$ / litro', '2022-09-01', '01635041000206', (SELECT ID_Combustivel FROM COMBUSTIVEL WHERE Nome = 'DIESEL S500'));
INSERT INTO PRECO_COLETADO (Preco, UnidadeMedida, DataColeta, PostoCNPJ, CombustivelID) VALUES (6.790, 'R$ / litro', '2022-10-24', '01635041000206', (SELECT ID_Combustivel FROM COMBUSTIVEL WHERE Nome = 'DIESEL S500'));
INSERT INTO PRECO_COLETADO (Preco, UnidadeMedida, DataColeta, PostoCNPJ, CombustivelID) VALUES (6.790, 'R$ / litro', '2022-10-31', '01635041000206', (SELECT ID_Combustivel FROM COMBUSTIVEL WHERE Nome = 'DIESEL S500'));
INSERT INTO PRECO_COLETADO (Preco, UnidadeMedida, DataColeta, PostoCNPJ, CombustivelID) VALUES (6.790, 'R$ / litro', '2022-11-14', '01635041000206', (SELECT ID_Combustivel FROM COMBUSTIVEL WHERE Nome = 'DIESEL S500'));
INSERT INTO PRECO_COLETADO (Preco, UnidadeMedida, DataColeta, PostoCNPJ, CombustivelID) VALUES (6.790, 'R$ / litro', '2022-11-22', '01635041000206', (SELECT ID_Combustivel FROM COMBUSTIVEL WHERE Nome = 'DIESEL S500'));
INSERT INTO PRECO_COLETADO (Preco, UnidadeMedida, DataColeta, PostoCNPJ, CombustivelID) VALUES (6.290, 'R$ / litro', '2022-12-05', '01635041000206', (SELECT ID_Combustivel FROM COMBUSTIVEL WHERE Nome = 'DIESEL S500'));
INSERT INTO PRECO_COLETADO (Preco, UnidadeMedida, DataColeta, PostoCNPJ, CombustivelID) VALUES (6.290, 'R$ / litro', '2022-12-12', '01635041000206', (SELECT ID_Combustivel FROM COMBUSTIVEL WHERE Nome = 'DIESEL S500'));
INSERT INTO PRECO_COLETADO (Preco, UnidadeMedida, DataColeta, PostoCNPJ, CombustivelID) VALUES (5.990, 'R$ / litro', '2022-12-22', '01635041000206', (SELECT ID_Combustivel FROM COMBUSTIVEL WHERE Nome = 'DIESEL S500'));
INSERT INTO PRECO_COLETADO (Preco, UnidadeMedida, DataColeta, PostoCNPJ, CombustivelID) VALUES (5.990, 'R$ / litro', '2022-12-26', '01635041000206', (SELECT ID_Combustivel FROM COMBUSTIVEL WHERE Nome = 'DIESEL S500'));
INSERT INTO PRECO_COLETADO (Preco, UnidadeMedida, DataColeta, PostoCNPJ, CombustivelID) VALUES (5.990, 'R$ / litro', '2023-01-03', '01635041000206', (SELECT ID_Combustivel FROM COMBUSTIVEL WHERE Nome = 'DIESEL S500'));
INSERT INTO PRECO_COLETADO (Preco, UnidadeMedida, DataColeta, PostoCNPJ, CombustivelID) VALUES (5.990, 'R$ / litro', '2023-01-10', '01635041000206', (SELECT ID_Combustivel FROM COMBUSTIVEL WHERE Nome = 'DIESEL S500'));
INSERT INTO PRECO_COLETADO (Preco, UnidadeMedida, DataColeta, PostoCNPJ, CombustivelID) VALUES (5.990, 'R$ / litro', '2023-01-16', '01635041000206', (SELECT ID_Combustivel FROM COMBUSTIVEL WHERE Nome = 'DIESEL S500'));
INSERT INTO PRECO_COLETADO (Preco, UnidadeMedida, DataColeta, PostoCNPJ, CombustivelID) VALUES (5.990, 'R$ / litro', '2023-01-23', '01635041000206', (SELECT ID_Combustivel FROM COMBUSTIVEL WHERE Nome = 'DIESEL S500'));
INSERT INTO PRECO_COLETADO (Preco, UnidadeMedida, DataColeta, PostoCNPJ, CombustivelID) VALUES (5.990, 'R$ / litro', '2023-01-30', '01635041000206', (SELECT ID_Combustivel FROM COMBUSTIVEL WHERE Nome = 'DIESEL S500'));
INSERT INTO PRECO_COLETADO (Preco, UnidadeMedida, DataColeta, PostoCNPJ, CombustivelID) VALUES (5.990, 'R$ / litro', '2023-02-06', '01635041000206', (SELECT ID_Combustivel FROM COMBUSTIVEL WHERE Nome = 'DIESEL S500'));
INSERT INTO PRECO_COLETADO (Preco, UnidadeMedida, DataColeta, PostoCNPJ, CombustivelID) VALUES (5.990, 'R$ / litro', '2023-02-13', '01635041000206', (SELECT ID_Combustivel FROM COMBUSTIVEL WHERE Nome = 'DIESEL S500'));
INSERT INTO PRECO_COLETADO (Preco, UnidadeMedida, DataColeta, PostoCNPJ, CombustivelID) VALUES (5.990, 'R$ / litro', '2023-02-20', '01635041000206', (SELECT ID_Combustivel FROM COMBUSTIVEL WHERE Nome = 'DIESEL S500'));
INSERT INTO PRECO_COLETADO (Preco, UnidadeMedida, DataColeta, PostoCNPJ, CombustivelID) VALUES (5.990, 'R$ / litro', '2023-02-27', '01635041000206', (SELECT ID_Combustivel FROM COMBUSTIVEL WHERE Nome = 'DIESEL S500'));
INSERT INTO PRECO_COLETADO (Preco, UnidadeMedida, DataColeta, PostoCNPJ, CombustivelID) VALUES (5.690, 'R$ / litro', '2023-03-06', '01635041000206', (SELECT ID_Combustivel FROM COMBUSTIVEL WHERE Nome = 'DIESEL S500'));
INSERT INTO PRECO_COLETADO (Preco, UnidadeMedida, DataColeta, PostoCNPJ, CombustivelID) VALUES (5.690, 'R$ / litro', '2023-03-16', '01635041000206', (SELECT ID_Combustivel FROM COMBUSTIVEL WHERE Nome = 'DIESEL S500'));
INSERT INTO PRECO_COLETADO (Preco, UnidadeMedida, DataColeta, PostoCNPJ, CombustivelID) VALUES (5.690, 'R$ / litro', '2023-03-21', '01635041000206', (SELECT ID_Combustivel FROM COMBUSTIVEL WHERE Nome = 'DIESEL S500'));
INSERT INTO PRECO_COLETADO (Preco, UnidadeMedida, DataColeta, PostoCNPJ, CombustivelID) VALUES (5.690, 'R$ / litro', '2023-03-27', '01635041000206', (SELECT ID_Combustivel FROM COMBUSTIVEL WHERE Nome = 'DIESEL S500'));
INSERT INTO PRECO_COLETADO (Preco, UnidadeMedida, DataColeta, PostoCNPJ, CombustivelID) VALUES (5.690, 'R$ / litro', '2023-04-04', '01635041000206', (SELECT ID_Combustivel FROM COMBUSTIVEL WHERE Nome = 'DIESEL S500'));
INSERT INTO PRECO_COLETADO (Preco, UnidadeMedida, DataColeta, PostoCNPJ, CombustivelID) VALUES (5.590, 'R$ / litro', '2023-04-11', '01635041000206', (SELECT ID_Combustivel FROM COMBUSTIVEL WHERE Nome = 'DIESEL S500'));
INSERT INTO PRECO_COLETADO (Preco, UnidadeMedida, DataColeta, PostoCNPJ, CombustivelID) VALUES (5.590, 'R$ / litro', '2023-04-17', '01635041000206', (SELECT ID_Combustivel FROM COMBUSTIVEL WHERE Nome = 'DIESEL S500'));
INSERT INTO PRECO_COLETADO (Preco, UnidadeMedida, DataColeta, PostoCNPJ, CombustivelID) VALUES (5.590, 'R$ / litro', '2023-04-24', '01635041000206', (SELECT ID_Combustivel FROM COMBUSTIVEL WHERE Nome = 'DIESEL S500'));
INSERT INTO PRECO_COLETADO (Preco, UnidadeMedida, DataColeta, PostoCNPJ, CombustivelID) VALUES (5.590, 'R$ / litro', '2023-05-03', '01635041000206', (SELECT ID_Combustivel FROM COMBUSTIVEL WHERE Nome = 'DIESEL S500'));
INSERT INTO PRECO_COLETADO (Preco, UnidadeMedida, DataColeta, PostoCNPJ, CombustivelID) VALUES (5.590, 'R$ / litro', '2023-05-09', '01635041000206', (SELECT ID_Combustivel FROM COMBUSTIVEL WHERE Nome = 'DIESEL S500'));
INSERT INTO PRECO_COLETADO (Preco, UnidadeMedida, DataColeta, PostoCNPJ, CombustivelID) VALUES (5.490, 'R$ / litro', '2023-05-15', '01635041000206', (SELECT ID_Combustivel FROM COMBUSTIVEL WHERE Nome = 'DIESEL S500'));
INSERT INTO PRECO_COLETADO (Preco, UnidadeMedida, DataColeta, PostoCNPJ, CombustivelID) VALUES (5.390, 'R$ / litro', '2023-05-23', '01635041000206', (SELECT ID_Combustivel FROM COMBUSTIVEL WHERE Nome = 'DIESEL S500'));
INSERT INTO PRECO_COLETADO (Preco, UnidadeMedida, DataColeta, PostoCNPJ, CombustivelID) VALUES (5.390, 'R$ / litro', '2023-05-30', '01635041000206', (SELECT ID_Combustivel FROM COMBUSTIVEL WHERE Nome = 'DIESEL S500'));
INSERT INTO PRECO_COLETADO (Preco, UnidadeMedida, DataColeta, PostoCNPJ, CombustivelID) VALUES (5.390, 'R$ / litro', '2023-06-05', '01635041000206', (SELECT ID_Combustivel FROM COMBUSTIVEL WHERE Nome = 'DIESEL S500'));
INSERT INTO PRECO_COLETADO (Preco, UnidadeMedida, DataColeta, PostoCNPJ, CombustivelID) VALUES (5.090, 'R$ / litro', '2023-06-13', '01635041000206', (SELECT ID_Combustivel FROM COMBUSTIVEL WHERE Nome = 'DIESEL S500'));
INSERT INTO PRECO_COLETADO (Preco, UnidadeMedida, DataColeta, PostoCNPJ, CombustivelID) VALUES (5.090, 'R$ / litro', '2023-06-20', '01635041000206', (SELECT ID_Combustivel FROM COMBUSTIVEL WHERE Nome = 'DIESEL S500'));
INSERT INTO PRECO_COLETADO (Preco, UnidadeMedida, DataColeta, PostoCNPJ, CombustivelID) VALUES (5.090, 'R$ / litro', '2023-06-27', '01635041000206', (SELECT ID_Combustivel FROM COMBUSTIVEL WHERE Nome = 'DIESEL S500'));
INSERT INTO PRECO_COLETADO (Preco, UnidadeMedida, DataColeta, PostoCNPJ, CombustivelID) VALUES (5.090, 'R$ / litro', '2023-07-04', '01635041000206', (SELECT ID_Combustivel FROM COMBUSTIVEL WHERE Nome = 'DIESEL S500'));
INSERT INTO PRECO_COLETADO (Preco, UnidadeMedida, DataColeta, PostoCNPJ, CombustivelID) VALUES (5.090, 'R$ / litro', '2023-07-10', '01635041000206', (SELECT ID_Combustivel FROM COMBUSTIVEL WHERE Nome = 'DIESEL S500'));
INSERT INTO PRECO_COLETADO (Preco, UnidadeMedida, DataColeta, PostoCNPJ, CombustivelID) VALUES (5.090, 'R$ / litro', '2023-07-17', '01635041000206', (SELECT ID_Combustivel FROM COMBUSTIVEL WHERE Nome = 'DIESEL S500'));
INSERT INTO PRECO_COLETADO (Preco, UnidadeMedida, DataColeta, PostoCNPJ, CombustivelID) VALUES (5.090, 'R$ / litro', '2023-07-24', '01635041000206', (SELECT ID_Combustivel FROM COMBUSTIVEL WHERE Nome = 'DIESEL S500'));
INSERT INTO PRECO_COLETADO (Preco, UnidadeMedida, DataColeta, PostoCNPJ, CombustivelID) VALUES (5.090, 'R$ / litro', '2023-07-31', '01635041000206', (SELECT ID_Combustivel FROM COMBUSTIVEL WHERE Nome = 'DIESEL S500'));
INSERT INTO PRECO_COLETADO (Preco, UnidadeMedida, DataColeta, PostoCNPJ, CombustivelID) VALUES (5.090, 'R$ / litro', '2023-08-07', '01635041000206', (SELECT ID_Combustivel FROM COMBUSTIVEL WHERE Nome = 'DIESEL S500'));
INSERT INTO PRECO_COLETADO (Preco, UnidadeMedida, DataColeta, PostoCNPJ, CombustivelID) VALUES (5.090, 'R$ / litro', '2023-08-15', '01635041000206', (SELECT ID_Combustivel FROM COMBUSTIVEL WHERE Nome = 'DIESEL S500'));
INSERT INTO PRECO_COLETADO (Preco, UnidadeMedida, DataColeta, PostoCNPJ, CombustivelID) VALUES (5.990, 'R$ / litro', '2023-08-22', '01635041000206', (SELECT ID_Combustivel FROM COMBUSTIVEL WHERE Nome = 'DIESEL S500'));
INSERT INTO PRECO_COLETADO (Preco, UnidadeMedida, DataColeta, PostoCNPJ, CombustivelID) VALUES (5.990, 'R$ / litro', '2023-08-30', '01635041000206', (SELECT ID_Combustivel FROM COMBUSTIVEL WHERE Nome = 'DIESEL S500'));
INSERT INTO PRECO_COLETADO (Preco, UnidadeMedida, DataColeta, PostoCNPJ, CombustivelID) VALUES (5.990, 'R$ / litro', '2023-09-07', '01635041000206', (SELECT ID_Combustivel FROM COMBUSTIVEL WHERE Nome = 'DIESEL S500'));
INSERT INTO PRECO_COLETADO (Preco, UnidadeMedida, DataColeta, PostoCNPJ, CombustivelID) VALUES (5.990, 'R$ / litro', '2023-09-12', '01635041000206', (SELECT ID_Combustivel FROM COMBUSTIVEL WHERE Nome = 'DIESEL S500'));
INSERT INTO PRECO_COLETADO (Preco, UnidadeMedida, DataColeta, PostoCNPJ, CombustivelID) VALUES (5.990, 'R$ / litro', '2023-09-19', '01635041000206', (SELECT ID_Combustivel FROM COMBUSTIVEL WHERE Nome = 'DIESEL S500'));
INSERT INTO PRECO_COLETADO (Preco, UnidadeMedida, DataColeta, PostoCNPJ, CombustivelID) VALUES (5.990, 'R$ / litro', '2023-09-26', '01635041000206', (SELECT ID_Combustivel FROM COMBUSTIVEL WHERE Nome = 'DIESEL S500'));
INSERT INTO PRECO_COLETADO (Preco, UnidadeMedida, DataColeta, PostoCNPJ, CombustivelID) VALUES (5.990, 'R$ / litro', '2023-10-03', '01635041000206', (SELECT ID_Combustivel FROM COMBUSTIVEL WHERE Nome = 'DIESEL S500'));
INSERT INTO PRECO_COLETADO (Preco, UnidadeMedida, DataColeta, PostoCNPJ, CombustivelID) VALUES (5.990, 'R$ / litro', '2023-10-10', '01635041000206', (SELECT ID_Combustivel FROM COMBUSTIVEL WHERE Nome = 'DIESEL S500'));
INSERT INTO PRECO_COLETADO (Preco, UnidadeMedida, DataColeta, PostoCNPJ, CombustivelID) VALUES (5.990, 'R$ / litro', '2023-10-16', '01635041000206', (SELECT ID_Combustivel FROM COMBUSTIVEL WHERE Nome = 'DIESEL S500'));
INSERT INTO PRECO_COLETADO (Preco, UnidadeMedida, DataColeta, PostoCNPJ, CombustivelID) VALUES (6.190, 'R$ / litro', '2023-10-24', '01635041000206', (SELECT ID_Combustivel FROM COMBUSTIVEL WHERE Nome = 'DIESEL S500'));
INSERT INTO PRECO_COLETADO (Preco, UnidadeMedida, DataColeta, PostoCNPJ, CombustivelID) VALUES (6.190, 'R$ / litro', '2023-10-31', '01635041000206', (SELECT ID_Combustivel FROM COMBUSTIVEL WHERE Nome = 'DIESEL S500'));
INSERT INTO PRECO_COLETADO (Preco, UnidadeMedida, DataColeta, PostoCNPJ, CombustivelID) VALUES (6.190, 'R$ / litro', '2023-11-07', '01635041000206', (SELECT ID_Combustivel FROM COMBUSTIVEL WHERE Nome = 'DIESEL S500'));
INSERT INTO PRECO_COLETADO (Preco, UnidadeMedida, DataColeta, PostoCNPJ, CombustivelID) VALUES (6.190, 'R$ / litro', '2023-11-14', '01635041000206', (SELECT ID_Combustivel FROM COMBUSTIVEL WHERE Nome = 'DIESEL S500'));
INSERT INTO PRECO_COLETADO (Preco, UnidadeMedida, DataColeta, PostoCNPJ, CombustivelID) VALUES (6.190, 'R$ / litro', '2023-11-21', '01635041000206', (SELECT ID_Combustivel FROM COMBUSTIVEL WHERE Nome = 'DIESEL S500'));
INSERT INTO PRECO_COLETADO (Preco, UnidadeMedida, DataColeta, PostoCNPJ, CombustivelID) VALUES (6.190, 'R$ / litro', '2023-11-28', '01635041000206', (SELECT ID_Combustivel FROM COMBUSTIVEL WHERE Nome = 'DIESEL S500'));
INSERT INTO PRECO_COLETADO (Preco, UnidadeMedida, DataColeta, PostoCNPJ, CombustivelID) VALUES (6.190, 'R$ / litro', '2023-12-06', '01635041000206', (SELECT ID_Combustivel FROM COMBUSTIVEL WHERE Nome = 'DIESEL S500'));
INSERT INTO PRECO_COLETADO (Preco, UnidadeMedida, DataColeta, PostoCNPJ, CombustivelID) VALUES (6.190, 'R$ / litro', '2023-12-13', '01635041000206', (SELECT ID_Combustivel FROM COMBUSTIVEL WHERE Nome = 'DIESEL S500'));
INSERT INTO PRECO_COLETADO (Preco, UnidadeMedida, DataColeta, PostoCNPJ, CombustivelID) VALUES (6.190, 'R$ / litro', '2023-12-20', '01635041000206', (SELECT ID_Combustivel FROM COMBUSTIVEL WHERE Nome = 'DIESEL S500'));
INSERT INTO PRECO_COLETADO (Preco, UnidadeMedida, DataColeta, PostoCNPJ, CombustivelID) VALUES (6.190, 'R$ / litro', '2023-12-26', '01635041000206', (SELECT ID_Combustivel FROM COMBUSTIVEL WHERE Nome = 'DIESEL S500'));
INSERT INTO PRECO_COLETADO (Preco, UnidadeMedida, DataColeta, PostoCNPJ, CombustivelID) VALUES (6.190, 'R$ / litro', '2024-01-05', '01635041000206', (SELECT ID_Combustivel FROM COMBUSTIVEL WHERE Nome = 'DIESEL S500'));
INSERT INTO PRECO_COLETADO (Preco, UnidadeMedida, DataColeta, PostoCNPJ, CombustivelID) VALUES (6.190, 'R$ / litro', '2024-01-08', '01635041000206', (SELECT ID_Combustivel FROM COMBUSTIVEL WHERE Nome = 'DIESEL S500'));
INSERT INTO PRECO_COLETADO (Preco, UnidadeMedida, DataColeta, PostoCNPJ, CombustivelID) VALUES (6.190, 'R$ / litro', '2024-01-15', '01635041000206', (SELECT ID_Combustivel FROM COMBUSTIVEL WHERE Nome = 'DIESEL S500'));
INSERT INTO PRECO_COLETADO (Preco, UnidadeMedida, DataColeta, PostoCNPJ, CombustivelID) VALUES (6.190, 'R$ / litro', '2024-01-22', '01635041000206', (SELECT ID_Combustivel FROM COMBUSTIVEL WHERE Nome = 'DIESEL S500'));
INSERT INTO PRECO_COLETADO (Preco, UnidadeMedida, DataColeta, PostoCNPJ, CombustivelID) VALUES (6.190, 'R$ / litro', '2024-01-29', '01635041000206', (SELECT ID_Combustivel FROM COMBUSTIVEL WHERE Nome = 'DIESEL S500'));
INSERT INTO PRECO_COLETADO (Preco, UnidadeMedida, DataColeta, PostoCNPJ, CombustivelID) VALUES (6.190, 'R$ / litro', '2024-02-05', '01635041000206', (SELECT ID_Combustivel FROM COMBUSTIVEL WHERE Nome = 'DIESEL S500'));
INSERT INTO PRECO_COLETADO (Preco, UnidadeMedida, DataColeta, PostoCNPJ, CombustivelID) VALUES (6.190, 'R$ / litro', '2024-02-12', '01635041000206', (SELECT ID_Combustivel FROM COMBUSTIVEL WHERE Nome = 'DIESEL S500'));
INSERT INTO PRECO_COLETADO (Preco, UnidadeMedida, DataColeta, PostoCNPJ, CombustivelID) VALUES (6.190, 'R$ / litro', '2024-02-19', '01635041000206', (SELECT ID_Combustivel FROM COMBUSTIVEL WHERE Nome = 'DIESEL S500'));
INSERT INTO PRECO_COLETADO (Preco, UnidadeMedida, DataColeta, PostoCNPJ, CombustivelID) VALUES (6.190, 'R$ / litro', '2024-02-26', '01635041000206', (SELECT ID_Combustivel FROM COMBUSTIVEL WHERE Nome = 'DIESEL S500'));
INSERT INTO PRECO_COLETADO (Preco, UnidadeMedida, DataColeta, PostoCNPJ, CombustivelID) VALUES (6.190, 'R$ / litro', '2024-03-04', '01635041000206', (SELECT ID_Combustivel FROM COMBUSTIVEL WHERE Nome = 'DIESEL S500'));
INSERT INTO PRECO_COLETADO (Preco, UnidadeMedida, DataColeta, PostoCNPJ, CombustivelID) VALUES (6.190, 'R$ / litro', '2024-03-11', '01635041000206', (SELECT ID_Combustivel FROM COMBUSTIVEL WHERE Nome = 'DIESEL S500'));
INSERT INTO PRECO_COLETADO (Preco, UnidadeMedida, DataColeta, PostoCNPJ, CombustivelID) VALUES (6.190, 'R$ / litro', '2024-03-18', '01635041000206', (SELECT ID_Combustivel FROM COMBUSTIVEL WHERE Nome = 'DIESEL S500'));
INSERT INTO PRECO_COLETADO (Preco, UnidadeMedida, DataColeta, PostoCNPJ, CombustivelID) VALUES (5.890, 'R$ / litro', '2024-03-25', '01635041000206', (SELECT ID_Combustivel FROM COMBUSTIVEL WHERE Nome = 'DIESEL S500'));
INSERT INTO PRECO_COLETADO (Preco, UnidadeMedida, DataColeta, PostoCNPJ, CombustivelID) VALUES (5.890, 'R$ / litro', '2024-04-01', '01635041000206', (SELECT ID_Combustivel FROM COMBUSTIVEL WHERE Nome = 'DIESEL S500'));
INSERT INTO PRECO_COLETADO (Preco, UnidadeMedida, DataColeta, PostoCNPJ, CombustivelID) VALUES (5.890, 'R$ / litro', '2024-04-08', '01635041000206', (SELECT ID_Combustivel FROM COMBUSTIVEL WHERE Nome = 'DIESEL S500'));
INSERT INTO PRECO_COLETADO (Preco, UnidadeMedida, DataColeta, PostoCNPJ, CombustivelID) VALUES (5.890, 'R$ / litro', '2024-04-15', '01635041000206', (SELECT ID_Combustivel FROM COMBUSTIVEL WHERE Nome = 'DIESEL S500'));
INSERT INTO PRECO_COLETADO (Preco, UnidadeMedida, DataColeta, PostoCNPJ, CombustivelID) VALUES (5.890, 'R$ / litro', '2024-04-22', '01635041000206', (SELECT ID_Combustivel FROM COMBUSTIVEL WHERE Nome = 'DIESEL S500'));
INSERT INTO PRECO_COLETADO (Preco, UnidadeMedida, DataColeta, PostoCNPJ, CombustivelID) VALUES (5.890, 'R$ / litro', '2024-04-29', '01635041000206', (SELECT ID_Combustivel FROM COMBUSTIVEL WHERE Nome = 'DIESEL S500'));
INSERT INTO PRECO_COLETADO (Preco, UnidadeMedida, DataColeta, PostoCNPJ, CombustivelID) VALUES (5.890, 'R$ / litro', '2024-05-06', '01635041000206', (SELECT ID_Combustivel FROM COMBUSTIVEL WHERE Nome = 'DIESEL S500'));
INSERT INTO PRECO_COLETADO (Preco, UnidadeMedida, DataColeta, PostoCNPJ, CombustivelID) VALUES (5.890, 'R$ / litro', '2024-05-20', '01635041000206', (SELECT ID_Combustivel FROM COMBUSTIVEL WHERE Nome = 'DIESEL S500'));
INSERT INTO PRECO_COLETADO (Preco, UnidadeMedida, DataColeta, PostoCNPJ, CombustivelID) VALUES (5.890, 'R$ / litro', '2024-05-27', '01635041000206', (SELECT ID_Combustivel FROM COMBUSTIVEL WHERE Nome = 'DIESEL S500'));
INSERT INTO PRECO_COLETADO (Preco, UnidadeMedida, DataColeta, PostoCNPJ, CombustivelID) VALUES (5.890, 'R$ / litro', '2024-06-03', '01635041000206', (SELECT ID_Combustivel FROM COMBUSTIVEL WHERE Nome = 'DIESEL S500'));
INSERT INTO PRECO_COLETADO (Preco, UnidadeMedida, DataColeta, PostoCNPJ, CombustivelID) VALUES (5.890, 'R$ / litro', '2024-06-17', '01635041000206', (SELECT ID_Combustivel FROM COMBUSTIVEL WHERE Nome = 'DIESEL S500'));
INSERT INTO PRECO_COLETADO (Preco, UnidadeMedida, DataColeta, PostoCNPJ, CombustivelID) VALUES (5.890, 'R$ / litro', '2024-06-24', '01635041000206', (SELECT ID_Combustivel FROM COMBUSTIVEL WHERE Nome = 'DIESEL S500'));
INSERT INTO PRECO_COLETADO (Preco, UnidadeMedida, DataColeta, PostoCNPJ, CombustivelID) VALUES (5.890, 'R$ / litro', '2024-07-01', '01635041000206', (SELECT ID_Combustivel FROM COMBUSTIVEL WHERE Nome = 'DIESEL S500'));
INSERT INTO PRECO_COLETADO (Preco, UnidadeMedida, DataColeta, PostoCNPJ, CombustivelID) VALUES (5.890, 'R$ / litro', '2024-07-09', '01635041000206', (SELECT ID_Combustivel FROM COMBUSTIVEL WHERE Nome = 'DIESEL S500'));
INSERT INTO PRECO_COLETADO (Preco, UnidadeMedida, DataColeta, PostoCNPJ, CombustivelID) VALUES (5.890, 'R$ / litro', '2024-07-16', '01635041000206', (SELECT ID_Combustivel FROM COMBUSTIVEL WHERE Nome = 'DIESEL S500'));
INSERT INTO PRECO_COLETADO (Preco, UnidadeMedida, DataColeta, PostoCNPJ, CombustivelID) VALUES (5.890, 'R$ / litro', '2024-07-22', '01635041000206', (SELECT ID_Combustivel FROM COMBUSTIVEL WHERE Nome = 'DIESEL S500'));
INSERT INTO PRECO_COLETADO (Preco, UnidadeMedida, DataColeta, PostoCNPJ, CombustivelID) VALUES (5.890, 'R$ / litro', '2024-07-29', '01635041000206', (SELECT ID_Combustivel FROM COMBUSTIVEL WHERE Nome = 'DIESEL S500'));
INSERT INTO PRECO_COLETADO (Preco, UnidadeMedida, DataColeta, PostoCNPJ, CombustivelID) VALUES (5.890, 'R$ / litro', '2024-08-05', '01635041000206', (SELECT ID_Combustivel FROM COMBUSTIVEL WHERE Nome = 'DIESEL S500'));
INSERT INTO PRECO_COLETADO (Preco, UnidadeMedida, DataColeta, PostoCNPJ, CombustivelID) VALUES (5.890, 'R$ / litro', '2024-08-12', '01635041000206', (SELECT ID_Combustivel FROM COMBUSTIVEL WHERE Nome = 'DIESEL S500'));
INSERT INTO PRECO_COLETADO (Preco, UnidadeMedida, DataColeta, PostoCNPJ, CombustivelID) VALUES (5.890, 'R$ / litro', '2024-08-20', '01635041000206', (SELECT ID_Combustivel FROM COMBUSTIVEL WHERE Nome = 'DIESEL S500'));
INSERT INTO PRECO_COLETADO (Preco, UnidadeMedida, DataColeta, PostoCNPJ, CombustivelID) VALUES (5.890, 'R$ / litro', '2024-08-26', '01635041000206', (SELECT ID_Combustivel FROM COMBUSTIVEL WHERE Nome = 'DIESEL S500'));
INSERT INTO PRECO_COLETADO (Preco, UnidadeMedida, DataColeta, PostoCNPJ, CombustivelID) VALUES (5.890, 'R$ / litro', '2024-09-02', '01635041000206', (SELECT ID_Combustivel FROM COMBUSTIVEL WHERE Nome = 'DIESEL S500'));
INSERT INTO PRECO_COLETADO (Preco, UnidadeMedida, DataColeta, PostoCNPJ, CombustivelID) VALUES (5.740, 'R$ / litro', '2022-08-04', '01635041000206', (SELECT ID_Combustivel FROM COMBUSTIVEL WHERE Nome = 'GASOLINA ADITIVADA'));
INSERT INTO PRECO_COLETADO (Preco, UnidadeMedida, DataColeta, PostoCNPJ, CombustivelID) VALUES (5.730, 'R$ / litro', '2022-08-08', '01635041000206', (SELECT ID_Combustivel FROM COMBUSTIVEL WHERE Nome = 'GASOLINA ADITIVADA'));
INSERT INTO PRECO_COLETADO (Preco, UnidadeMedida, DataColeta, PostoCNPJ, CombustivelID) VALUES (5.640, 'R$ / litro', '2022-08-15', '01635041000206', (SELECT ID_Combustivel FROM COMBUSTIVEL WHERE Nome = 'GASOLINA ADITIVADA'));
INSERT INTO PRECO_COLETADO (Preco, UnidadeMedida, DataColeta, PostoCNPJ, CombustivelID) VALUES (5.560, 'R$ / litro', '2022-08-24', '01635041000206', (SELECT ID_Combustivel FROM COMBUSTIVEL WHERE Nome = 'GASOLINA ADITIVADA'));
INSERT INTO PRECO_COLETADO (Preco, UnidadeMedida, DataColeta, PostoCNPJ, CombustivelID) VALUES (5.340, 'R$ / litro', '2022-09-01', '01635041000206', (SELECT ID_Combustivel FROM COMBUSTIVEL WHERE Nome = 'GASOLINA ADITIVADA'));
INSERT INTO PRECO_COLETADO (Preco, UnidadeMedida, DataColeta, PostoCNPJ, CombustivelID) VALUES (4.940, 'R$ / litro', '2022-10-24', '01635041000206', (SELECT ID_Combustivel FROM COMBUSTIVEL WHERE Nome = 'GASOLINA ADITIVADA'));
INSERT INTO PRECO_COLETADO (Preco, UnidadeMedida, DataColeta, PostoCNPJ, CombustivelID) VALUES (4.940, 'R$ / litro', '2022-10-31', '01635041000206', (SELECT ID_Combustivel FROM COMBUSTIVEL WHERE Nome = 'GASOLINA ADITIVADA'));
INSERT INTO PRECO_COLETADO (Preco, UnidadeMedida, DataColeta, PostoCNPJ, CombustivelID) VALUES (5.240, 'R$ / litro', '2022-11-14', '01635041000206', (SELECT ID_Combustivel FROM COMBUSTIVEL WHERE Nome = 'GASOLINA ADITIVADA'));
INSERT INTO PRECO_COLETADO (Preco, UnidadeMedida, DataColeta, PostoCNPJ, CombustivelID) VALUES (5.240, 'R$ / litro', '2022-11-22', '01635041000206', (SELECT ID_Combustivel FROM COMBUSTIVEL WHERE Nome = 'GASOLINA ADITIVADA'));
INSERT INTO PRECO_COLETADO (Preco, UnidadeMedida, DataColeta, PostoCNPJ, CombustivelID) VALUES (5.320, 'R$ / litro', '2022-12-05', '01635041000206', (SELECT ID_Combustivel FROM COMBUSTIVEL WHERE Nome = 'GASOLINA ADITIVADA'));
INSERT INTO PRECO_COLETADO (Preco, UnidadeMedida, DataColeta, PostoCNPJ, CombustivelID) VALUES (5.320, 'R$ / litro', '2022-12-12', '01635041000206', (SELECT ID_Combustivel FROM COMBUSTIVEL WHERE Nome = 'GASOLINA ADITIVADA'));
INSERT INTO PRECO_COLETADO (Preco, UnidadeMedida, DataColeta, PostoCNPJ, CombustivelID) VALUES (5.200, 'R$ / litro', '2022-12-22', '01635041000206', (SELECT ID_Combustivel FROM COMBUSTIVEL WHERE Nome = 'GASOLINA ADITIVADA'));
INSERT INTO PRECO_COLETADO (Preco, UnidadeMedida, DataColeta, PostoCNPJ, CombustivelID) VALUES (5.200, 'R$ / litro', '2022-12-26', '01635041000206', (SELECT ID_Combustivel FROM COMBUSTIVEL WHERE Nome = 'GASOLINA ADITIVADA'));
INSERT INTO PRECO_COLETADO (Preco, UnidadeMedida, DataColeta, PostoCNPJ, CombustivelID) VALUES (5.200, 'R$ / litro', '2023-01-03', '01635041000206', (SELECT ID_Combustivel FROM COMBUSTIVEL WHERE Nome = 'GASOLINA ADITIVADA'));
INSERT INTO PRECO_COLETADO (Preco, UnidadeMedida, DataColeta, PostoCNPJ, CombustivelID) VALUES (5.200, 'R$ / litro', '2023-01-10', '01635041000206', (SELECT ID_Combustivel FROM COMBUSTIVEL WHERE Nome = 'GASOLINA ADITIVADA'));
INSERT INTO PRECO_COLETADO (Preco, UnidadeMedida, DataColeta, PostoCNPJ, CombustivelID) VALUES (5.200, 'R$ / litro', '2023-01-16', '01635041000206', (SELECT ID_Combustivel FROM COMBUSTIVEL WHERE Nome = 'GASOLINA ADITIVADA'));
INSERT INTO PRECO_COLETADO (Preco, UnidadeMedida, DataColeta, PostoCNPJ, CombustivelID) VALUES (5.200, 'R$ / litro', '2023-01-23', '01635041000206', (SELECT ID_Combustivel FROM COMBUSTIVEL WHERE Nome = 'GASOLINA ADITIVADA'));
INSERT INTO PRECO_COLETADO (Preco, UnidadeMedida, DataColeta, PostoCNPJ, CombustivelID) VALUES (5.400, 'R$ / litro', '2023-01-30', '01635041000206', (SELECT ID_Combustivel FROM COMBUSTIVEL WHERE Nome = 'GASOLINA ADITIVADA'));
INSERT INTO PRECO_COLETADO (Preco, UnidadeMedida, DataColeta, PostoCNPJ, CombustivelID) VALUES (5.300, 'R$ / litro', '2023-02-06', '01635041000206', (SELECT ID_Combustivel FROM COMBUSTIVEL WHERE Nome = 'GASOLINA ADITIVADA'));
INSERT INTO PRECO_COLETADO (Preco, UnidadeMedida, DataColeta, PostoCNPJ, CombustivelID) VALUES (4.290, 'R$ / litro', '2023-02-13', '01635041000206', (SELECT ID_Combustivel FROM COMBUSTIVEL WHERE Nome = 'GASOLINA ADITIVADA'));
INSERT INTO PRECO_COLETADO (Preco, UnidadeMedida, DataColeta, PostoCNPJ, CombustivelID) VALUES (5.290, 'R$ / litro', '2023-02-20', '01635041000206', (SELECT ID_Combustivel FROM COMBUSTIVEL WHERE Nome = 'GASOLINA ADITIVADA'));
INSERT INTO PRECO_COLETADO (Preco, UnidadeMedida, DataColeta, PostoCNPJ, CombustivelID) VALUES (5.340, 'R$ / litro', '2023-02-27', '01635041000206', (SELECT ID_Combustivel FROM COMBUSTIVEL WHERE Nome = 'GASOLINA ADITIVADA'));
INSERT INTO PRECO_COLETADO (Preco, UnidadeMedida, DataColeta, PostoCNPJ, CombustivelID) VALUES (5.820, 'R$ / litro', '2023-03-06', '01635041000206', (SELECT ID_Combustivel FROM COMBUSTIVEL WHERE Nome = 'GASOLINA ADITIVADA'));
INSERT INTO PRECO_COLETADO (Preco, UnidadeMedida, DataColeta, PostoCNPJ, CombustivelID) VALUES (5.800, 'R$ / litro', '2023-03-16', '01635041000206', (SELECT ID_Combustivel FROM COMBUSTIVEL WHERE Nome = 'GASOLINA ADITIVADA'));
INSERT INTO PRECO_COLETADO (Preco, UnidadeMedida, DataColeta, PostoCNPJ, CombustivelID) VALUES (5.720, 'R$ / litro', '2023-03-21', '01635041000206', (SELECT ID_Combustivel FROM COMBUSTIVEL WHERE Nome = 'GASOLINA ADITIVADA'));
INSERT INTO PRECO_COLETADO (Preco, UnidadeMedida, DataColeta, PostoCNPJ, CombustivelID) VALUES (5.680, 'R$ / litro', '2023-03-27', '01635041000206', (SELECT ID_Combustivel FROM COMBUSTIVEL WHERE Nome = 'GASOLINA ADITIVADA'));
INSERT INTO PRECO_COLETADO (Preco, UnidadeMedida, DataColeta, PostoCNPJ, CombustivelID) VALUES (5.640, 'R$ / litro', '2023-04-04', '01635041000206', (SELECT ID_Combustivel FROM COMBUSTIVEL WHERE Nome = 'GASOLINA ADITIVADA'));
INSERT INTO PRECO_COLETADO (Preco, UnidadeMedida, DataColeta, PostoCNPJ, CombustivelID) VALUES (5.640, 'R$ / litro', '2023-04-11', '01635041000206', (SELECT ID_Combustivel FROM COMBUSTIVEL WHERE Nome = 'GASOLINA ADITIVADA'));
INSERT INTO PRECO_COLETADO (Preco, UnidadeMedida, DataColeta, PostoCNPJ, CombustivelID) VALUES (5.640, 'R$ / litro', '2023-04-17', '01635041000206', (SELECT ID_Combustivel FROM COMBUSTIVEL WHERE Nome = 'GASOLINA ADITIVADA'));
INSERT INTO PRECO_COLETADO (Preco, UnidadeMedida, DataColeta, PostoCNPJ, CombustivelID) VALUES (5.640, 'R$ / litro', '2023-04-24', '01635041000206', (SELECT ID_Combustivel FROM COMBUSTIVEL WHERE Nome = 'GASOLINA ADITIVADA'));
INSERT INTO PRECO_COLETADO (Preco, UnidadeMedida, DataColeta, PostoCNPJ, CombustivelID) VALUES (5.640, 'R$ / litro', '2023-05-03', '01635041000206', (SELECT ID_Combustivel FROM COMBUSTIVEL WHERE Nome = 'GASOLINA ADITIVADA'));
INSERT INTO PRECO_COLETADO (Preco, UnidadeMedida, DataColeta, PostoCNPJ, CombustivelID) VALUES (5.600, 'R$ / litro', '2023-05-09', '01635041000206', (SELECT ID_Combustivel FROM COMBUSTIVEL WHERE Nome = 'GASOLINA ADITIVADA'));
INSERT INTO PRECO_COLETADO (Preco, UnidadeMedida, DataColeta, PostoCNPJ, CombustivelID) VALUES (5.600, 'R$ / litro', '2023-05-15', '01635041000206', (SELECT ID_Combustivel FROM COMBUSTIVEL WHERE Nome = 'GASOLINA ADITIVADA'));
INSERT INTO PRECO_COLETADO (Preco, UnidadeMedida, DataColeta, PostoCNPJ, CombustivelID) VALUES (5.500, 'R$ / litro', '2023-05-23', '01635041000206', (SELECT ID_Combustivel FROM COMBUSTIVEL WHERE Nome = 'GASOLINA ADITIVADA'));
INSERT INTO PRECO_COLETADO (Preco, UnidadeMedida, DataColeta, PostoCNPJ, CombustivelID) VALUES (5.370, 'R$ / litro', '2023-05-30', '01635041000206', (SELECT ID_Combustivel FROM COMBUSTIVEL WHERE Nome = 'GASOLINA ADITIVADA'));
INSERT INTO PRECO_COLETADO (Preco, UnidadeMedida, DataColeta, PostoCNPJ, CombustivelID) VALUES (5.840, 'R$ / litro', '2023-06-05', '01635041000206', (SELECT ID_Combustivel FROM COMBUSTIVEL WHERE Nome = 'GASOLINA ADITIVADA'));
INSERT INTO PRECO_COLETADO (Preco, UnidadeMedida, DataColeta, PostoCNPJ, CombustivelID) VALUES (5.720, 'R$ / litro', '2023-06-13', '01635041000206', (SELECT ID_Combustivel FROM COMBUSTIVEL WHERE Nome = 'GASOLINA ADITIVADA'));
INSERT INTO PRECO_COLETADO (Preco, UnidadeMedida, DataColeta, PostoCNPJ, CombustivelID) VALUES (5.640, 'R$ / litro', '2023-06-20', '01635041000206', (SELECT ID_Combustivel FROM COMBUSTIVEL WHERE Nome = 'GASOLINA ADITIVADA'));
INSERT INTO PRECO_COLETADO (Preco, UnidadeMedida, DataColeta, PostoCNPJ, CombustivelID) VALUES (5.600, 'R$ / litro', '2023-06-27', '01635041000206', (SELECT ID_Combustivel FROM COMBUSTIVEL WHERE Nome = 'GASOLINA ADITIVADA'));
INSERT INTO PRECO_COLETADO (Preco, UnidadeMedida, DataColeta, PostoCNPJ, CombustivelID) VALUES (6.140, 'R$ / litro', '2023-07-04', '01635041000206', (SELECT ID_Combustivel FROM COMBUSTIVEL WHERE Nome = 'GASOLINA ADITIVADA'));
INSERT INTO PRECO_COLETADO (Preco, UnidadeMedida, DataColeta, PostoCNPJ, CombustivelID) VALUES (6.020, 'R$ / litro', '2023-07-10', '01635041000206', (SELECT ID_Combustivel FROM COMBUSTIVEL WHERE Nome = 'GASOLINA ADITIVADA'));
INSERT INTO PRECO_COLETADO (Preco, UnidadeMedida, DataColeta, PostoCNPJ, CombustivelID) VALUES (6.020, 'R$ / litro', '2023-07-17', '01635041000206', (SELECT ID_Combustivel FROM COMBUSTIVEL WHERE Nome = 'GASOLINA ADITIVADA'));
INSERT INTO PRECO_COLETADO (Preco, UnidadeMedida, DataColeta, PostoCNPJ, CombustivelID) VALUES (5.770, 'R$ / litro', '2023-07-24', '01635041000206', (SELECT ID_Combustivel FROM COMBUSTIVEL WHERE Nome = 'GASOLINA ADITIVADA'));
INSERT INTO PRECO_COLETADO (Preco, UnidadeMedida, DataColeta, PostoCNPJ, CombustivelID) VALUES (5.670, 'R$ / litro', '2023-07-31', '01635041000206', (SELECT ID_Combustivel FROM COMBUSTIVEL WHERE Nome = 'GASOLINA ADITIVADA'));
INSERT INTO PRECO_COLETADO (Preco, UnidadeMedida, DataColeta, PostoCNPJ, CombustivelID) VALUES (5.620, 'R$ / litro', '2023-08-07', '01635041000206', (SELECT ID_Combustivel FROM COMBUSTIVEL WHERE Nome = 'GASOLINA ADITIVADA'));
INSERT INTO PRECO_COLETADO (Preco, UnidadeMedida, DataColeta, PostoCNPJ, CombustivelID) VALUES (5.570, 'R$ / litro', '2023-08-15', '01635041000206', (SELECT ID_Combustivel FROM COMBUSTIVEL WHERE Nome = 'GASOLINA ADITIVADA'));
INSERT INTO PRECO_COLETADO (Preco, UnidadeMedida, DataColeta, PostoCNPJ, CombustivelID) VALUES (6.200, 'R$ / litro', '2023-08-22', '01635041000206', (SELECT ID_Combustivel FROM COMBUSTIVEL WHERE Nome = 'GASOLINA ADITIVADA'));
INSERT INTO PRECO_COLETADO (Preco, UnidadeMedida, DataColeta, PostoCNPJ, CombustivelID) VALUES (5.740, 'R$ / litro', '2023-08-30', '01635041000206', (SELECT ID_Combustivel FROM COMBUSTIVEL WHERE Nome = 'GASOLINA ADITIVADA'));
INSERT INTO PRECO_COLETADO (Preco, UnidadeMedida, DataColeta, PostoCNPJ, CombustivelID) VALUES (5.740, 'R$ / litro', '2023-09-07', '01635041000206', (SELECT ID_Combustivel FROM COMBUSTIVEL WHERE Nome = 'GASOLINA ADITIVADA'));
INSERT INTO PRECO_COLETADO (Preco, UnidadeMedida, DataColeta, PostoCNPJ, CombustivelID) VALUES (5.740, 'R$ / litro', '2023-09-12', '01635041000206', (SELECT ID_Combustivel FROM COMBUSTIVEL WHERE Nome = 'GASOLINA ADITIVADA'));
INSERT INTO PRECO_COLETADO (Preco, UnidadeMedida, DataColeta, PostoCNPJ, CombustivelID) VALUES (5.790, 'R$ / litro', '2023-09-19', '01635041000206', (SELECT ID_Combustivel FROM COMBUSTIVEL WHERE Nome = 'GASOLINA ADITIVADA'));
INSERT INTO PRECO_COLETADO (Preco, UnidadeMedida, DataColeta, PostoCNPJ, CombustivelID) VALUES (6.190, 'R$ / litro', '2023-09-26', '01635041000206', (SELECT ID_Combustivel FROM COMBUSTIVEL WHERE Nome = 'GASOLINA ADITIVADA'));
INSERT INTO PRECO_COLETADO (Preco, UnidadeMedida, DataColeta, PostoCNPJ, CombustivelID) VALUES (6.090, 'R$ / litro', '2023-10-03', '01635041000206', (SELECT ID_Combustivel FROM COMBUSTIVEL WHERE Nome = 'GASOLINA ADITIVADA'));
INSERT INTO PRECO_COLETADO (Preco, UnidadeMedida, DataColeta, PostoCNPJ, CombustivelID) VALUES (6.060, 'R$ / litro', '2023-10-10', '01635041000206', (SELECT ID_Combustivel FROM COMBUSTIVEL WHERE Nome = 'GASOLINA ADITIVADA'));
INSERT INTO PRECO_COLETADO (Preco, UnidadeMedida, DataColeta, PostoCNPJ, CombustivelID) VALUES (6.030, 'R$ / litro', '2023-10-16', '01635041000206', (SELECT ID_Combustivel FROM COMBUSTIVEL WHERE Nome = 'GASOLINA ADITIVADA'));
INSERT INTO PRECO_COLETADO (Preco, UnidadeMedida, DataColeta, PostoCNPJ, CombustivelID) VALUES (5.880, 'R$ / litro', '2023-10-24', '01635041000206', (SELECT ID_Combustivel FROM COMBUSTIVEL WHERE Nome = 'GASOLINA ADITIVADA'));
INSERT INTO PRECO_COLETADO (Preco, UnidadeMedida, DataColeta, PostoCNPJ, CombustivelID) VALUES (5.880, 'R$ / litro', '2023-10-31', '01635041000206', (SELECT ID_Combustivel FROM COMBUSTIVEL WHERE Nome = 'GASOLINA ADITIVADA'));
INSERT INTO PRECO_COLETADO (Preco, UnidadeMedida, DataColeta, PostoCNPJ, CombustivelID) VALUES (5.880, 'R$ / litro', '2023-11-07', '01635041000206', (SELECT ID_Combustivel FROM COMBUSTIVEL WHERE Nome = 'GASOLINA ADITIVADA'));
INSERT INTO PRECO_COLETADO (Preco, UnidadeMedida, DataColeta, PostoCNPJ, CombustivelID) VALUES (5.880, 'R$ / litro', '2023-11-14', '01635041000206', (SELECT ID_Combustivel FROM COMBUSTIVEL WHERE Nome = 'GASOLINA ADITIVADA'));
INSERT INTO PRECO_COLETADO (Preco, UnidadeMedida, DataColeta, PostoCNPJ, CombustivelID) VALUES (6.080, 'R$ / litro', '2023-11-21', '01635041000206', (SELECT ID_Combustivel FROM COMBUSTIVEL WHERE Nome = 'GASOLINA ADITIVADA'));
INSERT INTO PRECO_COLETADO (Preco, UnidadeMedida, DataColeta, PostoCNPJ, CombustivelID) VALUES (5.980, 'R$ / litro', '2023-11-28', '01635041000206', (SELECT ID_Combustivel FROM COMBUSTIVEL WHERE Nome = 'GASOLINA ADITIVADA'));
INSERT INTO PRECO_COLETADO (Preco, UnidadeMedida, DataColeta, PostoCNPJ, CombustivelID) VALUES (5.980, 'R$ / litro', '2023-12-06', '01635041000206', (SELECT ID_Combustivel FROM COMBUSTIVEL WHERE Nome = 'GASOLINA ADITIVADA'));
INSERT INTO PRECO_COLETADO (Preco, UnidadeMedida, DataColeta, PostoCNPJ, CombustivelID) VALUES (5.880, 'R$ / litro', '2023-12-13', '01635041000206', (SELECT ID_Combustivel FROM COMBUSTIVEL WHERE Nome = 'GASOLINA ADITIVADA'));
INSERT INTO PRECO_COLETADO (Preco, UnidadeMedida, DataColeta, PostoCNPJ, CombustivelID) VALUES (5.780, 'R$ / litro', '2023-12-20', '01635041000206', (SELECT ID_Combustivel FROM COMBUSTIVEL WHERE Nome = 'GASOLINA ADITIVADA'));
INSERT INTO PRECO_COLETADO (Preco, UnidadeMedida, DataColeta, PostoCNPJ, CombustivelID) VALUES (5.780, 'R$ / litro', '2023-12-26', '01635041000206', (SELECT ID_Combustivel FROM COMBUSTIVEL WHERE Nome = 'GASOLINA ADITIVADA'));
INSERT INTO PRECO_COLETADO (Preco, UnidadeMedida, DataColeta, PostoCNPJ, CombustivelID) VALUES (5.680, 'R$ / litro', '2024-01-05', '01635041000206', (SELECT ID_Combustivel FROM COMBUSTIVEL WHERE Nome = 'GASOLINA ADITIVADA'));
INSERT INTO PRECO_COLETADO (Preco, UnidadeMedida, DataColeta, PostoCNPJ, CombustivelID) VALUES (5.680, 'R$ / litro', '2024-01-08', '01635041000206', (SELECT ID_Combustivel FROM COMBUSTIVEL WHERE Nome = 'GASOLINA ADITIVADA'));
INSERT INTO PRECO_COLETADO (Preco, UnidadeMedida, DataColeta, PostoCNPJ, CombustivelID) VALUES (5.680, 'R$ / litro', '2024-01-15', '01635041000206', (SELECT ID_Combustivel FROM COMBUSTIVEL WHERE Nome = 'GASOLINA ADITIVADA'));
INSERT INTO PRECO_COLETADO (Preco, UnidadeMedida, DataColeta, PostoCNPJ, CombustivelID) VALUES (5.580, 'R$ / litro', '2024-01-22', '01635041000206', (SELECT ID_Combustivel FROM COMBUSTIVEL WHERE Nome = 'GASOLINA ADITIVADA'));
INSERT INTO PRECO_COLETADO (Preco, UnidadeMedida, DataColeta, PostoCNPJ, CombustivelID) VALUES (5.580, 'R$ / litro', '2024-01-29', '01635041000206', (SELECT ID_Combustivel FROM COMBUSTIVEL WHERE Nome = 'GASOLINA ADITIVADA'));
INSERT INTO PRECO_COLETADO (Preco, UnidadeMedida, DataColeta, PostoCNPJ, CombustivelID) VALUES (5.990, 'R$ / litro', '2024-02-05', '01635041000206', (SELECT ID_Combustivel FROM COMBUSTIVEL WHERE Nome = 'GASOLINA ADITIVADA'));
INSERT INTO PRECO_COLETADO (Preco, UnidadeMedida, DataColeta, PostoCNPJ, CombustivelID) VALUES (6.090, 'R$ / litro', '2024-02-12', '01635041000206', (SELECT ID_Combustivel FROM COMBUSTIVEL WHERE Nome = 'GASOLINA ADITIVADA'));
INSERT INTO PRECO_COLETADO (Preco, UnidadeMedida, DataColeta, PostoCNPJ, CombustivelID) VALUES (5.970, 'R$ / litro', '2024-02-19', '01635041000206', (SELECT ID_Combustivel FROM COMBUSTIVEL WHERE Nome = 'GASOLINA ADITIVADA'));
INSERT INTO PRECO_COLETADO (Preco, UnidadeMedida, DataColeta, PostoCNPJ, CombustivelID) VALUES (5.790, 'R$ / litro', '2024-02-26', '01635041000206', (SELECT ID_Combustivel FROM COMBUSTIVEL WHERE Nome = 'GASOLINA ADITIVADA'));
INSERT INTO PRECO_COLETADO (Preco, UnidadeMedida, DataColeta, PostoCNPJ, CombustivelID) VALUES (5.790, 'R$ / litro', '2024-03-04', '01635041000206', (SELECT ID_Combustivel FROM COMBUSTIVEL WHERE Nome = 'GASOLINA ADITIVADA'));
INSERT INTO PRECO_COLETADO (Preco, UnidadeMedida, DataColeta, PostoCNPJ, CombustivelID) VALUES (5.890, 'R$ / litro', '2024-03-11', '01635041000206', (SELECT ID_Combustivel FROM COMBUSTIVEL WHERE Nome = 'GASOLINA ADITIVADA'));
INSERT INTO PRECO_COLETADO (Preco, UnidadeMedida, DataColeta, PostoCNPJ, CombustivelID) VALUES (5.890, 'R$ / litro', '2024-03-18', '01635041000206', (SELECT ID_Combustivel FROM COMBUSTIVEL WHERE Nome = 'GASOLINA ADITIVADA'));
INSERT INTO PRECO_COLETADO (Preco, UnidadeMedida, DataColeta, PostoCNPJ, CombustivelID) VALUES (5.890, 'R$ / litro', '2024-03-25', '01635041000206', (SELECT ID_Combustivel FROM COMBUSTIVEL WHERE Nome = 'GASOLINA ADITIVADA'));
INSERT INTO PRECO_COLETADO (Preco, UnidadeMedida, DataColeta, PostoCNPJ, CombustivelID) VALUES (6.090, 'R$ / litro', '2024-04-01', '01635041000206', (SELECT ID_Combustivel FROM COMBUSTIVEL WHERE Nome = 'GASOLINA ADITIVADA'));
INSERT INTO PRECO_COLETADO (Preco, UnidadeMedida, DataColeta, PostoCNPJ, CombustivelID) VALUES (5.860, 'R$ / litro', '2024-04-08', '01635041000206', (SELECT ID_Combustivel FROM COMBUSTIVEL WHERE Nome = 'GASOLINA ADITIVADA'));
INSERT INTO PRECO_COLETADO (Preco, UnidadeMedida, DataColeta, PostoCNPJ, CombustivelID) VALUES (5.860, 'R$ / litro', '2024-04-15', '01635041000206', (SELECT ID_Combustivel FROM COMBUSTIVEL WHERE Nome = 'GASOLINA ADITIVADA'));
INSERT INTO PRECO_COLETADO (Preco, UnidadeMedida, DataColeta, PostoCNPJ, CombustivelID) VALUES (5.860, 'R$ / litro', '2024-04-22', '01635041000206', (SELECT ID_Combustivel FROM COMBUSTIVEL WHERE Nome = 'GASOLINA ADITIVADA'));
INSERT INTO PRECO_COLETADO (Preco, UnidadeMedida, DataColeta, PostoCNPJ, CombustivelID) VALUES (6.290, 'R$ / litro', '2024-04-29', '01635041000206', (SELECT ID_Combustivel FROM COMBUSTIVEL WHERE Nome = 'GASOLINA ADITIVADA'));
INSERT INTO PRECO_COLETADO (Preco, UnidadeMedida, DataColeta, PostoCNPJ, CombustivelID) VALUES (6.290, 'R$ / litro', '2024-05-06', '01635041000206', (SELECT ID_Combustivel FROM COMBUSTIVEL WHERE Nome = 'GASOLINA ADITIVADA'));
INSERT INTO PRECO_COLETADO (Preco, UnidadeMedida, DataColeta, PostoCNPJ, CombustivelID) VALUES (6.290, 'R$ / litro', '2024-05-20', '01635041000206', (SELECT ID_Combustivel FROM COMBUSTIVEL WHERE Nome = 'GASOLINA ADITIVADA'));
INSERT INTO PRECO_COLETADO (Preco, UnidadeMedida, DataColeta, PostoCNPJ, CombustivelID) VALUES (6.290, 'R$ / litro', '2024-05-27', '01635041000206', (SELECT ID_Combustivel FROM COMBUSTIVEL WHERE Nome = 'GASOLINA ADITIVADA'));
INSERT INTO PRECO_COLETADO (Preco, UnidadeMedida, DataColeta, PostoCNPJ, CombustivelID) VALUES (6.290, 'R$ / litro', '2024-06-03', '01635041000206', (SELECT ID_Combustivel FROM COMBUSTIVEL WHERE Nome = 'GASOLINA ADITIVADA'));
INSERT INTO PRECO_COLETADO (Preco, UnidadeMedida, DataColeta, PostoCNPJ, CombustivelID) VALUES (6.290, 'R$ / litro', '2024-06-17', '01635041000206', (SELECT ID_Combustivel FROM COMBUSTIVEL WHERE Nome = 'GASOLINA ADITIVADA'));
INSERT INTO PRECO_COLETADO (Preco, UnidadeMedida, DataColeta, PostoCNPJ, CombustivelID) VALUES (6.290, 'R$ / litro', '2024-06-24', '01635041000206', (SELECT ID_Combustivel FROM COMBUSTIVEL WHERE Nome = 'GASOLINA ADITIVADA'));
INSERT INTO PRECO_COLETADO (Preco, UnidadeMedida, DataColeta, PostoCNPJ, CombustivelID) VALUES (6.290, 'R$ / litro', '2024-07-01', '01635041000206', (SELECT ID_Combustivel FROM COMBUSTIVEL WHERE Nome = 'GASOLINA ADITIVADA'));
INSERT INTO PRECO_COLETADO (Preco, UnidadeMedida, DataColeta, PostoCNPJ, CombustivelID) VALUES (6.190, 'R$ / litro', '2024-07-09', '01635041000206', (SELECT ID_Combustivel FROM COMBUSTIVEL WHERE Nome = 'GASOLINA ADITIVADA'));
INSERT INTO PRECO_COLETADO (Preco, UnidadeMedida, DataColeta, PostoCNPJ, CombustivelID) VALUES (6.490, 'R$ / litro', '2024-07-16', '01635041000206', (SELECT ID_Combustivel FROM COMBUSTIVEL WHERE Nome = 'GASOLINA ADITIVADA'));
INSERT INTO PRECO_COLETADO (Preco, UnidadeMedida, DataColeta, PostoCNPJ, CombustivelID) VALUES (6.550, 'R$ / litro', '2024-07-22', '01635041000206', (SELECT ID_Combustivel FROM COMBUSTIVEL WHERE Nome = 'GASOLINA ADITIVADA'));
INSERT INTO PRECO_COLETADO (Preco, UnidadeMedida, DataColeta, PostoCNPJ, CombustivelID) VALUES (6.550, 'R$ / litro', '2024-07-29', '01635041000206', (SELECT ID_Combustivel FROM COMBUSTIVEL WHERE Nome = 'GASOLINA ADITIVADA'));
INSERT INTO PRECO_COLETADO (Preco, UnidadeMedida, DataColeta, PostoCNPJ, CombustivelID) VALUES (6.550, 'R$ / litro', '2024-08-05', '01635041000206', (SELECT ID_Combustivel FROM COMBUSTIVEL WHERE Nome = 'GASOLINA ADITIVADA'));
INSERT INTO PRECO_COLETADO (Preco, UnidadeMedida, DataColeta, PostoCNPJ, CombustivelID) VALUES (6.550, 'R$ / litro', '2024-08-12', '01635041000206', (SELECT ID_Combustivel FROM COMBUSTIVEL WHERE Nome = 'GASOLINA ADITIVADA'));
INSERT INTO PRECO_COLETADO (Preco, UnidadeMedida, DataColeta, PostoCNPJ, CombustivelID) VALUES (6.550, 'R$ / litro', '2024-08-20', '01635041000206', (SELECT ID_Combustivel FROM COMBUSTIVEL WHERE Nome = 'GASOLINA ADITIVADA'));
INSERT INTO PRECO_COLETADO (Preco, UnidadeMedida, DataColeta, PostoCNPJ, CombustivelID) VALUES (6.550, 'R$ / litro', '2024-08-26', '01635041000206', (SELECT ID_Combustivel FROM COMBUSTIVEL WHERE Nome = 'GASOLINA ADITIVADA'));
INSERT INTO PRECO_COLETADO (Preco, UnidadeMedida, DataColeta, PostoCNPJ, CombustivelID) VALUES (6.550, 'R$ / litro', '2024-09-02', '01635041000206', (SELECT ID_Combustivel FROM COMBUSTIVEL WHERE Nome = 'GASOLINA ADITIVADA'));
INSERT INTO PRECO_COLETADO (Preco, UnidadeMedida, DataColeta, PostoCNPJ, CombustivelID) VALUES (5.590, 'R$ / litro', '2022-08-04', '01635041000206', (SELECT ID_Combustivel FROM COMBUSTIVEL WHERE Nome = 'GASOLINA COMUM'));
INSERT INTO PRECO_COLETADO (Preco, UnidadeMedida, DataColeta, PostoCNPJ, CombustivelID) VALUES (5.580, 'R$ / litro', '2022-08-08', '01635041000206', (SELECT ID_Combustivel FROM COMBUSTIVEL WHERE Nome = 'GASOLINA COMUM'));
INSERT INTO PRECO_COLETADO (Preco, UnidadeMedida, DataColeta, PostoCNPJ, CombustivelID) VALUES (5.490, 'R$ / litro', '2022-08-15', '01635041000206', (SELECT ID_Combustivel FROM COMBUSTIVEL WHERE Nome = 'GASOLINA COMUM'));
INSERT INTO PRECO_COLETADO (Preco, UnidadeMedida, DataColeta, PostoCNPJ, CombustivelID) VALUES (5.390, 'R$ / litro', '2022-08-24', '01635041000206', (SELECT ID_Combustivel FROM COMBUSTIVEL WHERE Nome = 'GASOLINA COMUM'));
INSERT INTO PRECO_COLETADO (Preco, UnidadeMedida, DataColeta, PostoCNPJ, CombustivelID) VALUES (5.190, 'R$ / litro', '2022-09-01', '01635041000206', (SELECT ID_Combustivel FROM COMBUSTIVEL WHERE Nome = 'GASOLINA COMUM'));
INSERT INTO PRECO_COLETADO (Preco, UnidadeMedida, DataColeta, PostoCNPJ, CombustivelID) VALUES (4.790, 'R$ / litro', '2022-10-24', '01635041000206', (SELECT ID_Combustivel FROM COMBUSTIVEL WHERE Nome = 'GASOLINA COMUM'));
INSERT INTO PRECO_COLETADO (Preco, UnidadeMedida, DataColeta, PostoCNPJ, CombustivelID) VALUES (4.690, 'R$ / litro', '2022-10-31', '01635041000206', (SELECT ID_Combustivel FROM COMBUSTIVEL WHERE Nome = 'GASOLINA COMUM'));
INSERT INTO PRECO_COLETADO (Preco, UnidadeMedida, DataColeta, PostoCNPJ, CombustivelID) VALUES (4.990, 'R$ / litro', '2022-11-14', '01635041000206', (SELECT ID_Combustivel FROM COMBUSTIVEL WHERE Nome = 'GASOLINA COMUM'));
INSERT INTO PRECO_COLETADO (Preco, UnidadeMedida, DataColeta, PostoCNPJ, CombustivelID) VALUES (4.990, 'R$ / litro', '2022-11-22', '01635041000206', (SELECT ID_Combustivel FROM COMBUSTIVEL WHERE Nome = 'GASOLINA COMUM'));
INSERT INTO PRECO_COLETADO (Preco, UnidadeMedida, DataColeta, PostoCNPJ, CombustivelID) VALUES (4.970, 'R$ / litro', '2022-12-05', '01635041000206', (SELECT ID_Combustivel FROM COMBUSTIVEL WHERE Nome = 'GASOLINA COMUM'));
INSERT INTO PRECO_COLETADO (Preco, UnidadeMedida, DataColeta, PostoCNPJ, CombustivelID) VALUES (4.970, 'R$ / litro', '2022-12-12', '01635041000206', (SELECT ID_Combustivel FROM COMBUSTIVEL WHERE Nome = 'GASOLINA COMUM'));
INSERT INTO PRECO_COLETADO (Preco, UnidadeMedida, DataColeta, PostoCNPJ, CombustivelID) VALUES (4.750, 'R$ / litro', '2022-12-22', '01635041000206', (SELECT ID_Combustivel FROM COMBUSTIVEL WHERE Nome = 'GASOLINA COMUM'));
INSERT INTO PRECO_COLETADO (Preco, UnidadeMedida, DataColeta, PostoCNPJ, CombustivelID) VALUES (4.840, 'R$ / litro', '2023-01-03', '01635041000206', (SELECT ID_Combustivel FROM COMBUSTIVEL WHERE Nome = 'GASOLINA COMUM'));
INSERT INTO PRECO_COLETADO (Preco, UnidadeMedida, DataColeta, PostoCNPJ, CombustivelID) VALUES (4.950, 'R$ / litro', '2023-01-16', '01635041000206', (SELECT ID_Combustivel FROM COMBUSTIVEL WHERE Nome = 'GASOLINA COMUM'));
INSERT INTO PRECO_COLETADO (Preco, UnidadeMedida, DataColeta, PostoCNPJ, CombustivelID) VALUES (4.950, 'R$ / litro', '2023-01-23', '01635041000206', (SELECT ID_Combustivel FROM COMBUSTIVEL WHERE Nome = 'GASOLINA COMUM'));
INSERT INTO PRECO_COLETADO (Preco, UnidadeMedida, DataColeta, PostoCNPJ, CombustivelID) VALUES (5.050, 'R$ / litro', '2023-01-30', '01635041000206', (SELECT ID_Combustivel FROM COMBUSTIVEL WHERE Nome = 'GASOLINA COMUM'));
INSERT INTO PRECO_COLETADO (Preco, UnidadeMedida, DataColeta, PostoCNPJ, CombustivelID) VALUES (4.950, 'R$ / litro', '2023-02-06', '01635041000206', (SELECT ID_Combustivel FROM COMBUSTIVEL WHERE Nome = 'GASOLINA COMUM'));
INSERT INTO PRECO_COLETADO (Preco, UnidadeMedida, DataColeta, PostoCNPJ, CombustivelID) VALUES (5.040, 'R$ / litro', '2023-02-13', '01635041000206', (SELECT ID_Combustivel FROM COMBUSTIVEL WHERE Nome = 'GASOLINA COMUM'));
INSERT INTO PRECO_COLETADO (Preco, UnidadeMedida, DataColeta, PostoCNPJ, CombustivelID) VALUES (4.840, 'R$ / litro', '2023-02-20', '01635041000206', (SELECT ID_Combustivel FROM COMBUSTIVEL WHERE Nome = 'GASOLINA COMUM'));
INSERT INTO PRECO_COLETADO (Preco, UnidadeMedida, DataColeta, PostoCNPJ, CombustivelID) VALUES (4.880, 'R$ / litro', '2023-02-27', '01635041000206', (SELECT ID_Combustivel FROM COMBUSTIVEL WHERE Nome = 'GASOLINA COMUM'));
INSERT INTO PRECO_COLETADO (Preco, UnidadeMedida, DataColeta, PostoCNPJ, CombustivelID) VALUES (5.570, 'R$ / litro', '2023-03-06', '01635041000206', (SELECT ID_Combustivel FROM COMBUSTIVEL WHERE Nome = 'GASOLINA COMUM'));
INSERT INTO PRECO_COLETADO (Preco, UnidadeMedida, DataColeta, PostoCNPJ, CombustivelID) VALUES (5.450, 'R$ / litro', '2023-03-16', '01635041000206', (SELECT ID_Combustivel FROM COMBUSTIVEL WHERE Nome = 'GASOLINA COMUM'));
INSERT INTO PRECO_COLETADO (Preco, UnidadeMedida, DataColeta, PostoCNPJ, CombustivelID) VALUES (5.370, 'R$ / litro', '2023-03-21', '01635041000206', (SELECT ID_Combustivel FROM COMBUSTIVEL WHERE Nome = 'GASOLINA COMUM'));
INSERT INTO PRECO_COLETADO (Preco, UnidadeMedida, DataColeta, PostoCNPJ, CombustivelID) VALUES (5.330, 'R$ / litro', '2023-03-27', '01635041000206', (SELECT ID_Combustivel FROM COMBUSTIVEL WHERE Nome = 'GASOLINA COMUM'));
INSERT INTO PRECO_COLETADO (Preco, UnidadeMedida, DataColeta, PostoCNPJ, CombustivelID) VALUES (5.290, 'R$ / litro', '2023-04-04', '01635041000206', (SELECT ID_Combustivel FROM COMBUSTIVEL WHERE Nome = 'GASOLINA COMUM'));
INSERT INTO PRECO_COLETADO (Preco, UnidadeMedida, DataColeta, PostoCNPJ, CombustivelID) VALUES (5.290, 'R$ / litro', '2023-04-11', '01635041000206', (SELECT ID_Combustivel FROM COMBUSTIVEL WHERE Nome = 'GASOLINA COMUM'));
INSERT INTO PRECO_COLETADO (Preco, UnidadeMedida, DataColeta, PostoCNPJ, CombustivelID) VALUES (5.390, 'R$ / litro', '2023-04-17', '01635041000206', (SELECT ID_Combustivel FROM COMBUSTIVEL WHERE Nome = 'GASOLINA COMUM'));
INSERT INTO PRECO_COLETADO (Preco, UnidadeMedida, DataColeta, PostoCNPJ, CombustivelID) VALUES (5.290, 'R$ / litro', '2023-04-24', '01635041000206', (SELECT ID_Combustivel FROM COMBUSTIVEL WHERE Nome = 'GASOLINA COMUM'));
INSERT INTO PRECO_COLETADO (Preco, UnidadeMedida, DataColeta, PostoCNPJ, CombustivelID) VALUES (5.290, 'R$ / litro', '2023-05-03', '01635041000206', (SELECT ID_Combustivel FROM COMBUSTIVEL WHERE Nome = 'GASOLINA COMUM'));
INSERT INTO PRECO_COLETADO (Preco, UnidadeMedida, DataColeta, PostoCNPJ, CombustivelID) VALUES (5.290, 'R$ / litro', '2023-05-09', '01635041000206', (SELECT ID_Combustivel FROM COMBUSTIVEL WHERE Nome = 'GASOLINA COMUM'));
INSERT INTO PRECO_COLETADO (Preco, UnidadeMedida, DataColeta, PostoCNPJ, CombustivelID) VALUES (5.250, 'R$ / litro', '2023-05-15', '01635041000206', (SELECT ID_Combustivel FROM COMBUSTIVEL WHERE Nome = 'GASOLINA COMUM'));
INSERT INTO PRECO_COLETADO (Preco, UnidadeMedida, DataColeta, PostoCNPJ, CombustivelID) VALUES (5.060, 'R$ / litro', '2023-05-23', '01635041000206', (SELECT ID_Combustivel FROM COMBUSTIVEL WHERE Nome = 'GASOLINA COMUM'));
INSERT INTO PRECO_COLETADO (Preco, UnidadeMedida, DataColeta, PostoCNPJ, CombustivelID) VALUES (5.020, 'R$ / litro', '2023-05-30', '01635041000206', (SELECT ID_Combustivel FROM COMBUSTIVEL WHERE Nome = 'GASOLINA COMUM'));
INSERT INTO PRECO_COLETADO (Preco, UnidadeMedida, DataColeta, PostoCNPJ, CombustivelID) VALUES (5.490, 'R$ / litro', '2023-06-05', '01635041000206', (SELECT ID_Combustivel FROM COMBUSTIVEL WHERE Nome = 'GASOLINA COMUM'));
INSERT INTO PRECO_COLETADO (Preco, UnidadeMedida, DataColeta, PostoCNPJ, CombustivelID) VALUES (5.290, 'R$ / litro', '2023-06-20', '01635041000206', (SELECT ID_Combustivel FROM COMBUSTIVEL WHERE Nome = 'GASOLINA COMUM'));
INSERT INTO PRECO_COLETADO (Preco, UnidadeMedida, DataColeta, PostoCNPJ, CombustivelID) VALUES (5.250, 'R$ / litro', '2023-06-27', '01635041000206', (SELECT ID_Combustivel FROM COMBUSTIVEL WHERE Nome = 'GASOLINA COMUM'));
INSERT INTO PRECO_COLETADO (Preco, UnidadeMedida, DataColeta, PostoCNPJ, CombustivelID) VALUES (5.790, 'R$ / litro', '2023-07-04', '01635041000206', (SELECT ID_Combustivel FROM COMBUSTIVEL WHERE Nome = 'GASOLINA COMUM'));
INSERT INTO PRECO_COLETADO (Preco, UnidadeMedida, DataColeta, PostoCNPJ, CombustivelID) VALUES (5.670, 'R$ / litro', '2023-07-10', '01635041000206', (SELECT ID_Combustivel FROM COMBUSTIVEL WHERE Nome = 'GASOLINA COMUM'));
INSERT INTO PRECO_COLETADO (Preco, UnidadeMedida, DataColeta, PostoCNPJ, CombustivelID) VALUES (5.770, 'R$ / litro', '2023-07-17', '01635041000206', (SELECT ID_Combustivel FROM COMBUSTIVEL WHERE Nome = 'GASOLINA COMUM'));
INSERT INTO PRECO_COLETADO (Preco, UnidadeMedida, DataColeta, PostoCNPJ, CombustivelID) VALUES (5.420, 'R$ / litro', '2023-07-24', '01635041000206', (SELECT ID_Combustivel FROM COMBUSTIVEL WHERE Nome = 'GASOLINA COMUM'));
INSERT INTO PRECO_COLETADO (Preco, UnidadeMedida, DataColeta, PostoCNPJ, CombustivelID) VALUES (5.320, 'R$ / litro', '2023-07-31', '01635041000206', (SELECT ID_Combustivel FROM COMBUSTIVEL WHERE Nome = 'GASOLINA COMUM'));
INSERT INTO PRECO_COLETADO (Preco, UnidadeMedida, DataColeta, PostoCNPJ, CombustivelID) VALUES (5.370, 'R$ / litro', '2023-08-07', '01635041000206', (SELECT ID_Combustivel FROM COMBUSTIVEL WHERE Nome = 'GASOLINA COMUM'));
INSERT INTO PRECO_COLETADO (Preco, UnidadeMedida, DataColeta, PostoCNPJ, CombustivelID) VALUES (5.220, 'R$ / litro', '2023-08-15', '01635041000206', (SELECT ID_Combustivel FROM COMBUSTIVEL WHERE Nome = 'GASOLINA COMUM'));
INSERT INTO PRECO_COLETADO (Preco, UnidadeMedida, DataColeta, PostoCNPJ, CombustivelID) VALUES (5.850, 'R$ / litro', '2023-08-22', '01635041000206', (SELECT ID_Combustivel FROM COMBUSTIVEL WHERE Nome = 'GASOLINA COMUM'));
INSERT INTO PRECO_COLETADO (Preco, UnidadeMedida, DataColeta, PostoCNPJ, CombustivelID) VALUES (5.390, 'R$ / litro', '2023-08-30', '01635041000206', (SELECT ID_Combustivel FROM COMBUSTIVEL WHERE Nome = 'GASOLINA COMUM'));
INSERT INTO PRECO_COLETADO (Preco, UnidadeMedida, DataColeta, PostoCNPJ, CombustivelID) VALUES (5.390, 'R$ / litro', '2023-09-07', '01635041000206', (SELECT ID_Combustivel FROM COMBUSTIVEL WHERE Nome = 'GASOLINA COMUM'));
INSERT INTO PRECO_COLETADO (Preco, UnidadeMedida, DataColeta, PostoCNPJ, CombustivelID) VALUES (5.390, 'R$ / litro', '2023-09-12', '01635041000206', (SELECT ID_Combustivel FROM COMBUSTIVEL WHERE Nome = 'GASOLINA COMUM'));
INSERT INTO PRECO_COLETADO (Preco, UnidadeMedida, DataColeta, PostoCNPJ, CombustivelID) VALUES (5.490, 'R$ / litro', '2023-09-19', '01635041000206', (SELECT ID_Combustivel FROM COMBUSTIVEL WHERE Nome = 'GASOLINA COMUM'));
INSERT INTO PRECO_COLETADO (Preco, UnidadeMedida, DataColeta, PostoCNPJ, CombustivelID) VALUES (5.790, 'R$ / litro', '2023-09-26', '01635041000206', (SELECT ID_Combustivel FROM COMBUSTIVEL WHERE Nome = 'GASOLINA COMUM'));
INSERT INTO PRECO_COLETADO (Preco, UnidadeMedida, DataColeta, PostoCNPJ, CombustivelID) VALUES (5.690, 'R$ / litro', '2023-10-03', '01635041000206', (SELECT ID_Combustivel FROM COMBUSTIVEL WHERE Nome = 'GASOLINA COMUM'));
INSERT INTO PRECO_COLETADO (Preco, UnidadeMedida, DataColeta, PostoCNPJ, CombustivelID) VALUES (5.660, 'R$ / litro', '2023-10-10', '01635041000206', (SELECT ID_Combustivel FROM COMBUSTIVEL WHERE Nome = 'GASOLINA COMUM'));
INSERT INTO PRECO_COLETADO (Preco, UnidadeMedida, DataColeta, PostoCNPJ, CombustivelID) VALUES (5.630, 'R$ / litro', '2023-10-16', '01635041000206', (SELECT ID_Combustivel FROM COMBUSTIVEL WHERE Nome = 'GASOLINA COMUM'));
INSERT INTO PRECO_COLETADO (Preco, UnidadeMedida, DataColeta, PostoCNPJ, CombustivelID) VALUES (5.480, 'R$ / litro', '2023-10-24', '01635041000206', (SELECT ID_Combustivel FROM COMBUSTIVEL WHERE Nome = 'GASOLINA COMUM'));
INSERT INTO PRECO_COLETADO (Preco, UnidadeMedida, DataColeta, PostoCNPJ, CombustivelID) VALUES (5.480, 'R$ / litro', '2023-10-31', '01635041000206', (SELECT ID_Combustivel FROM COMBUSTIVEL WHERE Nome = 'GASOLINA COMUM'));
INSERT INTO PRECO_COLETADO (Preco, UnidadeMedida, DataColeta, PostoCNPJ, CombustivelID) VALUES (5.480, 'R$ / litro', '2023-11-07', '01635041000206', (SELECT ID_Combustivel FROM COMBUSTIVEL WHERE Nome = 'GASOLINA COMUM'));
INSERT INTO PRECO_COLETADO (Preco, UnidadeMedida, DataColeta, PostoCNPJ, CombustivelID) VALUES (5.480, 'R$ / litro', '2023-11-14', '01635041000206', (SELECT ID_Combustivel FROM COMBUSTIVEL WHERE Nome = 'GASOLINA COMUM'));
INSERT INTO PRECO_COLETADO (Preco, UnidadeMedida, DataColeta, PostoCNPJ, CombustivelID) VALUES (5.680, 'R$ / litro', '2023-11-21', '01635041000206', (SELECT ID_Combustivel FROM COMBUSTIVEL WHERE Nome = 'GASOLINA COMUM'));
INSERT INTO PRECO_COLETADO (Preco, UnidadeMedida, DataColeta, PostoCNPJ, CombustivelID) VALUES (5.480, 'R$ / litro', '2023-12-13', '01635041000206', (SELECT ID_Combustivel FROM COMBUSTIVEL WHERE Nome = 'GASOLINA COMUM'));
INSERT INTO PRECO_COLETADO (Preco, UnidadeMedida, DataColeta, PostoCNPJ, CombustivelID) VALUES (5.380, 'R$ / litro', '2023-12-20', '01635041000206', (SELECT ID_Combustivel FROM COMBUSTIVEL WHERE Nome = 'GASOLINA COMUM'));
INSERT INTO PRECO_COLETADO (Preco, UnidadeMedida, DataColeta, PostoCNPJ, CombustivelID) VALUES (5.380, 'R$ / litro', '2023-12-26', '01635041000206', (SELECT ID_Combustivel FROM COMBUSTIVEL WHERE Nome = 'GASOLINA COMUM'));
INSERT INTO PRECO_COLETADO (Preco, UnidadeMedida, DataColeta, PostoCNPJ, CombustivelID) VALUES (5.280, 'R$ / litro', '2024-01-05', '01635041000206', (SELECT ID_Combustivel FROM COMBUSTIVEL WHERE Nome = 'GASOLINA COMUM'));
INSERT INTO PRECO_COLETADO (Preco, UnidadeMedida, DataColeta, PostoCNPJ, CombustivelID) VALUES (5.280, 'R$ / litro', '2024-01-08', '01635041000206', (SELECT ID_Combustivel FROM COMBUSTIVEL WHERE Nome = 'GASOLINA COMUM'));
INSERT INTO PRECO_COLETADO (Preco, UnidadeMedida, DataColeta, PostoCNPJ, CombustivelID) VALUES (5.380, 'R$ / litro', '2024-01-15', '01635041000206', (SELECT ID_Combustivel FROM COMBUSTIVEL WHERE Nome = 'GASOLINA COMUM'));
INSERT INTO PRECO_COLETADO (Preco, UnidadeMedida, DataColeta, PostoCNPJ, CombustivelID) VALUES (5.180, 'R$ / litro', '2024-01-29', '01635041000206', (SELECT ID_Combustivel FROM COMBUSTIVEL WHERE Nome = 'GASOLINA COMUM'));
INSERT INTO PRECO_COLETADO (Preco, UnidadeMedida, DataColeta, PostoCNPJ, CombustivelID) VALUES (5.590, 'R$ / litro', '2024-02-05', '01635041000206', (SELECT ID_Combustivel FROM COMBUSTIVEL WHERE Nome = 'GASOLINA COMUM'));
INSERT INTO PRECO_COLETADO (Preco, UnidadeMedida, DataColeta, PostoCNPJ, CombustivelID) VALUES (5.690, 'R$ / litro', '2024-02-12', '01635041000206', (SELECT ID_Combustivel FROM COMBUSTIVEL WHERE Nome = 'GASOLINA COMUM'));
INSERT INTO PRECO_COLETADO (Preco, UnidadeMedida, DataColeta, PostoCNPJ, CombustivelID) VALUES (5.570, 'R$ / litro', '2024-02-19', '01635041000206', (SELECT ID_Combustivel FROM COMBUSTIVEL WHERE Nome = 'GASOLINA COMUM'));
INSERT INTO PRECO_COLETADO (Preco, UnidadeMedida, DataColeta, PostoCNPJ, CombustivelID) VALUES (5.390, 'R$ / litro', '2024-02-26', '01635041000206', (SELECT ID_Combustivel FROM COMBUSTIVEL WHERE Nome = 'GASOLINA COMUM'));
INSERT INTO PRECO_COLETADO (Preco, UnidadeMedida, DataColeta, PostoCNPJ, CombustivelID) VALUES (5.390, 'R$ / litro', '2024-03-04', '01635041000206', (SELECT ID_Combustivel FROM COMBUSTIVEL WHERE Nome = 'GASOLINA COMUM'));
INSERT INTO PRECO_COLETADO (Preco, UnidadeMedida, DataColeta, PostoCNPJ, CombustivelID) VALUES (5.590, 'R$ / litro', '2024-03-11', '01635041000206', (SELECT ID_Combustivel FROM COMBUSTIVEL WHERE Nome = 'GASOLINA COMUM'));
INSERT INTO PRECO_COLETADO (Preco, UnidadeMedida, DataColeta, PostoCNPJ, CombustivelID) VALUES (5.590, 'R$ / litro', '2024-03-18', '01635041000206', (SELECT ID_Combustivel FROM COMBUSTIVEL WHERE Nome = 'GASOLINA COMUM'));
INSERT INTO PRECO_COLETADO (Preco, UnidadeMedida, DataColeta, PostoCNPJ, CombustivelID) VALUES (5.490, 'R$ / litro', '2024-03-25', '01635041000206', (SELECT ID_Combustivel FROM COMBUSTIVEL WHERE Nome = 'GASOLINA COMUM'));
INSERT INTO PRECO_COLETADO (Preco, UnidadeMedida, DataColeta, PostoCNPJ, CombustivelID) VALUES (5.690, 'R$ / litro', '2024-04-01', '01635041000206', (SELECT ID_Combustivel FROM COMBUSTIVEL WHERE Nome = 'GASOLINA COMUM'));
INSERT INTO PRECO_COLETADO (Preco, UnidadeMedida, DataColeta, PostoCNPJ, CombustivelID) VALUES (5.460, 'R$ / litro', '2024-04-08', '01635041000206', (SELECT ID_Combustivel FROM COMBUSTIVEL WHERE Nome = 'GASOLINA COMUM'));
INSERT INTO PRECO_COLETADO (Preco, UnidadeMedida, DataColeta, PostoCNPJ, CombustivelID) VALUES (5.460, 'R$ / litro', '2024-04-15', '01635041000206', (SELECT ID_Combustivel FROM COMBUSTIVEL WHERE Nome = 'GASOLINA COMUM'));
INSERT INTO PRECO_COLETADO (Preco, UnidadeMedida, DataColeta, PostoCNPJ, CombustivelID) VALUES (5.460, 'R$ / litro', '2024-04-22', '01635041000206', (SELECT ID_Combustivel FROM COMBUSTIVEL WHERE Nome = 'GASOLINA COMUM'));
INSERT INTO PRECO_COLETADO (Preco, UnidadeMedida, DataColeta, PostoCNPJ, CombustivelID) VALUES (5.890, 'R$ / litro', '2024-04-29', '01635041000206', (SELECT ID_Combustivel FROM COMBUSTIVEL WHERE Nome = 'GASOLINA COMUM'));
INSERT INTO PRECO_COLETADO (Preco, UnidadeMedida, DataColeta, PostoCNPJ, CombustivelID) VALUES (5.890, 'R$ / litro', '2024-05-06', '01635041000206', (SELECT ID_Combustivel FROM COMBUSTIVEL WHERE Nome = 'GASOLINA COMUM'));
INSERT INTO PRECO_COLETADO (Preco, UnidadeMedida, DataColeta, PostoCNPJ, CombustivelID) VALUES (5.890, 'R$ / litro', '2024-05-13', '01635041000206', (SELECT ID_Combustivel FROM COMBUSTIVEL WHERE Nome = 'GASOLINA COMUM'));
INSERT INTO PRECO_COLETADO (Preco, UnidadeMedida, DataColeta, PostoCNPJ, CombustivelID) VALUES (5.790, 'R$ / litro', '2024-05-20', '01635041000206', (SELECT ID_Combustivel FROM COMBUSTIVEL WHERE Nome = 'GASOLINA COMUM'));
INSERT INTO PRECO_COLETADO (Preco, UnidadeMedida, DataColeta, PostoCNPJ, CombustivelID) VALUES (5.790, 'R$ / litro', '2024-05-27', '01635041000206', (SELECT ID_Combustivel FROM COMBUSTIVEL WHERE Nome = 'GASOLINA COMUM'));
INSERT INTO PRECO_COLETADO (Preco, UnidadeMedida, DataColeta, PostoCNPJ, CombustivelID) VALUES (5.790, 'R$ / litro', '2024-06-03', '01635041000206', (SELECT ID_Combustivel FROM COMBUSTIVEL WHERE Nome = 'GASOLINA COMUM'));
INSERT INTO PRECO_COLETADO (Preco, UnidadeMedida, DataColeta, PostoCNPJ, CombustivelID) VALUES (5.790, 'R$ / litro', '2024-06-17', '01635041000206', (SELECT ID_Combustivel FROM COMBUSTIVEL WHERE Nome = 'GASOLINA COMUM'));
INSERT INTO PRECO_COLETADO (Preco, UnidadeMedida, DataColeta, PostoCNPJ, CombustivelID) VALUES (5.790, 'R$ / litro', '2024-06-24', '01635041000206', (SELECT ID_Combustivel FROM COMBUSTIVEL WHERE Nome = 'GASOLINA COMUM'));
INSERT INTO PRECO_COLETADO (Preco, UnidadeMedida, DataColeta, PostoCNPJ, CombustivelID) VALUES (5.790, 'R$ / litro', '2024-07-01', '01635041000206', (SELECT ID_Combustivel FROM COMBUSTIVEL WHERE Nome = 'GASOLINA COMUM'));
INSERT INTO PRECO_COLETADO (Preco, UnidadeMedida, DataColeta, PostoCNPJ, CombustivelID) VALUES (5.690, 'R$ / litro', '2024-07-09', '01635041000206', (SELECT ID_Combustivel FROM COMBUSTIVEL WHERE Nome = 'GASOLINA COMUM'));
INSERT INTO PRECO_COLETADO (Preco, UnidadeMedida, DataColeta, PostoCNPJ, CombustivelID) VALUES (6.190, 'R$ / litro', '2024-07-16', '01635041000206', (SELECT ID_Combustivel FROM COMBUSTIVEL WHERE Nome = 'GASOLINA COMUM'));
INSERT INTO PRECO_COLETADO (Preco, UnidadeMedida, DataColeta, PostoCNPJ, CombustivelID) VALUES (6.150, 'R$ / litro', '2024-07-22', '01635041000206', (SELECT ID_Combustivel FROM COMBUSTIVEL WHERE Nome = 'GASOLINA COMUM'));
INSERT INTO PRECO_COLETADO (Preco, UnidadeMedida, DataColeta, PostoCNPJ, CombustivelID) VALUES (6.150, 'R$ / litro', '2024-07-29', '01635041000206', (SELECT ID_Combustivel FROM COMBUSTIVEL WHERE Nome = 'GASOLINA COMUM'));
INSERT INTO PRECO_COLETADO (Preco, UnidadeMedida, DataColeta, PostoCNPJ, CombustivelID) VALUES (6.090, 'R$ / litro', '2024-08-05', '01635041000206', (SELECT ID_Combustivel FROM COMBUSTIVEL WHERE Nome = 'GASOLINA COMUM'));
INSERT INTO PRECO_COLETADO (Preco, UnidadeMedida, DataColeta, PostoCNPJ, CombustivelID) VALUES (6.090, 'R$ / litro', '2024-08-12', '01635041000206', (SELECT ID_Combustivel FROM COMBUSTIVEL WHERE Nome = 'GASOLINA COMUM'));
INSERT INTO PRECO_COLETADO (Preco, UnidadeMedida, DataColeta, PostoCNPJ, CombustivelID) VALUES (6.090, 'R$ / litro', '2024-08-20', '01635041000206', (SELECT ID_Combustivel FROM COMBUSTIVEL WHERE Nome = 'GASOLINA COMUM'));
INSERT INTO PRECO_COLETADO (Preco, UnidadeMedida, DataColeta, PostoCNPJ, CombustivelID) VALUES (6.090, 'R$ / litro', '2024-08-26', '01635041000206', (SELECT ID_Combustivel FROM COMBUSTIVEL WHERE Nome = 'GASOLINA COMUM'));
INSERT INTO PRECO_COLETADO (Preco, UnidadeMedida, DataColeta, PostoCNPJ, CombustivelID) VALUES (6.190, 'R$ / litro', '2024-09-02', '01635041000206', (SELECT ID_Combustivel FROM COMBUSTIVEL WHERE Nome = 'GASOLINA COMUM'));
INSERT INTO PRECO_COLETADO (Preco, UnidadeMedida, DataColeta, PostoCNPJ, CombustivelID) VALUES (7.190, 'R$ / litro', '2022-08-04', '01635041000206', (SELECT ID_Combustivel FROM COMBUSTIVEL WHERE Nome = 'DIESEL S10'));
INSERT INTO PRECO_COLETADO (Preco, UnidadeMedida, DataColeta, PostoCNPJ, CombustivelID) VALUES (7.190, 'R$ / litro', '2022-08-08', '01635041000206', (SELECT ID_Combustivel FROM COMBUSTIVEL WHERE Nome = 'DIESEL S10'));
INSERT INTO PRECO_COLETADO (Preco, UnidadeMedida, DataColeta, PostoCNPJ, CombustivelID) VALUES (7.190, 'R$ / litro', '2022-08-15', '01635041000206', (SELECT ID_Combustivel FROM COMBUSTIVEL WHERE Nome = 'DIESEL S10'));
INSERT INTO PRECO_COLETADO (Preco, UnidadeMedida, DataColeta, PostoCNPJ, CombustivelID) VALUES (6.890, 'R$ / litro', '2022-08-24', '01635041000206', (SELECT ID_Combustivel FROM COMBUSTIVEL WHERE Nome = 'DIESEL S10'));
INSERT INTO PRECO_COLETADO (Preco, UnidadeMedida, DataColeta, PostoCNPJ, CombustivelID) VALUES (6.890, 'R$ / litro', '2022-09-01', '01635041000206', (SELECT ID_Combustivel FROM COMBUSTIVEL WHERE Nome = 'DIESEL S10'));
INSERT INTO PRECO_COLETADO (Preco, UnidadeMedida, DataColeta, PostoCNPJ, CombustivelID) VALUES (5.690, 'R$ / litro', '2023-04-11', '01635041000206', (SELECT ID_Combustivel FROM COMBUSTIVEL WHERE Nome = 'DIESEL S10'));
INSERT INTO PRECO_COLETADO (Preco, UnidadeMedida, DataColeta, PostoCNPJ, CombustivelID) VALUES (5.690, 'R$ / litro', '2023-04-17', '01635041000206', (SELECT ID_Combustivel FROM COMBUSTIVEL WHERE Nome = 'DIESEL S10'));
INSERT INTO PRECO_COLETADO (Preco, UnidadeMedida, DataColeta, PostoCNPJ, CombustivelID) VALUES (5.590, 'R$ / litro', '2023-05-09', '01635041000206', (SELECT ID_Combustivel FROM COMBUSTIVEL WHERE Nome = 'DIESEL S10'));
INSERT INTO PRECO_COLETADO (Preco, UnidadeMedida, DataColeta, PostoCNPJ, CombustivelID) VALUES (5.490, 'R$ / litro', '2023-05-30', '01635041000206', (SELECT ID_Combustivel FROM COMBUSTIVEL WHERE Nome = 'DIESEL S10'));
INSERT INTO POSTO (CNPJ, RazaoSocial, NomeFantasia, Bandeira, Logradouro, Numero, Bairro, Cidade, Estado, CEP) VALUES ('01557127000179', 'AUTO POSTO ILHA DAS GARCAS LTDA', 'POSTO ILHA DAS GARÇAS', 'VIBRA', 'RUA MARIA DE OLIVEIRA MARES GUIA', '40', 'PRAIA DAS GAIVOTAS', 'VILA VELHA', 'ESPIRITO SANTO', '29102567');
INSERT INTO PRECO_COLETADO (Preco, UnidadeMedida, DataColeta, PostoCNPJ, CombustivelID) VALUES (4.880, 'R$ / litro', '2022-10-24', '01557127000179', (SELECT ID_Combustivel FROM COMBUSTIVEL WHERE Nome = 'GASOLINA COMUM'));
INSERT INTO PRECO_COLETADO (Preco, UnidadeMedida, DataColeta, PostoCNPJ, CombustivelID) VALUES (4.990, 'R$ / litro', '2023-01-23', '01557127000179', (SELECT ID_Combustivel FROM COMBUSTIVEL WHERE Nome = 'GASOLINA COMUM'));
INSERT INTO PRECO_COLETADO (Preco, UnidadeMedida, DataColeta, PostoCNPJ, CombustivelID) VALUES (5.090, 'R$ / litro', '2023-01-30', '01557127000179', (SELECT ID_Combustivel FROM COMBUSTIVEL WHERE Nome = 'GASOLINA COMUM'));
INSERT INTO PRECO_COLETADO (Preco, UnidadeMedida, DataColeta, PostoCNPJ, CombustivelID) VALUES (5.090, 'R$ / litro', '2023-02-06', '01557127000179', (SELECT ID_Combustivel FROM COMBUSTIVEL WHERE Nome = 'GASOLINA COMUM'));
INSERT INTO PRECO_COLETADO (Preco, UnidadeMedida, DataColeta, PostoCNPJ, CombustivelID) VALUES (5.090, 'R$ / litro', '2023-02-13', '01557127000179', (SELECT ID_Combustivel FROM COMBUSTIVEL WHERE Nome = 'GASOLINA COMUM'));
INSERT INTO PRECO_COLETADO (Preco, UnidadeMedida, DataColeta, PostoCNPJ, CombustivelID) VALUES (4.990, 'R$ / litro', '2023-02-20', '01557127000179', (SELECT ID_Combustivel FROM COMBUSTIVEL WHERE Nome = 'GASOLINA COMUM'));
INSERT INTO PRECO_COLETADO (Preco, UnidadeMedida, DataColeta, PostoCNPJ, CombustivelID) VALUES (5.160, 'R$ / litro', '2023-02-27', '01557127000179', (SELECT ID_Combustivel FROM COMBUSTIVEL WHERE Nome = 'GASOLINA COMUM'));
INSERT INTO PRECO_COLETADO (Preco, UnidadeMedida, DataColeta, PostoCNPJ, CombustivelID) VALUES (5.590, 'R$ / litro', '2023-03-06', '01557127000179', (SELECT ID_Combustivel FROM COMBUSTIVEL WHERE Nome = 'GASOLINA COMUM'));
INSERT INTO PRECO_COLETADO (Preco, UnidadeMedida, DataColeta, PostoCNPJ, CombustivelID) VALUES (5.490, 'R$ / litro', '2023-03-21', '01557127000179', (SELECT ID_Combustivel FROM COMBUSTIVEL WHERE Nome = 'GASOLINA COMUM'));
INSERT INTO PRECO_COLETADO (Preco, UnidadeMedida, DataColeta, PostoCNPJ, CombustivelID) VALUES (5.490, 'R$ / litro', '2023-03-27', '01557127000179', (SELECT ID_Combustivel FROM COMBUSTIVEL WHERE Nome = 'GASOLINA COMUM'));
INSERT INTO PRECO_COLETADO (Preco, UnidadeMedida, DataColeta, PostoCNPJ, CombustivelID) VALUES (5.490, 'R$ / litro', '2023-04-11', '01557127000179', (SELECT ID_Combustivel FROM COMBUSTIVEL WHERE Nome = 'GASOLINA COMUM'));
INSERT INTO PRECO_COLETADO (Preco, UnidadeMedida, DataColeta, PostoCNPJ, CombustivelID) VALUES (5.590, 'R$ / litro', '2023-04-24', '01557127000179', (SELECT ID_Combustivel FROM COMBUSTIVEL WHERE Nome = 'GASOLINA COMUM'));
INSERT INTO PRECO_COLETADO (Preco, UnidadeMedida, DataColeta, PostoCNPJ, CombustivelID) VALUES (5.490, 'R$ / litro', '2023-05-09', '01557127000179', (SELECT ID_Combustivel FROM COMBUSTIVEL WHERE Nome = 'GASOLINA COMUM'));
INSERT INTO PRECO_COLETADO (Preco, UnidadeMedida, DataColeta, PostoCNPJ, CombustivelID) VALUES (5.490, 'R$ / litro', '2023-05-15', '01557127000179', (SELECT ID_Combustivel FROM COMBUSTIVEL WHERE Nome = 'GASOLINA COMUM'));
INSERT INTO PRECO_COLETADO (Preco, UnidadeMedida, DataColeta, PostoCNPJ, CombustivelID) VALUES (5.190, 'R$ / litro', '2023-05-22', '01557127000179', (SELECT ID_Combustivel FROM COMBUSTIVEL WHERE Nome = 'GASOLINA COMUM'));
INSERT INTO PRECO_COLETADO (Preco, UnidadeMedida, DataColeta, PostoCNPJ, CombustivelID) VALUES (5.090, 'R$ / litro', '2023-05-29', '01557127000179', (SELECT ID_Combustivel FROM COMBUSTIVEL WHERE Nome = 'GASOLINA COMUM'));
INSERT INTO PRECO_COLETADO (Preco, UnidadeMedida, DataColeta, PostoCNPJ, CombustivelID) VALUES (5.390, 'R$ / litro', '2023-06-20', '01557127000179', (SELECT ID_Combustivel FROM COMBUSTIVEL WHERE Nome = 'GASOLINA COMUM'));
INSERT INTO PRECO_COLETADO (Preco, UnidadeMedida, DataColeta, PostoCNPJ, CombustivelID) VALUES (5.390, 'R$ / litro', '2023-06-27', '01557127000179', (SELECT ID_Combustivel FROM COMBUSTIVEL WHERE Nome = 'GASOLINA COMUM'));
INSERT INTO PRECO_COLETADO (Preco, UnidadeMedida, DataColeta, PostoCNPJ, CombustivelID) VALUES (5.790, 'R$ / litro', '2023-07-04', '01557127000179', (SELECT ID_Combustivel FROM COMBUSTIVEL WHERE Nome = 'GASOLINA COMUM'));
INSERT INTO PRECO_COLETADO (Preco, UnidadeMedida, DataColeta, PostoCNPJ, CombustivelID) VALUES (5.790, 'R$ / litro', '2023-07-10', '01557127000179', (SELECT ID_Combustivel FROM COMBUSTIVEL WHERE Nome = 'GASOLINA COMUM'));
INSERT INTO PRECO_COLETADO (Preco, UnidadeMedida, DataColeta, PostoCNPJ, CombustivelID) VALUES (5.690, 'R$ / litro', '2023-07-17', '01557127000179', (SELECT ID_Combustivel FROM COMBUSTIVEL WHERE Nome = 'GASOLINA COMUM'));
INSERT INTO PRECO_COLETADO (Preco, UnidadeMedida, DataColeta, PostoCNPJ, CombustivelID) VALUES (5.690, 'R$ / litro', '2023-07-24', '01557127000179', (SELECT ID_Combustivel FROM COMBUSTIVEL WHERE Nome = 'GASOLINA COMUM'));
INSERT INTO PRECO_COLETADO (Preco, UnidadeMedida, DataColeta, PostoCNPJ, CombustivelID) VALUES (5.690, 'R$ / litro', '2023-07-31', '01557127000179', (SELECT ID_Combustivel FROM COMBUSTIVEL WHERE Nome = 'GASOLINA COMUM'));
INSERT INTO PRECO_COLETADO (Preco, UnidadeMedida, DataColeta, PostoCNPJ, CombustivelID) VALUES (5.490, 'R$ / litro', '2023-08-15', '01557127000179', (SELECT ID_Combustivel FROM COMBUSTIVEL WHERE Nome = 'GASOLINA COMUM'));
INSERT INTO PRECO_COLETADO (Preco, UnidadeMedida, DataColeta, PostoCNPJ, CombustivelID) VALUES (5.890, 'R$ / litro', '2023-08-22', '01557127000179', (SELECT ID_Combustivel FROM COMBUSTIVEL WHERE Nome = 'GASOLINA COMUM'));
INSERT INTO PRECO_COLETADO (Preco, UnidadeMedida, DataColeta, PostoCNPJ, CombustivelID) VALUES (5.890, 'R$ / litro', '2023-08-30', '01557127000179', (SELECT ID_Combustivel FROM COMBUSTIVEL WHERE Nome = 'GASOLINA COMUM'));
INSERT INTO PRECO_COLETADO (Preco, UnidadeMedida, DataColeta, PostoCNPJ, CombustivelID) VALUES (5.890, 'R$ / litro', '2023-09-07', '01557127000179', (SELECT ID_Combustivel FROM COMBUSTIVEL WHERE Nome = 'GASOLINA COMUM'));
INSERT INTO PRECO_COLETADO (Preco, UnidadeMedida, DataColeta, PostoCNPJ, CombustivelID) VALUES (5.890, 'R$ / litro', '2023-09-12', '01557127000179', (SELECT ID_Combustivel FROM COMBUSTIVEL WHERE Nome = 'GASOLINA COMUM'));
INSERT INTO PRECO_COLETADO (Preco, UnidadeMedida, DataColeta, PostoCNPJ, CombustivelID) VALUES (5.790, 'R$ / litro', '2023-09-19', '01557127000179', (SELECT ID_Combustivel FROM COMBUSTIVEL WHERE Nome = 'GASOLINA COMUM'));
INSERT INTO PRECO_COLETADO (Preco, UnidadeMedida, DataColeta, PostoCNPJ, CombustivelID) VALUES (5.790, 'R$ / litro', '2023-09-26', '01557127000179', (SELECT ID_Combustivel FROM COMBUSTIVEL WHERE Nome = 'GASOLINA COMUM'));
INSERT INTO PRECO_COLETADO (Preco, UnidadeMedida, DataColeta, PostoCNPJ, CombustivelID) VALUES (5.790, 'R$ / litro', '2023-10-03', '01557127000179', (SELECT ID_Combustivel FROM COMBUSTIVEL WHERE Nome = 'GASOLINA COMUM'));
INSERT INTO PRECO_COLETADO (Preco, UnidadeMedida, DataColeta, PostoCNPJ, CombustivelID) VALUES (5.790, 'R$ / litro', '2023-10-10', '01557127000179', (SELECT ID_Combustivel FROM COMBUSTIVEL WHERE Nome = 'GASOLINA COMUM'));
INSERT INTO PRECO_COLETADO (Preco, UnidadeMedida, DataColeta, PostoCNPJ, CombustivelID) VALUES (5.790, 'R$ / litro', '2023-10-16', '01557127000179', (SELECT ID_Combustivel FROM COMBUSTIVEL WHERE Nome = 'GASOLINA COMUM'));
INSERT INTO PRECO_COLETADO (Preco, UnidadeMedida, DataColeta, PostoCNPJ, CombustivelID) VALUES (5.690, 'R$ / litro', '2023-10-24', '01557127000179', (SELECT ID_Combustivel FROM COMBUSTIVEL WHERE Nome = 'GASOLINA COMUM'));
INSERT INTO PRECO_COLETADO (Preco, UnidadeMedida, DataColeta, PostoCNPJ, CombustivelID) VALUES (5.690, 'R$ / litro', '2023-10-31', '01557127000179', (SELECT ID_Combustivel FROM COMBUSTIVEL WHERE Nome = 'GASOLINA COMUM'));
INSERT INTO PRECO_COLETADO (Preco, UnidadeMedida, DataColeta, PostoCNPJ, CombustivelID) VALUES (5.690, 'R$ / litro', '2023-11-07', '01557127000179', (SELECT ID_Combustivel FROM COMBUSTIVEL WHERE Nome = 'GASOLINA COMUM'));
INSERT INTO PRECO_COLETADO (Preco, UnidadeMedida, DataColeta, PostoCNPJ, CombustivelID) VALUES (5.690, 'R$ / litro', '2023-11-14', '01557127000179', (SELECT ID_Combustivel FROM COMBUSTIVEL WHERE Nome = 'GASOLINA COMUM'));
INSERT INTO PRECO_COLETADO (Preco, UnidadeMedida, DataColeta, PostoCNPJ, CombustivelID) VALUES (5.590, 'R$ / litro', '2023-11-21', '01557127000179', (SELECT ID_Combustivel FROM COMBUSTIVEL WHERE Nome = 'GASOLINA COMUM'));
INSERT INTO PRECO_COLETADO (Preco, UnidadeMedida, DataColeta, PostoCNPJ, CombustivelID) VALUES (5.680, 'R$ / litro', '2023-11-28', '01557127000179', (SELECT ID_Combustivel FROM COMBUSTIVEL WHERE Nome = 'GASOLINA COMUM'));
INSERT INTO PRECO_COLETADO (Preco, UnidadeMedida, DataColeta, PostoCNPJ, CombustivelID) VALUES (5.680, 'R$ / litro', '2023-12-06', '01557127000179', (SELECT ID_Combustivel FROM COMBUSTIVEL WHERE Nome = 'GASOLINA COMUM'));
INSERT INTO PRECO_COLETADO (Preco, UnidadeMedida, DataColeta, PostoCNPJ, CombustivelID) VALUES (5.680, 'R$ / litro', '2023-12-13', '01557127000179', (SELECT ID_Combustivel FROM COMBUSTIVEL WHERE Nome = 'GASOLINA COMUM'));
INSERT INTO PRECO_COLETADO (Preco, UnidadeMedida, DataColeta, PostoCNPJ, CombustivelID) VALUES (5.590, 'R$ / litro', '2023-12-20', '01557127000179', (SELECT ID_Combustivel FROM COMBUSTIVEL WHERE Nome = 'GASOLINA COMUM'));
INSERT INTO PRECO_COLETADO (Preco, UnidadeMedida, DataColeta, PostoCNPJ, CombustivelID) VALUES (5.590, 'R$ / litro', '2023-12-26', '01557127000179', (SELECT ID_Combustivel FROM COMBUSTIVEL WHERE Nome = 'GASOLINA COMUM'));
INSERT INTO PRECO_COLETADO (Preco, UnidadeMedida, DataColeta, PostoCNPJ, CombustivelID) VALUES (5.590, 'R$ / litro', '2024-01-03', '01557127000179', (SELECT ID_Combustivel FROM COMBUSTIVEL WHERE Nome = 'GASOLINA COMUM'));
INSERT INTO PRECO_COLETADO (Preco, UnidadeMedida, DataColeta, PostoCNPJ, CombustivelID) VALUES (5.590, 'R$ / litro', '2024-01-08', '01557127000179', (SELECT ID_Combustivel FROM COMBUSTIVEL WHERE Nome = 'GASOLINA COMUM'));
INSERT INTO PRECO_COLETADO (Preco, UnidadeMedida, DataColeta, PostoCNPJ, CombustivelID) VALUES (5.590, 'R$ / litro', '2024-01-15', '01557127000179', (SELECT ID_Combustivel FROM COMBUSTIVEL WHERE Nome = 'GASOLINA COMUM'));
INSERT INTO PRECO_COLETADO (Preco, UnidadeMedida, DataColeta, PostoCNPJ, CombustivelID) VALUES (5.590, 'R$ / litro', '2024-01-22', '01557127000179', (SELECT ID_Combustivel FROM COMBUSTIVEL WHERE Nome = 'GASOLINA COMUM'));
INSERT INTO PRECO_COLETADO (Preco, UnidadeMedida, DataColeta, PostoCNPJ, CombustivelID) VALUES (5.590, 'R$ / litro', '2024-01-29', '01557127000179', (SELECT ID_Combustivel FROM COMBUSTIVEL WHERE Nome = 'GASOLINA COMUM'));
INSERT INTO PRECO_COLETADO (Preco, UnidadeMedida, DataColeta, PostoCNPJ, CombustivelID) VALUES (5.690, 'R$ / litro', '2024-02-05', '01557127000179', (SELECT ID_Combustivel FROM COMBUSTIVEL WHERE Nome = 'GASOLINA COMUM'));
INSERT INTO PRECO_COLETADO (Preco, UnidadeMedida, DataColeta, PostoCNPJ, CombustivelID) VALUES (5.690, 'R$ / litro', '2024-02-12', '01557127000179', (SELECT ID_Combustivel FROM COMBUSTIVEL WHERE Nome = 'GASOLINA COMUM'));
INSERT INTO PRECO_COLETADO (Preco, UnidadeMedida, DataColeta, PostoCNPJ, CombustivelID) VALUES (5.690, 'R$ / litro', '2024-02-19', '01557127000179', (SELECT ID_Combustivel FROM COMBUSTIVEL WHERE Nome = 'GASOLINA COMUM'));
INSERT INTO PRECO_COLETADO (Preco, UnidadeMedida, DataColeta, PostoCNPJ, CombustivelID) VALUES (5.690, 'R$ / litro', '2024-02-26', '01557127000179', (SELECT ID_Combustivel FROM COMBUSTIVEL WHERE Nome = 'GASOLINA COMUM'));
INSERT INTO PRECO_COLETADO (Preco, UnidadeMedida, DataColeta, PostoCNPJ, CombustivelID) VALUES (5.690, 'R$ / litro', '2024-03-04', '01557127000179', (SELECT ID_Combustivel FROM COMBUSTIVEL WHERE Nome = 'GASOLINA COMUM'));
INSERT INTO PRECO_COLETADO (Preco, UnidadeMedida, DataColeta, PostoCNPJ, CombustivelID) VALUES (5.690, 'R$ / litro', '2024-03-11', '01557127000179', (SELECT ID_Combustivel FROM COMBUSTIVEL WHERE Nome = 'GASOLINA COMUM'));
INSERT INTO PRECO_COLETADO (Preco, UnidadeMedida, DataColeta, PostoCNPJ, CombustivelID) VALUES (5.690, 'R$ / litro', '2024-03-18', '01557127000179', (SELECT ID_Combustivel FROM COMBUSTIVEL WHERE Nome = 'GASOLINA COMUM'));
INSERT INTO PRECO_COLETADO (Preco, UnidadeMedida, DataColeta, PostoCNPJ, CombustivelID) VALUES (5.690, 'R$ / litro', '2024-03-25', '01557127000179', (SELECT ID_Combustivel FROM COMBUSTIVEL WHERE Nome = 'GASOLINA COMUM'));
INSERT INTO PRECO_COLETADO (Preco, UnidadeMedida, DataColeta, PostoCNPJ, CombustivelID) VALUES (5.690, 'R$ / litro', '2024-04-02', '01557127000179', (SELECT ID_Combustivel FROM COMBUSTIVEL WHERE Nome = 'GASOLINA COMUM'));
INSERT INTO PRECO_COLETADO (Preco, UnidadeMedida, DataColeta, PostoCNPJ, CombustivelID) VALUES (5.690, 'R$ / litro', '2024-04-08', '01557127000179', (SELECT ID_Combustivel FROM COMBUSTIVEL WHERE Nome = 'GASOLINA COMUM'));
INSERT INTO PRECO_COLETADO (Preco, UnidadeMedida, DataColeta, PostoCNPJ, CombustivelID) VALUES (5.690, 'R$ / litro', '2024-04-15', '01557127000179', (SELECT ID_Combustivel FROM COMBUSTIVEL WHERE Nome = 'GASOLINA COMUM'));
INSERT INTO PRECO_COLETADO (Preco, UnidadeMedida, DataColeta, PostoCNPJ, CombustivelID) VALUES (5.690, 'R$ / litro', '2024-04-22', '01557127000179', (SELECT ID_Combustivel FROM COMBUSTIVEL WHERE Nome = 'GASOLINA COMUM'));
INSERT INTO PRECO_COLETADO (Preco, UnidadeMedida, DataColeta, PostoCNPJ, CombustivelID) VALUES (5.840, 'R$ / litro', '2024-04-29', '01557127000179', (SELECT ID_Combustivel FROM COMBUSTIVEL WHERE Nome = 'GASOLINA COMUM'));
INSERT INTO PRECO_COLETADO (Preco, UnidadeMedida, DataColeta, PostoCNPJ, CombustivelID) VALUES (5.840, 'R$ / litro', '2024-05-06', '01557127000179', (SELECT ID_Combustivel FROM COMBUSTIVEL WHERE Nome = 'GASOLINA COMUM'));
INSERT INTO PRECO_COLETADO (Preco, UnidadeMedida, DataColeta, PostoCNPJ, CombustivelID) VALUES (5.840, 'R$ / litro', '2024-05-14', '01557127000179', (SELECT ID_Combustivel FROM COMBUSTIVEL WHERE Nome = 'GASOLINA COMUM'));
INSERT INTO PRECO_COLETADO (Preco, UnidadeMedida, DataColeta, PostoCNPJ, CombustivelID) VALUES (5.840, 'R$ / litro', '2024-05-20', '01557127000179', (SELECT ID_Combustivel FROM COMBUSTIVEL WHERE Nome = 'GASOLINA COMUM'));
INSERT INTO PRECO_COLETADO (Preco, UnidadeMedida, DataColeta, PostoCNPJ, CombustivelID) VALUES (5.840, 'R$ / litro', '2024-05-27', '01557127000179', (SELECT ID_Combustivel FROM COMBUSTIVEL WHERE Nome = 'GASOLINA COMUM'));
INSERT INTO PRECO_COLETADO (Preco, UnidadeMedida, DataColeta, PostoCNPJ, CombustivelID) VALUES (5.840, 'R$ / litro', '2024-06-03', '01557127000179', (SELECT ID_Combustivel FROM COMBUSTIVEL WHERE Nome = 'GASOLINA COMUM'));
INSERT INTO PRECO_COLETADO (Preco, UnidadeMedida, DataColeta, PostoCNPJ, CombustivelID) VALUES (5.840, 'R$ / litro', '2024-06-17', '01557127000179', (SELECT ID_Combustivel FROM COMBUSTIVEL WHERE Nome = 'GASOLINA COMUM'));
INSERT INTO PRECO_COLETADO (Preco, UnidadeMedida, DataColeta, PostoCNPJ, CombustivelID) VALUES (5.840, 'R$ / litro', '2024-06-24', '01557127000179', (SELECT ID_Combustivel FROM COMBUSTIVEL WHERE Nome = 'GASOLINA COMUM'));
INSERT INTO PRECO_COLETADO (Preco, UnidadeMedida, DataColeta, PostoCNPJ, CombustivelID) VALUES (5.790, 'R$ / litro', '2024-07-01', '01557127000179', (SELECT ID_Combustivel FROM COMBUSTIVEL WHERE Nome = 'GASOLINA COMUM'));
INSERT INTO PRECO_COLETADO (Preco, UnidadeMedida, DataColeta, PostoCNPJ, CombustivelID) VALUES (5.890, 'R$ / litro', '2024-07-09', '01557127000179', (SELECT ID_Combustivel FROM COMBUSTIVEL WHERE Nome = 'GASOLINA COMUM'));
INSERT INTO PRECO_COLETADO (Preco, UnidadeMedida, DataColeta, PostoCNPJ, CombustivelID) VALUES (6.180, 'R$ / litro', '2024-07-15', '01557127000179', (SELECT ID_Combustivel FROM COMBUSTIVEL WHERE Nome = 'GASOLINA COMUM'));
INSERT INTO PRECO_COLETADO (Preco, UnidadeMedida, DataColeta, PostoCNPJ, CombustivelID) VALUES (6.180, 'R$ / litro', '2024-07-22', '01557127000179', (SELECT ID_Combustivel FROM COMBUSTIVEL WHERE Nome = 'GASOLINA COMUM'));
INSERT INTO PRECO_COLETADO (Preco, UnidadeMedida, DataColeta, PostoCNPJ, CombustivelID) VALUES (6.180, 'R$ / litro', '2024-07-29', '01557127000179', (SELECT ID_Combustivel FROM COMBUSTIVEL WHERE Nome = 'GASOLINA COMUM'));
INSERT INTO PRECO_COLETADO (Preco, UnidadeMedida, DataColeta, PostoCNPJ, CombustivelID) VALUES (6.180, 'R$ / litro', '2024-08-05', '01557127000179', (SELECT ID_Combustivel FROM COMBUSTIVEL WHERE Nome = 'GASOLINA COMUM'));
INSERT INTO PRECO_COLETADO (Preco, UnidadeMedida, DataColeta, PostoCNPJ, CombustivelID) VALUES (6.180, 'R$ / litro', '2024-08-12', '01557127000179', (SELECT ID_Combustivel FROM COMBUSTIVEL WHERE Nome = 'GASOLINA COMUM'));
INSERT INTO PRECO_COLETADO (Preco, UnidadeMedida, DataColeta, PostoCNPJ, CombustivelID) VALUES (6.180, 'R$ / litro', '2024-08-20', '01557127000179', (SELECT ID_Combustivel FROM COMBUSTIVEL WHERE Nome = 'GASOLINA COMUM'));
INSERT INTO PRECO_COLETADO (Preco, UnidadeMedida, DataColeta, PostoCNPJ, CombustivelID) VALUES (6.090, 'R$ / litro', '2024-08-26', '01557127000179', (SELECT ID_Combustivel FROM COMBUSTIVEL WHERE Nome = 'GASOLINA COMUM'));
INSERT INTO PRECO_COLETADO (Preco, UnidadeMedida, DataColeta, PostoCNPJ, CombustivelID) VALUES (6.090, 'R$ / litro', '2024-09-02', '01557127000179', (SELECT ID_Combustivel FROM COMBUSTIVEL WHERE Nome = 'GASOLINA COMUM'));
INSERT INTO PRECO_COLETADO (Preco, UnidadeMedida, DataColeta, PostoCNPJ, CombustivelID) VALUES (5.090, 'R$ / litro', '2022-10-24', '01557127000179', (SELECT ID_Combustivel FROM COMBUSTIVEL WHERE Nome = 'GASOLINA ADITIVADA'));
INSERT INTO PRECO_COLETADO (Preco, UnidadeMedida, DataColeta, PostoCNPJ, CombustivelID) VALUES (5.190, 'R$ / litro', '2023-01-23', '01557127000179', (SELECT ID_Combustivel FROM COMBUSTIVEL WHERE Nome = 'GASOLINA ADITIVADA'));
INSERT INTO PRECO_COLETADO (Preco, UnidadeMedida, DataColeta, PostoCNPJ, CombustivelID) VALUES (5.290, 'R$ / litro', '2023-01-30', '01557127000179', (SELECT ID_Combustivel FROM COMBUSTIVEL WHERE Nome = 'GASOLINA ADITIVADA'));
INSERT INTO PRECO_COLETADO (Preco, UnidadeMedida, DataColeta, PostoCNPJ, CombustivelID) VALUES (5.290, 'R$ / litro', '2023-02-06', '01557127000179', (SELECT ID_Combustivel FROM COMBUSTIVEL WHERE Nome = 'GASOLINA ADITIVADA'));
INSERT INTO PRECO_COLETADO (Preco, UnidadeMedida, DataColeta, PostoCNPJ, CombustivelID) VALUES (5.290, 'R$ / litro', '2023-02-13', '01557127000179', (SELECT ID_Combustivel FROM COMBUSTIVEL WHERE Nome = 'GASOLINA ADITIVADA'));
INSERT INTO PRECO_COLETADO (Preco, UnidadeMedida, DataColeta, PostoCNPJ, CombustivelID) VALUES (5.190, 'R$ / litro', '2023-02-20', '01557127000179', (SELECT ID_Combustivel FROM COMBUSTIVEL WHERE Nome = 'GASOLINA ADITIVADA'));
INSERT INTO PRECO_COLETADO (Preco, UnidadeMedida, DataColeta, PostoCNPJ, CombustivelID) VALUES (5.360, 'R$ / litro', '2023-02-27', '01557127000179', (SELECT ID_Combustivel FROM COMBUSTIVEL WHERE Nome = 'GASOLINA ADITIVADA'));
INSERT INTO PRECO_COLETADO (Preco, UnidadeMedida, DataColeta, PostoCNPJ, CombustivelID) VALUES (5.790, 'R$ / litro', '2023-03-06', '01557127000179', (SELECT ID_Combustivel FROM COMBUSTIVEL WHERE Nome = 'GASOLINA ADITIVADA'));
INSERT INTO PRECO_COLETADO (Preco, UnidadeMedida, DataColeta, PostoCNPJ, CombustivelID) VALUES (5.690, 'R$ / litro', '2023-03-21', '01557127000179', (SELECT ID_Combustivel FROM COMBUSTIVEL WHERE Nome = 'GASOLINA ADITIVADA'));
INSERT INTO PRECO_COLETADO (Preco, UnidadeMedida, DataColeta, PostoCNPJ, CombustivelID) VALUES (5.690, 'R$ / litro', '2023-03-27', '01557127000179', (SELECT ID_Combustivel FROM COMBUSTIVEL WHERE Nome = 'GASOLINA ADITIVADA'));
INSERT INTO PRECO_COLETADO (Preco, UnidadeMedida, DataColeta, PostoCNPJ, CombustivelID) VALUES (5.690, 'R$ / litro', '2023-04-11', '01557127000179', (SELECT ID_Combustivel FROM COMBUSTIVEL WHERE Nome = 'GASOLINA ADITIVADA'));
INSERT INTO PRECO_COLETADO (Preco, UnidadeMedida, DataColeta, PostoCNPJ, CombustivelID) VALUES (5.790, 'R$ / litro', '2023-04-24', '01557127000179', (SELECT ID_Combustivel FROM COMBUSTIVEL WHERE Nome = 'GASOLINA ADITIVADA'));
INSERT INTO PRECO_COLETADO (Preco, UnidadeMedida, DataColeta, PostoCNPJ, CombustivelID) VALUES (5.690, 'R$ / litro', '2023-05-09', '01557127000179', (SELECT ID_Combustivel FROM COMBUSTIVEL WHERE Nome = 'GASOLINA ADITIVADA'));
INSERT INTO PRECO_COLETADO (Preco, UnidadeMedida, DataColeta, PostoCNPJ, CombustivelID) VALUES (5.690, 'R$ / litro', '2023-05-15', '01557127000179', (SELECT ID_Combustivel FROM COMBUSTIVEL WHERE Nome = 'GASOLINA ADITIVADA'));
INSERT INTO PRECO_COLETADO (Preco, UnidadeMedida, DataColeta, PostoCNPJ, CombustivelID) VALUES (5.390, 'R$ / litro', '2023-05-22', '01557127000179', (SELECT ID_Combustivel FROM COMBUSTIVEL WHERE Nome = 'GASOLINA ADITIVADA'));
INSERT INTO PRECO_COLETADO (Preco, UnidadeMedida, DataColeta, PostoCNPJ, CombustivelID) VALUES (5.290, 'R$ / litro', '2023-05-29', '01557127000179', (SELECT ID_Combustivel FROM COMBUSTIVEL WHERE Nome = 'GASOLINA ADITIVADA'));
INSERT INTO PRECO_COLETADO (Preco, UnidadeMedida, DataColeta, PostoCNPJ, CombustivelID) VALUES (5.590, 'R$ / litro', '2023-06-20', '01557127000179', (SELECT ID_Combustivel FROM COMBUSTIVEL WHERE Nome = 'GASOLINA ADITIVADA'));
INSERT INTO PRECO_COLETADO (Preco, UnidadeMedida, DataColeta, PostoCNPJ, CombustivelID) VALUES (5.590, 'R$ / litro', '2023-06-27', '01557127000179', (SELECT ID_Combustivel FROM COMBUSTIVEL WHERE Nome = 'GASOLINA ADITIVADA'));
INSERT INTO PRECO_COLETADO (Preco, UnidadeMedida, DataColeta, PostoCNPJ, CombustivelID) VALUES (5.990, 'R$ / litro', '2023-07-04', '01557127000179', (SELECT ID_Combustivel FROM COMBUSTIVEL WHERE Nome = 'GASOLINA ADITIVADA'));
INSERT INTO PRECO_COLETADO (Preco, UnidadeMedida, DataColeta, PostoCNPJ, CombustivelID) VALUES (5.990, 'R$ / litro', '2023-07-10', '01557127000179', (SELECT ID_Combustivel FROM COMBUSTIVEL WHERE Nome = 'GASOLINA ADITIVADA'));
INSERT INTO PRECO_COLETADO (Preco, UnidadeMedida, DataColeta, PostoCNPJ, CombustivelID) VALUES (5.890, 'R$ / litro', '2023-07-17', '01557127000179', (SELECT ID_Combustivel FROM COMBUSTIVEL WHERE Nome = 'GASOLINA ADITIVADA'));
INSERT INTO PRECO_COLETADO (Preco, UnidadeMedida, DataColeta, PostoCNPJ, CombustivelID) VALUES (5.890, 'R$ / litro', '2023-07-24', '01557127000179', (SELECT ID_Combustivel FROM COMBUSTIVEL WHERE Nome = 'GASOLINA ADITIVADA'));
INSERT INTO PRECO_COLETADO (Preco, UnidadeMedida, DataColeta, PostoCNPJ, CombustivelID) VALUES (5.890, 'R$ / litro', '2023-07-31', '01557127000179', (SELECT ID_Combustivel FROM COMBUSTIVEL WHERE Nome = 'GASOLINA ADITIVADA'));
INSERT INTO PRECO_COLETADO (Preco, UnidadeMedida, DataColeta, PostoCNPJ, CombustivelID) VALUES (5.690, 'R$ / litro', '2023-08-15', '01557127000179', (SELECT ID_Combustivel FROM COMBUSTIVEL WHERE Nome = 'GASOLINA ADITIVADA'));
INSERT INTO PRECO_COLETADO (Preco, UnidadeMedida, DataColeta, PostoCNPJ, CombustivelID) VALUES (6.090, 'R$ / litro', '2023-08-22', '01557127000179', (SELECT ID_Combustivel FROM COMBUSTIVEL WHERE Nome = 'GASOLINA ADITIVADA'));
INSERT INTO PRECO_COLETADO (Preco, UnidadeMedida, DataColeta, PostoCNPJ, CombustivelID) VALUES (6.090, 'R$ / litro', '2023-08-30', '01557127000179', (SELECT ID_Combustivel FROM COMBUSTIVEL WHERE Nome = 'GASOLINA ADITIVADA'));
INSERT INTO PRECO_COLETADO (Preco, UnidadeMedida, DataColeta, PostoCNPJ, CombustivelID) VALUES (6.090, 'R$ / litro', '2023-09-07', '01557127000179', (SELECT ID_Combustivel FROM COMBUSTIVEL WHERE Nome = 'GASOLINA ADITIVADA'));
INSERT INTO PRECO_COLETADO (Preco, UnidadeMedida, DataColeta, PostoCNPJ, CombustivelID) VALUES (6.090, 'R$ / litro', '2023-09-12', '01557127000179', (SELECT ID_Combustivel FROM COMBUSTIVEL WHERE Nome = 'GASOLINA ADITIVADA'));
INSERT INTO PRECO_COLETADO (Preco, UnidadeMedida, DataColeta, PostoCNPJ, CombustivelID) VALUES (5.990, 'R$ / litro', '2023-09-19', '01557127000179', (SELECT ID_Combustivel FROM COMBUSTIVEL WHERE Nome = 'GASOLINA ADITIVADA'));
INSERT INTO PRECO_COLETADO (Preco, UnidadeMedida, DataColeta, PostoCNPJ, CombustivelID) VALUES (5.990, 'R$ / litro', '2023-09-26', '01557127000179', (SELECT ID_Combustivel FROM COMBUSTIVEL WHERE Nome = 'GASOLINA ADITIVADA'));
INSERT INTO PRECO_COLETADO (Preco, UnidadeMedida, DataColeta, PostoCNPJ, CombustivelID) VALUES (5.990, 'R$ / litro', '2023-10-03', '01557127000179', (SELECT ID_Combustivel FROM COMBUSTIVEL WHERE Nome = 'GASOLINA ADITIVADA'));
INSERT INTO PRECO_COLETADO (Preco, UnidadeMedida, DataColeta, PostoCNPJ, CombustivelID) VALUES (5.990, 'R$ / litro', '2023-10-10', '01557127000179', (SELECT ID_Combustivel FROM COMBUSTIVEL WHERE Nome = 'GASOLINA ADITIVADA'));
INSERT INTO PRECO_COLETADO (Preco, UnidadeMedida, DataColeta, PostoCNPJ, CombustivelID) VALUES (5.990, 'R$ / litro', '2023-10-16', '01557127000179', (SELECT ID_Combustivel FROM COMBUSTIVEL WHERE Nome = 'GASOLINA ADITIVADA'));
INSERT INTO PRECO_COLETADO (Preco, UnidadeMedida, DataColeta, PostoCNPJ, CombustivelID) VALUES (5.890, 'R$ / litro', '2023-10-24', '01557127000179', (SELECT ID_Combustivel FROM COMBUSTIVEL WHERE Nome = 'GASOLINA ADITIVADA'));
INSERT INTO PRECO_COLETADO (Preco, UnidadeMedida, DataColeta, PostoCNPJ, CombustivelID) VALUES (5.890, 'R$ / litro', '2023-10-31', '01557127000179', (SELECT ID_Combustivel FROM COMBUSTIVEL WHERE Nome = 'GASOLINA ADITIVADA'));
INSERT INTO PRECO_COLETADO (Preco, UnidadeMedida, DataColeta, PostoCNPJ, CombustivelID) VALUES (5.890, 'R$ / litro', '2023-11-07', '01557127000179', (SELECT ID_Combustivel FROM COMBUSTIVEL WHERE Nome = 'GASOLINA ADITIVADA'));
INSERT INTO PRECO_COLETADO (Preco, UnidadeMedida, DataColeta, PostoCNPJ, CombustivelID) VALUES (5.890, 'R$ / litro', '2023-11-14', '01557127000179', (SELECT ID_Combustivel FROM COMBUSTIVEL WHERE Nome = 'GASOLINA ADITIVADA'));
INSERT INTO PRECO_COLETADO (Preco, UnidadeMedida, DataColeta, PostoCNPJ, CombustivelID) VALUES (5.790, 'R$ / litro', '2023-11-21', '01557127000179', (SELECT ID_Combustivel FROM COMBUSTIVEL WHERE Nome = 'GASOLINA ADITIVADA'));
INSERT INTO PRECO_COLETADO (Preco, UnidadeMedida, DataColeta, PostoCNPJ, CombustivelID) VALUES (5.880, 'R$ / litro', '2023-11-28', '01557127000179', (SELECT ID_Combustivel FROM COMBUSTIVEL WHERE Nome = 'GASOLINA ADITIVADA'));
INSERT INTO PRECO_COLETADO (Preco, UnidadeMedida, DataColeta, PostoCNPJ, CombustivelID) VALUES (5.880, 'R$ / litro', '2023-12-06', '01557127000179', (SELECT ID_Combustivel FROM COMBUSTIVEL WHERE Nome = 'GASOLINA ADITIVADA'));
INSERT INTO PRECO_COLETADO (Preco, UnidadeMedida, DataColeta, PostoCNPJ, CombustivelID) VALUES (5.880, 'R$ / litro', '2023-12-13', '01557127000179', (SELECT ID_Combustivel FROM COMBUSTIVEL WHERE Nome = 'GASOLINA ADITIVADA'));
INSERT INTO PRECO_COLETADO (Preco, UnidadeMedida, DataColeta, PostoCNPJ, CombustivelID) VALUES (5.790, 'R$ / litro', '2023-12-20', '01557127000179', (SELECT ID_Combustivel FROM COMBUSTIVEL WHERE Nome = 'GASOLINA ADITIVADA'));
INSERT INTO PRECO_COLETADO (Preco, UnidadeMedida, DataColeta, PostoCNPJ, CombustivelID) VALUES (5.790, 'R$ / litro', '2023-12-26', '01557127000179', (SELECT ID_Combustivel FROM COMBUSTIVEL WHERE Nome = 'GASOLINA ADITIVADA'));
INSERT INTO PRECO_COLETADO (Preco, UnidadeMedida, DataColeta, PostoCNPJ, CombustivelID) VALUES (5.790, 'R$ / litro', '2024-01-03', '01557127000179', (SELECT ID_Combustivel FROM COMBUSTIVEL WHERE Nome = 'GASOLINA ADITIVADA'));
INSERT INTO PRECO_COLETADO (Preco, UnidadeMedida, DataColeta, PostoCNPJ, CombustivelID) VALUES (5.790, 'R$ / litro', '2024-01-08', '01557127000179', (SELECT ID_Combustivel FROM COMBUSTIVEL WHERE Nome = 'GASOLINA ADITIVADA'));
INSERT INTO PRECO_COLETADO (Preco, UnidadeMedida, DataColeta, PostoCNPJ, CombustivelID) VALUES (5.790, 'R$ / litro', '2024-01-15', '01557127000179', (SELECT ID_Combustivel FROM COMBUSTIVEL WHERE Nome = 'GASOLINA ADITIVADA'));
INSERT INTO PRECO_COLETADO (Preco, UnidadeMedida, DataColeta, PostoCNPJ, CombustivelID) VALUES (5.790, 'R$ / litro', '2024-01-22', '01557127000179', (SELECT ID_Combustivel FROM COMBUSTIVEL WHERE Nome = 'GASOLINA ADITIVADA'));
INSERT INTO PRECO_COLETADO (Preco, UnidadeMedida, DataColeta, PostoCNPJ, CombustivelID) VALUES (5.790, 'R$ / litro', '2024-01-29', '01557127000179', (SELECT ID_Combustivel FROM COMBUSTIVEL WHERE Nome = 'GASOLINA ADITIVADA'));
INSERT INTO PRECO_COLETADO (Preco, UnidadeMedida, DataColeta, PostoCNPJ, CombustivelID) VALUES (5.890, 'R$ / litro', '2024-02-05', '01557127000179', (SELECT ID_Combustivel FROM COMBUSTIVEL WHERE Nome = 'GASOLINA ADITIVADA'));
INSERT INTO PRECO_COLETADO (Preco, UnidadeMedida, DataColeta, PostoCNPJ, CombustivelID) VALUES (5.890, 'R$ / litro', '2024-02-12', '01557127000179', (SELECT ID_Combustivel FROM COMBUSTIVEL WHERE Nome = 'GASOLINA ADITIVADA'));
INSERT INTO PRECO_COLETADO (Preco, UnidadeMedida, DataColeta, PostoCNPJ, CombustivelID) VALUES (5.890, 'R$ / litro', '2024-02-19', '01557127000179', (SELECT ID_Combustivel FROM COMBUSTIVEL WHERE Nome = 'GASOLINA ADITIVADA'));
INSERT INTO PRECO_COLETADO (Preco, UnidadeMedida, DataColeta, PostoCNPJ, CombustivelID) VALUES (5.890, 'R$ / litro', '2024-02-26', '01557127000179', (SELECT ID_Combustivel FROM COMBUSTIVEL WHERE Nome = 'GASOLINA ADITIVADA'));
INSERT INTO PRECO_COLETADO (Preco, UnidadeMedida, DataColeta, PostoCNPJ, CombustivelID) VALUES (5.890, 'R$ / litro', '2024-03-04', '01557127000179', (SELECT ID_Combustivel FROM COMBUSTIVEL WHERE Nome = 'GASOLINA ADITIVADA'));
INSERT INTO PRECO_COLETADO (Preco, UnidadeMedida, DataColeta, PostoCNPJ, CombustivelID) VALUES (5.890, 'R$ / litro', '2024-03-11', '01557127000179', (SELECT ID_Combustivel FROM COMBUSTIVEL WHERE Nome = 'GASOLINA ADITIVADA'));
INSERT INTO PRECO_COLETADO (Preco, UnidadeMedida, DataColeta, PostoCNPJ, CombustivelID) VALUES (5.890, 'R$ / litro', '2024-03-18', '01557127000179', (SELECT ID_Combustivel FROM COMBUSTIVEL WHERE Nome = 'GASOLINA ADITIVADA'));
INSERT INTO PRECO_COLETADO (Preco, UnidadeMedida, DataColeta, PostoCNPJ, CombustivelID) VALUES (5.890, 'R$ / litro', '2024-03-25', '01557127000179', (SELECT ID_Combustivel FROM COMBUSTIVEL WHERE Nome = 'GASOLINA ADITIVADA'));
INSERT INTO PRECO_COLETADO (Preco, UnidadeMedida, DataColeta, PostoCNPJ, CombustivelID) VALUES (5.890, 'R$ / litro', '2024-04-02', '01557127000179', (SELECT ID_Combustivel FROM COMBUSTIVEL WHERE Nome = 'GASOLINA ADITIVADA'));
INSERT INTO PRECO_COLETADO (Preco, UnidadeMedida, DataColeta, PostoCNPJ, CombustivelID) VALUES (5.890, 'R$ / litro', '2024-04-08', '01557127000179', (SELECT ID_Combustivel FROM COMBUSTIVEL WHERE Nome = 'GASOLINA ADITIVADA'));
INSERT INTO PRECO_COLETADO (Preco, UnidadeMedida, DataColeta, PostoCNPJ, CombustivelID) VALUES (5.890, 'R$ / litro', '2024-04-15', '01557127000179', (SELECT ID_Combustivel FROM COMBUSTIVEL WHERE Nome = 'GASOLINA ADITIVADA'));
INSERT INTO PRECO_COLETADO (Preco, UnidadeMedida, DataColeta, PostoCNPJ, CombustivelID) VALUES (5.890, 'R$ / litro', '2024-04-22', '01557127000179', (SELECT ID_Combustivel FROM COMBUSTIVEL WHERE Nome = 'GASOLINA ADITIVADA'));
INSERT INTO PRECO_COLETADO (Preco, UnidadeMedida, DataColeta, PostoCNPJ, CombustivelID) VALUES (6.040, 'R$ / litro', '2024-04-29', '01557127000179', (SELECT ID_Combustivel FROM COMBUSTIVEL WHERE Nome = 'GASOLINA ADITIVADA'));
INSERT INTO PRECO_COLETADO (Preco, UnidadeMedida, DataColeta, PostoCNPJ, CombustivelID) VALUES (6.040, 'R$ / litro', '2024-05-06', '01557127000179', (SELECT ID_Combustivel FROM COMBUSTIVEL WHERE Nome = 'GASOLINA ADITIVADA'));
INSERT INTO PRECO_COLETADO (Preco, UnidadeMedida, DataColeta, PostoCNPJ, CombustivelID) VALUES (6.040, 'R$ / litro', '2024-05-14', '01557127000179', (SELECT ID_Combustivel FROM COMBUSTIVEL WHERE Nome = 'GASOLINA ADITIVADA'));
INSERT INTO PRECO_COLETADO (Preco, UnidadeMedida, DataColeta, PostoCNPJ, CombustivelID) VALUES (6.040, 'R$ / litro', '2024-05-20', '01557127000179', (SELECT ID_Combustivel FROM COMBUSTIVEL WHERE Nome = 'GASOLINA ADITIVADA'));
INSERT INTO PRECO_COLETADO (Preco, UnidadeMedida, DataColeta, PostoCNPJ, CombustivelID) VALUES (6.040, 'R$ / litro', '2024-05-27', '01557127000179', (SELECT ID_Combustivel FROM COMBUSTIVEL WHERE Nome = 'GASOLINA ADITIVADA'));
INSERT INTO PRECO_COLETADO (Preco, UnidadeMedida, DataColeta, PostoCNPJ, CombustivelID) VALUES (6.040, 'R$ / litro', '2024-06-03', '01557127000179', (SELECT ID_Combustivel FROM COMBUSTIVEL WHERE Nome = 'GASOLINA ADITIVADA'));
INSERT INTO PRECO_COLETADO (Preco, UnidadeMedida, DataColeta, PostoCNPJ, CombustivelID) VALUES (6.040, 'R$ / litro', '2024-06-17', '01557127000179', (SELECT ID_Combustivel FROM COMBUSTIVEL WHERE Nome = 'GASOLINA ADITIVADA'));
INSERT INTO PRECO_COLETADO (Preco, UnidadeMedida, DataColeta, PostoCNPJ, CombustivelID) VALUES (6.040, 'R$ / litro', '2024-06-24', '01557127000179', (SELECT ID_Combustivel FROM COMBUSTIVEL WHERE Nome = 'GASOLINA ADITIVADA'));
INSERT INTO PRECO_COLETADO (Preco, UnidadeMedida, DataColeta, PostoCNPJ, CombustivelID) VALUES (5.990, 'R$ / litro', '2024-07-01', '01557127000179', (SELECT ID_Combustivel FROM COMBUSTIVEL WHERE Nome = 'GASOLINA ADITIVADA'));
INSERT INTO PRECO_COLETADO (Preco, UnidadeMedida, DataColeta, PostoCNPJ, CombustivelID) VALUES (6.090, 'R$ / litro', '2024-07-09', '01557127000179', (SELECT ID_Combustivel FROM COMBUSTIVEL WHERE Nome = 'GASOLINA ADITIVADA'));
INSERT INTO PRECO_COLETADO (Preco, UnidadeMedida, DataColeta, PostoCNPJ, CombustivelID) VALUES (6.380, 'R$ / litro', '2024-07-15', '01557127000179', (SELECT ID_Combustivel FROM COMBUSTIVEL WHERE Nome = 'GASOLINA ADITIVADA'));
INSERT INTO PRECO_COLETADO (Preco, UnidadeMedida, DataColeta, PostoCNPJ, CombustivelID) VALUES (6.380, 'R$ / litro', '2024-07-22', '01557127000179', (SELECT ID_Combustivel FROM COMBUSTIVEL WHERE Nome = 'GASOLINA ADITIVADA'));
INSERT INTO PRECO_COLETADO (Preco, UnidadeMedida, DataColeta, PostoCNPJ, CombustivelID) VALUES (6.380, 'R$ / litro', '2024-07-29', '01557127000179', (SELECT ID_Combustivel FROM COMBUSTIVEL WHERE Nome = 'GASOLINA ADITIVADA'));
INSERT INTO PRECO_COLETADO (Preco, UnidadeMedida, DataColeta, PostoCNPJ, CombustivelID) VALUES (6.380, 'R$ / litro', '2024-08-05', '01557127000179', (SELECT ID_Combustivel FROM COMBUSTIVEL WHERE Nome = 'GASOLINA ADITIVADA'));
INSERT INTO PRECO_COLETADO (Preco, UnidadeMedida, DataColeta, PostoCNPJ, CombustivelID) VALUES (6.380, 'R$ / litro', '2024-08-12', '01557127000179', (SELECT ID_Combustivel FROM COMBUSTIVEL WHERE Nome = 'GASOLINA ADITIVADA'));
INSERT INTO PRECO_COLETADO (Preco, UnidadeMedida, DataColeta, PostoCNPJ, CombustivelID) VALUES (6.380, 'R$ / litro', '2024-08-20', '01557127000179', (SELECT ID_Combustivel FROM COMBUSTIVEL WHERE Nome = 'GASOLINA ADITIVADA'));
INSERT INTO PRECO_COLETADO (Preco, UnidadeMedida, DataColeta, PostoCNPJ, CombustivelID) VALUES (6.290, 'R$ / litro', '2024-08-26', '01557127000179', (SELECT ID_Combustivel FROM COMBUSTIVEL WHERE Nome = 'GASOLINA ADITIVADA'));
INSERT INTO PRECO_COLETADO (Preco, UnidadeMedida, DataColeta, PostoCNPJ, CombustivelID) VALUES (6.290, 'R$ / litro', '2024-09-02', '01557127000179', (SELECT ID_Combustivel FROM COMBUSTIVEL WHERE Nome = 'GASOLINA ADITIVADA'));
INSERT INTO PRECO_COLETADO (Preco, UnidadeMedida, DataColeta, PostoCNPJ, CombustivelID) VALUES (4.190, 'R$ / litro', '2022-10-24', '01557127000179', (SELECT ID_Combustivel FROM COMBUSTIVEL WHERE Nome = 'ETANOL'));
INSERT INTO PRECO_COLETADO (Preco, UnidadeMedida, DataColeta, PostoCNPJ, CombustivelID) VALUES (4.390, 'R$ / litro', '2023-01-23', '01557127000179', (SELECT ID_Combustivel FROM COMBUSTIVEL WHERE Nome = 'ETANOL'));
INSERT INTO PRECO_COLETADO (Preco, UnidadeMedida, DataColeta, PostoCNPJ, CombustivelID) VALUES (4.540, 'R$ / litro', '2023-01-30', '01557127000179', (SELECT ID_Combustivel FROM COMBUSTIVEL WHERE Nome = 'ETANOL'));
INSERT INTO PRECO_COLETADO (Preco, UnidadeMedida, DataColeta, PostoCNPJ, CombustivelID) VALUES (4.540, 'R$ / litro', '2023-02-06', '01557127000179', (SELECT ID_Combustivel FROM COMBUSTIVEL WHERE Nome = 'ETANOL'));
INSERT INTO PRECO_COLETADO (Preco, UnidadeMedida, DataColeta, PostoCNPJ, CombustivelID) VALUES (4.540, 'R$ / litro', '2023-02-13', '01557127000179', (SELECT ID_Combustivel FROM COMBUSTIVEL WHERE Nome = 'ETANOL'));
INSERT INTO PRECO_COLETADO (Preco, UnidadeMedida, DataColeta, PostoCNPJ, CombustivelID) VALUES (4.540, 'R$ / litro', '2023-02-20', '01557127000179', (SELECT ID_Combustivel FROM COMBUSTIVEL WHERE Nome = 'ETANOL'));
INSERT INTO PRECO_COLETADO (Preco, UnidadeMedida, DataColeta, PostoCNPJ, CombustivelID) VALUES (4.540, 'R$ / litro', '2023-02-27', '01557127000179', (SELECT ID_Combustivel FROM COMBUSTIVEL WHERE Nome = 'ETANOL'));
INSERT INTO PRECO_COLETADO (Preco, UnidadeMedida, DataColeta, PostoCNPJ, CombustivelID) VALUES (4.790, 'R$ / litro', '2023-03-06', '01557127000179', (SELECT ID_Combustivel FROM COMBUSTIVEL WHERE Nome = 'ETANOL'));
INSERT INTO PRECO_COLETADO (Preco, UnidadeMedida, DataColeta, PostoCNPJ, CombustivelID) VALUES (4.790, 'R$ / litro', '2023-03-21', '01557127000179', (SELECT ID_Combustivel FROM COMBUSTIVEL WHERE Nome = 'ETANOL'));
INSERT INTO PRECO_COLETADO (Preco, UnidadeMedida, DataColeta, PostoCNPJ, CombustivelID) VALUES (4.790, 'R$ / litro', '2023-03-27', '01557127000179', (SELECT ID_Combustivel FROM COMBUSTIVEL WHERE Nome = 'ETANOL'));
INSERT INTO PRECO_COLETADO (Preco, UnidadeMedida, DataColeta, PostoCNPJ, CombustivelID) VALUES (4.790, 'R$ / litro', '2023-04-11', '01557127000179', (SELECT ID_Combustivel FROM COMBUSTIVEL WHERE Nome = 'ETANOL'));
INSERT INTO PRECO_COLETADO (Preco, UnidadeMedida, DataColeta, PostoCNPJ, CombustivelID) VALUES (4.790, 'R$ / litro', '2023-04-24', '01557127000179', (SELECT ID_Combustivel FROM COMBUSTIVEL WHERE Nome = 'ETANOL'));
INSERT INTO PRECO_COLETADO (Preco, UnidadeMedida, DataColeta, PostoCNPJ, CombustivelID) VALUES (4.790, 'R$ / litro', '2023-05-09', '01557127000179', (SELECT ID_Combustivel FROM COMBUSTIVEL WHERE Nome = 'ETANOL'));
INSERT INTO PRECO_COLETADO (Preco, UnidadeMedida, DataColeta, PostoCNPJ, CombustivelID) VALUES (4.790, 'R$ / litro', '2023-05-15', '01557127000179', (SELECT ID_Combustivel FROM COMBUSTIVEL WHERE Nome = 'ETANOL'));
INSERT INTO PRECO_COLETADO (Preco, UnidadeMedida, DataColeta, PostoCNPJ, CombustivelID) VALUES (4.490, 'R$ / litro', '2023-05-22', '01557127000179', (SELECT ID_Combustivel FROM COMBUSTIVEL WHERE Nome = 'ETANOL'));
INSERT INTO PRECO_COLETADO (Preco, UnidadeMedida, DataColeta, PostoCNPJ, CombustivelID) VALUES (4.490, 'R$ / litro', '2023-05-29', '01557127000179', (SELECT ID_Combustivel FROM COMBUSTIVEL WHERE Nome = 'ETANOL'));
INSERT INTO PRECO_COLETADO (Preco, UnidadeMedida, DataColeta, PostoCNPJ, CombustivelID) VALUES (4.490, 'R$ / litro', '2023-06-20', '01557127000179', (SELECT ID_Combustivel FROM COMBUSTIVEL WHERE Nome = 'ETANOL'));
INSERT INTO PRECO_COLETADO (Preco, UnidadeMedida, DataColeta, PostoCNPJ, CombustivelID) VALUES (4.490, 'R$ / litro', '2023-06-27', '01557127000179', (SELECT ID_Combustivel FROM COMBUSTIVEL WHERE Nome = 'ETANOL'));
INSERT INTO PRECO_COLETADO (Preco, UnidadeMedida, DataColeta, PostoCNPJ, CombustivelID) VALUES (4.490, 'R$ / litro', '2023-07-04', '01557127000179', (SELECT ID_Combustivel FROM COMBUSTIVEL WHERE Nome = 'ETANOL'));
INSERT INTO PRECO_COLETADO (Preco, UnidadeMedida, DataColeta, PostoCNPJ, CombustivelID) VALUES (4.490, 'R$ / litro', '2023-07-10', '01557127000179', (SELECT ID_Combustivel FROM COMBUSTIVEL WHERE Nome = 'ETANOL'));
INSERT INTO PRECO_COLETADO (Preco, UnidadeMedida, DataColeta, PostoCNPJ, CombustivelID) VALUES (4.490, 'R$ / litro', '2023-07-17', '01557127000179', (SELECT ID_Combustivel FROM COMBUSTIVEL WHERE Nome = 'ETANOL'));
INSERT INTO PRECO_COLETADO (Preco, UnidadeMedida, DataColeta, PostoCNPJ, CombustivelID) VALUES (4.490, 'R$ / litro', '2023-07-24', '01557127000179', (SELECT ID_Combustivel FROM COMBUSTIVEL WHERE Nome = 'ETANOL'));
INSERT INTO PRECO_COLETADO (Preco, UnidadeMedida, DataColeta, PostoCNPJ, CombustivelID) VALUES (4.490, 'R$ / litro', '2023-07-31', '01557127000179', (SELECT ID_Combustivel FROM COMBUSTIVEL WHERE Nome = 'ETANOL'));
INSERT INTO PRECO_COLETADO (Preco, UnidadeMedida, DataColeta, PostoCNPJ, CombustivelID) VALUES (4.490, 'R$ / litro', '2023-08-15', '01557127000179', (SELECT ID_Combustivel FROM COMBUSTIVEL WHERE Nome = 'ETANOL'));
INSERT INTO PRECO_COLETADO (Preco, UnidadeMedida, DataColeta, PostoCNPJ, CombustivelID) VALUES (3.990, 'R$ / litro', '2023-08-22', '01557127000179', (SELECT ID_Combustivel FROM COMBUSTIVEL WHERE Nome = 'ETANOL'));
INSERT INTO PRECO_COLETADO (Preco, UnidadeMedida, DataColeta, PostoCNPJ, CombustivelID) VALUES (3.990, 'R$ / litro', '2023-08-30', '01557127000179', (SELECT ID_Combustivel FROM COMBUSTIVEL WHERE Nome = 'ETANOL'));
INSERT INTO PRECO_COLETADO (Preco, UnidadeMedida, DataColeta, PostoCNPJ, CombustivelID) VALUES (3.990, 'R$ / litro', '2023-09-07', '01557127000179', (SELECT ID_Combustivel FROM COMBUSTIVEL WHERE Nome = 'ETANOL'));
INSERT INTO PRECO_COLETADO (Preco, UnidadeMedida, DataColeta, PostoCNPJ, CombustivelID) VALUES (3.990, 'R$ / litro', '2023-09-12', '01557127000179', (SELECT ID_Combustivel FROM COMBUSTIVEL WHERE Nome = 'ETANOL'));
INSERT INTO PRECO_COLETADO (Preco, UnidadeMedida, DataColeta, PostoCNPJ, CombustivelID) VALUES (3.990, 'R$ / litro', '2023-09-19', '01557127000179', (SELECT ID_Combustivel FROM COMBUSTIVEL WHERE Nome = 'ETANOL'));
INSERT INTO PRECO_COLETADO (Preco, UnidadeMedida, DataColeta, PostoCNPJ, CombustivelID) VALUES (4.190, 'R$ / litro', '2023-09-26', '01557127000179', (SELECT ID_Combustivel FROM COMBUSTIVEL WHERE Nome = 'ETANOL'));
INSERT INTO PRECO_COLETADO (Preco, UnidadeMedida, DataColeta, PostoCNPJ, CombustivelID) VALUES (4.190, 'R$ / litro', '2023-10-03', '01557127000179', (SELECT ID_Combustivel FROM COMBUSTIVEL WHERE Nome = 'ETANOL'));
INSERT INTO PRECO_COLETADO (Preco, UnidadeMedida, DataColeta, PostoCNPJ, CombustivelID) VALUES (4.190, 'R$ / litro', '2023-10-10', '01557127000179', (SELECT ID_Combustivel FROM COMBUSTIVEL WHERE Nome = 'ETANOL'));
INSERT INTO PRECO_COLETADO (Preco, UnidadeMedida, DataColeta, PostoCNPJ, CombustivelID) VALUES (4.190, 'R$ / litro', '2023-10-16', '01557127000179', (SELECT ID_Combustivel FROM COMBUSTIVEL WHERE Nome = 'ETANOL'));
INSERT INTO PRECO_COLETADO (Preco, UnidadeMedida, DataColeta, PostoCNPJ, CombustivelID) VALUES (4.190, 'R$ / litro', '2023-10-24', '01557127000179', (SELECT ID_Combustivel FROM COMBUSTIVEL WHERE Nome = 'ETANOL'));
INSERT INTO PRECO_COLETADO (Preco, UnidadeMedida, DataColeta, PostoCNPJ, CombustivelID) VALUES (4.190, 'R$ / litro', '2023-10-31', '01557127000179', (SELECT ID_Combustivel FROM COMBUSTIVEL WHERE Nome = 'ETANOL'));
INSERT INTO PRECO_COLETADO (Preco, UnidadeMedida, DataColeta, PostoCNPJ, CombustivelID) VALUES (4.190, 'R$ / litro', '2023-11-07', '01557127000179', (SELECT ID_Combustivel FROM COMBUSTIVEL WHERE Nome = 'ETANOL'));
INSERT INTO PRECO_COLETADO (Preco, UnidadeMedida, DataColeta, PostoCNPJ, CombustivelID) VALUES (4.190, 'R$ / litro', '2023-11-14', '01557127000179', (SELECT ID_Combustivel FROM COMBUSTIVEL WHERE Nome = 'ETANOL'));
INSERT INTO PRECO_COLETADO (Preco, UnidadeMedida, DataColeta, PostoCNPJ, CombustivelID) VALUES (4.190, 'R$ / litro', '2023-11-21', '01557127000179', (SELECT ID_Combustivel FROM COMBUSTIVEL WHERE Nome = 'ETANOL'));
INSERT INTO PRECO_COLETADO (Preco, UnidadeMedida, DataColeta, PostoCNPJ, CombustivelID) VALUES (3.990, 'R$ / litro', '2023-11-28', '01557127000179', (SELECT ID_Combustivel FROM COMBUSTIVEL WHERE Nome = 'ETANOL'));
INSERT INTO PRECO_COLETADO (Preco, UnidadeMedida, DataColeta, PostoCNPJ, CombustivelID) VALUES (3.990, 'R$ / litro', '2023-12-06', '01557127000179', (SELECT ID_Combustivel FROM COMBUSTIVEL WHERE Nome = 'ETANOL'));
INSERT INTO PRECO_COLETADO (Preco, UnidadeMedida, DataColeta, PostoCNPJ, CombustivelID) VALUES (3.990, 'R$ / litro', '2023-12-13', '01557127000179', (SELECT ID_Combustivel FROM COMBUSTIVEL WHERE Nome = 'ETANOL'));
INSERT INTO PRECO_COLETADO (Preco, UnidadeMedida, DataColeta, PostoCNPJ, CombustivelID) VALUES (3.990, 'R$ / litro', '2023-12-20', '01557127000179', (SELECT ID_Combustivel FROM COMBUSTIVEL WHERE Nome = 'ETANOL'));
INSERT INTO PRECO_COLETADO (Preco, UnidadeMedida, DataColeta, PostoCNPJ, CombustivelID) VALUES (3.790, 'R$ / litro', '2023-12-26', '01557127000179', (SELECT ID_Combustivel FROM COMBUSTIVEL WHERE Nome = 'ETANOL'));
INSERT INTO PRECO_COLETADO (Preco, UnidadeMedida, DataColeta, PostoCNPJ, CombustivelID) VALUES (3.790, 'R$ / litro', '2024-01-03', '01557127000179', (SELECT ID_Combustivel FROM COMBUSTIVEL WHERE Nome = 'ETANOL'));
INSERT INTO PRECO_COLETADO (Preco, UnidadeMedida, DataColeta, PostoCNPJ, CombustivelID) VALUES (3.790, 'R$ / litro', '2024-01-08', '01557127000179', (SELECT ID_Combustivel FROM COMBUSTIVEL WHERE Nome = 'ETANOL'));
INSERT INTO PRECO_COLETADO (Preco, UnidadeMedida, DataColeta, PostoCNPJ, CombustivelID) VALUES (3.790, 'R$ / litro', '2024-01-15', '01557127000179', (SELECT ID_Combustivel FROM COMBUSTIVEL WHERE Nome = 'ETANOL'));
INSERT INTO PRECO_COLETADO (Preco, UnidadeMedida, DataColeta, PostoCNPJ, CombustivelID) VALUES (3.790, 'R$ / litro', '2024-01-29', '01557127000179', (SELECT ID_Combustivel FROM COMBUSTIVEL WHERE Nome = 'ETANOL'));
INSERT INTO PRECO_COLETADO (Preco, UnidadeMedida, DataColeta, PostoCNPJ, CombustivelID) VALUES (3.990, 'R$ / litro', '2024-02-05', '01557127000179', (SELECT ID_Combustivel FROM COMBUSTIVEL WHERE Nome = 'ETANOL'));
INSERT INTO PRECO_COLETADO (Preco, UnidadeMedida, DataColeta, PostoCNPJ, CombustivelID) VALUES (3.990, 'R$ / litro', '2024-02-12', '01557127000179', (SELECT ID_Combustivel FROM COMBUSTIVEL WHERE Nome = 'ETANOL'));
INSERT INTO PRECO_COLETADO (Preco, UnidadeMedida, DataColeta, PostoCNPJ, CombustivelID) VALUES (3.990, 'R$ / litro', '2024-02-19', '01557127000179', (SELECT ID_Combustivel FROM COMBUSTIVEL WHERE Nome = 'ETANOL'));
INSERT INTO PRECO_COLETADO (Preco, UnidadeMedida, DataColeta, PostoCNPJ, CombustivelID) VALUES (3.990, 'R$ / litro', '2024-02-26', '01557127000179', (SELECT ID_Combustivel FROM COMBUSTIVEL WHERE Nome = 'ETANOL'));
INSERT INTO PRECO_COLETADO (Preco, UnidadeMedida, DataColeta, PostoCNPJ, CombustivelID) VALUES (3.990, 'R$ / litro', '2024-03-04', '01557127000179', (SELECT ID_Combustivel FROM COMBUSTIVEL WHERE Nome = 'ETANOL'));
INSERT INTO PRECO_COLETADO (Preco, UnidadeMedida, DataColeta, PostoCNPJ, CombustivelID) VALUES (3.990, 'R$ / litro', '2024-03-11', '01557127000179', (SELECT ID_Combustivel FROM COMBUSTIVEL WHERE Nome = 'ETANOL'));
INSERT INTO PRECO_COLETADO (Preco, UnidadeMedida, DataColeta, PostoCNPJ, CombustivelID) VALUES (6.490, 'R$ / litro', '2022-10-24', '01557127000179', (SELECT ID_Combustivel FROM COMBUSTIVEL WHERE Nome = 'DIESEL S10'));
INSERT INTO PRECO_COLETADO (Preco, UnidadeMedida, DataColeta, PostoCNPJ, CombustivelID) VALUES (6.090, 'R$ / litro', '2023-01-23', '01557127000179', (SELECT ID_Combustivel FROM COMBUSTIVEL WHERE Nome = 'DIESEL S10'));
INSERT INTO PRECO_COLETADO (Preco, UnidadeMedida, DataColeta, PostoCNPJ, CombustivelID) VALUES (6.090, 'R$ / litro', '2023-01-30', '01557127000179', (SELECT ID_Combustivel FROM COMBUSTIVEL WHERE Nome = 'DIESEL S10'));
INSERT INTO PRECO_COLETADO (Preco, UnidadeMedida, DataColeta, PostoCNPJ, CombustivelID) VALUES (6.090, 'R$ / litro', '2023-02-06', '01557127000179', (SELECT ID_Combustivel FROM COMBUSTIVEL WHERE Nome = 'DIESEL S10'));
INSERT INTO PRECO_COLETADO (Preco, UnidadeMedida, DataColeta, PostoCNPJ, CombustivelID) VALUES (5.840, 'R$ / litro', '2023-02-13', '01557127000179', (SELECT ID_Combustivel FROM COMBUSTIVEL WHERE Nome = 'DIESEL S10'));
INSERT INTO PRECO_COLETADO (Preco, UnidadeMedida, DataColeta, PostoCNPJ, CombustivelID) VALUES (5.840, 'R$ / litro', '2023-02-20', '01557127000179', (SELECT ID_Combustivel FROM COMBUSTIVEL WHERE Nome = 'DIESEL S10'));
INSERT INTO PRECO_COLETADO (Preco, UnidadeMedida, DataColeta, PostoCNPJ, CombustivelID) VALUES (5.840, 'R$ / litro', '2023-02-27', '01557127000179', (SELECT ID_Combustivel FROM COMBUSTIVEL WHERE Nome = 'DIESEL S10'));
INSERT INTO PRECO_COLETADO (Preco, UnidadeMedida, DataColeta, PostoCNPJ, CombustivelID) VALUES (5.840, 'R$ / litro', '2023-03-21', '01557127000179', (SELECT ID_Combustivel FROM COMBUSTIVEL WHERE Nome = 'DIESEL S10'));
INSERT INTO PRECO_COLETADO (Preco, UnidadeMedida, DataColeta, PostoCNPJ, CombustivelID) VALUES (5.690, 'R$ / litro', '2023-03-27', '01557127000179', (SELECT ID_Combustivel FROM COMBUSTIVEL WHERE Nome = 'DIESEL S10'));
INSERT INTO PRECO_COLETADO (Preco, UnidadeMedida, DataColeta, PostoCNPJ, CombustivelID) VALUES (5.790, 'R$ / litro', '2023-04-11', '01557127000179', (SELECT ID_Combustivel FROM COMBUSTIVEL WHERE Nome = 'DIESEL S10'));
INSERT INTO PRECO_COLETADO (Preco, UnidadeMedida, DataColeta, PostoCNPJ, CombustivelID) VALUES (5.790, 'R$ / litro', '2023-04-24', '01557127000179', (SELECT ID_Combustivel FROM COMBUSTIVEL WHERE Nome = 'DIESEL S10'));
INSERT INTO PRECO_COLETADO (Preco, UnidadeMedida, DataColeta, PostoCNPJ, CombustivelID) VALUES (5.690, 'R$ / litro', '2023-05-09', '01557127000179', (SELECT ID_Combustivel FROM COMBUSTIVEL WHERE Nome = 'DIESEL S10'));
INSERT INTO PRECO_COLETADO (Preco, UnidadeMedida, DataColeta, PostoCNPJ, CombustivelID) VALUES (5.690, 'R$ / litro', '2023-05-15', '01557127000179', (SELECT ID_Combustivel FROM COMBUSTIVEL WHERE Nome = 'DIESEL S10'));
INSERT INTO PRECO_COLETADO (Preco, UnidadeMedida, DataColeta, PostoCNPJ, CombustivelID) VALUES (5.990, 'R$ / litro', '2023-12-20', '01557127000179', (SELECT ID_Combustivel FROM COMBUSTIVEL WHERE Nome = 'DIESEL S10'));
INSERT INTO POSTO (CNPJ, RazaoSocial, NomeFantasia, Bandeira, Logradouro, Numero, Bairro, Cidade, Estado, CEP) VALUES ('01502805000104', 'POSTO DE COMBUSTIVEIS NEVADA LTDA', 'POSTO NEVADA', 'IPIRANGA', 'RUA PAPA JOAO XXIII', '959', 'RIO MARINHO', 'VILA VELHA', 'ESPIRITO SANTO', '29112346');
INSERT INTO PRECO_COLETADO (Preco, UnidadeMedida, DataColeta, PostoCNPJ, CombustivelID) VALUES (4.670, 'R$ / litro', '2022-10-31', '01502805000104', (SELECT ID_Combustivel FROM COMBUSTIVEL WHERE Nome = 'GASOLINA COMUM'));
INSERT INTO PRECO_COLETADO (Preco, UnidadeMedida, DataColeta, PostoCNPJ, CombustivelID) VALUES (4.890, 'R$ / litro', '2023-01-16', '01502805000104', (SELECT ID_Combustivel FROM COMBUSTIVEL WHERE Nome = 'GASOLINA COMUM'));
INSERT INTO PRECO_COLETADO (Preco, UnidadeMedida, DataColeta, PostoCNPJ, CombustivelID) VALUES (4.890, 'R$ / litro', '2023-01-23', '01502805000104', (SELECT ID_Combustivel FROM COMBUSTIVEL WHERE Nome = 'GASOLINA COMUM'));
INSERT INTO PRECO_COLETADO (Preco, UnidadeMedida, DataColeta, PostoCNPJ, CombustivelID) VALUES (5.090, 'R$ / litro', '2023-01-30', '01502805000104', (SELECT ID_Combustivel FROM COMBUSTIVEL WHERE Nome = 'GASOLINA COMUM'));
INSERT INTO PRECO_COLETADO (Preco, UnidadeMedida, DataColeta, PostoCNPJ, CombustivelID) VALUES (4.970, 'R$ / litro', '2023-02-13', '01502805000104', (SELECT ID_Combustivel FROM COMBUSTIVEL WHERE Nome = 'GASOLINA COMUM'));
INSERT INTO PRECO_COLETADO (Preco, UnidadeMedida, DataColeta, PostoCNPJ, CombustivelID) VALUES (4.970, 'R$ / litro', '2023-02-28', '01502805000104', (SELECT ID_Combustivel FROM COMBUSTIVEL WHERE Nome = 'GASOLINA COMUM'));
INSERT INTO PRECO_COLETADO (Preco, UnidadeMedida, DataColeta, PostoCNPJ, CombustivelID) VALUES (5.350, 'R$ / litro', '2023-04-11', '01502805000104', (SELECT ID_Combustivel FROM COMBUSTIVEL WHERE Nome = 'GASOLINA COMUM'));
INSERT INTO PRECO_COLETADO (Preco, UnidadeMedida, DataColeta, PostoCNPJ, CombustivelID) VALUES (5.350, 'R$ / litro', '2023-04-17', '01502805000104', (SELECT ID_Combustivel FROM COMBUSTIVEL WHERE Nome = 'GASOLINA COMUM'));
INSERT INTO PRECO_COLETADO (Preco, UnidadeMedida, DataColeta, PostoCNPJ, CombustivelID) VALUES (5.350, 'R$ / litro', '2023-04-24', '01502805000104', (SELECT ID_Combustivel FROM COMBUSTIVEL WHERE Nome = 'GASOLINA COMUM'));
INSERT INTO PRECO_COLETADO (Preco, UnidadeMedida, DataColeta, PostoCNPJ, CombustivelID) VALUES (5.350, 'R$ / litro', '2023-05-03', '01502805000104', (SELECT ID_Combustivel FROM COMBUSTIVEL WHERE Nome = 'GASOLINA COMUM'));
INSERT INTO PRECO_COLETADO (Preco, UnidadeMedida, DataColeta, PostoCNPJ, CombustivelID) VALUES (5.350, 'R$ / litro', '2023-05-09', '01502805000104', (SELECT ID_Combustivel FROM COMBUSTIVEL WHERE Nome = 'GASOLINA COMUM'));
INSERT INTO PRECO_COLETADO (Preco, UnidadeMedida, DataColeta, PostoCNPJ, CombustivelID) VALUES (5.350, 'R$ / litro', '2023-05-15', '01502805000104', (SELECT ID_Combustivel FROM COMBUSTIVEL WHERE Nome = 'GASOLINA COMUM'));
INSERT INTO PRECO_COLETADO (Preco, UnidadeMedida, DataColeta, PostoCNPJ, CombustivelID) VALUES (5.090, 'R$ / litro', '2023-05-23', '01502805000104', (SELECT ID_Combustivel FROM COMBUSTIVEL WHERE Nome = 'GASOLINA COMUM'));
INSERT INTO PRECO_COLETADO (Preco, UnidadeMedida, DataColeta, PostoCNPJ, CombustivelID) VALUES (5.090, 'R$ / litro', '2023-05-30', '01502805000104', (SELECT ID_Combustivel FROM COMBUSTIVEL WHERE Nome = 'GASOLINA COMUM'));
INSERT INTO PRECO_COLETADO (Preco, UnidadeMedida, DataColeta, PostoCNPJ, CombustivelID) VALUES (5.390, 'R$ / litro', '2023-06-05', '01502805000104', (SELECT ID_Combustivel FROM COMBUSTIVEL WHERE Nome = 'GASOLINA COMUM'));
INSERT INTO PRECO_COLETADO (Preco, UnidadeMedida, DataColeta, PostoCNPJ, CombustivelID) VALUES (5.390, 'R$ / litro', '2023-06-13', '01502805000104', (SELECT ID_Combustivel FROM COMBUSTIVEL WHERE Nome = 'GASOLINA COMUM'));
INSERT INTO PRECO_COLETADO (Preco, UnidadeMedida, DataColeta, PostoCNPJ, CombustivelID) VALUES (5.390, 'R$ / litro', '2023-06-20', '01502805000104', (SELECT ID_Combustivel FROM COMBUSTIVEL WHERE Nome = 'GASOLINA COMUM'));
INSERT INTO PRECO_COLETADO (Preco, UnidadeMedida, DataColeta, PostoCNPJ, CombustivelID) VALUES (4.990, 'R$ / litro', '2023-06-27', '01502805000104', (SELECT ID_Combustivel FROM COMBUSTIVEL WHERE Nome = 'GASOLINA COMUM'));
INSERT INTO PRECO_COLETADO (Preco, UnidadeMedida, DataColeta, PostoCNPJ, CombustivelID) VALUES (5.790, 'R$ / litro', '2023-07-04', '01502805000104', (SELECT ID_Combustivel FROM COMBUSTIVEL WHERE Nome = 'GASOLINA COMUM'));
INSERT INTO PRECO_COLETADO (Preco, UnidadeMedida, DataColeta, PostoCNPJ, CombustivelID) VALUES (5.590, 'R$ / litro', '2023-07-10', '01502805000104', (SELECT ID_Combustivel FROM COMBUSTIVEL WHERE Nome = 'GASOLINA COMUM'));
INSERT INTO PRECO_COLETADO (Preco, UnidadeMedida, DataColeta, PostoCNPJ, CombustivelID) VALUES (5.590, 'R$ / litro', '2023-07-17', '01502805000104', (SELECT ID_Combustivel FROM COMBUSTIVEL WHERE Nome = 'GASOLINA COMUM'));
INSERT INTO PRECO_COLETADO (Preco, UnidadeMedida, DataColeta, PostoCNPJ, CombustivelID) VALUES (5.590, 'R$ / litro', '2023-07-24', '01502805000104', (SELECT ID_Combustivel FROM COMBUSTIVEL WHERE Nome = 'GASOLINA COMUM'));
INSERT INTO PRECO_COLETADO (Preco, UnidadeMedida, DataColeta, PostoCNPJ, CombustivelID) VALUES (5.250, 'R$ / litro', '2023-07-31', '01502805000104', (SELECT ID_Combustivel FROM COMBUSTIVEL WHERE Nome = 'GASOLINA COMUM'));
INSERT INTO PRECO_COLETADO (Preco, UnidadeMedida, DataColeta, PostoCNPJ, CombustivelID) VALUES (5.250, 'R$ / litro', '2023-08-07', '01502805000104', (SELECT ID_Combustivel FROM COMBUSTIVEL WHERE Nome = 'GASOLINA COMUM'));
INSERT INTO PRECO_COLETADO (Preco, UnidadeMedida, DataColeta, PostoCNPJ, CombustivelID) VALUES (5.250, 'R$ / litro', '2023-08-15', '01502805000104', (SELECT ID_Combustivel FROM COMBUSTIVEL WHERE Nome = 'GASOLINA COMUM'));
INSERT INTO PRECO_COLETADO (Preco, UnidadeMedida, DataColeta, PostoCNPJ, CombustivelID) VALUES (5.790, 'R$ / litro', '2023-08-22', '01502805000104', (SELECT ID_Combustivel FROM COMBUSTIVEL WHERE Nome = 'GASOLINA COMUM'));
INSERT INTO PRECO_COLETADO (Preco, UnidadeMedida, DataColeta, PostoCNPJ, CombustivelID) VALUES (5.790, 'R$ / litro', '2023-08-30', '01502805000104', (SELECT ID_Combustivel FROM COMBUSTIVEL WHERE Nome = 'GASOLINA COMUM'));
INSERT INTO PRECO_COLETADO (Preco, UnidadeMedida, DataColeta, PostoCNPJ, CombustivelID) VALUES (5.790, 'R$ / litro', '2023-09-07', '01502805000104', (SELECT ID_Combustivel FROM COMBUSTIVEL WHERE Nome = 'GASOLINA COMUM'));
INSERT INTO PRECO_COLETADO (Preco, UnidadeMedida, DataColeta, PostoCNPJ, CombustivelID) VALUES (5.790, 'R$ / litro', '2023-09-12', '01502805000104', (SELECT ID_Combustivel FROM COMBUSTIVEL WHERE Nome = 'GASOLINA COMUM'));
INSERT INTO PRECO_COLETADO (Preco, UnidadeMedida, DataColeta, PostoCNPJ, CombustivelID) VALUES (5.790, 'R$ / litro', '2023-09-19', '01502805000104', (SELECT ID_Combustivel FROM COMBUSTIVEL WHERE Nome = 'GASOLINA COMUM'));
INSERT INTO PRECO_COLETADO (Preco, UnidadeMedida, DataColeta, PostoCNPJ, CombustivelID) VALUES (5.790, 'R$ / litro', '2023-09-26', '01502805000104', (SELECT ID_Combustivel FROM COMBUSTIVEL WHERE Nome = 'GASOLINA COMUM'));
INSERT INTO PRECO_COLETADO (Preco, UnidadeMedida, DataColeta, PostoCNPJ, CombustivelID) VALUES (5.690, 'R$ / litro', '2023-10-03', '01502805000104', (SELECT ID_Combustivel FROM COMBUSTIVEL WHERE Nome = 'GASOLINA COMUM'));
INSERT INTO PRECO_COLETADO (Preco, UnidadeMedida, DataColeta, PostoCNPJ, CombustivelID) VALUES (5.690, 'R$ / litro', '2023-10-10', '01502805000104', (SELECT ID_Combustivel FROM COMBUSTIVEL WHERE Nome = 'GASOLINA COMUM'));
INSERT INTO PRECO_COLETADO (Preco, UnidadeMedida, DataColeta, PostoCNPJ, CombustivelID) VALUES (5.690, 'R$ / litro', '2023-10-16', '01502805000104', (SELECT ID_Combustivel FROM COMBUSTIVEL WHERE Nome = 'GASOLINA COMUM'));
INSERT INTO PRECO_COLETADO (Preco, UnidadeMedida, DataColeta, PostoCNPJ, CombustivelID) VALUES (5.590, 'R$ / litro', '2023-10-24', '01502805000104', (SELECT ID_Combustivel FROM COMBUSTIVEL WHERE Nome = 'GASOLINA COMUM'));
INSERT INTO PRECO_COLETADO (Preco, UnidadeMedida, DataColeta, PostoCNPJ, CombustivelID) VALUES (5.590, 'R$ / litro', '2023-10-31', '01502805000104', (SELECT ID_Combustivel FROM COMBUSTIVEL WHERE Nome = 'GASOLINA COMUM'));
INSERT INTO PRECO_COLETADO (Preco, UnidadeMedida, DataColeta, PostoCNPJ, CombustivelID) VALUES (5.590, 'R$ / litro', '2023-11-07', '01502805000104', (SELECT ID_Combustivel FROM COMBUSTIVEL WHERE Nome = 'GASOLINA COMUM'));
INSERT INTO PRECO_COLETADO (Preco, UnidadeMedida, DataColeta, PostoCNPJ, CombustivelID) VALUES (5.590, 'R$ / litro', '2023-11-14', '01502805000104', (SELECT ID_Combustivel FROM COMBUSTIVEL WHERE Nome = 'GASOLINA COMUM'));
INSERT INTO PRECO_COLETADO (Preco, UnidadeMedida, DataColeta, PostoCNPJ, CombustivelID) VALUES (5.450, 'R$ / litro', '2023-11-21', '01502805000104', (SELECT ID_Combustivel FROM COMBUSTIVEL WHERE Nome = 'GASOLINA COMUM'));
INSERT INTO PRECO_COLETADO (Preco, UnidadeMedida, DataColeta, PostoCNPJ, CombustivelID) VALUES (5.450, 'R$ / litro', '2023-11-28', '01502805000104', (SELECT ID_Combustivel FROM COMBUSTIVEL WHERE Nome = 'GASOLINA COMUM'));
INSERT INTO PRECO_COLETADO (Preco, UnidadeMedida, DataColeta, PostoCNPJ, CombustivelID) VALUES (5.450, 'R$ / litro', '2023-12-06', '01502805000104', (SELECT ID_Combustivel FROM COMBUSTIVEL WHERE Nome = 'GASOLINA COMUM'));
INSERT INTO PRECO_COLETADO (Preco, UnidadeMedida, DataColeta, PostoCNPJ, CombustivelID) VALUES (5.450, 'R$ / litro', '2023-12-13', '01502805000104', (SELECT ID_Combustivel FROM COMBUSTIVEL WHERE Nome = 'GASOLINA COMUM'));
INSERT INTO PRECO_COLETADO (Preco, UnidadeMedida, DataColeta, PostoCNPJ, CombustivelID) VALUES (5.280, 'R$ / litro', '2024-01-29', '01502805000104', (SELECT ID_Combustivel FROM COMBUSTIVEL WHERE Nome = 'GASOLINA COMUM'));
INSERT INTO PRECO_COLETADO (Preco, UnidadeMedida, DataColeta, PostoCNPJ, CombustivelID) VALUES (5.580, 'R$ / litro', '2024-02-26', '01502805000104', (SELECT ID_Combustivel FROM COMBUSTIVEL WHERE Nome = 'GASOLINA COMUM'));
INSERT INTO PRECO_COLETADO (Preco, UnidadeMedida, DataColeta, PostoCNPJ, CombustivelID) VALUES (5.590, 'R$ / litro', '2024-03-13', '01502805000104', (SELECT ID_Combustivel FROM COMBUSTIVEL WHERE Nome = 'GASOLINA COMUM'));
INSERT INTO PRECO_COLETADO (Preco, UnidadeMedida, DataColeta, PostoCNPJ, CombustivelID) VALUES (5.570, 'R$ / litro', '2024-03-20', '01502805000104', (SELECT ID_Combustivel FROM COMBUSTIVEL WHERE Nome = 'GASOLINA COMUM'));
INSERT INTO PRECO_COLETADO (Preco, UnidadeMedida, DataColeta, PostoCNPJ, CombustivelID) VALUES (5.570, 'R$ / litro', '2024-03-27', '01502805000104', (SELECT ID_Combustivel FROM COMBUSTIVEL WHERE Nome = 'GASOLINA COMUM'));
INSERT INTO PRECO_COLETADO (Preco, UnidadeMedida, DataColeta, PostoCNPJ, CombustivelID) VALUES (5.470, 'R$ / litro', '2024-04-02', '01502805000104', (SELECT ID_Combustivel FROM COMBUSTIVEL WHERE Nome = 'GASOLINA COMUM'));
INSERT INTO PRECO_COLETADO (Preco, UnidadeMedida, DataColeta, PostoCNPJ, CombustivelID) VALUES (5.870, 'R$ / litro', '2024-04-29', '01502805000104', (SELECT ID_Combustivel FROM COMBUSTIVEL WHERE Nome = 'GASOLINA COMUM'));
INSERT INTO PRECO_COLETADO (Preco, UnidadeMedida, DataColeta, PostoCNPJ, CombustivelID) VALUES (5.870, 'R$ / litro', '2024-05-06', '01502805000104', (SELECT ID_Combustivel FROM COMBUSTIVEL WHERE Nome = 'GASOLINA COMUM'));
INSERT INTO PRECO_COLETADO (Preco, UnidadeMedida, DataColeta, PostoCNPJ, CombustivelID) VALUES (5.750, 'R$ / litro', '2024-06-11', '01502805000104', (SELECT ID_Combustivel FROM COMBUSTIVEL WHERE Nome = 'GASOLINA COMUM'));
INSERT INTO PRECO_COLETADO (Preco, UnidadeMedida, DataColeta, PostoCNPJ, CombustivelID) VALUES (5.750, 'R$ / litro', '2024-06-19', '01502805000104', (SELECT ID_Combustivel FROM COMBUSTIVEL WHERE Nome = 'GASOLINA COMUM'));
INSERT INTO PRECO_COLETADO (Preco, UnidadeMedida, DataColeta, PostoCNPJ, CombustivelID) VALUES (4.790, 'R$ / litro', '2022-10-31', '01502805000104', (SELECT ID_Combustivel FROM COMBUSTIVEL WHERE Nome = 'GASOLINA ADITIVADA'));
INSERT INTO PRECO_COLETADO (Preco, UnidadeMedida, DataColeta, PostoCNPJ, CombustivelID) VALUES (4.990, 'R$ / litro', '2023-01-16', '01502805000104', (SELECT ID_Combustivel FROM COMBUSTIVEL WHERE Nome = 'GASOLINA ADITIVADA'));
INSERT INTO PRECO_COLETADO (Preco, UnidadeMedida, DataColeta, PostoCNPJ, CombustivelID) VALUES (4.990, 'R$ / litro', '2023-01-23', '01502805000104', (SELECT ID_Combustivel FROM COMBUSTIVEL WHERE Nome = 'GASOLINA ADITIVADA'));
INSERT INTO PRECO_COLETADO (Preco, UnidadeMedida, DataColeta, PostoCNPJ, CombustivelID) VALUES (5.190, 'R$ / litro', '2023-01-30', '01502805000104', (SELECT ID_Combustivel FROM COMBUSTIVEL WHERE Nome = 'GASOLINA ADITIVADA'));
INSERT INTO PRECO_COLETADO (Preco, UnidadeMedida, DataColeta, PostoCNPJ, CombustivelID) VALUES (5.090, 'R$ / litro', '2023-02-13', '01502805000104', (SELECT ID_Combustivel FROM COMBUSTIVEL WHERE Nome = 'GASOLINA ADITIVADA'));
INSERT INTO PRECO_COLETADO (Preco, UnidadeMedida, DataColeta, PostoCNPJ, CombustivelID) VALUES (5.090, 'R$ / litro', '2023-02-28', '01502805000104', (SELECT ID_Combustivel FROM COMBUSTIVEL WHERE Nome = 'GASOLINA ADITIVADA'));
INSERT INTO PRECO_COLETADO (Preco, UnidadeMedida, DataColeta, PostoCNPJ, CombustivelID) VALUES (5.490, 'R$ / litro', '2023-04-11', '01502805000104', (SELECT ID_Combustivel FROM COMBUSTIVEL WHERE Nome = 'GASOLINA ADITIVADA'));
INSERT INTO PRECO_COLETADO (Preco, UnidadeMedida, DataColeta, PostoCNPJ, CombustivelID) VALUES (5.450, 'R$ / litro', '2023-04-17', '01502805000104', (SELECT ID_Combustivel FROM COMBUSTIVEL WHERE Nome = 'GASOLINA ADITIVADA'));
INSERT INTO PRECO_COLETADO (Preco, UnidadeMedida, DataColeta, PostoCNPJ, CombustivelID) VALUES (5.450, 'R$ / litro', '2023-04-24', '01502805000104', (SELECT ID_Combustivel FROM COMBUSTIVEL WHERE Nome = 'GASOLINA ADITIVADA'));
INSERT INTO PRECO_COLETADO (Preco, UnidadeMedida, DataColeta, PostoCNPJ, CombustivelID) VALUES (5.450, 'R$ / litro', '2023-05-03', '01502805000104', (SELECT ID_Combustivel FROM COMBUSTIVEL WHERE Nome = 'GASOLINA ADITIVADA'));
INSERT INTO PRECO_COLETADO (Preco, UnidadeMedida, DataColeta, PostoCNPJ, CombustivelID) VALUES (5.450, 'R$ / litro', '2023-05-09', '01502805000104', (SELECT ID_Combustivel FROM COMBUSTIVEL WHERE Nome = 'GASOLINA ADITIVADA'));
INSERT INTO PRECO_COLETADO (Preco, UnidadeMedida, DataColeta, PostoCNPJ, CombustivelID) VALUES (5.450, 'R$ / litro', '2023-05-15', '01502805000104', (SELECT ID_Combustivel FROM COMBUSTIVEL WHERE Nome = 'GASOLINA ADITIVADA'));
INSERT INTO PRECO_COLETADO (Preco, UnidadeMedida, DataColeta, PostoCNPJ, CombustivelID) VALUES (5.190, 'R$ / litro', '2023-05-23', '01502805000104', (SELECT ID_Combustivel FROM COMBUSTIVEL WHERE Nome = 'GASOLINA ADITIVADA'));
INSERT INTO PRECO_COLETADO (Preco, UnidadeMedida, DataColeta, PostoCNPJ, CombustivelID) VALUES (5.190, 'R$ / litro', '2023-05-30', '01502805000104', (SELECT ID_Combustivel FROM COMBUSTIVEL WHERE Nome = 'GASOLINA ADITIVADA'));
INSERT INTO PRECO_COLETADO (Preco, UnidadeMedida, DataColeta, PostoCNPJ, CombustivelID) VALUES (5.490, 'R$ / litro', '2023-06-05', '01502805000104', (SELECT ID_Combustivel FROM COMBUSTIVEL WHERE Nome = 'GASOLINA ADITIVADA'));
INSERT INTO PRECO_COLETADO (Preco, UnidadeMedida, DataColeta, PostoCNPJ, CombustivelID) VALUES (5.490, 'R$ / litro', '2023-06-13', '01502805000104', (SELECT ID_Combustivel FROM COMBUSTIVEL WHERE Nome = 'GASOLINA ADITIVADA'));
INSERT INTO PRECO_COLETADO (Preco, UnidadeMedida, DataColeta, PostoCNPJ, CombustivelID) VALUES (5.490, 'R$ / litro', '2023-06-20', '01502805000104', (SELECT ID_Combustivel FROM COMBUSTIVEL WHERE Nome = 'GASOLINA ADITIVADA'));
INSERT INTO PRECO_COLETADO (Preco, UnidadeMedida, DataColeta, PostoCNPJ, CombustivelID) VALUES (5.390, 'R$ / litro', '2023-06-27', '01502805000104', (SELECT ID_Combustivel FROM COMBUSTIVEL WHERE Nome = 'GASOLINA ADITIVADA'));
INSERT INTO PRECO_COLETADO (Preco, UnidadeMedida, DataColeta, PostoCNPJ, CombustivelID) VALUES (5.890, 'R$ / litro', '2023-07-04', '01502805000104', (SELECT ID_Combustivel FROM COMBUSTIVEL WHERE Nome = 'GASOLINA ADITIVADA'));
INSERT INTO PRECO_COLETADO (Preco, UnidadeMedida, DataColeta, PostoCNPJ, CombustivelID) VALUES (5.690, 'R$ / litro', '2023-07-10', '01502805000104', (SELECT ID_Combustivel FROM COMBUSTIVEL WHERE Nome = 'GASOLINA ADITIVADA'));
INSERT INTO PRECO_COLETADO (Preco, UnidadeMedida, DataColeta, PostoCNPJ, CombustivelID) VALUES (5.690, 'R$ / litro', '2023-07-17', '01502805000104', (SELECT ID_Combustivel FROM COMBUSTIVEL WHERE Nome = 'GASOLINA ADITIVADA'));
INSERT INTO PRECO_COLETADO (Preco, UnidadeMedida, DataColeta, PostoCNPJ, CombustivelID) VALUES (5.690, 'R$ / litro', '2023-07-24', '01502805000104', (SELECT ID_Combustivel FROM COMBUSTIVEL WHERE Nome = 'GASOLINA ADITIVADA'));
INSERT INTO PRECO_COLETADO (Preco, UnidadeMedida, DataColeta, PostoCNPJ, CombustivelID) VALUES (5.390, 'R$ / litro', '2023-07-31', '01502805000104', (SELECT ID_Combustivel FROM COMBUSTIVEL WHERE Nome = 'GASOLINA ADITIVADA'));
INSERT INTO PRECO_COLETADO (Preco, UnidadeMedida, DataColeta, PostoCNPJ, CombustivelID) VALUES (5.390, 'R$ / litro', '2023-08-07', '01502805000104', (SELECT ID_Combustivel FROM COMBUSTIVEL WHERE Nome = 'GASOLINA ADITIVADA'));
INSERT INTO PRECO_COLETADO (Preco, UnidadeMedida, DataColeta, PostoCNPJ, CombustivelID) VALUES (5.390, 'R$ / litro', '2023-08-15', '01502805000104', (SELECT ID_Combustivel FROM COMBUSTIVEL WHERE Nome = 'GASOLINA ADITIVADA'));
INSERT INTO PRECO_COLETADO (Preco, UnidadeMedida, DataColeta, PostoCNPJ, CombustivelID) VALUES (5.890, 'R$ / litro', '2023-08-22', '01502805000104', (SELECT ID_Combustivel FROM COMBUSTIVEL WHERE Nome = 'GASOLINA ADITIVADA'));
INSERT INTO PRECO_COLETADO (Preco, UnidadeMedida, DataColeta, PostoCNPJ, CombustivelID) VALUES (5.890, 'R$ / litro', '2023-08-30', '01502805000104', (SELECT ID_Combustivel FROM COMBUSTIVEL WHERE Nome = 'GASOLINA ADITIVADA'));
INSERT INTO PRECO_COLETADO (Preco, UnidadeMedida, DataColeta, PostoCNPJ, CombustivelID) VALUES (5.890, 'R$ / litro', '2023-09-07', '01502805000104', (SELECT ID_Combustivel FROM COMBUSTIVEL WHERE Nome = 'GASOLINA ADITIVADA'));
INSERT INTO PRECO_COLETADO (Preco, UnidadeMedida, DataColeta, PostoCNPJ, CombustivelID) VALUES (5.890, 'R$ / litro', '2023-09-12', '01502805000104', (SELECT ID_Combustivel FROM COMBUSTIVEL WHERE Nome = 'GASOLINA ADITIVADA'));
INSERT INTO PRECO_COLETADO (Preco, UnidadeMedida, DataColeta, PostoCNPJ, CombustivelID) VALUES (5.890, 'R$ / litro', '2023-09-19', '01502805000104', (SELECT ID_Combustivel FROM COMBUSTIVEL WHERE Nome = 'GASOLINA ADITIVADA'));
INSERT INTO PRECO_COLETADO (Preco, UnidadeMedida, DataColeta, PostoCNPJ, CombustivelID) VALUES (5.890, 'R$ / litro', '2023-09-26', '01502805000104', (SELECT ID_Combustivel FROM COMBUSTIVEL WHERE Nome = 'GASOLINA ADITIVADA'));
INSERT INTO PRECO_COLETADO (Preco, UnidadeMedida, DataColeta, PostoCNPJ, CombustivelID) VALUES (5.790, 'R$ / litro', '2023-10-03', '01502805000104', (SELECT ID_Combustivel FROM COMBUSTIVEL WHERE Nome = 'GASOLINA ADITIVADA'));
INSERT INTO PRECO_COLETADO (Preco, UnidadeMedida, DataColeta, PostoCNPJ, CombustivelID) VALUES (5.790, 'R$ / litro', '2023-10-10', '01502805000104', (SELECT ID_Combustivel FROM COMBUSTIVEL WHERE Nome = 'GASOLINA ADITIVADA'));
INSERT INTO PRECO_COLETADO (Preco, UnidadeMedida, DataColeta, PostoCNPJ, CombustivelID) VALUES (5.790, 'R$ / litro', '2023-10-16', '01502805000104', (SELECT ID_Combustivel FROM COMBUSTIVEL WHERE Nome = 'GASOLINA ADITIVADA'));
INSERT INTO PRECO_COLETADO (Preco, UnidadeMedida, DataColeta, PostoCNPJ, CombustivelID) VALUES (5.690, 'R$ / litro', '2023-10-24', '01502805000104', (SELECT ID_Combustivel FROM COMBUSTIVEL WHERE Nome = 'GASOLINA ADITIVADA'));
INSERT INTO PRECO_COLETADO (Preco, UnidadeMedida, DataColeta, PostoCNPJ, CombustivelID) VALUES (5.690, 'R$ / litro', '2023-10-31', '01502805000104', (SELECT ID_Combustivel FROM COMBUSTIVEL WHERE Nome = 'GASOLINA ADITIVADA'));
INSERT INTO PRECO_COLETADO (Preco, UnidadeMedida, DataColeta, PostoCNPJ, CombustivelID) VALUES (5.690, 'R$ / litro', '2023-11-07', '01502805000104', (SELECT ID_Combustivel FROM COMBUSTIVEL WHERE Nome = 'GASOLINA ADITIVADA'));
INSERT INTO PRECO_COLETADO (Preco, UnidadeMedida, DataColeta, PostoCNPJ, CombustivelID) VALUES (5.690, 'R$ / litro', '2023-11-14', '01502805000104', (SELECT ID_Combustivel FROM COMBUSTIVEL WHERE Nome = 'GASOLINA ADITIVADA'));
INSERT INTO PRECO_COLETADO (Preco, UnidadeMedida, DataColeta, PostoCNPJ, CombustivelID) VALUES (5.590, 'R$ / litro', '2023-11-21', '01502805000104', (SELECT ID_Combustivel FROM COMBUSTIVEL WHERE Nome = 'GASOLINA ADITIVADA'));
INSERT INTO PRECO_COLETADO (Preco, UnidadeMedida, DataColeta, PostoCNPJ, CombustivelID) VALUES (5.590, 'R$ / litro', '2023-11-28', '01502805000104', (SELECT ID_Combustivel FROM COMBUSTIVEL WHERE Nome = 'GASOLINA ADITIVADA'));
INSERT INTO PRECO_COLETADO (Preco, UnidadeMedida, DataColeta, PostoCNPJ, CombustivelID) VALUES (5.590, 'R$ / litro', '2023-12-06', '01502805000104', (SELECT ID_Combustivel FROM COMBUSTIVEL WHERE Nome = 'GASOLINA ADITIVADA'));
INSERT INTO PRECO_COLETADO (Preco, UnidadeMedida, DataColeta, PostoCNPJ, CombustivelID) VALUES (5.590, 'R$ / litro', '2023-12-13', '01502805000104', (SELECT ID_Combustivel FROM COMBUSTIVEL WHERE Nome = 'GASOLINA ADITIVADA'));
INSERT INTO PRECO_COLETADO (Preco, UnidadeMedida, DataColeta, PostoCNPJ, CombustivelID) VALUES (5.470, 'R$ / litro', '2024-01-29', '01502805000104', (SELECT ID_Combustivel FROM COMBUSTIVEL WHERE Nome = 'GASOLINA ADITIVADA'));
INSERT INTO PRECO_COLETADO (Preco, UnidadeMedida, DataColeta, PostoCNPJ, CombustivelID) VALUES (5.770, 'R$ / litro', '2024-02-26', '01502805000104', (SELECT ID_Combustivel FROM COMBUSTIVEL WHERE Nome = 'GASOLINA ADITIVADA'));
INSERT INTO PRECO_COLETADO (Preco, UnidadeMedida, DataColeta, PostoCNPJ, CombustivelID) VALUES (5.750, 'R$ / litro', '2024-03-13', '01502805000104', (SELECT ID_Combustivel FROM COMBUSTIVEL WHERE Nome = 'GASOLINA ADITIVADA'));
INSERT INTO PRECO_COLETADO (Preco, UnidadeMedida, DataColeta, PostoCNPJ, CombustivelID) VALUES (5.730, 'R$ / litro', '2024-03-20', '01502805000104', (SELECT ID_Combustivel FROM COMBUSTIVEL WHERE Nome = 'GASOLINA ADITIVADA'));
INSERT INTO PRECO_COLETADO (Preco, UnidadeMedida, DataColeta, PostoCNPJ, CombustivelID) VALUES (5.730, 'R$ / litro', '2024-03-27', '01502805000104', (SELECT ID_Combustivel FROM COMBUSTIVEL WHERE Nome = 'GASOLINA ADITIVADA'));
INSERT INTO PRECO_COLETADO (Preco, UnidadeMedida, DataColeta, PostoCNPJ, CombustivelID) VALUES (5.630, 'R$ / litro', '2024-04-02', '01502805000104', (SELECT ID_Combustivel FROM COMBUSTIVEL WHERE Nome = 'GASOLINA ADITIVADA'));
INSERT INTO PRECO_COLETADO (Preco, UnidadeMedida, DataColeta, PostoCNPJ, CombustivelID) VALUES (5.990, 'R$ / litro', '2024-04-29', '01502805000104', (SELECT ID_Combustivel FROM COMBUSTIVEL WHERE Nome = 'GASOLINA ADITIVADA'));
INSERT INTO PRECO_COLETADO (Preco, UnidadeMedida, DataColeta, PostoCNPJ, CombustivelID) VALUES (5.990, 'R$ / litro', '2024-05-06', '01502805000104', (SELECT ID_Combustivel FROM COMBUSTIVEL WHERE Nome = 'GASOLINA ADITIVADA'));
INSERT INTO PRECO_COLETADO (Preco, UnidadeMedida, DataColeta, PostoCNPJ, CombustivelID) VALUES (5.890, 'R$ / litro', '2024-06-11', '01502805000104', (SELECT ID_Combustivel FROM COMBUSTIVEL WHERE Nome = 'GASOLINA ADITIVADA'));
INSERT INTO PRECO_COLETADO (Preco, UnidadeMedida, DataColeta, PostoCNPJ, CombustivelID) VALUES (5.890, 'R$ / litro', '2024-06-19', '01502805000104', (SELECT ID_Combustivel FROM COMBUSTIVEL WHERE Nome = 'GASOLINA ADITIVADA'));
INSERT INTO PRECO_COLETADO (Preco, UnidadeMedida, DataColeta, PostoCNPJ, CombustivelID) VALUES (6.190, 'R$ / litro', '2022-10-31', '01502805000104', (SELECT ID_Combustivel FROM COMBUSTIVEL WHERE Nome = 'DIESEL S500'));
INSERT INTO PRECO_COLETADO (Preco, UnidadeMedida, DataColeta, PostoCNPJ, CombustivelID) VALUES (5.890, 'R$ / litro', '2023-01-16', '01502805000104', (SELECT ID_Combustivel FROM COMBUSTIVEL WHERE Nome = 'DIESEL S500'));
INSERT INTO PRECO_COLETADO (Preco, UnidadeMedida, DataColeta, PostoCNPJ, CombustivelID) VALUES (5.890, 'R$ / litro', '2023-01-23', '01502805000104', (SELECT ID_Combustivel FROM COMBUSTIVEL WHERE Nome = 'DIESEL S500'));
INSERT INTO PRECO_COLETADO (Preco, UnidadeMedida, DataColeta, PostoCNPJ, CombustivelID) VALUES (5.890, 'R$ / litro', '2023-01-30', '01502805000104', (SELECT ID_Combustivel FROM COMBUSTIVEL WHERE Nome = 'DIESEL S500'));
INSERT INTO PRECO_COLETADO (Preco, UnidadeMedida, DataColeta, PostoCNPJ, CombustivelID) VALUES (5.890, 'R$ / litro', '2023-02-13', '01502805000104', (SELECT ID_Combustivel FROM COMBUSTIVEL WHERE Nome = 'DIESEL S500'));
INSERT INTO PRECO_COLETADO (Preco, UnidadeMedida, DataColeta, PostoCNPJ, CombustivelID) VALUES (5.590, 'R$ / litro', '2023-02-28', '01502805000104', (SELECT ID_Combustivel FROM COMBUSTIVEL WHERE Nome = 'DIESEL S500'));
INSERT INTO PRECO_COLETADO (Preco, UnidadeMedida, DataColeta, PostoCNPJ, CombustivelID) VALUES (5.390, 'R$ / litro', '2023-04-11', '01502805000104', (SELECT ID_Combustivel FROM COMBUSTIVEL WHERE Nome = 'DIESEL S500'));
INSERT INTO PRECO_COLETADO (Preco, UnidadeMedida, DataColeta, PostoCNPJ, CombustivelID) VALUES (5.390, 'R$ / litro', '2023-04-17', '01502805000104', (SELECT ID_Combustivel FROM COMBUSTIVEL WHERE Nome = 'DIESEL S500'));
INSERT INTO PRECO_COLETADO (Preco, UnidadeMedida, DataColeta, PostoCNPJ, CombustivelID) VALUES (5.390, 'R$ / litro', '2023-04-24', '01502805000104', (SELECT ID_Combustivel FROM COMBUSTIVEL WHERE Nome = 'DIESEL S500'));
INSERT INTO PRECO_COLETADO (Preco, UnidadeMedida, DataColeta, PostoCNPJ, CombustivelID) VALUES (5.390, 'R$ / litro', '2023-05-03', '01502805000104', (SELECT ID_Combustivel FROM COMBUSTIVEL WHERE Nome = 'DIESEL S500'));
INSERT INTO PRECO_COLETADO (Preco, UnidadeMedida, DataColeta, PostoCNPJ, CombustivelID) VALUES (5.390, 'R$ / litro', '2023-05-09', '01502805000104', (SELECT ID_Combustivel FROM COMBUSTIVEL WHERE Nome = 'DIESEL S500'));
INSERT INTO PRECO_COLETADO (Preco, UnidadeMedida, DataColeta, PostoCNPJ, CombustivelID) VALUES (5.390, 'R$ / litro', '2023-05-15', '01502805000104', (SELECT ID_Combustivel FROM COMBUSTIVEL WHERE Nome = 'DIESEL S500'));
INSERT INTO PRECO_COLETADO (Preco, UnidadeMedida, DataColeta, PostoCNPJ, CombustivelID) VALUES (5.090, 'R$ / litro', '2023-05-23', '01502805000104', (SELECT ID_Combustivel FROM COMBUSTIVEL WHERE Nome = 'DIESEL S500'));
INSERT INTO PRECO_COLETADO (Preco, UnidadeMedida, DataColeta, PostoCNPJ, CombustivelID) VALUES (5.090, 'R$ / litro', '2023-05-30', '01502805000104', (SELECT ID_Combustivel FROM COMBUSTIVEL WHERE Nome = 'DIESEL S500'));
INSERT INTO PRECO_COLETADO (Preco, UnidadeMedida, DataColeta, PostoCNPJ, CombustivelID) VALUES (4.890, 'R$ / litro', '2023-06-05', '01502805000104', (SELECT ID_Combustivel FROM COMBUSTIVEL WHERE Nome = 'DIESEL S500'));
INSERT INTO PRECO_COLETADO (Preco, UnidadeMedida, DataColeta, PostoCNPJ, CombustivelID) VALUES (4.890, 'R$ / litro', '2023-06-13', '01502805000104', (SELECT ID_Combustivel FROM COMBUSTIVEL WHERE Nome = 'DIESEL S500'));
INSERT INTO PRECO_COLETADO (Preco, UnidadeMedida, DataColeta, PostoCNPJ, CombustivelID) VALUES (4.890, 'R$ / litro', '2023-06-20', '01502805000104', (SELECT ID_Combustivel FROM COMBUSTIVEL WHERE Nome = 'DIESEL S500'));
INSERT INTO PRECO_COLETADO (Preco, UnidadeMedida, DataColeta, PostoCNPJ, CombustivelID) VALUES (4.890, 'R$ / litro', '2023-06-27', '01502805000104', (SELECT ID_Combustivel FROM COMBUSTIVEL WHERE Nome = 'DIESEL S500'));
INSERT INTO PRECO_COLETADO (Preco, UnidadeMedida, DataColeta, PostoCNPJ, CombustivelID) VALUES (4.790, 'R$ / litro', '2023-07-04', '01502805000104', (SELECT ID_Combustivel FROM COMBUSTIVEL WHERE Nome = 'DIESEL S500'));
INSERT INTO PRECO_COLETADO (Preco, UnidadeMedida, DataColeta, PostoCNPJ, CombustivelID) VALUES (4.790, 'R$ / litro', '2023-07-10', '01502805000104', (SELECT ID_Combustivel FROM COMBUSTIVEL WHERE Nome = 'DIESEL S500'));
INSERT INTO PRECO_COLETADO (Preco, UnidadeMedida, DataColeta, PostoCNPJ, CombustivelID) VALUES (4.790, 'R$ / litro', '2023-07-17', '01502805000104', (SELECT ID_Combustivel FROM COMBUSTIVEL WHERE Nome = 'DIESEL S500'));
INSERT INTO PRECO_COLETADO (Preco, UnidadeMedida, DataColeta, PostoCNPJ, CombustivelID) VALUES (4.790, 'R$ / litro', '2023-07-24', '01502805000104', (SELECT ID_Combustivel FROM COMBUSTIVEL WHERE Nome = 'DIESEL S500'));
INSERT INTO PRECO_COLETADO (Preco, UnidadeMedida, DataColeta, PostoCNPJ, CombustivelID) VALUES (4.790, 'R$ / litro', '2023-07-31', '01502805000104', (SELECT ID_Combustivel FROM COMBUSTIVEL WHERE Nome = 'DIESEL S500'));
INSERT INTO PRECO_COLETADO (Preco, UnidadeMedida, DataColeta, PostoCNPJ, CombustivelID) VALUES (4.790, 'R$ / litro', '2023-08-07', '01502805000104', (SELECT ID_Combustivel FROM COMBUSTIVEL WHERE Nome = 'DIESEL S500'));
INSERT INTO PRECO_COLETADO (Preco, UnidadeMedida, DataColeta, PostoCNPJ, CombustivelID) VALUES (4.890, 'R$ / litro', '2023-08-15', '01502805000104', (SELECT ID_Combustivel FROM COMBUSTIVEL WHERE Nome = 'DIESEL S500'));
INSERT INTO PRECO_COLETADO (Preco, UnidadeMedida, DataColeta, PostoCNPJ, CombustivelID) VALUES (5.690, 'R$ / litro', '2023-08-22', '01502805000104', (SELECT ID_Combustivel FROM COMBUSTIVEL WHERE Nome = 'DIESEL S500'));
INSERT INTO PRECO_COLETADO (Preco, UnidadeMedida, DataColeta, PostoCNPJ, CombustivelID) VALUES (5.690, 'R$ / litro', '2023-08-30', '01502805000104', (SELECT ID_Combustivel FROM COMBUSTIVEL WHERE Nome = 'DIESEL S500'));
INSERT INTO PRECO_COLETADO (Preco, UnidadeMedida, DataColeta, PostoCNPJ, CombustivelID) VALUES (5.790, 'R$ / litro', '2023-09-07', '01502805000104', (SELECT ID_Combustivel FROM COMBUSTIVEL WHERE Nome = 'DIESEL S500'));
INSERT INTO PRECO_COLETADO (Preco, UnidadeMedida, DataColeta, PostoCNPJ, CombustivelID) VALUES (5.790, 'R$ / litro', '2023-09-12', '01502805000104', (SELECT ID_Combustivel FROM COMBUSTIVEL WHERE Nome = 'DIESEL S500'));
INSERT INTO PRECO_COLETADO (Preco, UnidadeMedida, DataColeta, PostoCNPJ, CombustivelID) VALUES (5.850, 'R$ / litro', '2023-09-19', '01502805000104', (SELECT ID_Combustivel FROM COMBUSTIVEL WHERE Nome = 'DIESEL S500'));
INSERT INTO PRECO_COLETADO (Preco, UnidadeMedida, DataColeta, PostoCNPJ, CombustivelID) VALUES (5.850, 'R$ / litro', '2023-09-26', '01502805000104', (SELECT ID_Combustivel FROM COMBUSTIVEL WHERE Nome = 'DIESEL S500'));
INSERT INTO PRECO_COLETADO (Preco, UnidadeMedida, DataColeta, PostoCNPJ, CombustivelID) VALUES (5.850, 'R$ / litro', '2023-10-03', '01502805000104', (SELECT ID_Combustivel FROM COMBUSTIVEL WHERE Nome = 'DIESEL S500'));
INSERT INTO PRECO_COLETADO (Preco, UnidadeMedida, DataColeta, PostoCNPJ, CombustivelID) VALUES (5.850, 'R$ / litro', '2023-10-10', '01502805000104', (SELECT ID_Combustivel FROM COMBUSTIVEL WHERE Nome = 'DIESEL S500'));
INSERT INTO PRECO_COLETADO (Preco, UnidadeMedida, DataColeta, PostoCNPJ, CombustivelID) VALUES (5.850, 'R$ / litro', '2023-10-16', '01502805000104', (SELECT ID_Combustivel FROM COMBUSTIVEL WHERE Nome = 'DIESEL S500'));
INSERT INTO PRECO_COLETADO (Preco, UnidadeMedida, DataColeta, PostoCNPJ, CombustivelID) VALUES (5.990, 'R$ / litro', '2023-10-24', '01502805000104', (SELECT ID_Combustivel FROM COMBUSTIVEL WHERE Nome = 'DIESEL S500'));
INSERT INTO PRECO_COLETADO (Preco, UnidadeMedida, DataColeta, PostoCNPJ, CombustivelID) VALUES (5.990, 'R$ / litro', '2023-10-31', '01502805000104', (SELECT ID_Combustivel FROM COMBUSTIVEL WHERE Nome = 'DIESEL S500'));
INSERT INTO PRECO_COLETADO (Preco, UnidadeMedida, DataColeta, PostoCNPJ, CombustivelID) VALUES (5.990, 'R$ / litro', '2023-11-07', '01502805000104', (SELECT ID_Combustivel FROM COMBUSTIVEL WHERE Nome = 'DIESEL S500'));
INSERT INTO PRECO_COLETADO (Preco, UnidadeMedida, DataColeta, PostoCNPJ, CombustivelID) VALUES (5.990, 'R$ / litro', '2023-11-14', '01502805000104', (SELECT ID_Combustivel FROM COMBUSTIVEL WHERE Nome = 'DIESEL S500'));
INSERT INTO PRECO_COLETADO (Preco, UnidadeMedida, DataColeta, PostoCNPJ, CombustivelID) VALUES (5.860, 'R$ / litro', '2023-11-21', '01502805000104', (SELECT ID_Combustivel FROM COMBUSTIVEL WHERE Nome = 'DIESEL S500'));
INSERT INTO PRECO_COLETADO (Preco, UnidadeMedida, DataColeta, PostoCNPJ, CombustivelID) VALUES (5.860, 'R$ / litro', '2023-11-28', '01502805000104', (SELECT ID_Combustivel FROM COMBUSTIVEL WHERE Nome = 'DIESEL S500'));
INSERT INTO PRECO_COLETADO (Preco, UnidadeMedida, DataColeta, PostoCNPJ, CombustivelID) VALUES (5.860, 'R$ / litro', '2023-12-06', '01502805000104', (SELECT ID_Combustivel FROM COMBUSTIVEL WHERE Nome = 'DIESEL S500'));
INSERT INTO PRECO_COLETADO (Preco, UnidadeMedida, DataColeta, PostoCNPJ, CombustivelID) VALUES (5.860, 'R$ / litro', '2023-12-13', '01502805000104', (SELECT ID_Combustivel FROM COMBUSTIVEL WHERE Nome = 'DIESEL S500'));
INSERT INTO PRECO_COLETADO (Preco, UnidadeMedida, DataColeta, PostoCNPJ, CombustivelID) VALUES (5.790, 'R$ / litro', '2024-01-29', '01502805000104', (SELECT ID_Combustivel FROM COMBUSTIVEL WHERE Nome = 'DIESEL S500'));
INSERT INTO PRECO_COLETADO (Preco, UnidadeMedida, DataColeta, PostoCNPJ, CombustivelID) VALUES (5.790, 'R$ / litro', '2024-02-26', '01502805000104', (SELECT ID_Combustivel FROM COMBUSTIVEL WHERE Nome = 'DIESEL S500'));
INSERT INTO PRECO_COLETADO (Preco, UnidadeMedida, DataColeta, PostoCNPJ, CombustivelID) VALUES (5.790, 'R$ / litro', '2024-03-13', '01502805000104', (SELECT ID_Combustivel FROM COMBUSTIVEL WHERE Nome = 'DIESEL S500'));
INSERT INTO PRECO_COLETADO (Preco, UnidadeMedida, DataColeta, PostoCNPJ, CombustivelID) VALUES (5.790, 'R$ / litro', '2024-03-20', '01502805000104', (SELECT ID_Combustivel FROM COMBUSTIVEL WHERE Nome = 'DIESEL S500'));
INSERT INTO PRECO_COLETADO (Preco, UnidadeMedida, DataColeta, PostoCNPJ, CombustivelID) VALUES (5.790, 'R$ / litro', '2024-03-27', '01502805000104', (SELECT ID_Combustivel FROM COMBUSTIVEL WHERE Nome = 'DIESEL S500'));
INSERT INTO PRECO_COLETADO (Preco, UnidadeMedida, DataColeta, PostoCNPJ, CombustivelID) VALUES (5.790, 'R$ / litro', '2024-04-02', '01502805000104', (SELECT ID_Combustivel FROM COMBUSTIVEL WHERE Nome = 'DIESEL S500'));
INSERT INTO PRECO_COLETADO (Preco, UnidadeMedida, DataColeta, PostoCNPJ, CombustivelID) VALUES (5.790, 'R$ / litro', '2024-04-29', '01502805000104', (SELECT ID_Combustivel FROM COMBUSTIVEL WHERE Nome = 'DIESEL S500'));
INSERT INTO PRECO_COLETADO (Preco, UnidadeMedida, DataColeta, PostoCNPJ, CombustivelID) VALUES (5.790, 'R$ / litro', '2024-05-06', '01502805000104', (SELECT ID_Combustivel FROM COMBUSTIVEL WHERE Nome = 'DIESEL S500'));
INSERT INTO PRECO_COLETADO (Preco, UnidadeMedida, DataColeta, PostoCNPJ, CombustivelID) VALUES (5.790, 'R$ / litro', '2024-06-11', '01502805000104', (SELECT ID_Combustivel FROM COMBUSTIVEL WHERE Nome = 'DIESEL S500'));
INSERT INTO PRECO_COLETADO (Preco, UnidadeMedida, DataColeta, PostoCNPJ, CombustivelID) VALUES (5.790, 'R$ / litro', '2024-06-19', '01502805000104', (SELECT ID_Combustivel FROM COMBUSTIVEL WHERE Nome = 'DIESEL S500'));
INSERT INTO PRECO_COLETADO (Preco, UnidadeMedida, DataColeta, PostoCNPJ, CombustivelID) VALUES (6.290, 'R$ / litro', '2022-10-31', '01502805000104', (SELECT ID_Combustivel FROM COMBUSTIVEL WHERE Nome = 'DIESEL S10'));
INSERT INTO PRECO_COLETADO (Preco, UnidadeMedida, DataColeta, PostoCNPJ, CombustivelID) VALUES (5.990, 'R$ / litro', '2023-01-16', '01502805000104', (SELECT ID_Combustivel FROM COMBUSTIVEL WHERE Nome = 'DIESEL S10'));
INSERT INTO PRECO_COLETADO (Preco, UnidadeMedida, DataColeta, PostoCNPJ, CombustivelID) VALUES (5.990, 'R$ / litro', '2023-01-23', '01502805000104', (SELECT ID_Combustivel FROM COMBUSTIVEL WHERE Nome = 'DIESEL S10'));
INSERT INTO PRECO_COLETADO (Preco, UnidadeMedida, DataColeta, PostoCNPJ, CombustivelID) VALUES (5.990, 'R$ / litro', '2023-01-30', '01502805000104', (SELECT ID_Combustivel FROM COMBUSTIVEL WHERE Nome = 'DIESEL S10'));
INSERT INTO PRECO_COLETADO (Preco, UnidadeMedida, DataColeta, PostoCNPJ, CombustivelID) VALUES (5.990, 'R$ / litro', '2023-02-13', '01502805000104', (SELECT ID_Combustivel FROM COMBUSTIVEL WHERE Nome = 'DIESEL S10'));
INSERT INTO PRECO_COLETADO (Preco, UnidadeMedida, DataColeta, PostoCNPJ, CombustivelID) VALUES (5.690, 'R$ / litro', '2023-02-28', '01502805000104', (SELECT ID_Combustivel FROM COMBUSTIVEL WHERE Nome = 'DIESEL S10'));
INSERT INTO PRECO_COLETADO (Preco, UnidadeMedida, DataColeta, PostoCNPJ, CombustivelID) VALUES (5.490, 'R$ / litro', '2023-04-17', '01502805000104', (SELECT ID_Combustivel FROM COMBUSTIVEL WHERE Nome = 'DIESEL S10'));
INSERT INTO PRECO_COLETADO (Preco, UnidadeMedida, DataColeta, PostoCNPJ, CombustivelID) VALUES (5.490, 'R$ / litro', '2023-04-24', '01502805000104', (SELECT ID_Combustivel FROM COMBUSTIVEL WHERE Nome = 'DIESEL S10'));
INSERT INTO PRECO_COLETADO (Preco, UnidadeMedida, DataColeta, PostoCNPJ, CombustivelID) VALUES (5.490, 'R$ / litro', '2023-05-03', '01502805000104', (SELECT ID_Combustivel FROM COMBUSTIVEL WHERE Nome = 'DIESEL S10'));
INSERT INTO PRECO_COLETADO (Preco, UnidadeMedida, DataColeta, PostoCNPJ, CombustivelID) VALUES (5.490, 'R$ / litro', '2023-05-09', '01502805000104', (SELECT ID_Combustivel FROM COMBUSTIVEL WHERE Nome = 'DIESEL S10'));
INSERT INTO PRECO_COLETADO (Preco, UnidadeMedida, DataColeta, PostoCNPJ, CombustivelID) VALUES (5.490, 'R$ / litro', '2023-05-15', '01502805000104', (SELECT ID_Combustivel FROM COMBUSTIVEL WHERE Nome = 'DIESEL S10'));
INSERT INTO PRECO_COLETADO (Preco, UnidadeMedida, DataColeta, PostoCNPJ, CombustivelID) VALUES (5.190, 'R$ / litro', '2023-05-23', '01502805000104', (SELECT ID_Combustivel FROM COMBUSTIVEL WHERE Nome = 'DIESEL S10'));
INSERT INTO PRECO_COLETADO (Preco, UnidadeMedida, DataColeta, PostoCNPJ, CombustivelID) VALUES (5.190, 'R$ / litro', '2023-05-30', '01502805000104', (SELECT ID_Combustivel FROM COMBUSTIVEL WHERE Nome = 'DIESEL S10'));
INSERT INTO PRECO_COLETADO (Preco, UnidadeMedida, DataColeta, PostoCNPJ, CombustivelID) VALUES (4.990, 'R$ / litro', '2023-06-05', '01502805000104', (SELECT ID_Combustivel FROM COMBUSTIVEL WHERE Nome = 'DIESEL S10'));
INSERT INTO PRECO_COLETADO (Preco, UnidadeMedida, DataColeta, PostoCNPJ, CombustivelID) VALUES (4.990, 'R$ / litro', '2023-06-13', '01502805000104', (SELECT ID_Combustivel FROM COMBUSTIVEL WHERE Nome = 'DIESEL S10'));
INSERT INTO PRECO_COLETADO (Preco, UnidadeMedida, DataColeta, PostoCNPJ, CombustivelID) VALUES (4.990, 'R$ / litro', '2023-06-20', '01502805000104', (SELECT ID_Combustivel FROM COMBUSTIVEL WHERE Nome = 'DIESEL S10'));
INSERT INTO PRECO_COLETADO (Preco, UnidadeMedida, DataColeta, PostoCNPJ, CombustivelID) VALUES (4.890, 'R$ / litro', '2023-07-04', '01502805000104', (SELECT ID_Combustivel FROM COMBUSTIVEL WHERE Nome = 'DIESEL S10'));
INSERT INTO PRECO_COLETADO (Preco, UnidadeMedida, DataColeta, PostoCNPJ, CombustivelID) VALUES (4.890, 'R$ / litro', '2023-07-10', '01502805000104', (SELECT ID_Combustivel FROM COMBUSTIVEL WHERE Nome = 'DIESEL S10'));
INSERT INTO PRECO_COLETADO (Preco, UnidadeMedida, DataColeta, PostoCNPJ, CombustivelID) VALUES (4.890, 'R$ / litro', '2023-07-17', '01502805000104', (SELECT ID_Combustivel FROM COMBUSTIVEL WHERE Nome = 'DIESEL S10'));
INSERT INTO PRECO_COLETADO (Preco, UnidadeMedida, DataColeta, PostoCNPJ, CombustivelID) VALUES (4.890, 'R$ / litro', '2023-07-24', '01502805000104', (SELECT ID_Combustivel FROM COMBUSTIVEL WHERE Nome = 'DIESEL S10'));
INSERT INTO PRECO_COLETADO (Preco, UnidadeMedida, DataColeta, PostoCNPJ, CombustivelID) VALUES (4.890, 'R$ / litro', '2023-07-31', '01502805000104', (SELECT ID_Combustivel FROM COMBUSTIVEL WHERE Nome = 'DIESEL S10'));
INSERT INTO PRECO_COLETADO (Preco, UnidadeMedida, DataColeta, PostoCNPJ, CombustivelID) VALUES (4.890, 'R$ / litro', '2023-08-07', '01502805000104', (SELECT ID_Combustivel FROM COMBUSTIVEL WHERE Nome = 'DIESEL S10'));
INSERT INTO PRECO_COLETADO (Preco, UnidadeMedida, DataColeta, PostoCNPJ, CombustivelID) VALUES (4.990, 'R$ / litro', '2023-08-15', '01502805000104', (SELECT ID_Combustivel FROM COMBUSTIVEL WHERE Nome = 'DIESEL S10'));
INSERT INTO PRECO_COLETADO (Preco, UnidadeMedida, DataColeta, PostoCNPJ, CombustivelID) VALUES (5.890, 'R$ / litro', '2023-08-22', '01502805000104', (SELECT ID_Combustivel FROM COMBUSTIVEL WHERE Nome = 'DIESEL S10'));
INSERT INTO PRECO_COLETADO (Preco, UnidadeMedida, DataColeta, PostoCNPJ, CombustivelID) VALUES (5.890, 'R$ / litro', '2023-08-30', '01502805000104', (SELECT ID_Combustivel FROM COMBUSTIVEL WHERE Nome = 'DIESEL S10'));
INSERT INTO PRECO_COLETADO (Preco, UnidadeMedida, DataColeta, PostoCNPJ, CombustivelID) VALUES (5.990, 'R$ / litro', '2023-09-07', '01502805000104', (SELECT ID_Combustivel FROM COMBUSTIVEL WHERE Nome = 'DIESEL S10'));
INSERT INTO PRECO_COLETADO (Preco, UnidadeMedida, DataColeta, PostoCNPJ, CombustivelID) VALUES (5.990, 'R$ / litro', '2023-09-12', '01502805000104', (SELECT ID_Combustivel FROM COMBUSTIVEL WHERE Nome = 'DIESEL S10'));
INSERT INTO PRECO_COLETADO (Preco, UnidadeMedida, DataColeta, PostoCNPJ, CombustivelID) VALUES (5.950, 'R$ / litro', '2023-09-19', '01502805000104', (SELECT ID_Combustivel FROM COMBUSTIVEL WHERE Nome = 'DIESEL S10'));
INSERT INTO PRECO_COLETADO (Preco, UnidadeMedida, DataColeta, PostoCNPJ, CombustivelID) VALUES (5.950, 'R$ / litro', '2023-09-26', '01502805000104', (SELECT ID_Combustivel FROM COMBUSTIVEL WHERE Nome = 'DIESEL S10'));
INSERT INTO PRECO_COLETADO (Preco, UnidadeMedida, DataColeta, PostoCNPJ, CombustivelID) VALUES (5.950, 'R$ / litro', '2023-10-03', '01502805000104', (SELECT ID_Combustivel FROM COMBUSTIVEL WHERE Nome = 'DIESEL S10'));
INSERT INTO PRECO_COLETADO (Preco, UnidadeMedida, DataColeta, PostoCNPJ, CombustivelID) VALUES (5.950, 'R$ / litro', '2023-10-10', '01502805000104', (SELECT ID_Combustivel FROM COMBUSTIVEL WHERE Nome = 'DIESEL S10'));
INSERT INTO PRECO_COLETADO (Preco, UnidadeMedida, DataColeta, PostoCNPJ, CombustivelID) VALUES (5.950, 'R$ / litro', '2023-10-16', '01502805000104', (SELECT ID_Combustivel FROM COMBUSTIVEL WHERE Nome = 'DIESEL S10'));
INSERT INTO PRECO_COLETADO (Preco, UnidadeMedida, DataColeta, PostoCNPJ, CombustivelID) VALUES (6.090, 'R$ / litro', '2023-10-24', '01502805000104', (SELECT ID_Combustivel FROM COMBUSTIVEL WHERE Nome = 'DIESEL S10'));
INSERT INTO PRECO_COLETADO (Preco, UnidadeMedida, DataColeta, PostoCNPJ, CombustivelID) VALUES (6.090, 'R$ / litro', '2023-10-31', '01502805000104', (SELECT ID_Combustivel FROM COMBUSTIVEL WHERE Nome = 'DIESEL S10'));
INSERT INTO PRECO_COLETADO (Preco, UnidadeMedida, DataColeta, PostoCNPJ, CombustivelID) VALUES (6.090, 'R$ / litro', '2023-11-07', '01502805000104', (SELECT ID_Combustivel FROM COMBUSTIVEL WHERE Nome = 'DIESEL S10'));
INSERT INTO PRECO_COLETADO (Preco, UnidadeMedida, DataColeta, PostoCNPJ, CombustivelID) VALUES (6.090, 'R$ / litro', '2023-11-14', '01502805000104', (SELECT ID_Combustivel FROM COMBUSTIVEL WHERE Nome = 'DIESEL S10'));
INSERT INTO PRECO_COLETADO (Preco, UnidadeMedida, DataColeta, PostoCNPJ, CombustivelID) VALUES (5.960, 'R$ / litro', '2023-11-21', '01502805000104', (SELECT ID_Combustivel FROM COMBUSTIVEL WHERE Nome = 'DIESEL S10'));
INSERT INTO PRECO_COLETADO (Preco, UnidadeMedida, DataColeta, PostoCNPJ, CombustivelID) VALUES (5.960, 'R$ / litro', '2023-11-28', '01502805000104', (SELECT ID_Combustivel FROM COMBUSTIVEL WHERE Nome = 'DIESEL S10'));
INSERT INTO PRECO_COLETADO (Preco, UnidadeMedida, DataColeta, PostoCNPJ, CombustivelID) VALUES (5.960, 'R$ / litro', '2023-12-06', '01502805000104', (SELECT ID_Combustivel FROM COMBUSTIVEL WHERE Nome = 'DIESEL S10'));
INSERT INTO PRECO_COLETADO (Preco, UnidadeMedida, DataColeta, PostoCNPJ, CombustivelID) VALUES (5.960, 'R$ / litro', '2023-12-13', '01502805000104', (SELECT ID_Combustivel FROM COMBUSTIVEL WHERE Nome = 'DIESEL S10'));
INSERT INTO PRECO_COLETADO (Preco, UnidadeMedida, DataColeta, PostoCNPJ, CombustivelID) VALUES (5.890, 'R$ / litro', '2024-01-29', '01502805000104', (SELECT ID_Combustivel FROM COMBUSTIVEL WHERE Nome = 'DIESEL S10'));
INSERT INTO PRECO_COLETADO (Preco, UnidadeMedida, DataColeta, PostoCNPJ, CombustivelID) VALUES (5.890, 'R$ / litro', '2024-02-26', '01502805000104', (SELECT ID_Combustivel FROM COMBUSTIVEL WHERE Nome = 'DIESEL S10'));
INSERT INTO PRECO_COLETADO (Preco, UnidadeMedida, DataColeta, PostoCNPJ, CombustivelID) VALUES (5.890, 'R$ / litro', '2024-03-13', '01502805000104', (SELECT ID_Combustivel FROM COMBUSTIVEL WHERE Nome = 'DIESEL S10'));
INSERT INTO PRECO_COLETADO (Preco, UnidadeMedida, DataColeta, PostoCNPJ, CombustivelID) VALUES (5.890, 'R$ / litro', '2024-03-20', '01502805000104', (SELECT ID_Combustivel FROM COMBUSTIVEL WHERE Nome = 'DIESEL S10'));
INSERT INTO PRECO_COLETADO (Preco, UnidadeMedida, DataColeta, PostoCNPJ, CombustivelID) VALUES (5.890, 'R$ / litro', '2024-03-27', '01502805000104', (SELECT ID_Combustivel FROM COMBUSTIVEL WHERE Nome = 'DIESEL S10'));
INSERT INTO PRECO_COLETADO (Preco, UnidadeMedida, DataColeta, PostoCNPJ, CombustivelID) VALUES (5.890, 'R$ / litro', '2024-04-02', '01502805000104', (SELECT ID_Combustivel FROM COMBUSTIVEL WHERE Nome = 'DIESEL S10'));
INSERT INTO PRECO_COLETADO (Preco, UnidadeMedida, DataColeta, PostoCNPJ, CombustivelID) VALUES (5.890, 'R$ / litro', '2024-04-29', '01502805000104', (SELECT ID_Combustivel FROM COMBUSTIVEL WHERE Nome = 'DIESEL S10'));
INSERT INTO PRECO_COLETADO (Preco, UnidadeMedida, DataColeta, PostoCNPJ, CombustivelID) VALUES (5.890, 'R$ / litro', '2024-05-06', '01502805000104', (SELECT ID_Combustivel FROM COMBUSTIVEL WHERE Nome = 'DIESEL S10'));
INSERT INTO PRECO_COLETADO (Preco, UnidadeMedida, DataColeta, PostoCNPJ, CombustivelID) VALUES (5.890, 'R$ / litro', '2024-06-11', '01502805000104', (SELECT ID_Combustivel FROM COMBUSTIVEL WHERE Nome = 'DIESEL S10'));
INSERT INTO PRECO_COLETADO (Preco, UnidadeMedida, DataColeta, PostoCNPJ, CombustivelID) VALUES (5.890, 'R$ / litro', '2024-06-19', '01502805000104', (SELECT ID_Combustivel FROM COMBUSTIVEL WHERE Nome = 'DIESEL S10'));
INSERT INTO PRECO_COLETADO (Preco, UnidadeMedida, DataColeta, PostoCNPJ, CombustivelID) VALUES (4.790, 'R$ / litro', '2023-06-27', '01502805000104', (SELECT ID_Combustivel FROM COMBUSTIVEL WHERE Nome = 'ETANOL'));
INSERT INTO POSTO (CNPJ, RazaoSocial, NomeFantasia, Bandeira, Logradouro, Numero, Bairro, Cidade, Estado, CEP) VALUES ('09167931000153', 'POSTO CHAMPAGNAT LTDA', 'POSTO CHAMPAGNAT', 'IPIRANGA', 'RUA HUGO MUSSO', '550', 'PRAIA DA COSTA', 'VILA VELHA', 'ESPIRITO SANTO', '29101280');
INSERT INTO PRECO_COLETADO (Preco, UnidadeMedida, DataColeta, PostoCNPJ, CombustivelID) VALUES (4.990, 'R$ / litro', '2022-11-14', '09167931000153', (SELECT ID_Combustivel FROM COMBUSTIVEL WHERE Nome = 'GASOLINA COMUM'));
INSERT INTO PRECO_COLETADO (Preco, UnidadeMedida, DataColeta, PostoCNPJ, CombustivelID) VALUES (4.950, 'R$ / litro', '2023-01-09', '09167931000153', (SELECT ID_Combustivel FROM COMBUSTIVEL WHERE Nome = 'GASOLINA COMUM'));
INSERT INTO PRECO_COLETADO (Preco, UnidadeMedida, DataColeta, PostoCNPJ, CombustivelID) VALUES (5.080, 'R$ / litro', '2023-02-20', '09167931000153', (SELECT ID_Combustivel FROM COMBUSTIVEL WHERE Nome = 'GASOLINA COMUM'));
INSERT INTO PRECO_COLETADO (Preco, UnidadeMedida, DataColeta, PostoCNPJ, CombustivelID) VALUES (5.480, 'R$ / litro', '2023-03-21', '09167931000153', (SELECT ID_Combustivel FROM COMBUSTIVEL WHERE Nome = 'GASOLINA COMUM'));
INSERT INTO PRECO_COLETADO (Preco, UnidadeMedida, DataColeta, PostoCNPJ, CombustivelID) VALUES (5.580, 'R$ / litro', '2023-08-07', '09167931000153', (SELECT ID_Combustivel FROM COMBUSTIVEL WHERE Nome = 'GASOLINA COMUM'));
INSERT INTO PRECO_COLETADO (Preco, UnidadeMedida, DataColeta, PostoCNPJ, CombustivelID) VALUES (5.690, 'R$ / litro', '2023-10-31', '09167931000153', (SELECT ID_Combustivel FROM COMBUSTIVEL WHERE Nome = 'GASOLINA COMUM'));
INSERT INTO PRECO_COLETADO (Preco, UnidadeMedida, DataColeta, PostoCNPJ, CombustivelID) VALUES (5.590, 'R$ / litro', '2023-12-20', '09167931000153', (SELECT ID_Combustivel FROM COMBUSTIVEL WHERE Nome = 'GASOLINA COMUM'));
INSERT INTO PRECO_COLETADO (Preco, UnidadeMedida, DataColeta, PostoCNPJ, CombustivelID) VALUES (5.390, 'R$ / litro', '2024-01-03', '09167931000153', (SELECT ID_Combustivel FROM COMBUSTIVEL WHERE Nome = 'GASOLINA COMUM'));
INSERT INTO PRECO_COLETADO (Preco, UnidadeMedida, DataColeta, PostoCNPJ, CombustivelID) VALUES (5.370, 'R$ / litro', '2024-01-15', '09167931000153', (SELECT ID_Combustivel FROM COMBUSTIVEL WHERE Nome = 'GASOLINA COMUM'));
INSERT INTO PRECO_COLETADO (Preco, UnidadeMedida, DataColeta, PostoCNPJ, CombustivelID) VALUES (5.370, 'R$ / litro', '2024-01-22', '09167931000153', (SELECT ID_Combustivel FROM COMBUSTIVEL WHERE Nome = 'GASOLINA COMUM'));
INSERT INTO PRECO_COLETADO (Preco, UnidadeMedida, DataColeta, PostoCNPJ, CombustivelID) VALUES (5.690, 'R$ / litro', '2024-02-05', '09167931000153', (SELECT ID_Combustivel FROM COMBUSTIVEL WHERE Nome = 'GASOLINA COMUM'));
INSERT INTO PRECO_COLETADO (Preco, UnidadeMedida, DataColeta, PostoCNPJ, CombustivelID) VALUES (5.490, 'R$ / litro', '2024-03-18', '09167931000153', (SELECT ID_Combustivel FROM COMBUSTIVEL WHERE Nome = 'GASOLINA COMUM'));
INSERT INTO PRECO_COLETADO (Preco, UnidadeMedida, DataColeta, PostoCNPJ, CombustivelID) VALUES (5.690, 'R$ / litro', '2024-04-08', '09167931000153', (SELECT ID_Combustivel FROM COMBUSTIVEL WHERE Nome = 'GASOLINA COMUM'));
INSERT INTO PRECO_COLETADO (Preco, UnidadeMedida, DataColeta, PostoCNPJ, CombustivelID) VALUES (5.690, 'R$ / litro', '2024-04-15', '09167931000153', (SELECT ID_Combustivel FROM COMBUSTIVEL WHERE Nome = 'GASOLINA COMUM'));
INSERT INTO PRECO_COLETADO (Preco, UnidadeMedida, DataColeta, PostoCNPJ, CombustivelID) VALUES (5.890, 'R$ / litro', '2024-04-22', '09167931000153', (SELECT ID_Combustivel FROM COMBUSTIVEL WHERE Nome = 'GASOLINA COMUM'));
INSERT INTO PRECO_COLETADO (Preco, UnidadeMedida, DataColeta, PostoCNPJ, CombustivelID) VALUES (5.890, 'R$ / litro', '2024-05-14', '09167931000153', (SELECT ID_Combustivel FROM COMBUSTIVEL WHERE Nome = 'GASOLINA COMUM'));
INSERT INTO PRECO_COLETADO (Preco, UnidadeMedida, DataColeta, PostoCNPJ, CombustivelID) VALUES (5.790, 'R$ / litro', '2024-06-03', '09167931000153', (SELECT ID_Combustivel FROM COMBUSTIVEL WHERE Nome = 'GASOLINA COMUM'));
INSERT INTO PRECO_COLETADO (Preco, UnidadeMedida, DataColeta, PostoCNPJ, CombustivelID) VALUES (5.790, 'R$ / litro', '2024-06-10', '09167931000153', (SELECT ID_Combustivel FROM COMBUSTIVEL WHERE Nome = 'GASOLINA COMUM'));
INSERT INTO PRECO_COLETADO (Preco, UnidadeMedida, DataColeta, PostoCNPJ, CombustivelID) VALUES (6.150, 'R$ / litro', '2024-07-29', '09167931000153', (SELECT ID_Combustivel FROM COMBUSTIVEL WHERE Nome = 'GASOLINA COMUM'));
INSERT INTO PRECO_COLETADO (Preco, UnidadeMedida, DataColeta, PostoCNPJ, CombustivelID) VALUES (6.150, 'R$ / litro', '2024-08-05', '09167931000153', (SELECT ID_Combustivel FROM COMBUSTIVEL WHERE Nome = 'GASOLINA COMUM'));
INSERT INTO PRECO_COLETADO (Preco, UnidadeMedida, DataColeta, PostoCNPJ, CombustivelID) VALUES (6.090, 'R$ / litro', '2024-08-12', '09167931000153', (SELECT ID_Combustivel FROM COMBUSTIVEL WHERE Nome = 'GASOLINA COMUM'));
INSERT INTO PRECO_COLETADO (Preco, UnidadeMedida, DataColeta, PostoCNPJ, CombustivelID) VALUES (5.190, 'R$ / litro', '2022-11-14', '09167931000153', (SELECT ID_Combustivel FROM COMBUSTIVEL WHERE Nome = 'GASOLINA ADITIVADA'));
INSERT INTO PRECO_COLETADO (Preco, UnidadeMedida, DataColeta, PostoCNPJ, CombustivelID) VALUES (5.490, 'R$ / litro', '2023-01-09', '09167931000153', (SELECT ID_Combustivel FROM COMBUSTIVEL WHERE Nome = 'GASOLINA ADITIVADA'));
INSERT INTO PRECO_COLETADO (Preco, UnidadeMedida, DataColeta, PostoCNPJ, CombustivelID) VALUES (5.490, 'R$ / litro', '2023-02-20', '09167931000153', (SELECT ID_Combustivel FROM COMBUSTIVEL WHERE Nome = 'GASOLINA ADITIVADA'));
INSERT INTO PRECO_COLETADO (Preco, UnidadeMedida, DataColeta, PostoCNPJ, CombustivelID) VALUES (5.690, 'R$ / litro', '2023-03-21', '09167931000153', (SELECT ID_Combustivel FROM COMBUSTIVEL WHERE Nome = 'GASOLINA ADITIVADA'));
INSERT INTO PRECO_COLETADO (Preco, UnidadeMedida, DataColeta, PostoCNPJ, CombustivelID) VALUES (5.780, 'R$ / litro', '2023-08-07', '09167931000153', (SELECT ID_Combustivel FROM COMBUSTIVEL WHERE Nome = 'GASOLINA ADITIVADA'));
INSERT INTO PRECO_COLETADO (Preco, UnidadeMedida, DataColeta, PostoCNPJ, CombustivelID) VALUES (5.890, 'R$ / litro', '2023-10-31', '09167931000153', (SELECT ID_Combustivel FROM COMBUSTIVEL WHERE Nome = 'GASOLINA ADITIVADA'));
INSERT INTO PRECO_COLETADO (Preco, UnidadeMedida, DataColeta, PostoCNPJ, CombustivelID) VALUES (5.790, 'R$ / litro', '2023-12-20', '09167931000153', (SELECT ID_Combustivel FROM COMBUSTIVEL WHERE Nome = 'GASOLINA ADITIVADA'));
INSERT INTO PRECO_COLETADO (Preco, UnidadeMedida, DataColeta, PostoCNPJ, CombustivelID) VALUES (5.590, 'R$ / litro', '2024-01-03', '09167931000153', (SELECT ID_Combustivel FROM COMBUSTIVEL WHERE Nome = 'GASOLINA ADITIVADA'));
INSERT INTO PRECO_COLETADO (Preco, UnidadeMedida, DataColeta, PostoCNPJ, CombustivelID) VALUES (5.570, 'R$ / litro', '2024-01-15', '09167931000153', (SELECT ID_Combustivel FROM COMBUSTIVEL WHERE Nome = 'GASOLINA ADITIVADA'));
INSERT INTO PRECO_COLETADO (Preco, UnidadeMedida, DataColeta, PostoCNPJ, CombustivelID) VALUES (5.570, 'R$ / litro', '2024-01-22', '09167931000153', (SELECT ID_Combustivel FROM COMBUSTIVEL WHERE Nome = 'GASOLINA ADITIVADA'));
INSERT INTO PRECO_COLETADO (Preco, UnidadeMedida, DataColeta, PostoCNPJ, CombustivelID) VALUES (5.890, 'R$ / litro', '2024-02-05', '09167931000153', (SELECT ID_Combustivel FROM COMBUSTIVEL WHERE Nome = 'GASOLINA ADITIVADA'));
INSERT INTO PRECO_COLETADO (Preco, UnidadeMedida, DataColeta, PostoCNPJ, CombustivelID) VALUES (5.690, 'R$ / litro', '2024-03-18', '09167931000153', (SELECT ID_Combustivel FROM COMBUSTIVEL WHERE Nome = 'GASOLINA ADITIVADA'));
INSERT INTO PRECO_COLETADO (Preco, UnidadeMedida, DataColeta, PostoCNPJ, CombustivelID) VALUES (5.890, 'R$ / litro', '2024-04-08', '09167931000153', (SELECT ID_Combustivel FROM COMBUSTIVEL WHERE Nome = 'GASOLINA ADITIVADA'));
INSERT INTO PRECO_COLETADO (Preco, UnidadeMedida, DataColeta, PostoCNPJ, CombustivelID) VALUES (5.890, 'R$ / litro', '2024-04-15', '09167931000153', (SELECT ID_Combustivel FROM COMBUSTIVEL WHERE Nome = 'GASOLINA ADITIVADA'));
INSERT INTO PRECO_COLETADO (Preco, UnidadeMedida, DataColeta, PostoCNPJ, CombustivelID) VALUES (6.090, 'R$ / litro', '2024-04-22', '09167931000153', (SELECT ID_Combustivel FROM COMBUSTIVEL WHERE Nome = 'GASOLINA ADITIVADA'));
INSERT INTO PRECO_COLETADO (Preco, UnidadeMedida, DataColeta, PostoCNPJ, CombustivelID) VALUES (6.090, 'R$ / litro', '2024-05-14', '09167931000153', (SELECT ID_Combustivel FROM COMBUSTIVEL WHERE Nome = 'GASOLINA ADITIVADA'));
INSERT INTO PRECO_COLETADO (Preco, UnidadeMedida, DataColeta, PostoCNPJ, CombustivelID) VALUES (5.990, 'R$ / litro', '2024-06-03', '09167931000153', (SELECT ID_Combustivel FROM COMBUSTIVEL WHERE Nome = 'GASOLINA ADITIVADA'));
INSERT INTO PRECO_COLETADO (Preco, UnidadeMedida, DataColeta, PostoCNPJ, CombustivelID) VALUES (5.990, 'R$ / litro', '2024-06-10', '09167931000153', (SELECT ID_Combustivel FROM COMBUSTIVEL WHERE Nome = 'GASOLINA ADITIVADA'));
INSERT INTO PRECO_COLETADO (Preco, UnidadeMedida, DataColeta, PostoCNPJ, CombustivelID) VALUES (6.390, 'R$ / litro', '2024-07-29', '09167931000153', (SELECT ID_Combustivel FROM COMBUSTIVEL WHERE Nome = 'GASOLINA ADITIVADA'));
INSERT INTO PRECO_COLETADO (Preco, UnidadeMedida, DataColeta, PostoCNPJ, CombustivelID) VALUES (6.390, 'R$ / litro', '2024-08-05', '09167931000153', (SELECT ID_Combustivel FROM COMBUSTIVEL WHERE Nome = 'GASOLINA ADITIVADA'));
INSERT INTO PRECO_COLETADO (Preco, UnidadeMedida, DataColeta, PostoCNPJ, CombustivelID) VALUES (6.390, 'R$ / litro', '2024-08-12', '09167931000153', (SELECT ID_Combustivel FROM COMBUSTIVEL WHERE Nome = 'GASOLINA ADITIVADA'));
INSERT INTO PRECO_COLETADO (Preco, UnidadeMedida, DataColeta, PostoCNPJ, CombustivelID) VALUES (4.890, 'R$ / litro', '2023-08-07', '09167931000153', (SELECT ID_Combustivel FROM COMBUSTIVEL WHERE Nome = 'DIESEL S10'));
INSERT INTO PRECO_COLETADO (Preco, UnidadeMedida, DataColeta, PostoCNPJ, CombustivelID) VALUES (6.090, 'R$ / litro', '2023-10-31', '09167931000153', (SELECT ID_Combustivel FROM COMBUSTIVEL WHERE Nome = 'DIESEL S10'));
INSERT INTO PRECO_COLETADO (Preco, UnidadeMedida, DataColeta, PostoCNPJ, CombustivelID) VALUES (6.090, 'R$ / litro', '2023-12-20', '09167931000153', (SELECT ID_Combustivel FROM COMBUSTIVEL WHERE Nome = 'DIESEL S10'));
INSERT INTO PRECO_COLETADO (Preco, UnidadeMedida, DataColeta, PostoCNPJ, CombustivelID) VALUES (6.090, 'R$ / litro', '2024-01-03', '09167931000153', (SELECT ID_Combustivel FROM COMBUSTIVEL WHERE Nome = 'DIESEL S10'));
INSERT INTO PRECO_COLETADO (Preco, UnidadeMedida, DataColeta, PostoCNPJ, CombustivelID) VALUES (6.090, 'R$ / litro', '2024-01-15', '09167931000153', (SELECT ID_Combustivel FROM COMBUSTIVEL WHERE Nome = 'DIESEL S10'));
INSERT INTO PRECO_COLETADO (Preco, UnidadeMedida, DataColeta, PostoCNPJ, CombustivelID) VALUES (6.090, 'R$ / litro', '2024-01-22', '09167931000153', (SELECT ID_Combustivel FROM COMBUSTIVEL WHERE Nome = 'DIESEL S10'));
INSERT INTO PRECO_COLETADO (Preco, UnidadeMedida, DataColeta, PostoCNPJ, CombustivelID) VALUES (6.290, 'R$ / litro', '2024-02-05', '09167931000153', (SELECT ID_Combustivel FROM COMBUSTIVEL WHERE Nome = 'DIESEL S10'));
INSERT INTO PRECO_COLETADO (Preco, UnidadeMedida, DataColeta, PostoCNPJ, CombustivelID) VALUES (6.290, 'R$ / litro', '2024-03-18', '09167931000153', (SELECT ID_Combustivel FROM COMBUSTIVEL WHERE Nome = 'DIESEL S10'));
INSERT INTO PRECO_COLETADO (Preco, UnidadeMedida, DataColeta, PostoCNPJ, CombustivelID) VALUES (5.990, 'R$ / litro', '2024-04-08', '09167931000153', (SELECT ID_Combustivel FROM COMBUSTIVEL WHERE Nome = 'DIESEL S10'));
INSERT INTO PRECO_COLETADO (Preco, UnidadeMedida, DataColeta, PostoCNPJ, CombustivelID) VALUES (5.990, 'R$ / litro', '2024-04-15', '09167931000153', (SELECT ID_Combustivel FROM COMBUSTIVEL WHERE Nome = 'DIESEL S10'));
INSERT INTO PRECO_COLETADO (Preco, UnidadeMedida, DataColeta, PostoCNPJ, CombustivelID) VALUES (5.990, 'R$ / litro', '2024-04-22', '09167931000153', (SELECT ID_Combustivel FROM COMBUSTIVEL WHERE Nome = 'DIESEL S10'));
INSERT INTO PRECO_COLETADO (Preco, UnidadeMedida, DataColeta, PostoCNPJ, CombustivelID) VALUES (5.990, 'R$ / litro', '2024-05-14', '09167931000153', (SELECT ID_Combustivel FROM COMBUSTIVEL WHERE Nome = 'DIESEL S10'));
INSERT INTO PRECO_COLETADO (Preco, UnidadeMedida, DataColeta, PostoCNPJ, CombustivelID) VALUES (5.990, 'R$ / litro', '2024-06-03', '09167931000153', (SELECT ID_Combustivel FROM COMBUSTIVEL WHERE Nome = 'DIESEL S10'));
INSERT INTO PRECO_COLETADO (Preco, UnidadeMedida, DataColeta, PostoCNPJ, CombustivelID) VALUES (5.990, 'R$ / litro', '2024-06-10', '09167931000153', (SELECT ID_Combustivel FROM COMBUSTIVEL WHERE Nome = 'DIESEL S10'));
INSERT INTO PRECO_COLETADO (Preco, UnidadeMedida, DataColeta, PostoCNPJ, CombustivelID) VALUES (6.190, 'R$ / litro', '2024-07-29', '09167931000153', (SELECT ID_Combustivel FROM COMBUSTIVEL WHERE Nome = 'DIESEL S10'));
INSERT INTO PRECO_COLETADO (Preco, UnidadeMedida, DataColeta, PostoCNPJ, CombustivelID) VALUES (6.190, 'R$ / litro', '2024-08-05', '09167931000153', (SELECT ID_Combustivel FROM COMBUSTIVEL WHERE Nome = 'DIESEL S10'));
INSERT INTO PRECO_COLETADO (Preco, UnidadeMedida, DataColeta, PostoCNPJ, CombustivelID) VALUES (6.190, 'R$ / litro', '2024-08-12', '09167931000153', (SELECT ID_Combustivel FROM COMBUSTIVEL WHERE Nome = 'DIESEL S10'));
INSERT INTO PRECO_COLETADO (Preco, UnidadeMedida, DataColeta, PostoCNPJ, CombustivelID) VALUES (4.380, 'R$ / litro', '2022-11-14', '09167931000153', (SELECT ID_Combustivel FROM COMBUSTIVEL WHERE Nome = 'ETANOL'));
INSERT INTO PRECO_COLETADO (Preco, UnidadeMedida, DataColeta, PostoCNPJ, CombustivelID) VALUES (4.380, 'R$ / litro', '2023-01-09', '09167931000153', (SELECT ID_Combustivel FROM COMBUSTIVEL WHERE Nome = 'ETANOL'));
INSERT INTO PRECO_COLETADO (Preco, UnidadeMedida, DataColeta, PostoCNPJ, CombustivelID) VALUES (4.380, 'R$ / litro', '2023-02-20', '09167931000153', (SELECT ID_Combustivel FROM COMBUSTIVEL WHERE Nome = 'ETANOL'));
INSERT INTO PRECO_COLETADO (Preco, UnidadeMedida, DataColeta, PostoCNPJ, CombustivelID) VALUES (4.380, 'R$ / litro', '2023-03-21', '09167931000153', (SELECT ID_Combustivel FROM COMBUSTIVEL WHERE Nome = 'ETANOL'));
INSERT INTO PRECO_COLETADO (Preco, UnidadeMedida, DataColeta, PostoCNPJ, CombustivelID) VALUES (4.190, 'R$ / litro', '2023-08-07', '09167931000153', (SELECT ID_Combustivel FROM COMBUSTIVEL WHERE Nome = 'ETANOL'));
INSERT INTO PRECO_COLETADO (Preco, UnidadeMedida, DataColeta, PostoCNPJ, CombustivelID) VALUES (4.190, 'R$ / litro', '2023-10-31', '09167931000153', (SELECT ID_Combustivel FROM COMBUSTIVEL WHERE Nome = 'ETANOL'));
INSERT INTO PRECO_COLETADO (Preco, UnidadeMedida, DataColeta, PostoCNPJ, CombustivelID) VALUES (4.190, 'R$ / litro', '2023-12-20', '09167931000153', (SELECT ID_Combustivel FROM COMBUSTIVEL WHERE Nome = 'ETANOL'));
INSERT INTO PRECO_COLETADO (Preco, UnidadeMedida, DataColeta, PostoCNPJ, CombustivelID) VALUES (4.190, 'R$ / litro', '2024-01-03', '09167931000153', (SELECT ID_Combustivel FROM COMBUSTIVEL WHERE Nome = 'ETANOL'));
INSERT INTO PRECO_COLETADO (Preco, UnidadeMedida, DataColeta, PostoCNPJ, CombustivelID) VALUES (4.190, 'R$ / litro', '2024-01-15', '09167931000153', (SELECT ID_Combustivel FROM COMBUSTIVEL WHERE Nome = 'ETANOL'));
INSERT INTO PRECO_COLETADO (Preco, UnidadeMedida, DataColeta, PostoCNPJ, CombustivelID) VALUES (4.190, 'R$ / litro', '2024-01-22', '09167931000153', (SELECT ID_Combustivel FROM COMBUSTIVEL WHERE Nome = 'ETANOL'));
INSERT INTO PRECO_COLETADO (Preco, UnidadeMedida, DataColeta, PostoCNPJ, CombustivelID) VALUES (4.190, 'R$ / litro', '2024-02-05', '09167931000153', (SELECT ID_Combustivel FROM COMBUSTIVEL WHERE Nome = 'ETANOL'));
INSERT INTO PRECO_COLETADO (Preco, UnidadeMedida, DataColeta, PostoCNPJ, CombustivelID) VALUES (3.990, 'R$ / litro', '2024-03-18', '09167931000153', (SELECT ID_Combustivel FROM COMBUSTIVEL WHERE Nome = 'ETANOL'));
INSERT INTO PRECO_COLETADO (Preco, UnidadeMedida, DataColeta, PostoCNPJ, CombustivelID) VALUES (3.890, 'R$ / litro', '2024-04-08', '09167931000153', (SELECT ID_Combustivel FROM COMBUSTIVEL WHERE Nome = 'ETANOL'));
INSERT INTO PRECO_COLETADO (Preco, UnidadeMedida, DataColeta, PostoCNPJ, CombustivelID) VALUES (4.090, 'R$ / litro', '2024-04-15', '09167931000153', (SELECT ID_Combustivel FROM COMBUSTIVEL WHERE Nome = 'ETANOL'));
INSERT INTO PRECO_COLETADO (Preco, UnidadeMedida, DataColeta, PostoCNPJ, CombustivelID) VALUES (4.290, 'R$ / litro', '2024-04-22', '09167931000153', (SELECT ID_Combustivel FROM COMBUSTIVEL WHERE Nome = 'ETANOL'));
INSERT INTO PRECO_COLETADO (Preco, UnidadeMedida, DataColeta, PostoCNPJ, CombustivelID) VALUES (4.290, 'R$ / litro', '2024-05-14', '09167931000153', (SELECT ID_Combustivel FROM COMBUSTIVEL WHERE Nome = 'ETANOL'));
INSERT INTO PRECO_COLETADO (Preco, UnidadeMedida, DataColeta, PostoCNPJ, CombustivelID) VALUES (4.290, 'R$ / litro', '2024-06-03', '09167931000153', (SELECT ID_Combustivel FROM COMBUSTIVEL WHERE Nome = 'ETANOL'));
INSERT INTO PRECO_COLETADO (Preco, UnidadeMedida, DataColeta, PostoCNPJ, CombustivelID) VALUES (4.290, 'R$ / litro', '2024-06-10', '09167931000153', (SELECT ID_Combustivel FROM COMBUSTIVEL WHERE Nome = 'ETANOL'));
INSERT INTO PRECO_COLETADO (Preco, UnidadeMedida, DataColeta, PostoCNPJ, CombustivelID) VALUES (4.390, 'R$ / litro', '2024-07-29', '09167931000153', (SELECT ID_Combustivel FROM COMBUSTIVEL WHERE Nome = 'ETANOL'));
INSERT INTO PRECO_COLETADO (Preco, UnidadeMedida, DataColeta, PostoCNPJ, CombustivelID) VALUES (4.390, 'R$ / litro', '2024-08-05', '09167931000153', (SELECT ID_Combustivel FROM COMBUSTIVEL WHERE Nome = 'ETANOL'));
INSERT INTO PRECO_COLETADO (Preco, UnidadeMedida, DataColeta, PostoCNPJ, CombustivelID) VALUES (4.100, 'R$ / litro', '2024-08-12', '09167931000153', (SELECT ID_Combustivel FROM COMBUSTIVEL WHERE Nome = 'ETANOL'));
INSERT INTO POSTO (CNPJ, RazaoSocial, NomeFantasia, Bandeira, Logradouro, Numero, Bairro, Cidade, Estado, CEP) VALUES ('10569345000114', 'POSTO CRISTOVAO COLOMBO LTDA', 'POSTO CRISTOVAO COLOMBO LTDA', 'VIBRA', 'RUA CRISTOVAO COLOMBO', '582', 'CRISTOVAO COLOMBO', 'VILA VELHA', 'ESPIRITO SANTO', '29106595');
INSERT INTO PRECO_COLETADO (Preco, UnidadeMedida, DataColeta, PostoCNPJ, CombustivelID) VALUES (5.660, 'R$ / litro', '2022-08-02', '10569345000114', (SELECT ID_Combustivel FROM COMBUSTIVEL WHERE Nome = 'GASOLINA COMUM'));
INSERT INTO PRECO_COLETADO (Preco, UnidadeMedida, DataColeta, PostoCNPJ, CombustivelID) VALUES (5.580, 'R$ / litro', '2022-08-08', '10569345000114', (SELECT ID_Combustivel FROM COMBUSTIVEL WHERE Nome = 'GASOLINA COMUM'));
INSERT INTO PRECO_COLETADO (Preco, UnidadeMedida, DataColeta, PostoCNPJ, CombustivelID) VALUES (5.560, 'R$ / litro', '2022-08-15', '10569345000114', (SELECT ID_Combustivel FROM COMBUSTIVEL WHERE Nome = 'GASOLINA COMUM'));
INSERT INTO PRECO_COLETADO (Preco, UnidadeMedida, DataColeta, PostoCNPJ, CombustivelID) VALUES (5.390, 'R$ / litro', '2022-08-23', '10569345000114', (SELECT ID_Combustivel FROM COMBUSTIVEL WHERE Nome = 'GASOLINA COMUM'));
INSERT INTO PRECO_COLETADO (Preco, UnidadeMedida, DataColeta, PostoCNPJ, CombustivelID) VALUES (5.150, 'R$ / litro', '2022-09-05', '10569345000114', (SELECT ID_Combustivel FROM COMBUSTIVEL WHERE Nome = 'GASOLINA COMUM'));
INSERT INTO PRECO_COLETADO (Preco, UnidadeMedida, DataColeta, PostoCNPJ, CombustivelID) VALUES (5.090, 'R$ / litro', '2022-09-13', '10569345000114', (SELECT ID_Combustivel FROM COMBUSTIVEL WHERE Nome = 'GASOLINA COMUM'));
INSERT INTO PRECO_COLETADO (Preco, UnidadeMedida, DataColeta, PostoCNPJ, CombustivelID) VALUES (4.880, 'R$ / litro', '2023-01-09', '10569345000114', (SELECT ID_Combustivel FROM COMBUSTIVEL WHERE Nome = 'GASOLINA COMUM'));
INSERT INTO PRECO_COLETADO (Preco, UnidadeMedida, DataColeta, PostoCNPJ, CombustivelID) VALUES (5.590, 'R$ / litro', '2023-12-18', '10569345000114', (SELECT ID_Combustivel FROM COMBUSTIVEL WHERE Nome = 'GASOLINA COMUM'));
INSERT INTO PRECO_COLETADO (Preco, UnidadeMedida, DataColeta, PostoCNPJ, CombustivelID) VALUES (5.390, 'R$ / litro', '2023-12-26', '10569345000114', (SELECT ID_Combustivel FROM COMBUSTIVEL WHERE Nome = 'GASOLINA COMUM'));
INSERT INTO PRECO_COLETADO (Preco, UnidadeMedida, DataColeta, PostoCNPJ, CombustivelID) VALUES (5.690, 'R$ / litro', '2024-04-08', '10569345000114', (SELECT ID_Combustivel FROM COMBUSTIVEL WHERE Nome = 'GASOLINA COMUM'));
INSERT INTO PRECO_COLETADO (Preco, UnidadeMedida, DataColeta, PostoCNPJ, CombustivelID) VALUES (5.890, 'R$ / litro', '2024-04-22', '10569345000114', (SELECT ID_Combustivel FROM COMBUSTIVEL WHERE Nome = 'GASOLINA COMUM'));
INSERT INTO PRECO_COLETADO (Preco, UnidadeMedida, DataColeta, PostoCNPJ, CombustivelID) VALUES (5.890, 'R$ / litro', '2024-05-14', '10569345000114', (SELECT ID_Combustivel FROM COMBUSTIVEL WHERE Nome = 'GASOLINA COMUM'));
INSERT INTO PRECO_COLETADO (Preco, UnidadeMedida, DataColeta, PostoCNPJ, CombustivelID) VALUES (5.790, 'R$ / litro', '2024-06-04', '10569345000114', (SELECT ID_Combustivel FROM COMBUSTIVEL WHERE Nome = 'GASOLINA COMUM'));
INSERT INTO PRECO_COLETADO (Preco, UnidadeMedida, DataColeta, PostoCNPJ, CombustivelID) VALUES (5.760, 'R$ / litro', '2022-08-02', '10569345000114', (SELECT ID_Combustivel FROM COMBUSTIVEL WHERE Nome = 'GASOLINA ADITIVADA'));
INSERT INTO PRECO_COLETADO (Preco, UnidadeMedida, DataColeta, PostoCNPJ, CombustivelID) VALUES (5.680, 'R$ / litro', '2022-08-08', '10569345000114', (SELECT ID_Combustivel FROM COMBUSTIVEL WHERE Nome = 'GASOLINA ADITIVADA'));
INSERT INTO PRECO_COLETADO (Preco, UnidadeMedida, DataColeta, PostoCNPJ, CombustivelID) VALUES (5.660, 'R$ / litro', '2022-08-15', '10569345000114', (SELECT ID_Combustivel FROM COMBUSTIVEL WHERE Nome = 'GASOLINA ADITIVADA'));
INSERT INTO PRECO_COLETADO (Preco, UnidadeMedida, DataColeta, PostoCNPJ, CombustivelID) VALUES (5.490, 'R$ / litro', '2022-08-23', '10569345000114', (SELECT ID_Combustivel FROM COMBUSTIVEL WHERE Nome = 'GASOLINA ADITIVADA'));
INSERT INTO PRECO_COLETADO (Preco, UnidadeMedida, DataColeta, PostoCNPJ, CombustivelID) VALUES (5.250, 'R$ / litro', '2022-09-05', '10569345000114', (SELECT ID_Combustivel FROM COMBUSTIVEL WHERE Nome = 'GASOLINA ADITIVADA'));
INSERT INTO PRECO_COLETADO (Preco, UnidadeMedida, DataColeta, PostoCNPJ, CombustivelID) VALUES (5.190, 'R$ / litro', '2022-09-13', '10569345000114', (SELECT ID_Combustivel FROM COMBUSTIVEL WHERE Nome = 'GASOLINA ADITIVADA'));
INSERT INTO PRECO_COLETADO (Preco, UnidadeMedida, DataColeta, PostoCNPJ, CombustivelID) VALUES (5.090, 'R$ / litro', '2023-01-09', '10569345000114', (SELECT ID_Combustivel FROM COMBUSTIVEL WHERE Nome = 'GASOLINA ADITIVADA'));
INSERT INTO PRECO_COLETADO (Preco, UnidadeMedida, DataColeta, PostoCNPJ, CombustivelID) VALUES (5.790, 'R$ / litro', '2023-12-18', '10569345000114', (SELECT ID_Combustivel FROM COMBUSTIVEL WHERE Nome = 'GASOLINA ADITIVADA'));
INSERT INTO PRECO_COLETADO (Preco, UnidadeMedida, DataColeta, PostoCNPJ, CombustivelID) VALUES (5.790, 'R$ / litro', '2023-12-26', '10569345000114', (SELECT ID_Combustivel FROM COMBUSTIVEL WHERE Nome = 'GASOLINA ADITIVADA'));
INSERT INTO PRECO_COLETADO (Preco, UnidadeMedida, DataColeta, PostoCNPJ, CombustivelID) VALUES (5.890, 'R$ / litro', '2024-04-08', '10569345000114', (SELECT ID_Combustivel FROM COMBUSTIVEL WHERE Nome = 'GASOLINA ADITIVADA'));
INSERT INTO PRECO_COLETADO (Preco, UnidadeMedida, DataColeta, PostoCNPJ, CombustivelID) VALUES (6.090, 'R$ / litro', '2024-04-22', '10569345000114', (SELECT ID_Combustivel FROM COMBUSTIVEL WHERE Nome = 'GASOLINA ADITIVADA'));
INSERT INTO PRECO_COLETADO (Preco, UnidadeMedida, DataColeta, PostoCNPJ, CombustivelID) VALUES (6.090, 'R$ / litro', '2024-05-14', '10569345000114', (SELECT ID_Combustivel FROM COMBUSTIVEL WHERE Nome = 'GASOLINA ADITIVADA'));
INSERT INTO PRECO_COLETADO (Preco, UnidadeMedida, DataColeta, PostoCNPJ, CombustivelID) VALUES (5.990, 'R$ / litro', '2024-06-04', '10569345000114', (SELECT ID_Combustivel FROM COMBUSTIVEL WHERE Nome = 'GASOLINA ADITIVADA'));
INSERT INTO PRECO_COLETADO (Preco, UnidadeMedida, DataColeta, PostoCNPJ, CombustivelID) VALUES (7.290, 'R$ / litro', '2022-08-02', '10569345000114', (SELECT ID_Combustivel FROM COMBUSTIVEL WHERE Nome = 'DIESEL S10'));
INSERT INTO PRECO_COLETADO (Preco, UnidadeMedida, DataColeta, PostoCNPJ, CombustivelID) VALUES (7.290, 'R$ / litro', '2022-08-08', '10569345000114', (SELECT ID_Combustivel FROM COMBUSTIVEL WHERE Nome = 'DIESEL S10'));
INSERT INTO PRECO_COLETADO (Preco, UnidadeMedida, DataColeta, PostoCNPJ, CombustivelID) VALUES (7.290, 'R$ / litro', '2022-08-15', '10569345000114', (SELECT ID_Combustivel FROM COMBUSTIVEL WHERE Nome = 'DIESEL S10'));
INSERT INTO PRECO_COLETADO (Preco, UnidadeMedida, DataColeta, PostoCNPJ, CombustivelID) VALUES (6.990, 'R$ / litro', '2022-08-23', '10569345000114', (SELECT ID_Combustivel FROM COMBUSTIVEL WHERE Nome = 'DIESEL S10'));
INSERT INTO PRECO_COLETADO (Preco, UnidadeMedida, DataColeta, PostoCNPJ, CombustivelID) VALUES (6.790, 'R$ / litro', '2022-09-05', '10569345000114', (SELECT ID_Combustivel FROM COMBUSTIVEL WHERE Nome = 'DIESEL S10'));
INSERT INTO PRECO_COLETADO (Preco, UnidadeMedida, DataColeta, PostoCNPJ, CombustivelID) VALUES (6.790, 'R$ / litro', '2022-09-13', '10569345000114', (SELECT ID_Combustivel FROM COMBUSTIVEL WHERE Nome = 'DIESEL S10'));
INSERT INTO PRECO_COLETADO (Preco, UnidadeMedida, DataColeta, PostoCNPJ, CombustivelID) VALUES (6.190, 'R$ / litro', '2023-01-09', '10569345000114', (SELECT ID_Combustivel FROM COMBUSTIVEL WHERE Nome = 'DIESEL S10'));
INSERT INTO PRECO_COLETADO (Preco, UnidadeMedida, DataColeta, PostoCNPJ, CombustivelID) VALUES (6.090, 'R$ / litro', '2023-12-18', '10569345000114', (SELECT ID_Combustivel FROM COMBUSTIVEL WHERE Nome = 'DIESEL S10'));
INSERT INTO PRECO_COLETADO (Preco, UnidadeMedida, DataColeta, PostoCNPJ, CombustivelID) VALUES (5.990, 'R$ / litro', '2023-12-26', '10569345000114', (SELECT ID_Combustivel FROM COMBUSTIVEL WHERE Nome = 'DIESEL S10'));
INSERT INTO PRECO_COLETADO (Preco, UnidadeMedida, DataColeta, PostoCNPJ, CombustivelID) VALUES (5.890, 'R$ / litro', '2024-04-08', '10569345000114', (SELECT ID_Combustivel FROM COMBUSTIVEL WHERE Nome = 'DIESEL S10'));
INSERT INTO PRECO_COLETADO (Preco, UnidadeMedida, DataColeta, PostoCNPJ, CombustivelID) VALUES (5.990, 'R$ / litro', '2024-04-22', '10569345000114', (SELECT ID_Combustivel FROM COMBUSTIVEL WHERE Nome = 'DIESEL S10'));
INSERT INTO PRECO_COLETADO (Preco, UnidadeMedida, DataColeta, PostoCNPJ, CombustivelID) VALUES (5.990, 'R$ / litro', '2024-05-14', '10569345000114', (SELECT ID_Combustivel FROM COMBUSTIVEL WHERE Nome = 'DIESEL S10'));
INSERT INTO PRECO_COLETADO (Preco, UnidadeMedida, DataColeta, PostoCNPJ, CombustivelID) VALUES (5.990, 'R$ / litro', '2024-06-04', '10569345000114', (SELECT ID_Combustivel FROM COMBUSTIVEL WHERE Nome = 'DIESEL S10'));
INSERT INTO PRECO_COLETADO (Preco, UnidadeMedida, DataColeta, PostoCNPJ, CombustivelID) VALUES (4.690, 'R$ / litro', '2022-08-02', '10569345000114', (SELECT ID_Combustivel FROM COMBUSTIVEL WHERE Nome = 'ETANOL'));
INSERT INTO PRECO_COLETADO (Preco, UnidadeMedida, DataColeta, PostoCNPJ, CombustivelID) VALUES (4.690, 'R$ / litro', '2022-08-08', '10569345000114', (SELECT ID_Combustivel FROM COMBUSTIVEL WHERE Nome = 'ETANOL'));
INSERT INTO PRECO_COLETADO (Preco, UnidadeMedida, DataColeta, PostoCNPJ, CombustivelID) VALUES (4.690, 'R$ / litro', '2022-08-15', '10569345000114', (SELECT ID_Combustivel FROM COMBUSTIVEL WHERE Nome = 'ETANOL'));
INSERT INTO PRECO_COLETADO (Preco, UnidadeMedida, DataColeta, PostoCNPJ, CombustivelID) VALUES (4.380, 'R$ / litro', '2022-08-23', '10569345000114', (SELECT ID_Combustivel FROM COMBUSTIVEL WHERE Nome = 'ETANOL'));
INSERT INTO PRECO_COLETADO (Preco, UnidadeMedida, DataColeta, PostoCNPJ, CombustivelID) VALUES (4.190, 'R$ / litro', '2022-09-05', '10569345000114', (SELECT ID_Combustivel FROM COMBUSTIVEL WHERE Nome = 'ETANOL'));
INSERT INTO PRECO_COLETADO (Preco, UnidadeMedida, DataColeta, PostoCNPJ, CombustivelID) VALUES (4.190, 'R$ / litro', '2022-09-13', '10569345000114', (SELECT ID_Combustivel FROM COMBUSTIVEL WHERE Nome = 'ETANOL'));
INSERT INTO PRECO_COLETADO (Preco, UnidadeMedida, DataColeta, PostoCNPJ, CombustivelID) VALUES (4.490, 'R$ / litro', '2023-01-09', '10569345000114', (SELECT ID_Combustivel FROM COMBUSTIVEL WHERE Nome = 'ETANOL'));
INSERT INTO PRECO_COLETADO (Preco, UnidadeMedida, DataColeta, PostoCNPJ, CombustivelID) VALUES (3.990, 'R$ / litro', '2023-12-18', '10569345000114', (SELECT ID_Combustivel FROM COMBUSTIVEL WHERE Nome = 'ETANOL'));
INSERT INTO PRECO_COLETADO (Preco, UnidadeMedida, DataColeta, PostoCNPJ, CombustivelID) VALUES (3.990, 'R$ / litro', '2023-12-26', '10569345000114', (SELECT ID_Combustivel FROM COMBUSTIVEL WHERE Nome = 'ETANOL'));
INSERT INTO PRECO_COLETADO (Preco, UnidadeMedida, DataColeta, PostoCNPJ, CombustivelID) VALUES (3.990, 'R$ / litro', '2024-04-08', '10569345000114', (SELECT ID_Combustivel FROM COMBUSTIVEL WHERE Nome = 'ETANOL'));
INSERT INTO PRECO_COLETADO (Preco, UnidadeMedida, DataColeta, PostoCNPJ, CombustivelID) VALUES (4.290, 'R$ / litro', '2024-04-22', '10569345000114', (SELECT ID_Combustivel FROM COMBUSTIVEL WHERE Nome = 'ETANOL'));
INSERT INTO PRECO_COLETADO (Preco, UnidadeMedida, DataColeta, PostoCNPJ, CombustivelID) VALUES (4.090, 'R$ / litro', '2024-05-14', '10569345000114', (SELECT ID_Combustivel FROM COMBUSTIVEL WHERE Nome = 'ETANOL'));
INSERT INTO PRECO_COLETADO (Preco, UnidadeMedida, DataColeta, PostoCNPJ, CombustivelID) VALUES (4.090, 'R$ / litro', '2024-06-04', '10569345000114', (SELECT ID_Combustivel FROM COMBUSTIVEL WHERE Nome = 'ETANOL'));
INSERT INTO POSTO (CNPJ, RazaoSocial, NomeFantasia, Bandeira, Logradouro, Numero, Bairro, Cidade, Estado, CEP) VALUES ('36354546000198', 'POSTO MAIS COMERCIO E REPRESENTACOES EIRELI', 'POSTO UNIVERSAL', 'BRANCA', 'AVENIDA CARLOS LINDENBERG', '4040', 'ALECRIM', 'VILA VELHA', 'ESPIRITO SANTO', '29118200');
INSERT INTO PRECO_COLETADO (Preco, UnidadeMedida, DataColeta, PostoCNPJ, CombustivelID) VALUES (7.240, 'R$ / litro', '2022-08-03', '36354546000198', (SELECT ID_Combustivel FROM COMBUSTIVEL WHERE Nome = 'DIESEL S10'));
INSERT INTO PRECO_COLETADO (Preco, UnidadeMedida, DataColeta, PostoCNPJ, CombustivelID) VALUES (7.190, 'R$ / litro', '2022-08-08', '36354546000198', (SELECT ID_Combustivel FROM COMBUSTIVEL WHERE Nome = 'DIESEL S10'));
INSERT INTO PRECO_COLETADO (Preco, UnidadeMedida, DataColeta, PostoCNPJ, CombustivelID) VALUES (6.890, 'R$ / litro', '2022-08-15', '36354546000198', (SELECT ID_Combustivel FROM COMBUSTIVEL WHERE Nome = 'DIESEL S10'));
INSERT INTO PRECO_COLETADO (Preco, UnidadeMedida, DataColeta, PostoCNPJ, CombustivelID) VALUES (6.740, 'R$ / litro', '2022-08-24', '36354546000198', (SELECT ID_Combustivel FROM COMBUSTIVEL WHERE Nome = 'DIESEL S10'));
INSERT INTO PRECO_COLETADO (Preco, UnidadeMedida, DataColeta, PostoCNPJ, CombustivelID) VALUES (6.590, 'R$ / litro', '2022-09-01', '36354546000198', (SELECT ID_Combustivel FROM COMBUSTIVEL WHERE Nome = 'DIESEL S10'));
INSERT INTO PRECO_COLETADO (Preco, UnidadeMedida, DataColeta, PostoCNPJ, CombustivelID) VALUES (6.690, 'R$ / litro', '2022-09-08', '36354546000198', (SELECT ID_Combustivel FROM COMBUSTIVEL WHERE Nome = 'DIESEL S10'));
INSERT INTO PRECO_COLETADO (Preco, UnidadeMedida, DataColeta, PostoCNPJ, CombustivelID) VALUES (6.690, 'R$ / litro', '2022-09-12', '36354546000198', (SELECT ID_Combustivel FROM COMBUSTIVEL WHERE Nome = 'DIESEL S10'));
INSERT INTO PRECO_COLETADO (Preco, UnidadeMedida, DataColeta, PostoCNPJ, CombustivelID) VALUES (5.510, 'R$ / litro', '2022-08-03', '36354546000198', (SELECT ID_Combustivel FROM COMBUSTIVEL WHERE Nome = 'GASOLINA COMUM'));
INSERT INTO PRECO_COLETADO (Preco, UnidadeMedida, DataColeta, PostoCNPJ, CombustivelID) VALUES (5.490, 'R$ / litro', '2022-08-08', '36354546000198', (SELECT ID_Combustivel FROM COMBUSTIVEL WHERE Nome = 'GASOLINA COMUM'));
INSERT INTO PRECO_COLETADO (Preco, UnidadeMedida, DataColeta, PostoCNPJ, CombustivelID) VALUES (5.470, 'R$ / litro', '2022-08-15', '36354546000198', (SELECT ID_Combustivel FROM COMBUSTIVEL WHERE Nome = 'GASOLINA COMUM'));
INSERT INTO PRECO_COLETADO (Preco, UnidadeMedida, DataColeta, PostoCNPJ, CombustivelID) VALUES (5.290, 'R$ / litro', '2022-08-24', '36354546000198', (SELECT ID_Combustivel FROM COMBUSTIVEL WHERE Nome = 'GASOLINA COMUM'));
INSERT INTO PRECO_COLETADO (Preco, UnidadeMedida, DataColeta, PostoCNPJ, CombustivelID) VALUES (5.190, 'R$ / litro', '2022-09-01', '36354546000198', (SELECT ID_Combustivel FROM COMBUSTIVEL WHERE Nome = 'GASOLINA COMUM'));
INSERT INTO PRECO_COLETADO (Preco, UnidadeMedida, DataColeta, PostoCNPJ, CombustivelID) VALUES (4.990, 'R$ / litro', '2022-09-08', '36354546000198', (SELECT ID_Combustivel FROM COMBUSTIVEL WHERE Nome = 'GASOLINA COMUM'));
INSERT INTO PRECO_COLETADO (Preco, UnidadeMedida, DataColeta, PostoCNPJ, CombustivelID) VALUES (4.990, 'R$ / litro', '2022-09-12', '36354546000198', (SELECT ID_Combustivel FROM COMBUSTIVEL WHERE Nome = 'GASOLINA COMUM'));
INSERT INTO PRECO_COLETADO (Preco, UnidadeMedida, DataColeta, PostoCNPJ, CombustivelID) VALUES (7.090, 'R$ / litro', '2022-08-03', '36354546000198', (SELECT ID_Combustivel FROM COMBUSTIVEL WHERE Nome = 'DIESEL S500'));
INSERT INTO PRECO_COLETADO (Preco, UnidadeMedida, DataColeta, PostoCNPJ, CombustivelID) VALUES (7.090, 'R$ / litro', '2022-08-08', '36354546000198', (SELECT ID_Combustivel FROM COMBUSTIVEL WHERE Nome = 'DIESEL S500'));
INSERT INTO PRECO_COLETADO (Preco, UnidadeMedida, DataColeta, PostoCNPJ, CombustivelID) VALUES (6.790, 'R$ / litro', '2022-08-15', '36354546000198', (SELECT ID_Combustivel FROM COMBUSTIVEL WHERE Nome = 'DIESEL S500'));
INSERT INTO PRECO_COLETADO (Preco, UnidadeMedida, DataColeta, PostoCNPJ, CombustivelID) VALUES (6.690, 'R$ / litro', '2022-08-24', '36354546000198', (SELECT ID_Combustivel FROM COMBUSTIVEL WHERE Nome = 'DIESEL S500'));
INSERT INTO PRECO_COLETADO (Preco, UnidadeMedida, DataColeta, PostoCNPJ, CombustivelID) VALUES (6.490, 'R$ / litro', '2022-09-01', '36354546000198', (SELECT ID_Combustivel FROM COMBUSTIVEL WHERE Nome = 'DIESEL S500'));
INSERT INTO PRECO_COLETADO (Preco, UnidadeMedida, DataColeta, PostoCNPJ, CombustivelID) VALUES (6.590, 'R$ / litro', '2022-09-08', '36354546000198', (SELECT ID_Combustivel FROM COMBUSTIVEL WHERE Nome = 'DIESEL S500'));
INSERT INTO PRECO_COLETADO (Preco, UnidadeMedida, DataColeta, PostoCNPJ, CombustivelID) VALUES (6.590, 'R$ / litro', '2022-09-12', '36354546000198', (SELECT ID_Combustivel FROM COMBUSTIVEL WHERE Nome = 'DIESEL S500'));
INSERT INTO PRECO_COLETADO (Preco, UnidadeMedida, DataColeta, PostoCNPJ, CombustivelID) VALUES (4.590, 'R$ / litro', '2022-08-03', '36354546000198', (SELECT ID_Combustivel FROM COMBUSTIVEL WHERE Nome = 'ETANOL'));
INSERT INTO PRECO_COLETADO (Preco, UnidadeMedida, DataColeta, PostoCNPJ, CombustivelID) VALUES (4.590, 'R$ / litro', '2022-08-08', '36354546000198', (SELECT ID_Combustivel FROM COMBUSTIVEL WHERE Nome = 'ETANOL'));
INSERT INTO PRECO_COLETADO (Preco, UnidadeMedida, DataColeta, PostoCNPJ, CombustivelID) VALUES (4.380, 'R$ / litro', '2022-08-15', '36354546000198', (SELECT ID_Combustivel FROM COMBUSTIVEL WHERE Nome = 'ETANOL'));
INSERT INTO PRECO_COLETADO (Preco, UnidadeMedida, DataColeta, PostoCNPJ, CombustivelID) VALUES (4.290, 'R$ / litro', '2022-08-24', '36354546000198', (SELECT ID_Combustivel FROM COMBUSTIVEL WHERE Nome = 'ETANOL'));
INSERT INTO PRECO_COLETADO (Preco, UnidadeMedida, DataColeta, PostoCNPJ, CombustivelID) VALUES (3.990, 'R$ / litro', '2022-09-01', '36354546000198', (SELECT ID_Combustivel FROM COMBUSTIVEL WHERE Nome = 'ETANOL'));
INSERT INTO PRECO_COLETADO (Preco, UnidadeMedida, DataColeta, PostoCNPJ, CombustivelID) VALUES (3.990, 'R$ / litro', '2022-09-08', '36354546000198', (SELECT ID_Combustivel FROM COMBUSTIVEL WHERE Nome = 'ETANOL'));
INSERT INTO PRECO_COLETADO (Preco, UnidadeMedida, DataColeta, PostoCNPJ, CombustivelID) VALUES (3.990, 'R$ / litro', '2022-09-12', '36354546000198', (SELECT ID_Combustivel FROM COMBUSTIVEL WHERE Nome = 'ETANOL'));
INSERT INTO PRECO_COLETADO (Preco, UnidadeMedida, DataColeta, PostoCNPJ, CombustivelID) VALUES (5.660, 'R$ / litro', '2022-08-03', '36354546000198', (SELECT ID_Combustivel FROM COMBUSTIVEL WHERE Nome = 'GASOLINA ADITIVADA'));
INSERT INTO PRECO_COLETADO (Preco, UnidadeMedida, DataColeta, PostoCNPJ, CombustivelID) VALUES (5.640, 'R$ / litro', '2022-08-08', '36354546000198', (SELECT ID_Combustivel FROM COMBUSTIVEL WHERE Nome = 'GASOLINA ADITIVADA'));
INSERT INTO PRECO_COLETADO (Preco, UnidadeMedida, DataColeta, PostoCNPJ, CombustivelID) VALUES (5.620, 'R$ / litro', '2022-08-15', '36354546000198', (SELECT ID_Combustivel FROM COMBUSTIVEL WHERE Nome = 'GASOLINA ADITIVADA'));
INSERT INTO PRECO_COLETADO (Preco, UnidadeMedida, DataColeta, PostoCNPJ, CombustivelID) VALUES (5.440, 'R$ / litro', '2022-08-24', '36354546000198', (SELECT ID_Combustivel FROM COMBUSTIVEL WHERE Nome = 'GASOLINA ADITIVADA'));
INSERT INTO PRECO_COLETADO (Preco, UnidadeMedida, DataColeta, PostoCNPJ, CombustivelID) VALUES (5.340, 'R$ / litro', '2022-09-01', '36354546000198', (SELECT ID_Combustivel FROM COMBUSTIVEL WHERE Nome = 'GASOLINA ADITIVADA'));
INSERT INTO PRECO_COLETADO (Preco, UnidadeMedida, DataColeta, PostoCNPJ, CombustivelID) VALUES (5.140, 'R$ / litro', '2022-09-08', '36354546000198', (SELECT ID_Combustivel FROM COMBUSTIVEL WHERE Nome = 'GASOLINA ADITIVADA'));
INSERT INTO PRECO_COLETADO (Preco, UnidadeMedida, DataColeta, PostoCNPJ, CombustivelID) VALUES (5.140, 'R$ / litro', '2022-09-12', '36354546000198', (SELECT ID_Combustivel FROM COMBUSTIVEL WHERE Nome = 'GASOLINA ADITIVADA'));
INSERT INTO POSTO (CNPJ, RazaoSocial, NomeFantasia, Bandeira, Logradouro, Numero, Bairro, Cidade, Estado, CEP) VALUES ('36336386000154', 'POSTO TRES COQUEIROS LTDA', 'POSTO TRES COQUEIROS', 'IPIRANGA', 'RODOVIA CARLOS LINDEMBERG', 'SN', 'ALVORADA', 'VILA VELHA', 'ESPIRITO SANTO', '29123600');
INSERT INTO PRECO_COLETADO (Preco, UnidadeMedida, DataColeta, PostoCNPJ, CombustivelID) VALUES (7.190, 'R$ / litro', '2022-08-03', '36336386000154', (SELECT ID_Combustivel FROM COMBUSTIVEL WHERE Nome = 'DIESEL S10'));
INSERT INTO PRECO_COLETADO (Preco, UnidadeMedida, DataColeta, PostoCNPJ, CombustivelID) VALUES (6.990, 'R$ / litro', '2022-08-08', '36336386000154', (SELECT ID_Combustivel FROM COMBUSTIVEL WHERE Nome = 'DIESEL S10'));
INSERT INTO PRECO_COLETADO (Preco, UnidadeMedida, DataColeta, PostoCNPJ, CombustivelID) VALUES (6.990, 'R$ / litro', '2022-08-15', '36336386000154', (SELECT ID_Combustivel FROM COMBUSTIVEL WHERE Nome = 'DIESEL S10'));
INSERT INTO PRECO_COLETADO (Preco, UnidadeMedida, DataColeta, PostoCNPJ, CombustivelID) VALUES (6.690, 'R$ / litro', '2022-08-24', '36336386000154', (SELECT ID_Combustivel FROM COMBUSTIVEL WHERE Nome = 'DIESEL S10'));
INSERT INTO PRECO_COLETADO (Preco, UnidadeMedida, DataColeta, PostoCNPJ, CombustivelID) VALUES (6.590, 'R$ / litro', '2022-08-29', '36336386000154', (SELECT ID_Combustivel FROM COMBUSTIVEL WHERE Nome = 'DIESEL S10'));
INSERT INTO PRECO_COLETADO (Preco, UnidadeMedida, DataColeta, PostoCNPJ, CombustivelID) VALUES (6.590, 'R$ / litro', '2022-09-08', '36336386000154', (SELECT ID_Combustivel FROM COMBUSTIVEL WHERE Nome = 'DIESEL S10'));
INSERT INTO PRECO_COLETADO (Preco, UnidadeMedida, DataColeta, PostoCNPJ, CombustivelID) VALUES (6.590, 'R$ / litro', '2022-09-12', '36336386000154', (SELECT ID_Combustivel FROM COMBUSTIVEL WHERE Nome = 'DIESEL S10'));
INSERT INTO PRECO_COLETADO (Preco, UnidadeMedida, DataColeta, PostoCNPJ, CombustivelID) VALUES (5.560, 'R$ / litro', '2022-08-03', '36336386000154', (SELECT ID_Combustivel FROM COMBUSTIVEL WHERE Nome = 'GASOLINA COMUM'));
INSERT INTO PRECO_COLETADO (Preco, UnidadeMedida, DataColeta, PostoCNPJ, CombustivelID) VALUES (5.480, 'R$ / litro', '2022-08-08', '36336386000154', (SELECT ID_Combustivel FROM COMBUSTIVEL WHERE Nome = 'GASOLINA COMUM'));
INSERT INTO PRECO_COLETADO (Preco, UnidadeMedida, DataColeta, PostoCNPJ, CombustivelID) VALUES (5.390, 'R$ / litro', '2022-08-15', '36336386000154', (SELECT ID_Combustivel FROM COMBUSTIVEL WHERE Nome = 'GASOLINA COMUM'));
INSERT INTO PRECO_COLETADO (Preco, UnidadeMedida, DataColeta, PostoCNPJ, CombustivelID) VALUES (5.290, 'R$ / litro', '2022-08-24', '36336386000154', (SELECT ID_Combustivel FROM COMBUSTIVEL WHERE Nome = 'GASOLINA COMUM'));
INSERT INTO PRECO_COLETADO (Preco, UnidadeMedida, DataColeta, PostoCNPJ, CombustivelID) VALUES (5.190, 'R$ / litro', '2022-08-29', '36336386000154', (SELECT ID_Combustivel FROM COMBUSTIVEL WHERE Nome = 'GASOLINA COMUM'));
INSERT INTO PRECO_COLETADO (Preco, UnidadeMedida, DataColeta, PostoCNPJ, CombustivelID) VALUES (4.940, 'R$ / litro', '2022-09-08', '36336386000154', (SELECT ID_Combustivel FROM COMBUSTIVEL WHERE Nome = 'GASOLINA COMUM'));
INSERT INTO PRECO_COLETADO (Preco, UnidadeMedida, DataColeta, PostoCNPJ, CombustivelID) VALUES (4.940, 'R$ / litro', '2022-09-12', '36336386000154', (SELECT ID_Combustivel FROM COMBUSTIVEL WHERE Nome = 'GASOLINA COMUM'));
INSERT INTO PRECO_COLETADO (Preco, UnidadeMedida, DataColeta, PostoCNPJ, CombustivelID) VALUES (7.140, 'R$ / litro', '2022-08-03', '36336386000154', (SELECT ID_Combustivel FROM COMBUSTIVEL WHERE Nome = 'DIESEL S500'));
INSERT INTO PRECO_COLETADO (Preco, UnidadeMedida, DataColeta, PostoCNPJ, CombustivelID) VALUES (6.890, 'R$ / litro', '2022-08-08', '36336386000154', (SELECT ID_Combustivel FROM COMBUSTIVEL WHERE Nome = 'DIESEL S500'));
INSERT INTO PRECO_COLETADO (Preco, UnidadeMedida, DataColeta, PostoCNPJ, CombustivelID) VALUES (6.890, 'R$ / litro', '2022-08-15', '36336386000154', (SELECT ID_Combustivel FROM COMBUSTIVEL WHERE Nome = 'DIESEL S500'));
INSERT INTO PRECO_COLETADO (Preco, UnidadeMedida, DataColeta, PostoCNPJ, CombustivelID) VALUES (6.590, 'R$ / litro', '2022-08-24', '36336386000154', (SELECT ID_Combustivel FROM COMBUSTIVEL WHERE Nome = 'DIESEL S500'));
INSERT INTO PRECO_COLETADO (Preco, UnidadeMedida, DataColeta, PostoCNPJ, CombustivelID) VALUES (6.490, 'R$ / litro', '2022-08-29', '36336386000154', (SELECT ID_Combustivel FROM COMBUSTIVEL WHERE Nome = 'DIESEL S500'));
INSERT INTO PRECO_COLETADO (Preco, UnidadeMedida, DataColeta, PostoCNPJ, CombustivelID) VALUES (6.490, 'R$ / litro', '2022-09-08', '36336386000154', (SELECT ID_Combustivel FROM COMBUSTIVEL WHERE Nome = 'DIESEL S500'));
INSERT INTO PRECO_COLETADO (Preco, UnidadeMedida, DataColeta, PostoCNPJ, CombustivelID) VALUES (6.490, 'R$ / litro', '2022-09-12', '36336386000154', (SELECT ID_Combustivel FROM COMBUSTIVEL WHERE Nome = 'DIESEL S500'));
INSERT INTO PRECO_COLETADO (Preco, UnidadeMedida, DataColeta, PostoCNPJ, CombustivelID) VALUES (4.590, 'R$ / litro', '2022-08-03', '36336386000154', (SELECT ID_Combustivel FROM COMBUSTIVEL WHERE Nome = 'ETANOL'));
INSERT INTO PRECO_COLETADO (Preco, UnidadeMedida, DataColeta, PostoCNPJ, CombustivelID) VALUES (4.450, 'R$ / litro', '2022-08-08', '36336386000154', (SELECT ID_Combustivel FROM COMBUSTIVEL WHERE Nome = 'ETANOL'));
INSERT INTO PRECO_COLETADO (Preco, UnidadeMedida, DataColeta, PostoCNPJ, CombustivelID) VALUES (4.380, 'R$ / litro', '2022-08-15', '36336386000154', (SELECT ID_Combustivel FROM COMBUSTIVEL WHERE Nome = 'ETANOL'));
INSERT INTO PRECO_COLETADO (Preco, UnidadeMedida, DataColeta, PostoCNPJ, CombustivelID) VALUES (4.290, 'R$ / litro', '2022-08-24', '36336386000154', (SELECT ID_Combustivel FROM COMBUSTIVEL WHERE Nome = 'ETANOL'));
INSERT INTO PRECO_COLETADO (Preco, UnidadeMedida, DataColeta, PostoCNPJ, CombustivelID) VALUES (4.190, 'R$ / litro', '2022-08-29', '36336386000154', (SELECT ID_Combustivel FROM COMBUSTIVEL WHERE Nome = 'ETANOL'));
INSERT INTO PRECO_COLETADO (Preco, UnidadeMedida, DataColeta, PostoCNPJ, CombustivelID) VALUES (3.890, 'R$ / litro', '2022-09-08', '36336386000154', (SELECT ID_Combustivel FROM COMBUSTIVEL WHERE Nome = 'ETANOL'));
INSERT INTO PRECO_COLETADO (Preco, UnidadeMedida, DataColeta, PostoCNPJ, CombustivelID) VALUES (3.890, 'R$ / litro', '2022-09-12', '36336386000154', (SELECT ID_Combustivel FROM COMBUSTIVEL WHERE Nome = 'ETANOL'));
INSERT INTO PRECO_COLETADO (Preco, UnidadeMedida, DataColeta, PostoCNPJ, CombustivelID) VALUES (5.660, 'R$ / litro', '2022-08-03', '36336386000154', (SELECT ID_Combustivel FROM COMBUSTIVEL WHERE Nome = 'GASOLINA ADITIVADA'));
INSERT INTO PRECO_COLETADO (Preco, UnidadeMedida, DataColeta, PostoCNPJ, CombustivelID) VALUES (5.580, 'R$ / litro', '2022-08-08', '36336386000154', (SELECT ID_Combustivel FROM COMBUSTIVEL WHERE Nome = 'GASOLINA ADITIVADA'));
INSERT INTO PRECO_COLETADO (Preco, UnidadeMedida, DataColeta, PostoCNPJ, CombustivelID) VALUES (5.490, 'R$ / litro', '2022-08-15', '36336386000154', (SELECT ID_Combustivel FROM COMBUSTIVEL WHERE Nome = 'GASOLINA ADITIVADA'));
INSERT INTO PRECO_COLETADO (Preco, UnidadeMedida, DataColeta, PostoCNPJ, CombustivelID) VALUES (5.390, 'R$ / litro', '2022-08-24', '36336386000154', (SELECT ID_Combustivel FROM COMBUSTIVEL WHERE Nome = 'GASOLINA ADITIVADA'));
INSERT INTO PRECO_COLETADO (Preco, UnidadeMedida, DataColeta, PostoCNPJ, CombustivelID) VALUES (5.290, 'R$ / litro', '2022-08-29', '36336386000154', (SELECT ID_Combustivel FROM COMBUSTIVEL WHERE Nome = 'GASOLINA ADITIVADA'));
INSERT INTO PRECO_COLETADO (Preco, UnidadeMedida, DataColeta, PostoCNPJ, CombustivelID) VALUES (5.040, 'R$ / litro', '2022-09-08', '36336386000154', (SELECT ID_Combustivel FROM COMBUSTIVEL WHERE Nome = 'GASOLINA ADITIVADA'));
INSERT INTO PRECO_COLETADO (Preco, UnidadeMedida, DataColeta, PostoCNPJ, CombustivelID) VALUES (5.040, 'R$ / litro', '2022-09-12', '36336386000154', (SELECT ID_Combustivel FROM COMBUSTIVEL WHERE Nome = 'GASOLINA ADITIVADA'));
INSERT INTO POSTO (CNPJ, RazaoSocial, NomeFantasia, Bandeira, Logradouro, Numero, Bairro, Cidade, Estado, CEP) VALUES ('19407565000116', 'CAPIXABA COMERCIO DE PETROLEO LTDA.', 'CAPIXABA COMERCIO DE PETROLEO LTDA.', 'IPIRANGA', 'AVENIDA CARLOS LINDEMBERG', '2423', 'IBES', 'VILA VELHA', 'ESPIRITO SANTO', '29110000');
INSERT INTO PRECO_COLETADO (Preco, UnidadeMedida, DataColeta, PostoCNPJ, CombustivelID) VALUES (6.490, 'R$ / litro', '2022-08-02', '19407565000116', (SELECT ID_Combustivel FROM COMBUSTIVEL WHERE Nome = 'GASOLINA COMUM'));
INSERT INTO PRECO_COLETADO (Preco, UnidadeMedida, DataColeta, PostoCNPJ, CombustivelID) VALUES (6.490, 'R$ / litro', '2022-08-08', '19407565000116', (SELECT ID_Combustivel FROM COMBUSTIVEL WHERE Nome = 'GASOLINA COMUM'));
INSERT INTO PRECO_COLETADO (Preco, UnidadeMedida, DataColeta, PostoCNPJ, CombustivelID) VALUES (6.490, 'R$ / litro', '2022-08-15', '19407565000116', (SELECT ID_Combustivel FROM COMBUSTIVEL WHERE Nome = 'GASOLINA COMUM'));
INSERT INTO PRECO_COLETADO (Preco, UnidadeMedida, DataColeta, PostoCNPJ, CombustivelID) VALUES (5.490, 'R$ / litro', '2022-08-23', '19407565000116', (SELECT ID_Combustivel FROM COMBUSTIVEL WHERE Nome = 'GASOLINA COMUM'));
INSERT INTO PRECO_COLETADO (Preco, UnidadeMedida, DataColeta, PostoCNPJ, CombustivelID) VALUES (5.290, 'R$ / litro', '2022-09-01', '19407565000116', (SELECT ID_Combustivel FROM COMBUSTIVEL WHERE Nome = 'GASOLINA COMUM'));
INSERT INTO PRECO_COLETADO (Preco, UnidadeMedida, DataColeta, PostoCNPJ, CombustivelID) VALUES (5.290, 'R$ / litro', '2022-09-05', '19407565000116', (SELECT ID_Combustivel FROM COMBUSTIVEL WHERE Nome = 'GASOLINA COMUM'));
INSERT INTO PRECO_COLETADO (Preco, UnidadeMedida, DataColeta, PostoCNPJ, CombustivelID) VALUES (4.990, 'R$ / litro', '2022-09-13', '19407565000116', (SELECT ID_Combustivel FROM COMBUSTIVEL WHERE Nome = 'GASOLINA COMUM'));
INSERT INTO PRECO_COLETADO (Preco, UnidadeMedida, DataColeta, PostoCNPJ, CombustivelID) VALUES (5.990, 'R$ / litro', '2022-08-02', '19407565000116', (SELECT ID_Combustivel FROM COMBUSTIVEL WHERE Nome = 'ETANOL'));
INSERT INTO PRECO_COLETADO (Preco, UnidadeMedida, DataColeta, PostoCNPJ, CombustivelID) VALUES (5.990, 'R$ / litro', '2022-08-08', '19407565000116', (SELECT ID_Combustivel FROM COMBUSTIVEL WHERE Nome = 'ETANOL'));
INSERT INTO PRECO_COLETADO (Preco, UnidadeMedida, DataColeta, PostoCNPJ, CombustivelID) VALUES (5.990, 'R$ / litro', '2022-08-15', '19407565000116', (SELECT ID_Combustivel FROM COMBUSTIVEL WHERE Nome = 'ETANOL'));
INSERT INTO PRECO_COLETADO (Preco, UnidadeMedida, DataColeta, PostoCNPJ, CombustivelID) VALUES (5.990, 'R$ / litro', '2022-08-23', '19407565000116', (SELECT ID_Combustivel FROM COMBUSTIVEL WHERE Nome = 'ETANOL'));
INSERT INTO PRECO_COLETADO (Preco, UnidadeMedida, DataColeta, PostoCNPJ, CombustivelID) VALUES (5.490, 'R$ / litro', '2022-09-01', '19407565000116', (SELECT ID_Combustivel FROM COMBUSTIVEL WHERE Nome = 'ETANOL'));
INSERT INTO PRECO_COLETADO (Preco, UnidadeMedida, DataColeta, PostoCNPJ, CombustivelID) VALUES (5.490, 'R$ / litro', '2022-09-05', '19407565000116', (SELECT ID_Combustivel FROM COMBUSTIVEL WHERE Nome = 'ETANOL'));
INSERT INTO PRECO_COLETADO (Preco, UnidadeMedida, DataColeta, PostoCNPJ, CombustivelID) VALUES (5.490, 'R$ / litro', '2022-09-13', '19407565000116', (SELECT ID_Combustivel FROM COMBUSTIVEL WHERE Nome = 'ETANOL'));
INSERT INTO PRECO_COLETADO (Preco, UnidadeMedida, DataColeta, PostoCNPJ, CombustivelID) VALUES (6.990, 'R$ / litro', '2022-08-02', '19407565000116', (SELECT ID_Combustivel FROM COMBUSTIVEL WHERE Nome = 'GASOLINA ADITIVADA'));
INSERT INTO PRECO_COLETADO (Preco, UnidadeMedida, DataColeta, PostoCNPJ, CombustivelID) VALUES (6.990, 'R$ / litro', '2022-08-08', '19407565000116', (SELECT ID_Combustivel FROM COMBUSTIVEL WHERE Nome = 'GASOLINA ADITIVADA'));
INSERT INTO PRECO_COLETADO (Preco, UnidadeMedida, DataColeta, PostoCNPJ, CombustivelID) VALUES (6.990, 'R$ / litro', '2022-08-15', '19407565000116', (SELECT ID_Combustivel FROM COMBUSTIVEL WHERE Nome = 'GASOLINA ADITIVADA'));
INSERT INTO PRECO_COLETADO (Preco, UnidadeMedida, DataColeta, PostoCNPJ, CombustivelID) VALUES (6.490, 'R$ / litro', '2022-08-23', '19407565000116', (SELECT ID_Combustivel FROM COMBUSTIVEL WHERE Nome = 'GASOLINA ADITIVADA'));
INSERT INTO PRECO_COLETADO (Preco, UnidadeMedida, DataColeta, PostoCNPJ, CombustivelID) VALUES (5.990, 'R$ / litro', '2022-09-01', '19407565000116', (SELECT ID_Combustivel FROM COMBUSTIVEL WHERE Nome = 'GASOLINA ADITIVADA'));
INSERT INTO PRECO_COLETADO (Preco, UnidadeMedida, DataColeta, PostoCNPJ, CombustivelID) VALUES (5.990, 'R$ / litro', '2022-09-05', '19407565000116', (SELECT ID_Combustivel FROM COMBUSTIVEL WHERE Nome = 'GASOLINA ADITIVADA'));
INSERT INTO PRECO_COLETADO (Preco, UnidadeMedida, DataColeta, PostoCNPJ, CombustivelID) VALUES (5.990, 'R$ / litro', '2022-09-13', '19407565000116', (SELECT ID_Combustivel FROM COMBUSTIVEL WHERE Nome = 'GASOLINA ADITIVADA'));
INSERT INTO PRECO_COLETADO (Preco, UnidadeMedida, DataColeta, PostoCNPJ, CombustivelID) VALUES (8.490, 'R$ / litro', '2022-08-02', '19407565000116', (SELECT ID_Combustivel FROM COMBUSTIVEL WHERE Nome = 'DIESEL S10'));
INSERT INTO PRECO_COLETADO (Preco, UnidadeMedida, DataColeta, PostoCNPJ, CombustivelID) VALUES (8.490, 'R$ / litro', '2022-08-08', '19407565000116', (SELECT ID_Combustivel FROM COMBUSTIVEL WHERE Nome = 'DIESEL S10'));
INSERT INTO PRECO_COLETADO (Preco, UnidadeMedida, DataColeta, PostoCNPJ, CombustivelID) VALUES (8.490, 'R$ / litro', '2022-08-15', '19407565000116', (SELECT ID_Combustivel FROM COMBUSTIVEL WHERE Nome = 'DIESEL S10'));
INSERT INTO PRECO_COLETADO (Preco, UnidadeMedida, DataColeta, PostoCNPJ, CombustivelID) VALUES (6.990, 'R$ / litro', '2022-08-23', '19407565000116', (SELECT ID_Combustivel FROM COMBUSTIVEL WHERE Nome = 'DIESEL S10'));
INSERT INTO PRECO_COLETADO (Preco, UnidadeMedida, DataColeta, PostoCNPJ, CombustivelID) VALUES (8.270, 'R$ / litro', '2022-09-01', '19407565000116', (SELECT ID_Combustivel FROM COMBUSTIVEL WHERE Nome = 'DIESEL S10'));
INSERT INTO PRECO_COLETADO (Preco, UnidadeMedida, DataColeta, PostoCNPJ, CombustivelID) VALUES (8.270, 'R$ / litro', '2022-09-05', '19407565000116', (SELECT ID_Combustivel FROM COMBUSTIVEL WHERE Nome = 'DIESEL S10'));
INSERT INTO PRECO_COLETADO (Preco, UnidadeMedida, DataColeta, PostoCNPJ, CombustivelID) VALUES (8.270, 'R$ / litro', '2022-09-13', '19407565000116', (SELECT ID_Combustivel FROM COMBUSTIVEL WHERE Nome = 'DIESEL S10'));
INSERT INTO POSTO (CNPJ, RazaoSocial, NomeFantasia, Bandeira, Logradouro, Numero, Bairro, Cidade, Estado, CEP) VALUES ('18366697000184', 'POSTO RIO MARINHO COMERCIO DE DERIVADOS DE PETROLEO EIRELI - EPP', 'POSTO RIO MARINHO COMERCIO DE DERIVADOS DE PETROLEO EIRELI - EPP', 'VIBRA ENERGIA', 'AVENIDA RIO MARINHO', 'S/N', 'RIO MARINHO', 'VILA VELHA', 'ESPIRITO SANTO', '29112690');
INSERT INTO PRECO_COLETADO (Preco, UnidadeMedida, DataColeta, PostoCNPJ, CombustivelID) VALUES (4.380, 'R$ / litro', '2022-08-23', '18366697000184', (SELECT ID_Combustivel FROM COMBUSTIVEL WHERE Nome = 'ETANOL'));
INSERT INTO PRECO_COLETADO (Preco, UnidadeMedida, DataColeta, PostoCNPJ, CombustivelID) VALUES (4.290, 'R$ / litro', '2022-09-01', '18366697000184', (SELECT ID_Combustivel FROM COMBUSTIVEL WHERE Nome = 'ETANOL'));
INSERT INTO PRECO_COLETADO (Preco, UnidadeMedida, DataColeta, PostoCNPJ, CombustivelID) VALUES (4.090, 'R$ / litro', '2022-09-06', '18366697000184', (SELECT ID_Combustivel FROM COMBUSTIVEL WHERE Nome = 'ETANOL'));
INSERT INTO PRECO_COLETADO (Preco, UnidadeMedida, DataColeta, PostoCNPJ, CombustivelID) VALUES (6.890, 'R$ / litro', '2022-08-23', '18366697000184', (SELECT ID_Combustivel FROM COMBUSTIVEL WHERE Nome = 'DIESEL S10'));
INSERT INTO PRECO_COLETADO (Preco, UnidadeMedida, DataColeta, PostoCNPJ, CombustivelID) VALUES (6.790, 'R$ / litro', '2022-09-01', '18366697000184', (SELECT ID_Combustivel FROM COMBUSTIVEL WHERE Nome = 'DIESEL S10'));
INSERT INTO PRECO_COLETADO (Preco, UnidadeMedida, DataColeta, PostoCNPJ, CombustivelID) VALUES (6.790, 'R$ / litro', '2022-09-06', '18366697000184', (SELECT ID_Combustivel FROM COMBUSTIVEL WHERE Nome = 'DIESEL S10'));
INSERT INTO PRECO_COLETADO (Preco, UnidadeMedida, DataColeta, PostoCNPJ, CombustivelID) VALUES (5.590, 'R$ / litro', '2022-08-23', '18366697000184', (SELECT ID_Combustivel FROM COMBUSTIVEL WHERE Nome = 'GASOLINA ADITIVADA'));
INSERT INTO PRECO_COLETADO (Preco, UnidadeMedida, DataColeta, PostoCNPJ, CombustivelID) VALUES (5.590, 'R$ / litro', '2022-09-01', '18366697000184', (SELECT ID_Combustivel FROM COMBUSTIVEL WHERE Nome = 'GASOLINA ADITIVADA'));
INSERT INTO PRECO_COLETADO (Preco, UnidadeMedida, DataColeta, PostoCNPJ, CombustivelID) VALUES (5.390, 'R$ / litro', '2022-09-06', '18366697000184', (SELECT ID_Combustivel FROM COMBUSTIVEL WHERE Nome = 'GASOLINA ADITIVADA'));
INSERT INTO PRECO_COLETADO (Preco, UnidadeMedida, DataColeta, PostoCNPJ, CombustivelID) VALUES (5.950, 'R$ / litro', '2024-06-11', '18366697000184', (SELECT ID_Combustivel FROM COMBUSTIVEL WHERE Nome = 'GASOLINA ADITIVADA'));
INSERT INTO PRECO_COLETADO (Preco, UnidadeMedida, DataColeta, PostoCNPJ, CombustivelID) VALUES (6.790, 'R$ / litro', '2022-08-23', '18366697000184', (SELECT ID_Combustivel FROM COMBUSTIVEL WHERE Nome = 'DIESEL S500'));
INSERT INTO PRECO_COLETADO (Preco, UnidadeMedida, DataColeta, PostoCNPJ, CombustivelID) VALUES (6.690, 'R$ / litro', '2022-09-01', '18366697000184', (SELECT ID_Combustivel FROM COMBUSTIVEL WHERE Nome = 'DIESEL S500'));
INSERT INTO PRECO_COLETADO (Preco, UnidadeMedida, DataColeta, PostoCNPJ, CombustivelID) VALUES (6.690, 'R$ / litro', '2022-09-06', '18366697000184', (SELECT ID_Combustivel FROM COMBUSTIVEL WHERE Nome = 'DIESEL S500'));
INSERT INTO PRECO_COLETADO (Preco, UnidadeMedida, DataColeta, PostoCNPJ, CombustivelID) VALUES (5.790, 'R$ / litro', '2024-06-11', '18366697000184', (SELECT ID_Combustivel FROM COMBUSTIVEL WHERE Nome = 'DIESEL S500'));
INSERT INTO PRECO_COLETADO (Preco, UnidadeMedida, DataColeta, PostoCNPJ, CombustivelID) VALUES (5.370, 'R$ / litro', '2022-08-23', '18366697000184', (SELECT ID_Combustivel FROM COMBUSTIVEL WHERE Nome = 'GASOLINA COMUM'));
INSERT INTO PRECO_COLETADO (Preco, UnidadeMedida, DataColeta, PostoCNPJ, CombustivelID) VALUES (5.190, 'R$ / litro', '2022-09-01', '18366697000184', (SELECT ID_Combustivel FROM COMBUSTIVEL WHERE Nome = 'GASOLINA COMUM'));
INSERT INTO PRECO_COLETADO (Preco, UnidadeMedida, DataColeta, PostoCNPJ, CombustivelID) VALUES (4.990, 'R$ / litro', '2022-09-06', '18366697000184', (SELECT ID_Combustivel FROM COMBUSTIVEL WHERE Nome = 'GASOLINA COMUM'));
INSERT INTO PRECO_COLETADO (Preco, UnidadeMedida, DataColeta, PostoCNPJ, CombustivelID) VALUES (5.750, 'R$ / litro', '2024-06-11', '18366697000184', (SELECT ID_Combustivel FROM COMBUSTIVEL WHERE Nome = 'GASOLINA COMUM'));
INSERT INTO PRECO_COLETADO (Preco, UnidadeMedida, DataColeta, PostoCNPJ, CombustivelID) VALUES (5.090, 'R$ / litro', '2022-10-10', '04145589001149', (SELECT ID_Combustivel FROM COMBUSTIVEL WHERE Nome = 'GASOLINA ADITIVADA'));
INSERT INTO PRECO_COLETADO (Preco, UnidadeMedida, DataColeta, PostoCNPJ, CombustivelID) VALUES (5.090, 'R$ / litro', '2022-10-17', '04145589001149', (SELECT ID_Combustivel FROM COMBUSTIVEL WHERE Nome = 'GASOLINA ADITIVADA'));
INSERT INTO PRECO_COLETADO (Preco, UnidadeMedida, DataColeta, PostoCNPJ, CombustivelID) VALUES (5.090, 'R$ / litro', '2022-11-07', '04145589001149', (SELECT ID_Combustivel FROM COMBUSTIVEL WHERE Nome = 'GASOLINA ADITIVADA'));
INSERT INTO PRECO_COLETADO (Preco, UnidadeMedida, DataColeta, PostoCNPJ, CombustivelID) VALUES (4.790, 'R$ / litro', '2022-10-10', '04145589001149', (SELECT ID_Combustivel FROM COMBUSTIVEL WHERE Nome = 'GASOLINA COMUM'));
INSERT INTO PRECO_COLETADO (Preco, UnidadeMedida, DataColeta, PostoCNPJ, CombustivelID) VALUES (4.790, 'R$ / litro', '2022-10-17', '04145589001149', (SELECT ID_Combustivel FROM COMBUSTIVEL WHERE Nome = 'GASOLINA COMUM'));
INSERT INTO PRECO_COLETADO (Preco, UnidadeMedida, DataColeta, PostoCNPJ, CombustivelID) VALUES (4.790, 'R$ / litro', '2022-11-07', '04145589001149', (SELECT ID_Combustivel FROM COMBUSTIVEL WHERE Nome = 'GASOLINA COMUM'));
INSERT INTO PRECO_COLETADO (Preco, UnidadeMedida, DataColeta, PostoCNPJ, CombustivelID) VALUES (3.990, 'R$ / litro', '2022-10-10', '04145589001149', (SELECT ID_Combustivel FROM COMBUSTIVEL WHERE Nome = 'ETANOL'));
INSERT INTO PRECO_COLETADO (Preco, UnidadeMedida, DataColeta, PostoCNPJ, CombustivelID) VALUES (3.990, 'R$ / litro', '2022-10-17', '04145589001149', (SELECT ID_Combustivel FROM COMBUSTIVEL WHERE Nome = 'ETANOL'));
INSERT INTO PRECO_COLETADO (Preco, UnidadeMedida, DataColeta, PostoCNPJ, CombustivelID) VALUES (4.190, 'R$ / litro', '2022-11-07', '04145589001149', (SELECT ID_Combustivel FROM COMBUSTIVEL WHERE Nome = 'ETANOL'));
INSERT INTO PRECO_COLETADO (Preco, UnidadeMedida, DataColeta, PostoCNPJ, CombustivelID) VALUES (6.540, 'R$ / litro', '2022-10-10', '04145589001149', (SELECT ID_Combustivel FROM COMBUSTIVEL WHERE Nome = 'DIESEL S10'));
INSERT INTO PRECO_COLETADO (Preco, UnidadeMedida, DataColeta, PostoCNPJ, CombustivelID) VALUES (6.390, 'R$ / litro', '2022-10-17', '04145589001149', (SELECT ID_Combustivel FROM COMBUSTIVEL WHERE Nome = 'DIESEL S10'));
INSERT INTO PRECO_COLETADO (Preco, UnidadeMedida, DataColeta, PostoCNPJ, CombustivelID) VALUES (6.370, 'R$ / litro', '2022-11-07', '04145589001149', (SELECT ID_Combustivel FROM COMBUSTIVEL WHERE Nome = 'DIESEL S10'));
INSERT INTO PRECO_COLETADO (Preco, UnidadeMedida, DataColeta, PostoCNPJ, CombustivelID) VALUES (3.990, 'R$ / litro', '2022-10-10', '04850382000101', (SELECT ID_Combustivel FROM COMBUSTIVEL WHERE Nome = 'ETANOL'));
INSERT INTO PRECO_COLETADO (Preco, UnidadeMedida, DataColeta, PostoCNPJ, CombustivelID) VALUES (4.190, 'R$ / litro', '2022-10-17', '04850382000101', (SELECT ID_Combustivel FROM COMBUSTIVEL WHERE Nome = 'ETANOL'));
INSERT INTO PRECO_COLETADO (Preco, UnidadeMedida, DataColeta, PostoCNPJ, CombustivelID) VALUES (4.340, 'R$ / litro', '2022-11-07', '04850382000101', (SELECT ID_Combustivel FROM COMBUSTIVEL WHERE Nome = 'ETANOL'));
INSERT INTO PRECO_COLETADO (Preco, UnidadeMedida, DataColeta, PostoCNPJ, CombustivelID) VALUES (6.490, 'R$ / litro', '2022-10-10', '04850382000101', (SELECT ID_Combustivel FROM COMBUSTIVEL WHERE Nome = 'DIESEL S10'));
INSERT INTO PRECO_COLETADO (Preco, UnidadeMedida, DataColeta, PostoCNPJ, CombustivelID) VALUES (6.390, 'R$ / litro', '2022-10-17', '04850382000101', (SELECT ID_Combustivel FROM COMBUSTIVEL WHERE Nome = 'DIESEL S10'));
INSERT INTO PRECO_COLETADO (Preco, UnidadeMedida, DataColeta, PostoCNPJ, CombustivelID) VALUES (6.390, 'R$ / litro', '2022-11-07', '04850382000101', (SELECT ID_Combustivel FROM COMBUSTIVEL WHERE Nome = 'DIESEL S10'));
INSERT INTO PRECO_COLETADO (Preco, UnidadeMedida, DataColeta, PostoCNPJ, CombustivelID) VALUES (4.990, 'R$ / litro', '2022-10-10', '04850382000101', (SELECT ID_Combustivel FROM COMBUSTIVEL WHERE Nome = 'GASOLINA ADITIVADA'));
INSERT INTO PRECO_COLETADO (Preco, UnidadeMedida, DataColeta, PostoCNPJ, CombustivelID) VALUES (4.990, 'R$ / litro', '2022-10-17', '04850382000101', (SELECT ID_Combustivel FROM COMBUSTIVEL WHERE Nome = 'GASOLINA ADITIVADA'));
INSERT INTO PRECO_COLETADO (Preco, UnidadeMedida, DataColeta, PostoCNPJ, CombustivelID) VALUES (4.990, 'R$ / litro', '2022-11-07', '04850382000101', (SELECT ID_Combustivel FROM COMBUSTIVEL WHERE Nome = 'GASOLINA ADITIVADA'));
INSERT INTO PRECO_COLETADO (Preco, UnidadeMedida, DataColeta, PostoCNPJ, CombustivelID) VALUES (4.790, 'R$ / litro', '2022-10-10', '04850382000101', (SELECT ID_Combustivel FROM COMBUSTIVEL WHERE Nome = 'GASOLINA COMUM'));
INSERT INTO PRECO_COLETADO (Preco, UnidadeMedida, DataColeta, PostoCNPJ, CombustivelID) VALUES (4.790, 'R$ / litro', '2022-10-17', '04850382000101', (SELECT ID_Combustivel FROM COMBUSTIVEL WHERE Nome = 'GASOLINA COMUM'));
INSERT INTO PRECO_COLETADO (Preco, UnidadeMedida, DataColeta, PostoCNPJ, CombustivelID) VALUES (4.790, 'R$ / litro', '2022-11-07', '04850382000101', (SELECT ID_Combustivel FROM COMBUSTIVEL WHERE Nome = 'GASOLINA COMUM'));
INSERT INTO PRECO_COLETADO (Preco, UnidadeMedida, DataColeta, PostoCNPJ, CombustivelID) VALUES (3.750, 'R$ / litro', '2022-10-10', '04763356000138', (SELECT ID_Combustivel FROM COMBUSTIVEL WHERE Nome = 'ETANOL'));
INSERT INTO PRECO_COLETADO (Preco, UnidadeMedida, DataColeta, PostoCNPJ, CombustivelID) VALUES (3.760, 'R$ / litro', '2022-10-17', '04763356000138', (SELECT ID_Combustivel FROM COMBUSTIVEL WHERE Nome = 'ETANOL'));
INSERT INTO PRECO_COLETADO (Preco, UnidadeMedida, DataColeta, PostoCNPJ, CombustivelID) VALUES (3.790, 'R$ / litro', '2022-11-07', '04763356000138', (SELECT ID_Combustivel FROM COMBUSTIVEL WHERE Nome = 'ETANOL'));
INSERT INTO PRECO_COLETADO (Preco, UnidadeMedida, DataColeta, PostoCNPJ, CombustivelID) VALUES (6.390, 'R$ / litro', '2022-10-10', '04763356000138', (SELECT ID_Combustivel FROM COMBUSTIVEL WHERE Nome = 'DIESEL S10'));
INSERT INTO PRECO_COLETADO (Preco, UnidadeMedida, DataColeta, PostoCNPJ, CombustivelID) VALUES (6.330, 'R$ / litro', '2022-10-17', '04763356000138', (SELECT ID_Combustivel FROM COMBUSTIVEL WHERE Nome = 'DIESEL S10'));
INSERT INTO PRECO_COLETADO (Preco, UnidadeMedida, DataColeta, PostoCNPJ, CombustivelID) VALUES (6.270, 'R$ / litro', '2022-11-07', '04763356000138', (SELECT ID_Combustivel FROM COMBUSTIVEL WHERE Nome = 'DIESEL S10'));
INSERT INTO PRECO_COLETADO (Preco, UnidadeMedida, DataColeta, PostoCNPJ, CombustivelID) VALUES (6.350, 'R$ / litro', '2022-10-10', '04763356000138', (SELECT ID_Combustivel FROM COMBUSTIVEL WHERE Nome = 'DIESEL S500'));
INSERT INTO PRECO_COLETADO (Preco, UnidadeMedida, DataColeta, PostoCNPJ, CombustivelID) VALUES (6.250, 'R$ / litro', '2022-10-17', '04763356000138', (SELECT ID_Combustivel FROM COMBUSTIVEL WHERE Nome = 'DIESEL S500'));
INSERT INTO PRECO_COLETADO (Preco, UnidadeMedida, DataColeta, PostoCNPJ, CombustivelID) VALUES (6.190, 'R$ / litro', '2022-11-07', '04763356000138', (SELECT ID_Combustivel FROM COMBUSTIVEL WHERE Nome = 'DIESEL S500'));
INSERT INTO PRECO_COLETADO (Preco, UnidadeMedida, DataColeta, PostoCNPJ, CombustivelID) VALUES (4.750, 'R$ / litro', '2022-10-10', '04763356000138', (SELECT ID_Combustivel FROM COMBUSTIVEL WHERE Nome = 'GASOLINA ADITIVADA'));
INSERT INTO PRECO_COLETADO (Preco, UnidadeMedida, DataColeta, PostoCNPJ, CombustivelID) VALUES (4.750, 'R$ / litro', '2022-10-17', '04763356000138', (SELECT ID_Combustivel FROM COMBUSTIVEL WHERE Nome = 'GASOLINA ADITIVADA'));
INSERT INTO PRECO_COLETADO (Preco, UnidadeMedida, DataColeta, PostoCNPJ, CombustivelID) VALUES (4.750, 'R$ / litro', '2022-11-07', '04763356000138', (SELECT ID_Combustivel FROM COMBUSTIVEL WHERE Nome = 'GASOLINA ADITIVADA'));
INSERT INTO PRECO_COLETADO (Preco, UnidadeMedida, DataColeta, PostoCNPJ, CombustivelID) VALUES (4.690, 'R$ / litro', '2022-10-10', '04763356000138', (SELECT ID_Combustivel FROM COMBUSTIVEL WHERE Nome = 'GASOLINA COMUM'));
INSERT INTO PRECO_COLETADO (Preco, UnidadeMedida, DataColeta, PostoCNPJ, CombustivelID) VALUES (4.690, 'R$ / litro', '2022-10-17', '04763356000138', (SELECT ID_Combustivel FROM COMBUSTIVEL WHERE Nome = 'GASOLINA COMUM'));
INSERT INTO PRECO_COLETADO (Preco, UnidadeMedida, DataColeta, PostoCNPJ, CombustivelID) VALUES (4.690, 'R$ / litro', '2022-11-07', '04763356000138', (SELECT ID_Combustivel FROM COMBUSTIVEL WHERE Nome = 'GASOLINA COMUM'));
INSERT INTO PRECO_COLETADO (Preco, UnidadeMedida, DataColeta, PostoCNPJ, CombustivelID) VALUES (4.390, 'R$ / litro', '2022-10-10', '01496517000186', (SELECT ID_Combustivel FROM COMBUSTIVEL WHERE Nome = 'ETANOL'));
INSERT INTO PRECO_COLETADO (Preco, UnidadeMedida, DataColeta, PostoCNPJ, CombustivelID) VALUES (4.390, 'R$ / litro', '2022-10-17', '01496517000186', (SELECT ID_Combustivel FROM COMBUSTIVEL WHERE Nome = 'ETANOL'));
INSERT INTO PRECO_COLETADO (Preco, UnidadeMedida, DataColeta, PostoCNPJ, CombustivelID) VALUES (4.390, 'R$ / litro', '2022-11-07', '01496517000186', (SELECT ID_Combustivel FROM COMBUSTIVEL WHERE Nome = 'ETANOL'));
INSERT INTO PRECO_COLETADO (Preco, UnidadeMedida, DataColeta, PostoCNPJ, CombustivelID) VALUES (6.590, 'R$ / litro', '2022-10-10', '01496517000186', (SELECT ID_Combustivel FROM COMBUSTIVEL WHERE Nome = 'DIESEL S10'));
INSERT INTO PRECO_COLETADO (Preco, UnidadeMedida, DataColeta, PostoCNPJ, CombustivelID) VALUES (6.590, 'R$ / litro', '2022-10-17', '01496517000186', (SELECT ID_Combustivel FROM COMBUSTIVEL WHERE Nome = 'DIESEL S10'));
INSERT INTO PRECO_COLETADO (Preco, UnidadeMedida, DataColeta, PostoCNPJ, CombustivelID) VALUES (6.590, 'R$ / litro', '2022-11-07', '01496517000186', (SELECT ID_Combustivel FROM COMBUSTIVEL WHERE Nome = 'DIESEL S10'));
INSERT INTO PRECO_COLETADO (Preco, UnidadeMedida, DataColeta, PostoCNPJ, CombustivelID) VALUES (5.090, 'R$ / litro', '2022-10-10', '01496517000186', (SELECT ID_Combustivel FROM COMBUSTIVEL WHERE Nome = 'GASOLINA ADITIVADA'));
INSERT INTO PRECO_COLETADO (Preco, UnidadeMedida, DataColeta, PostoCNPJ, CombustivelID) VALUES (5.190, 'R$ / litro', '2022-10-17', '01496517000186', (SELECT ID_Combustivel FROM COMBUSTIVEL WHERE Nome = 'GASOLINA ADITIVADA'));
INSERT INTO PRECO_COLETADO (Preco, UnidadeMedida, DataColeta, PostoCNPJ, CombustivelID) VALUES (5.190, 'R$ / litro', '2022-11-07', '01496517000186', (SELECT ID_Combustivel FROM COMBUSTIVEL WHERE Nome = 'GASOLINA ADITIVADA'));
INSERT INTO PRECO_COLETADO (Preco, UnidadeMedida, DataColeta, PostoCNPJ, CombustivelID) VALUES (4.790, 'R$ / litro', '2022-10-10', '01496517000186', (SELECT ID_Combustivel FROM COMBUSTIVEL WHERE Nome = 'GASOLINA COMUM'));
INSERT INTO PRECO_COLETADO (Preco, UnidadeMedida, DataColeta, PostoCNPJ, CombustivelID) VALUES (4.890, 'R$ / litro', '2022-10-17', '01496517000186', (SELECT ID_Combustivel FROM COMBUSTIVEL WHERE Nome = 'GASOLINA COMUM'));
INSERT INTO PRECO_COLETADO (Preco, UnidadeMedida, DataColeta, PostoCNPJ, CombustivelID) VALUES (4.890, 'R$ / litro', '2022-11-07', '01496517000186', (SELECT ID_Combustivel FROM COMBUSTIVEL WHERE Nome = 'GASOLINA COMUM'));
INSERT INTO PRECO_COLETADO (Preco, UnidadeMedida, DataColeta, PostoCNPJ, CombustivelID) VALUES (3.990, 'R$ / litro', '2022-10-10', '04165053000113', (SELECT ID_Combustivel FROM COMBUSTIVEL WHERE Nome = 'ETANOL'));
INSERT INTO PRECO_COLETADO (Preco, UnidadeMedida, DataColeta, PostoCNPJ, CombustivelID) VALUES (3.790, 'R$ / litro', '2022-10-17', '04165053000113', (SELECT ID_Combustivel FROM COMBUSTIVEL WHERE Nome = 'ETANOL'));
INSERT INTO PRECO_COLETADO (Preco, UnidadeMedida, DataColeta, PostoCNPJ, CombustivelID) VALUES (3.790, 'R$ / litro', '2022-11-07', '04165053000113', (SELECT ID_Combustivel FROM COMBUSTIVEL WHERE Nome = 'ETANOL'));
INSERT INTO PRECO_COLETADO (Preco, UnidadeMedida, DataColeta, PostoCNPJ, CombustivelID) VALUES (6.690, 'R$ / litro', '2022-10-10', '04165053000113', (SELECT ID_Combustivel FROM COMBUSTIVEL WHERE Nome = 'DIESEL S10'));
INSERT INTO PRECO_COLETADO (Preco, UnidadeMedida, DataColeta, PostoCNPJ, CombustivelID) VALUES (6.590, 'R$ / litro', '2022-10-17', '04165053000113', (SELECT ID_Combustivel FROM COMBUSTIVEL WHERE Nome = 'DIESEL S10'));
INSERT INTO PRECO_COLETADO (Preco, UnidadeMedida, DataColeta, PostoCNPJ, CombustivelID) VALUES (6.490, 'R$ / litro', '2022-11-07', '04165053000113', (SELECT ID_Combustivel FROM COMBUSTIVEL WHERE Nome = 'DIESEL S10'));
INSERT INTO PRECO_COLETADO (Preco, UnidadeMedida, DataColeta, PostoCNPJ, CombustivelID) VALUES (6.660, 'R$ / litro', '2022-10-10', '04165053000113', (SELECT ID_Combustivel FROM COMBUSTIVEL WHERE Nome = 'DIESEL S500'));
INSERT INTO PRECO_COLETADO (Preco, UnidadeMedida, DataColeta, PostoCNPJ, CombustivelID) VALUES (6.460, 'R$ / litro', '2022-10-17', '04165053000113', (SELECT ID_Combustivel FROM COMBUSTIVEL WHERE Nome = 'DIESEL S500'));
INSERT INTO PRECO_COLETADO (Preco, UnidadeMedida, DataColeta, PostoCNPJ, CombustivelID) VALUES (6.360, 'R$ / litro', '2022-11-07', '04165053000113', (SELECT ID_Combustivel FROM COMBUSTIVEL WHERE Nome = 'DIESEL S500'));
INSERT INTO PRECO_COLETADO (Preco, UnidadeMedida, DataColeta, PostoCNPJ, CombustivelID) VALUES (4.990, 'R$ / litro', '2022-10-10', '04165053000113', (SELECT ID_Combustivel FROM COMBUSTIVEL WHERE Nome = 'GASOLINA ADITIVADA'));
INSERT INTO PRECO_COLETADO (Preco, UnidadeMedida, DataColeta, PostoCNPJ, CombustivelID) VALUES (4.990, 'R$ / litro', '2022-10-17', '04165053000113', (SELECT ID_Combustivel FROM COMBUSTIVEL WHERE Nome = 'GASOLINA ADITIVADA'));
INSERT INTO PRECO_COLETADO (Preco, UnidadeMedida, DataColeta, PostoCNPJ, CombustivelID) VALUES (4.990, 'R$ / litro', '2022-11-07', '04165053000113', (SELECT ID_Combustivel FROM COMBUSTIVEL WHERE Nome = 'GASOLINA ADITIVADA'));
INSERT INTO PRECO_COLETADO (Preco, UnidadeMedida, DataColeta, PostoCNPJ, CombustivelID) VALUES (4.790, 'R$ / litro', '2022-10-10', '04165053000113', (SELECT ID_Combustivel FROM COMBUSTIVEL WHERE Nome = 'GASOLINA COMUM'));
INSERT INTO PRECO_COLETADO (Preco, UnidadeMedida, DataColeta, PostoCNPJ, CombustivelID) VALUES (4.790, 'R$ / litro', '2022-10-17', '04165053000113', (SELECT ID_Combustivel FROM COMBUSTIVEL WHERE Nome = 'GASOLINA COMUM'));
INSERT INTO PRECO_COLETADO (Preco, UnidadeMedida, DataColeta, PostoCNPJ, CombustivelID) VALUES (4.790, 'R$ / litro', '2022-11-07', '04165053000113', (SELECT ID_Combustivel FROM COMBUSTIVEL WHERE Nome = 'GASOLINA COMUM'));
INSERT INTO PRECO_COLETADO (Preco, UnidadeMedida, DataColeta, PostoCNPJ, CombustivelID) VALUES (4.090, 'R$ / litro', '2022-10-10', '02648712000147', (SELECT ID_Combustivel FROM COMBUSTIVEL WHERE Nome = 'ETANOL'));
INSERT INTO PRECO_COLETADO (Preco, UnidadeMedida, DataColeta, PostoCNPJ, CombustivelID) VALUES (4.090, 'R$ / litro', '2022-10-17', '02648712000147', (SELECT ID_Combustivel FROM COMBUSTIVEL WHERE Nome = 'ETANOL'));
INSERT INTO PRECO_COLETADO (Preco, UnidadeMedida, DataColeta, PostoCNPJ, CombustivelID) VALUES (4.090, 'R$ / litro', '2022-11-07', '02648712000147', (SELECT ID_Combustivel FROM COMBUSTIVEL WHERE Nome = 'ETANOL'));
INSERT INTO PRECO_COLETADO (Preco, UnidadeMedida, DataColeta, PostoCNPJ, CombustivelID) VALUES (6.590, 'R$ / litro', '2022-10-10', '02648712000147', (SELECT ID_Combustivel FROM COMBUSTIVEL WHERE Nome = 'DIESEL S10'));
INSERT INTO PRECO_COLETADO (Preco, UnidadeMedida, DataColeta, PostoCNPJ, CombustivelID) VALUES (6.490, 'R$ / litro', '2022-10-17', '02648712000147', (SELECT ID_Combustivel FROM COMBUSTIVEL WHERE Nome = 'DIESEL S10'));
INSERT INTO PRECO_COLETADO (Preco, UnidadeMedida, DataColeta, PostoCNPJ, CombustivelID) VALUES (6.490, 'R$ / litro', '2022-11-07', '02648712000147', (SELECT ID_Combustivel FROM COMBUSTIVEL WHERE Nome = 'DIESEL S10'));
INSERT INTO PRECO_COLETADO (Preco, UnidadeMedida, DataColeta, PostoCNPJ, CombustivelID) VALUES (4.990, 'R$ / litro', '2022-10-10', '02648712000147', (SELECT ID_Combustivel FROM COMBUSTIVEL WHERE Nome = 'GASOLINA ADITIVADA'));
INSERT INTO PRECO_COLETADO (Preco, UnidadeMedida, DataColeta, PostoCNPJ, CombustivelID) VALUES (4.990, 'R$ / litro', '2022-10-17', '02648712000147', (SELECT ID_Combustivel FROM COMBUSTIVEL WHERE Nome = 'GASOLINA ADITIVADA'));
INSERT INTO PRECO_COLETADO (Preco, UnidadeMedida, DataColeta, PostoCNPJ, CombustivelID) VALUES (4.990, 'R$ / litro', '2022-11-07', '02648712000147', (SELECT ID_Combustivel FROM COMBUSTIVEL WHERE Nome = 'GASOLINA ADITIVADA'));
INSERT INTO PRECO_COLETADO (Preco, UnidadeMedida, DataColeta, PostoCNPJ, CombustivelID) VALUES (4.790, 'R$ / litro', '2022-10-10', '02648712000147', (SELECT ID_Combustivel FROM COMBUSTIVEL WHERE Nome = 'GASOLINA COMUM'));
INSERT INTO PRECO_COLETADO (Preco, UnidadeMedida, DataColeta, PostoCNPJ, CombustivelID) VALUES (4.790, 'R$ / litro', '2022-10-17', '02648712000147', (SELECT ID_Combustivel FROM COMBUSTIVEL WHERE Nome = 'GASOLINA COMUM'));
INSERT INTO PRECO_COLETADO (Preco, UnidadeMedida, DataColeta, PostoCNPJ, CombustivelID) VALUES (4.790, 'R$ / litro', '2022-11-07', '02648712000147', (SELECT ID_Combustivel FROM COMBUSTIVEL WHERE Nome = 'GASOLINA COMUM'));
INSERT INTO PRECO_COLETADO (Preco, UnidadeMedida, DataColeta, PostoCNPJ, CombustivelID) VALUES (4.190, 'R$ / litro', '2022-10-10', '01557127000179', (SELECT ID_Combustivel FROM COMBUSTIVEL WHERE Nome = 'ETANOL'));
INSERT INTO PRECO_COLETADO (Preco, UnidadeMedida, DataColeta, PostoCNPJ, CombustivelID) VALUES (4.190, 'R$ / litro', '2022-11-07', '01557127000179', (SELECT ID_Combustivel FROM COMBUSTIVEL WHERE Nome = 'ETANOL'));
INSERT INTO PRECO_COLETADO (Preco, UnidadeMedida, DataColeta, PostoCNPJ, CombustivelID) VALUES (6.490, 'R$ / litro', '2022-10-10', '01557127000179', (SELECT ID_Combustivel FROM COMBUSTIVEL WHERE Nome = 'DIESEL S10'));
INSERT INTO PRECO_COLETADO (Preco, UnidadeMedida, DataColeta, PostoCNPJ, CombustivelID) VALUES (6.490, 'R$ / litro', '2022-11-07', '01557127000179', (SELECT ID_Combustivel FROM COMBUSTIVEL WHERE Nome = 'DIESEL S10'));
INSERT INTO PRECO_COLETADO (Preco, UnidadeMedida, DataColeta, PostoCNPJ, CombustivelID) VALUES (5.090, 'R$ / litro', '2022-10-10', '01557127000179', (SELECT ID_Combustivel FROM COMBUSTIVEL WHERE Nome = 'GASOLINA ADITIVADA'));
INSERT INTO PRECO_COLETADO (Preco, UnidadeMedida, DataColeta, PostoCNPJ, CombustivelID) VALUES (5.090, 'R$ / litro', '2022-11-07', '01557127000179', (SELECT ID_Combustivel FROM COMBUSTIVEL WHERE Nome = 'GASOLINA ADITIVADA'));
INSERT INTO PRECO_COLETADO (Preco, UnidadeMedida, DataColeta, PostoCNPJ, CombustivelID) VALUES (4.890, 'R$ / litro', '2022-10-10', '01557127000179', (SELECT ID_Combustivel FROM COMBUSTIVEL WHERE Nome = 'GASOLINA COMUM'));
INSERT INTO PRECO_COLETADO (Preco, UnidadeMedida, DataColeta, PostoCNPJ, CombustivelID) VALUES (4.890, 'R$ / litro', '2022-11-07', '01557127000179', (SELECT ID_Combustivel FROM COMBUSTIVEL WHERE Nome = 'GASOLINA COMUM'));
INSERT INTO PRECO_COLETADO (Preco, UnidadeMedida, DataColeta, PostoCNPJ, CombustivelID) VALUES (3.990, 'R$ / litro', '2022-10-10', '01503536000192', (SELECT ID_Combustivel FROM COMBUSTIVEL WHERE Nome = 'ETANOL'));
INSERT INTO PRECO_COLETADO (Preco, UnidadeMedida, DataColeta, PostoCNPJ, CombustivelID) VALUES (3.990, 'R$ / litro', '2022-10-17', '01503536000192', (SELECT ID_Combustivel FROM COMBUSTIVEL WHERE Nome = 'ETANOL'));
INSERT INTO PRECO_COLETADO (Preco, UnidadeMedida, DataColeta, PostoCNPJ, CombustivelID) VALUES (4.340, 'R$ / litro', '2022-11-07', '01503536000192', (SELECT ID_Combustivel FROM COMBUSTIVEL WHERE Nome = 'ETANOL'));
INSERT INTO PRECO_COLETADO (Preco, UnidadeMedida, DataColeta, PostoCNPJ, CombustivelID) VALUES (6.490, 'R$ / litro', '2022-10-10', '01503536000192', (SELECT ID_Combustivel FROM COMBUSTIVEL WHERE Nome = 'DIESEL S10'));
INSERT INTO PRECO_COLETADO (Preco, UnidadeMedida, DataColeta, PostoCNPJ, CombustivelID) VALUES (6.490, 'R$ / litro', '2022-10-17', '01503536000192', (SELECT ID_Combustivel FROM COMBUSTIVEL WHERE Nome = 'DIESEL S10'));
INSERT INTO PRECO_COLETADO (Preco, UnidadeMedida, DataColeta, PostoCNPJ, CombustivelID) VALUES (6.390, 'R$ / litro', '2022-11-07', '01503536000192', (SELECT ID_Combustivel FROM COMBUSTIVEL WHERE Nome = 'DIESEL S10'));
INSERT INTO PRECO_COLETADO (Preco, UnidadeMedida, DataColeta, PostoCNPJ, CombustivelID) VALUES (4.990, 'R$ / litro', '2022-10-10', '01503536000192', (SELECT ID_Combustivel FROM COMBUSTIVEL WHERE Nome = 'GASOLINA ADITIVADA'));
INSERT INTO PRECO_COLETADO (Preco, UnidadeMedida, DataColeta, PostoCNPJ, CombustivelID) VALUES (4.990, 'R$ / litro', '2022-10-17', '01503536000192', (SELECT ID_Combustivel FROM COMBUSTIVEL WHERE Nome = 'GASOLINA ADITIVADA'));
INSERT INTO PRECO_COLETADO (Preco, UnidadeMedida, DataColeta, PostoCNPJ, CombustivelID) VALUES (4.990, 'R$ / litro', '2022-11-07', '01503536000192', (SELECT ID_Combustivel FROM COMBUSTIVEL WHERE Nome = 'GASOLINA ADITIVADA'));
INSERT INTO PRECO_COLETADO (Preco, UnidadeMedida, DataColeta, PostoCNPJ, CombustivelID) VALUES (4.790, 'R$ / litro', '2022-10-10', '01503536000192', (SELECT ID_Combustivel FROM COMBUSTIVEL WHERE Nome = 'GASOLINA COMUM'));
INSERT INTO PRECO_COLETADO (Preco, UnidadeMedida, DataColeta, PostoCNPJ, CombustivelID) VALUES (4.790, 'R$ / litro', '2022-10-17', '01503536000192', (SELECT ID_Combustivel FROM COMBUSTIVEL WHERE Nome = 'GASOLINA COMUM'));
INSERT INTO PRECO_COLETADO (Preco, UnidadeMedida, DataColeta, PostoCNPJ, CombustivelID) VALUES (4.790, 'R$ / litro', '2022-11-07', '01503536000192', (SELECT ID_Combustivel FROM COMBUSTIVEL WHERE Nome = 'GASOLINA COMUM'));
INSERT INTO PRECO_COLETADO (Preco, UnidadeMedida, DataColeta, PostoCNPJ, CombustivelID) VALUES (3.990, 'R$ / litro', '2022-10-10', '01166046000148', (SELECT ID_Combustivel FROM COMBUSTIVEL WHERE Nome = 'ETANOL'));
INSERT INTO PRECO_COLETADO (Preco, UnidadeMedida, DataColeta, PostoCNPJ, CombustivelID) VALUES (3.990, 'R$ / litro', '2022-10-17', '01166046000148', (SELECT ID_Combustivel FROM COMBUSTIVEL WHERE Nome = 'ETANOL'));
INSERT INTO PRECO_COLETADO (Preco, UnidadeMedida, DataColeta, PostoCNPJ, CombustivelID) VALUES (4.190, 'R$ / litro', '2022-11-07', '01166046000148', (SELECT ID_Combustivel FROM COMBUSTIVEL WHERE Nome = 'ETANOL'));
INSERT INTO PRECO_COLETADO (Preco, UnidadeMedida, DataColeta, PostoCNPJ, CombustivelID) VALUES (6.750, 'R$ / litro', '2022-10-10', '01166046000148', (SELECT ID_Combustivel FROM COMBUSTIVEL WHERE Nome = 'DIESEL S10'));
INSERT INTO PRECO_COLETADO (Preco, UnidadeMedida, DataColeta, PostoCNPJ, CombustivelID) VALUES (6.750, 'R$ / litro', '2022-10-17', '01166046000148', (SELECT ID_Combustivel FROM COMBUSTIVEL WHERE Nome = 'DIESEL S10'));
INSERT INTO PRECO_COLETADO (Preco, UnidadeMedida, DataColeta, PostoCNPJ, CombustivelID) VALUES (6.750, 'R$ / litro', '2022-11-07', '01166046000148', (SELECT ID_Combustivel FROM COMBUSTIVEL WHERE Nome = 'DIESEL S10'));
INSERT INTO PRECO_COLETADO (Preco, UnidadeMedida, DataColeta, PostoCNPJ, CombustivelID) VALUES (4.950, 'R$ / litro', '2022-10-10', '01166046000148', (SELECT ID_Combustivel FROM COMBUSTIVEL WHERE Nome = 'GASOLINA ADITIVADA'));
INSERT INTO PRECO_COLETADO (Preco, UnidadeMedida, DataColeta, PostoCNPJ, CombustivelID) VALUES (4.950, 'R$ / litro', '2022-10-17', '01166046000148', (SELECT ID_Combustivel FROM COMBUSTIVEL WHERE Nome = 'GASOLINA ADITIVADA'));
INSERT INTO PRECO_COLETADO (Preco, UnidadeMedida, DataColeta, PostoCNPJ, CombustivelID) VALUES (5.090, 'R$ / litro', '2022-11-07', '01166046000148', (SELECT ID_Combustivel FROM COMBUSTIVEL WHERE Nome = 'GASOLINA ADITIVADA'));
INSERT INTO PRECO_COLETADO (Preco, UnidadeMedida, DataColeta, PostoCNPJ, CombustivelID) VALUES (4.750, 'R$ / litro', '2022-10-10', '01166046000148', (SELECT ID_Combustivel FROM COMBUSTIVEL WHERE Nome = 'GASOLINA COMUM'));
INSERT INTO PRECO_COLETADO (Preco, UnidadeMedida, DataColeta, PostoCNPJ, CombustivelID) VALUES (4.750, 'R$ / litro', '2022-10-17', '01166046000148', (SELECT ID_Combustivel FROM COMBUSTIVEL WHERE Nome = 'GASOLINA COMUM'));
INSERT INTO PRECO_COLETADO (Preco, UnidadeMedida, DataColeta, PostoCNPJ, CombustivelID) VALUES (4.790, 'R$ / litro', '2022-11-07', '01166046000148', (SELECT ID_Combustivel FROM COMBUSTIVEL WHERE Nome = 'GASOLINA COMUM'));
INSERT INTO PRECO_COLETADO (Preco, UnidadeMedida, DataColeta, PostoCNPJ, CombustivelID) VALUES (3.790, 'R$ / litro', '2022-10-10', '01635041000206', (SELECT ID_Combustivel FROM COMBUSTIVEL WHERE Nome = 'ETANOL'));
INSERT INTO PRECO_COLETADO (Preco, UnidadeMedida, DataColeta, PostoCNPJ, CombustivelID) VALUES (3.990, 'R$ / litro', '2022-10-17', '01635041000206', (SELECT ID_Combustivel FROM COMBUSTIVEL WHERE Nome = 'ETANOL'));
INSERT INTO PRECO_COLETADO (Preco, UnidadeMedida, DataColeta, PostoCNPJ, CombustivelID) VALUES (3.990, 'R$ / litro', '2022-11-07', '01635041000206', (SELECT ID_Combustivel FROM COMBUSTIVEL WHERE Nome = 'ETANOL'));
INSERT INTO PRECO_COLETADO (Preco, UnidadeMedida, DataColeta, PostoCNPJ, CombustivelID) VALUES (6.790, 'R$ / litro', '2022-10-10', '01635041000206', (SELECT ID_Combustivel FROM COMBUSTIVEL WHERE Nome = 'DIESEL S500'));
INSERT INTO PRECO_COLETADO (Preco, UnidadeMedida, DataColeta, PostoCNPJ, CombustivelID) VALUES (6.790, 'R$ / litro', '2022-10-17', '01635041000206', (SELECT ID_Combustivel FROM COMBUSTIVEL WHERE Nome = 'DIESEL S500'));
INSERT INTO PRECO_COLETADO (Preco, UnidadeMedida, DataColeta, PostoCNPJ, CombustivelID) VALUES (6.790, 'R$ / litro', '2022-11-07', '01635041000206', (SELECT ID_Combustivel FROM COMBUSTIVEL WHERE Nome = 'DIESEL S500'));
INSERT INTO PRECO_COLETADO (Preco, UnidadeMedida, DataColeta, PostoCNPJ, CombustivelID) VALUES (4.940, 'R$ / litro', '2022-10-10', '01635041000206', (SELECT ID_Combustivel FROM COMBUSTIVEL WHERE Nome = 'GASOLINA ADITIVADA'));
INSERT INTO PRECO_COLETADO (Preco, UnidadeMedida, DataColeta, PostoCNPJ, CombustivelID) VALUES (4.940, 'R$ / litro', '2022-10-17', '01635041000206', (SELECT ID_Combustivel FROM COMBUSTIVEL WHERE Nome = 'GASOLINA ADITIVADA'));
INSERT INTO PRECO_COLETADO (Preco, UnidadeMedida, DataColeta, PostoCNPJ, CombustivelID) VALUES (4.940, 'R$ / litro', '2022-11-07', '01635041000206', (SELECT ID_Combustivel FROM COMBUSTIVEL WHERE Nome = 'GASOLINA ADITIVADA'));
INSERT INTO PRECO_COLETADO (Preco, UnidadeMedida, DataColeta, PostoCNPJ, CombustivelID) VALUES (4.790, 'R$ / litro', '2022-10-10', '01635041000206', (SELECT ID_Combustivel FROM COMBUSTIVEL WHERE Nome = 'GASOLINA COMUM'));
INSERT INTO PRECO_COLETADO (Preco, UnidadeMedida, DataColeta, PostoCNPJ, CombustivelID) VALUES (4.690, 'R$ / litro', '2022-10-17', '01635041000206', (SELECT ID_Combustivel FROM COMBUSTIVEL WHERE Nome = 'GASOLINA COMUM'));
INSERT INTO PRECO_COLETADO (Preco, UnidadeMedida, DataColeta, PostoCNPJ, CombustivelID) VALUES (4.690, 'R$ / litro', '2022-11-07', '01635041000206', (SELECT ID_Combustivel FROM COMBUSTIVEL WHERE Nome = 'GASOLINA COMUM'));
INSERT INTO POSTO (CNPJ, RazaoSocial, NomeFantasia, Bandeira, Logradouro, Numero, Bairro, Cidade, Estado, CEP) VALUES ('36004950000131', 'DERIVADOS PETROLEO SANTA INES LTDA', 'POSTO SANTA INES', 'IPIRANGA', 'RODOVIA CARLOS LINDEMBERG', '1801', 'SANTA INES', 'VILA VELHA', 'ESPIRITO SANTO', '29100000');
INSERT INTO PRECO_COLETADO (Preco, UnidadeMedida, DataColeta, PostoCNPJ, CombustivelID) VALUES (5.560, 'R$ / litro', '2022-08-02', '36004950000131', (SELECT ID_Combustivel FROM COMBUSTIVEL WHERE Nome = 'GASOLINA COMUM'));
INSERT INTO PRECO_COLETADO (Preco, UnidadeMedida, DataColeta, PostoCNPJ, CombustivelID) VALUES (5.480, 'R$ / litro', '2022-08-08', '36004950000131', (SELECT ID_Combustivel FROM COMBUSTIVEL WHERE Nome = 'GASOLINA COMUM'));
INSERT INTO PRECO_COLETADO (Preco, UnidadeMedida, DataColeta, PostoCNPJ, CombustivelID) VALUES (5.460, 'R$ / litro', '2022-08-15', '36004950000131', (SELECT ID_Combustivel FROM COMBUSTIVEL WHERE Nome = 'GASOLINA COMUM'));
INSERT INTO PRECO_COLETADO (Preco, UnidadeMedida, DataColeta, PostoCNPJ, CombustivelID) VALUES (5.290, 'R$ / litro', '2022-08-23', '36004950000131', (SELECT ID_Combustivel FROM COMBUSTIVEL WHERE Nome = 'GASOLINA COMUM'));
INSERT INTO PRECO_COLETADO (Preco, UnidadeMedida, DataColeta, PostoCNPJ, CombustivelID) VALUES (5.150, 'R$ / litro', '2022-09-01', '36004950000131', (SELECT ID_Combustivel FROM COMBUSTIVEL WHERE Nome = 'GASOLINA COMUM'));
INSERT INTO PRECO_COLETADO (Preco, UnidadeMedida, DataColeta, PostoCNPJ, CombustivelID) VALUES (4.590, 'R$ / litro', '2022-08-02', '36004950000131', (SELECT ID_Combustivel FROM COMBUSTIVEL WHERE Nome = 'ETANOL'));
INSERT INTO PRECO_COLETADO (Preco, UnidadeMedida, DataColeta, PostoCNPJ, CombustivelID) VALUES (4.590, 'R$ / litro', '2022-08-08', '36004950000131', (SELECT ID_Combustivel FROM COMBUSTIVEL WHERE Nome = 'ETANOL'));
INSERT INTO PRECO_COLETADO (Preco, UnidadeMedida, DataColeta, PostoCNPJ, CombustivelID) VALUES (4.590, 'R$ / litro', '2022-08-15', '36004950000131', (SELECT ID_Combustivel FROM COMBUSTIVEL WHERE Nome = 'ETANOL'));
INSERT INTO PRECO_COLETADO (Preco, UnidadeMedida, DataColeta, PostoCNPJ, CombustivelID) VALUES (4.590, 'R$ / litro', '2022-08-23', '36004950000131', (SELECT ID_Combustivel FROM COMBUSTIVEL WHERE Nome = 'ETANOL'));
INSERT INTO PRECO_COLETADO (Preco, UnidadeMedida, DataColeta, PostoCNPJ, CombustivelID) VALUES (4.590, 'R$ / litro', '2022-09-01', '36004950000131', (SELECT ID_Combustivel FROM COMBUSTIVEL WHERE Nome = 'ETANOL'));
INSERT INTO PRECO_COLETADO (Preco, UnidadeMedida, DataColeta, PostoCNPJ, CombustivelID) VALUES (5.660, 'R$ / litro', '2022-08-02', '36004950000131', (SELECT ID_Combustivel FROM COMBUSTIVEL WHERE Nome = 'GASOLINA ADITIVADA'));
INSERT INTO PRECO_COLETADO (Preco, UnidadeMedida, DataColeta, PostoCNPJ, CombustivelID) VALUES (5.580, 'R$ / litro', '2022-08-08', '36004950000131', (SELECT ID_Combustivel FROM COMBUSTIVEL WHERE Nome = 'GASOLINA ADITIVADA'));
INSERT INTO PRECO_COLETADO (Preco, UnidadeMedida, DataColeta, PostoCNPJ, CombustivelID) VALUES (5.660, 'R$ / litro', '2022-08-15', '36004950000131', (SELECT ID_Combustivel FROM COMBUSTIVEL WHERE Nome = 'GASOLINA ADITIVADA'));
INSERT INTO PRECO_COLETADO (Preco, UnidadeMedida, DataColeta, PostoCNPJ, CombustivelID) VALUES (5.390, 'R$ / litro', '2022-08-23', '36004950000131', (SELECT ID_Combustivel FROM COMBUSTIVEL WHERE Nome = 'GASOLINA ADITIVADA'));
INSERT INTO PRECO_COLETADO (Preco, UnidadeMedida, DataColeta, PostoCNPJ, CombustivelID) VALUES (5.250, 'R$ / litro', '2022-09-01', '36004950000131', (SELECT ID_Combustivel FROM COMBUSTIVEL WHERE Nome = 'GASOLINA ADITIVADA'));
INSERT INTO PRECO_COLETADO (Preco, UnidadeMedida, DataColeta, PostoCNPJ, CombustivelID) VALUES (7.190, 'R$ / litro', '2022-08-02', '36004950000131', (SELECT ID_Combustivel FROM COMBUSTIVEL WHERE Nome = 'DIESEL S10'));
INSERT INTO PRECO_COLETADO (Preco, UnidadeMedida, DataColeta, PostoCNPJ, CombustivelID) VALUES (7.190, 'R$ / litro', '2022-08-08', '36004950000131', (SELECT ID_Combustivel FROM COMBUSTIVEL WHERE Nome = 'DIESEL S10'));
INSERT INTO PRECO_COLETADO (Preco, UnidadeMedida, DataColeta, PostoCNPJ, CombustivelID) VALUES (7.190, 'R$ / litro', '2022-08-15', '36004950000131', (SELECT ID_Combustivel FROM COMBUSTIVEL WHERE Nome = 'DIESEL S10'));
INSERT INTO PRECO_COLETADO (Preco, UnidadeMedida, DataColeta, PostoCNPJ, CombustivelID) VALUES (7.190, 'R$ / litro', '2022-08-23', '36004950000131', (SELECT ID_Combustivel FROM COMBUSTIVEL WHERE Nome = 'DIESEL S10'));
INSERT INTO PRECO_COLETADO (Preco, UnidadeMedida, DataColeta, PostoCNPJ, CombustivelID) VALUES (7.190, 'R$ / litro', '2022-09-01', '36004950000131', (SELECT ID_Combustivel FROM COMBUSTIVEL WHERE Nome = 'DIESEL S10'));
INSERT INTO POSTO (CNPJ, RazaoSocial, NomeFantasia, Bandeira, Logradouro, Numero, Bairro, Cidade, Estado, CEP) VALUES ('31465040000132', 'POSTO ITAPOA LTDA', 'POSTO ITAPOA', 'IPIRANGA', 'AVENIDA FRANCELINA SETUBAL', '333', 'ITAPOAN', 'VILA VELHA', 'ESPIRITO SANTO', '29100000');
INSERT INTO PRECO_COLETADO (Preco, UnidadeMedida, DataColeta, PostoCNPJ, CombustivelID) VALUES (5.790, 'R$ / litro', '2024-06-10', '31465040000132', (SELECT ID_Combustivel FROM COMBUSTIVEL WHERE Nome = 'GASOLINA COMUM'));
INSERT INTO PRECO_COLETADO (Preco, UnidadeMedida, DataColeta, PostoCNPJ, CombustivelID) VALUES (6.090, 'R$ / litro', '2024-06-10', '31465040000132', (SELECT ID_Combustivel FROM COMBUSTIVEL WHERE Nome = 'GASOLINA ADITIVADA'));
INSERT INTO PRECO_COLETADO (Preco, UnidadeMedida, DataColeta, PostoCNPJ, CombustivelID) VALUES (5.890, 'R$ / litro', '2024-06-10', '31465040000132', (SELECT ID_Combustivel FROM COMBUSTIVEL WHERE Nome = 'DIESEL S10'));
INSERT INTO PRECO_COLETADO (Preco, UnidadeMedida, DataColeta, PostoCNPJ, CombustivelID) VALUES (3.890, 'R$ / litro', '2024-06-10', '31465040000132', (SELECT ID_Combustivel FROM COMBUSTIVEL WHERE Nome = 'ETANOL'));
INSERT INTO POSTO (CNPJ, RazaoSocial, NomeFantasia, Bandeira, Logradouro, Numero, Bairro, Cidade, Estado, CEP) VALUES ('30544795000160', 'AUTO  SERVIÇO LORENÇÃO LTDA', 'POSTO TREVISO', 'IPIRANGA', 'RUA CEARÁ', '1519', 'PRAIA DA COSTA', 'VILA VELHA', 'ESPIRITO SANTO', '29101290');
INSERT INTO PRECO_COLETADO (Preco, UnidadeMedida, DataColeta, PostoCNPJ, CombustivelID) VALUES (5.790, 'R$ / litro', '2024-06-10', '30544795000160', (SELECT ID_Combustivel FROM COMBUSTIVEL WHERE Nome = 'GASOLINA COMUM'));
INSERT INTO PRECO_COLETADO (Preco, UnidadeMedida, DataColeta, PostoCNPJ, CombustivelID) VALUES (6.090, 'R$ / litro', '2024-06-10', '30544795000160', (SELECT ID_Combustivel FROM COMBUSTIVEL WHERE Nome = 'GASOLINA ADITIVADA'));
INSERT INTO PRECO_COLETADO (Preco, UnidadeMedida, DataColeta, PostoCNPJ, CombustivelID) VALUES (5.890, 'R$ / litro', '2024-06-10', '30544795000160', (SELECT ID_Combustivel FROM COMBUSTIVEL WHERE Nome = 'DIESEL S10'));
INSERT INTO PRECO_COLETADO (Preco, UnidadeMedida, DataColeta, PostoCNPJ, CombustivelID) VALUES (3.890, 'R$ / litro', '2024-06-10', '30544795000160', (SELECT ID_Combustivel FROM COMBUSTIVEL WHERE Nome = 'ETANOL'));
INSERT INTO POSTO (CNPJ, RazaoSocial, NomeFantasia, Bandeira, Logradouro, Numero, Bairro, Cidade, Estado, CEP) VALUES ('11339901000129', 'FORMULA 1 AUTO SERVICOS LTDA', 'FORMULA 1 AUTO SERVICOS LTDA', 'VIBRA', 'RUA PEDRO LOYOLA NETTO', '92', 'DIVINO ESPIRITO SANTO', 'VILA VELHA', 'ESPIRITO SANTO', '29107092');
INSERT INTO PRECO_COLETADO (Preco, UnidadeMedida, DataColeta, PostoCNPJ, CombustivelID) VALUES (4.970, 'R$ / litro', '2023-02-20', '11339901000129', (SELECT ID_Combustivel FROM COMBUSTIVEL WHERE Nome = 'GASOLINA COMUM'));
INSERT INTO PRECO_COLETADO (Preco, UnidadeMedida, DataColeta, PostoCNPJ, CombustivelID) VALUES (5.390, 'R$ / litro', '2023-03-21', '11339901000129', (SELECT ID_Combustivel FROM COMBUSTIVEL WHERE Nome = 'GASOLINA COMUM'));
INSERT INTO PRECO_COLETADO (Preco, UnidadeMedida, DataColeta, PostoCNPJ, CombustivelID) VALUES (5.790, 'R$ / litro', '2024-06-10', '11339901000129', (SELECT ID_Combustivel FROM COMBUSTIVEL WHERE Nome = 'GASOLINA COMUM'));
INSERT INTO PRECO_COLETADO (Preco, UnidadeMedida, DataColeta, PostoCNPJ, CombustivelID) VALUES (5.070, 'R$ / litro', '2023-02-20', '11339901000129', (SELECT ID_Combustivel FROM COMBUSTIVEL WHERE Nome = 'GASOLINA ADITIVADA'));
INSERT INTO PRECO_COLETADO (Preco, UnidadeMedida, DataColeta, PostoCNPJ, CombustivelID) VALUES (5.490, 'R$ / litro', '2023-03-21', '11339901000129', (SELECT ID_Combustivel FROM COMBUSTIVEL WHERE Nome = 'GASOLINA ADITIVADA'));
INSERT INTO PRECO_COLETADO (Preco, UnidadeMedida, DataColeta, PostoCNPJ, CombustivelID) VALUES (5.950, 'R$ / litro', '2024-06-10', '11339901000129', (SELECT ID_Combustivel FROM COMBUSTIVEL WHERE Nome = 'GASOLINA ADITIVADA'));
INSERT INTO PRECO_COLETADO (Preco, UnidadeMedida, DataColeta, PostoCNPJ, CombustivelID) VALUES (5.890, 'R$ / litro', '2023-02-20', '11339901000129', (SELECT ID_Combustivel FROM COMBUSTIVEL WHERE Nome = 'DIESEL S500'));
INSERT INTO PRECO_COLETADO (Preco, UnidadeMedida, DataColeta, PostoCNPJ, CombustivelID) VALUES (5.640, 'R$ / litro', '2023-03-21', '11339901000129', (SELECT ID_Combustivel FROM COMBUSTIVEL WHERE Nome = 'DIESEL S500'));
INSERT INTO PRECO_COLETADO (Preco, UnidadeMedida, DataColeta, PostoCNPJ, CombustivelID) VALUES (5.850, 'R$ / litro', '2024-06-10', '11339901000129', (SELECT ID_Combustivel FROM COMBUSTIVEL WHERE Nome = 'DIESEL S500'));
INSERT INTO PRECO_COLETADO (Preco, UnidadeMedida, DataColeta, PostoCNPJ, CombustivelID) VALUES (5.990, 'R$ / litro', '2023-02-20', '11339901000129', (SELECT ID_Combustivel FROM COMBUSTIVEL WHERE Nome = 'DIESEL S10'));
INSERT INTO PRECO_COLETADO (Preco, UnidadeMedida, DataColeta, PostoCNPJ, CombustivelID) VALUES (5.690, 'R$ / litro', '2023-03-21', '11339901000129', (SELECT ID_Combustivel FROM COMBUSTIVEL WHERE Nome = 'DIESEL S10'));
INSERT INTO PRECO_COLETADO (Preco, UnidadeMedida, DataColeta, PostoCNPJ, CombustivelID) VALUES (5.890, 'R$ / litro', '2024-06-10', '11339901000129', (SELECT ID_Combustivel FROM COMBUSTIVEL WHERE Nome = 'DIESEL S10'));
INSERT INTO PRECO_COLETADO (Preco, UnidadeMedida, DataColeta, PostoCNPJ, CombustivelID) VALUES (3.990, 'R$ / litro', '2023-02-20', '11339901000129', (SELECT ID_Combustivel FROM COMBUSTIVEL WHERE Nome = 'ETANOL'));
INSERT INTO PRECO_COLETADO (Preco, UnidadeMedida, DataColeta, PostoCNPJ, CombustivelID) VALUES (4.090, 'R$ / litro', '2023-03-21', '11339901000129', (SELECT ID_Combustivel FROM COMBUSTIVEL WHERE Nome = 'ETANOL'));
INSERT INTO POSTO (CNPJ, RazaoSocial, NomeFantasia, Bandeira, Logradouro, Numero, Bairro, Cidade, Estado, CEP) VALUES ('11368640000175', 'POSTO DIVINO LTDA.', 'POSTO DIVINO LTDA.', 'IPIRANGA', 'AVENIDA LUCIANO DAS NEVES', '1444', 'DIVINO ESPIRITO SANTO', 'VILA VELHA', 'ESPIRITO SANTO', '29107010');
INSERT INTO PRECO_COLETADO (Preco, UnidadeMedida, DataColeta, PostoCNPJ, CombustivelID) VALUES (5.390, 'R$ / litro', '2023-12-26', '11368640000175', (SELECT ID_Combustivel FROM COMBUSTIVEL WHERE Nome = 'GASOLINA COMUM'));
INSERT INTO PRECO_COLETADO (Preco, UnidadeMedida, DataColeta, PostoCNPJ, CombustivelID) VALUES (5.390, 'R$ / litro', '2024-01-03', '11368640000175', (SELECT ID_Combustivel FROM COMBUSTIVEL WHERE Nome = 'GASOLINA COMUM'));
INSERT INTO PRECO_COLETADO (Preco, UnidadeMedida, DataColeta, PostoCNPJ, CombustivelID) VALUES (5.790, 'R$ / litro', '2024-06-10', '11368640000175', (SELECT ID_Combustivel FROM COMBUSTIVEL WHERE Nome = 'GASOLINA COMUM'));
INSERT INTO PRECO_COLETADO (Preco, UnidadeMedida, DataColeta, PostoCNPJ, CombustivelID) VALUES (5.690, 'R$ / litro', '2023-12-26', '11368640000175', (SELECT ID_Combustivel FROM COMBUSTIVEL WHERE Nome = 'GASOLINA ADITIVADA'));
INSERT INTO PRECO_COLETADO (Preco, UnidadeMedida, DataColeta, PostoCNPJ, CombustivelID) VALUES (5.690, 'R$ / litro', '2024-01-03', '11368640000175', (SELECT ID_Combustivel FROM COMBUSTIVEL WHERE Nome = 'GASOLINA ADITIVADA'));
INSERT INTO PRECO_COLETADO (Preco, UnidadeMedida, DataColeta, PostoCNPJ, CombustivelID) VALUES (6.090, 'R$ / litro', '2024-06-10', '11368640000175', (SELECT ID_Combustivel FROM COMBUSTIVEL WHERE Nome = 'GASOLINA ADITIVADA'));
INSERT INTO PRECO_COLETADO (Preco, UnidadeMedida, DataColeta, PostoCNPJ, CombustivelID) VALUES (5.850, 'R$ / litro', '2023-12-26', '11368640000175', (SELECT ID_Combustivel FROM COMBUSTIVEL WHERE Nome = 'DIESEL S10'));
INSERT INTO PRECO_COLETADO (Preco, UnidadeMedida, DataColeta, PostoCNPJ, CombustivelID) VALUES (5.790, 'R$ / litro', '2024-01-03', '11368640000175', (SELECT ID_Combustivel FROM COMBUSTIVEL WHERE Nome = 'DIESEL S10'));
INSERT INTO PRECO_COLETADO (Preco, UnidadeMedida, DataColeta, PostoCNPJ, CombustivelID) VALUES (5.890, 'R$ / litro', '2024-06-10', '11368640000175', (SELECT ID_Combustivel FROM COMBUSTIVEL WHERE Nome = 'DIESEL S10'));
INSERT INTO PRECO_COLETADO (Preco, UnidadeMedida, DataColeta, PostoCNPJ, CombustivelID) VALUES (3.790, 'R$ / litro', '2023-12-26', '11368640000175', (SELECT ID_Combustivel FROM COMBUSTIVEL WHERE Nome = 'ETANOL'));
INSERT INTO PRECO_COLETADO (Preco, UnidadeMedida, DataColeta, PostoCNPJ, CombustivelID) VALUES (3.790, 'R$ / litro', '2024-01-03', '11368640000175', (SELECT ID_Combustivel FROM COMBUSTIVEL WHERE Nome = 'ETANOL'));
INSERT INTO PRECO_COLETADO (Preco, UnidadeMedida, DataColeta, PostoCNPJ, CombustivelID) VALUES (3.890, 'R$ / litro', '2024-06-10', '11368640000175', (SELECT ID_Combustivel FROM COMBUSTIVEL WHERE Nome = 'ETANOL'));
INSERT INTO POSTO (CNPJ, RazaoSocial, NomeFantasia, Bandeira, Logradouro, Numero, Bairro, Cidade, Estado, CEP) VALUES ('13744360000140', 'POSTO DARWIN VILA VELHA LTDA', 'POSTO DARWIN VILA VELHA LTDA', 'VIBRA', 'RUA CHARLES DARWIN', '240', 'DIVINO ESPIRITO SANTO', 'VILA VELHA', 'ESPIRITO SANTO', '29107190');
INSERT INTO PRECO_COLETADO (Preco, UnidadeMedida, DataColeta, PostoCNPJ, CombustivelID) VALUES (5.390, 'R$ / litro', '2024-01-03', '13744360000140', (SELECT ID_Combustivel FROM COMBUSTIVEL WHERE Nome = 'GASOLINA COMUM'));
INSERT INTO PRECO_COLETADO (Preco, UnidadeMedida, DataColeta, PostoCNPJ, CombustivelID) VALUES (5.790, 'R$ / litro', '2024-06-10', '13744360000140', (SELECT ID_Combustivel FROM COMBUSTIVEL WHERE Nome = 'GASOLINA COMUM'));
INSERT INTO PRECO_COLETADO (Preco, UnidadeMedida, DataColeta, PostoCNPJ, CombustivelID) VALUES (5.690, 'R$ / litro', '2024-01-03', '13744360000140', (SELECT ID_Combustivel FROM COMBUSTIVEL WHERE Nome = 'GASOLINA ADITIVADA'));
INSERT INTO PRECO_COLETADO (Preco, UnidadeMedida, DataColeta, PostoCNPJ, CombustivelID) VALUES (6.090, 'R$ / litro', '2024-06-10', '13744360000140', (SELECT ID_Combustivel FROM COMBUSTIVEL WHERE Nome = 'GASOLINA ADITIVADA'));
INSERT INTO PRECO_COLETADO (Preco, UnidadeMedida, DataColeta, PostoCNPJ, CombustivelID) VALUES (5.790, 'R$ / litro', '2024-01-03', '13744360000140', (SELECT ID_Combustivel FROM COMBUSTIVEL WHERE Nome = 'DIESEL S10'));
INSERT INTO PRECO_COLETADO (Preco, UnidadeMedida, DataColeta, PostoCNPJ, CombustivelID) VALUES (5.890, 'R$ / litro', '2024-06-10', '13744360000140', (SELECT ID_Combustivel FROM COMBUSTIVEL WHERE Nome = 'DIESEL S10'));
INSERT INTO PRECO_COLETADO (Preco, UnidadeMedida, DataColeta, PostoCNPJ, CombustivelID) VALUES (3.790, 'R$ / litro', '2024-01-03', '13744360000140', (SELECT ID_Combustivel FROM COMBUSTIVEL WHERE Nome = 'ETANOL'));
INSERT INTO PRECO_COLETADO (Preco, UnidadeMedida, DataColeta, PostoCNPJ, CombustivelID) VALUES (3.890, 'R$ / litro', '2024-06-10', '13744360000140', (SELECT ID_Combustivel FROM COMBUSTIVEL WHERE Nome = 'ETANOL'));
INSERT INTO PRECO_COLETADO (Preco, UnidadeMedida, DataColeta, PostoCNPJ, CombustivelID) VALUES (4.790, 'R$ / litro', '2022-10-17', '08022304000161', (SELECT ID_Combustivel FROM COMBUSTIVEL WHERE Nome = 'GASOLINA COMUM'));
INSERT INTO PRECO_COLETADO (Preco, UnidadeMedida, DataColeta, PostoCNPJ, CombustivelID) VALUES (4.980, 'R$ / litro', '2022-10-17', '08022304000161', (SELECT ID_Combustivel FROM COMBUSTIVEL WHERE Nome = 'GASOLINA ADITIVADA'));
INSERT INTO PRECO_COLETADO (Preco, UnidadeMedida, DataColeta, PostoCNPJ, CombustivelID) VALUES (4.090, 'R$ / litro', '2022-10-17', '08022304000161', (SELECT ID_Combustivel FROM COMBUSTIVEL WHERE Nome = 'ETANOL'));
INSERT INTO PRECO_COLETADO (Preco, UnidadeMedida, DataColeta, PostoCNPJ, CombustivelID) VALUES (6.490, 'R$ / litro', '2022-10-17', '08022304000161', (SELECT ID_Combustivel FROM COMBUSTIVEL WHERE Nome = 'DIESEL S10'));
INSERT INTO PRECO_COLETADO (Preco, UnidadeMedida, DataColeta, PostoCNPJ, CombustivelID) VALUES (4.790, 'R$ / litro', '2022-10-17', '05904268000171', (SELECT ID_Combustivel FROM COMBUSTIVEL WHERE Nome = 'GASOLINA COMUM'));
INSERT INTO PRECO_COLETADO (Preco, UnidadeMedida, DataColeta, PostoCNPJ, CombustivelID) VALUES (4.990, 'R$ / litro', '2022-10-17', '05904268000171', (SELECT ID_Combustivel FROM COMBUSTIVEL WHERE Nome = 'GASOLINA ADITIVADA'));
INSERT INTO PRECO_COLETADO (Preco, UnidadeMedida, DataColeta, PostoCNPJ, CombustivelID) VALUES (4.190, 'R$ / litro', '2022-10-17', '05904268000171', (SELECT ID_Combustivel FROM COMBUSTIVEL WHERE Nome = 'ETANOL'));
INSERT INTO PRECO_COLETADO (Preco, UnidadeMedida, DataColeta, PostoCNPJ, CombustivelID) VALUES (6.290, 'R$ / litro', '2022-10-17', '05904268000171', (SELECT ID_Combustivel FROM COMBUSTIVEL WHERE Nome = 'DIESEL S500'));
INSERT INTO POSTO (CNPJ, RazaoSocial, NomeFantasia, Bandeira, Logradouro, Numero, Bairro, Cidade, Estado, CEP) VALUES ('12920664000158', 'REDE SHOW AUTO POSTO LTDA', 'REDE SHOW AUTO POSTO LTDA', 'BRANCA', 'RUA AFONSO CLAUDIO', '65', 'TERRA VERMELHA', 'VILA VELHA', 'ESPIRITO SANTO', '29127210');
INSERT INTO PRECO_COLETADO (Preco, UnidadeMedida, DataColeta, PostoCNPJ, CombustivelID) VALUES (5.590, 'R$ / litro', '2024-01-03', '12920664000158', (SELECT ID_Combustivel FROM COMBUSTIVEL WHERE Nome = 'GASOLINA COMUM'));
INSERT INTO PRECO_COLETADO (Preco, UnidadeMedida, DataColeta, PostoCNPJ, CombustivelID) VALUES (5.790, 'R$ / litro', '2024-01-03', '12920664000158', (SELECT ID_Combustivel FROM COMBUSTIVEL WHERE Nome = 'GASOLINA ADITIVADA'));
INSERT INTO PRECO_COLETADO (Preco, UnidadeMedida, DataColeta, PostoCNPJ, CombustivelID) VALUES (5.690, 'R$ / litro', '2024-01-03', '12920664000158', (SELECT ID_Combustivel FROM COMBUSTIVEL WHERE Nome = 'DIESEL S500'));
INSERT INTO PRECO_COLETADO (Preco, UnidadeMedida, DataColeta, PostoCNPJ, CombustivelID) VALUES (3.990, 'R$ / litro', '2024-01-03', '12920664000158', (SELECT ID_Combustivel FROM COMBUSTIVEL WHERE Nome = 'ETANOL'));
